5451
0 1
0 2
0 3
0 4
0 5
0 6
0 7
0 8
0 9
0 10
0 11
0 12
0 13
0 14
0 15
0 16
0 17
0 18
0 19
0 20
0 21
0 22
0 23
0 24
0 25
0 26
0 27
0 28
0 29
1 2
1 3
1 4
1 5
1 6
1 7
1 8
1 9
1 10
1 11
1 12
1 13
1 14
1 15
1 16
1 17
1 18
1 19
1 20
1 21
1 22
1 23
1 24
1 25
1 26
1 27
1 28
1 29
2 3
2 4
2 5
2 6
2 7
2 8
2 9
2 10
2 11
2 12
2 13
2 14
2 15
2 16
2 17
2 18
2 19
2 20
2 21
2 22
2 23
2 24
2 25
2 26
2 27
2 28
2 29
3 4
3 5
3 6
3 7
3 8
3 9
3 10
3 11
3 12
3 13
3 14
3 15
3 16
3 17
3 18
3 19
3 20
3 21
3 22
3 23
3 24
3 25
3 26
3 27
3 28
3 29
4 5
4 6
4 7
4 8
4 9
4 10
4 11
4 12
4 13
4 14
4 15
4 16
4 17
4 18
4 19
4 20
4 21
4 22
4 23
4 24
4 25
4 26
4 27
4 28
4 29
5 6
5 7
5 8
5 9
5 10
5 11
5 12
5 13
5 14
5 15
5 16
5 17
5 18
5 19
5 20
5 21
5 22
5 23
5 24
5 25
5 26
5 27
5 28
5 29
6 7
6 8
6 9
6 10
6 11
6 12
6 13
6 14
6 15
6 16
6 17
6 18
6 19
6 20
6 21
6 22
6 23
6 24
6 25
6 26
6 27
6 28
6 29
7 8
7 9
7 10
7 11
7 12
7 13
7 14
7 15
7 16
7 17
7 18
7 19
7 20
7 21
7 22
7 23
7 24
7 25
7 26
7 27
7 28
7 29
8 9
8 10
8 11
8 12
8 13
8 14
8 15
8 16
8 17
8 18
8 19
8 20
8 21
8 22
8 23
8 24
8 25
8 26
8 27
8 28
8 29
9 10
9 11
9 12
9 13
9 14
9 15
9 16
9 17
9 18
9 19
9 20
9 21
9 22
9 23
9 24
9 25
9 26
9 27
9 28
9 29
10 11
10 12
10 13
10 14
10 15
10 16
10 17
10 18
10 19
10 20
10 21
10 22
10 23
10 24
10 25
10 26
10 27
10 28
10 29
11 12
11 13
11 14
11 15
11 16
11 17
11 18
11 19
11 20
11 21
11 22
11 23
11 24
11 25
11 26
11 27
11 28
11 29
12 13
12 14
12 15
12 16
12 17
12 18
12 19
12 20
12 21
12 22
12 23
12 24
12 25
12 26
12 27
12 28
12 29
13 14
13 15
13 16
13 17
13 18
13 19
13 20
13 21
13 22
13 23
13 24
13 25
13 26
13 27
13 28
13 29
14 15
14 16
14 17
14 18
14 19
14 20
14 21
14 22
14 23
14 24
14 25
14 26
14 27
14 28
14 29
15 16
15 17
15 18
15 19
15 20
15 21
15 22
15 23
15 24
15 25
15 26
15 27
15 28
15 29
16 17
16 18
16 19
16 20
16 21
16 22
16 23
16 24
16 25
16 26
16 27
16 28
16 29
17 18
17 19
17 20
17 21
17 22
17 23
17 24
17 25
17 26
17 27
17 28
17 29
18 19
18 20
18 21
18 22
18 23
18 24
18 25
18 26
18 27
18 28
18 29
19 20
19 21
19 22
19 23
19 24
19 25
19 26
19 27
19 28
19 29
20 21
20 22
20 23
20 24
20 25
20 26
20 27
20 28
20 29
21 22
21 23
21 24
21 25
21 26
21 27
21 28
21 29
22 23
22 24
22 25
22 26
22 27
22 28
22 29
23 24
23 25
23 26
23 27
23 28
23 29
24 25
24 26
24 27
24 28
24 29
25 26
25 27
25 28
25 29
26 27
26 28
26 29
27 28
27 29
28 29
0 30
0 31
0 32
0 33
0 34
0 35
0 36
0 37
0 38
0 39
0 40
0 41
0 42
0 43
0 44
0 45
0 46
0 47
0 48
0 49
0 50
0 51
30 31
30 32
30 33
30 34
30 35
30 36
30 37
30 38
30 39
30 40
30 41
30 42
30 43
30 44
30 45
30 46
30 47
30 48
30 49
30 50
30 51
31 32
31 33
31 34
31 35
31 36
31 37
31 38
31 39
31 40
31 41
31 42
31 43
31 44
31 45
31 46
31 47
31 48
31 49
31 50
31 51
32 33
32 34
32 35
32 36
32 37
32 38
32 39
32 40
32 41
32 42
32 43
32 44
32 45
32 46
32 47
32 48
32 49
32 50
32 51
33 34
33 35
33 36
33 37
33 38
33 39
33 40
33 41
33 42
33 43
33 44
33 45
33 46
33 47
33 48
33 49
33 50
33 51
34 35
34 36
34 37
34 38
34 39
34 40
34 41
34 42
34 43
34 44
34 45
34 46
34 47
34 48
34 49
34 50
34 51
35 36
35 37
35 38
35 39
35 40
35 41
35 42
35 43
35 44
35 45
35 46
35 47
35 48
35 49
35 50
35 51
36 37
36 38
36 39
36 40
36 41
36 42
36 43
36 44
36 45
36 46
36 47
36 48
36 49
36 50
36 51
37 38
37 39
37 40
37 41
37 42
37 43
37 44
37 45
37 46
37 47
37 48
37 49
37 50
37 51
38 39
38 40
38 41
38 42
38 43
38 44
38 45
38 46
38 47
38 48
38 49
38 50
38 51
39 40
39 41
39 42
39 43
39 44
39 45
39 46
39 47
39 48
39 49
39 50
39 51
40 41
40 42
40 43
40 44
40 45
40 46
40 47
40 48
40 49
40 50
40 51
41 42
41 43
41 44
41 45
41 46
41 47
41 48
41 49
41 50
41 51
42 43
42 44
42 45
42 46
42 47
42 48
42 49
42 50
42 51
43 44
43 45
43 46
43 47
43 48
43 49
43 50
43 51
44 45
44 46
44 47
44 48
44 49
44 50
44 51
45 46
45 47
45 48
45 49
45 50
45 51
46 47
46 48
46 49
46 50
46 51
47 48
47 49
47 50
47 51
48 49
48 50
48 51
49 50
49 51
50 51
1 30
1 52
1 53
1 54
1 55
1 56
1 57
1 58
1 59
1 60
1 61
1 62
1 63
1 64
1 65
1 66
1 67
1 68
1 69
1 70
1 71
1 72
1 73
1 74
1 75
1 76
1 77
1 78
1 79
1 80
1 81
1 82
1 83
1 84
1 85
1 86
1 87
30 52
30 53
30 54
30 55
30 56
30 57
30 58
30 59
30 60
30 61
30 62
30 63
30 64
30 65
30 66
30 67
30 68
30 69
30 70
30 71
30 72
30 73
30 74
30 75
30 76
30 77
30 78
30 79
30 80
30 81
30 82
30 83
30 84
30 85
30 86
30 87
52 53
52 54
52 55
52 56
52 57
52 58
52 59
52 60
52 61
52 62
52 63
52 64
52 65
52 66
52 67
52 68
52 69
52 70
52 71
52 72
52 73
52 74
52 75
52 76
52 77
52 78
52 79
52 80
52 81
52 82
52 83
52 84
52 85
52 86
52 87
53 54
53 55
53 56
53 57
53 58
53 59
53 60
53 61
53 62
53 63
53 64
53 65
53 66
53 67
53 68
53 69
53 70
53 71
53 72
53 73
53 74
53 75
53 76
53 77
53 78
53 79
53 80
53 81
53 82
53 83
53 84
53 85
53 86
53 87
54 55
54 56
54 57
54 58
54 59
54 60
54 61
54 62
54 63
54 64
54 65
54 66
54 67
54 68
54 69
54 70
54 71
54 72
54 73
54 74
54 75
54 76
54 77
54 78
54 79
54 80
54 81
54 82
54 83
54 84
54 85
54 86
54 87
55 56
55 57
55 58
55 59
55 60
55 61
55 62
55 63
55 64
55 65
55 66
55 67
55 68
55 69
55 70
55 71
55 72
55 73
55 74
55 75
55 76
55 77
55 78
55 79
55 80
55 81
55 82
55 83
55 84
55 85
55 86
55 87
56 57
56 58
56 59
56 60
56 61
56 62
56 63
56 64
56 65
56 66
56 67
56 68
56 69
56 70
56 71
56 72
56 73
56 74
56 75
56 76
56 77
56 78
56 79
56 80
56 81
56 82
56 83
56 84
56 85
56 86
56 87
57 58
57 59
57 60
57 61
57 62
57 63
57 64
57 65
57 66
57 67
57 68
57 69
57 70
57 71
57 72
57 73
57 74
57 75
57 76
57 77
57 78
57 79
57 80
57 81
57 82
57 83
57 84
57 85
57 86
57 87
58 59
58 60
58 61
58 62
58 63
58 64
58 65
58 66
58 67
58 68
58 69
58 70
58 71
58 72
58 73
58 74
58 75
58 76
58 77
58 78
58 79
58 80
58 81
58 82
58 83
58 84
58 85
58 86
58 87
59 60
59 61
59 62
59 63
59 64
59 65
59 66
59 67
59 68
59 69
59 70
59 71
59 72
59 73
59 74
59 75
59 76
59 77
59 78
59 79
59 80
59 81
59 82
59 83
59 84
59 85
59 86
59 87
60 61
60 62
60 63
60 64
60 65
60 66
60 67
60 68
60 69
60 70
60 71
60 72
60 73
60 74
60 75
60 76
60 77
60 78
60 79
60 80
60 81
60 82
60 83
60 84
60 85
60 86
60 87
61 62
61 63
61 64
61 65
61 66
61 67
61 68
61 69
61 70
61 71
61 72
61 73
61 74
61 75
61 76
61 77
61 78
61 79
61 80
61 81
61 82
61 83
61 84
61 85
61 86
61 87
62 63
62 64
62 65
62 66
62 67
62 68
62 69
62 70
62 71
62 72
62 73
62 74
62 75
62 76
62 77
62 78
62 79
62 80
62 81
62 82
62 83
62 84
62 85
62 86
62 87
63 64
63 65
63 66
63 67
63 68
63 69
63 70
63 71
63 72
63 73
63 74
63 75
63 76
63 77
63 78
63 79
63 80
63 81
63 82
63 83
63 84
63 85
63 86
63 87
64 65
64 66
64 67
64 68
64 69
64 70
64 71
64 72
64 73
64 74
64 75
64 76
64 77
64 78
64 79
64 80
64 81
64 82
64 83
64 84
64 85
64 86
64 87
65 66
65 67
65 68
65 69
65 70
65 71
65 72
65 73
65 74
65 75
65 76
65 77
65 78
65 79
65 80
65 81
65 82
65 83
65 84
65 85
65 86
65 87
66 67
66 68
66 69
66 70
66 71
66 72
66 73
66 74
66 75
66 76
66 77
66 78
66 79
66 80
66 81
66 82
66 83
66 84
66 85
66 86
66 87
67 68
67 69
67 70
67 71
67 72
67 73
67 74
67 75
67 76
67 77
67 78
67 79
67 80
67 81
67 82
67 83
67 84
67 85
67 86
67 87
68 69
68 70
68 71
68 72
68 73
68 74
68 75
68 76
68 77
68 78
68 79
68 80
68 81
68 82
68 83
68 84
68 85
68 86
68 87
69 70
69 71
69 72
69 73
69 74
69 75
69 76
69 77
69 78
69 79
69 80
69 81
69 82
69 83
69 84
69 85
69 86
69 87
70 71
70 72
70 73
70 74
70 75
70 76
70 77
70 78
70 79
70 80
70 81
70 82
70 83
70 84
70 85
70 86
70 87
71 72
71 73
71 74
71 75
71 76
71 77
71 78
71 79
71 80
71 81
71 82
71 83
71 84
71 85
71 86
71 87
72 73
72 74
72 75
72 76
72 77
72 78
72 79
72 80
72 81
72 82
72 83
72 84
72 85
72 86
72 87
73 74
73 75
73 76
73 77
73 78
73 79
73 80
73 81
73 82
73 83
73 84
73 85
73 86
73 87
74 75
74 76
74 77
74 78
74 79
74 80
74 81
74 82
74 83
74 84
74 85
74 86
74 87
75 76
75 77
75 78
75 79
75 80
75 81
75 82
75 83
75 84
75 85
75 86
75 87
76 77
76 78
76 79
76 80
76 81
76 82
76 83
76 84
76 85
76 86
76 87
77 78
77 79
77 80
77 81
77 82
77 83
77 84
77 85
77 86
77 87
78 79
78 80
78 81
78 82
78 83
78 84
78 85
78 86
78 87
79 80
79 81
79 82
79 83
79 84
79 85
79 86
79 87
80 81
80 82
80 83
80 84
80 85
80 86
80 87
81 82
81 83
81 84
81 85
81 86
81 87
82 83
82 84
82 85
82 86
82 87
83 84
83 85
83 86
83 87
84 85
84 86
84 87
85 86
85 87
86 87
2 31
2 52
2 88
2 89
2 90
2 91
2 92
2 93
2 94
2 95
2 96
2 97
2 98
2 99
2 100
2 101
2 102
2 103
2 104
2 105
2 106
31 52
31 88
31 89
31 90
31 91
31 92
31 93
31 94
31 95
31 96
31 97
31 98
31 99
31 100
31 101
31 102
31 103
31 104
31 105
31 106
52 88
52 89
52 90
52 91
52 92
52 93
52 94
52 95
52 96
52 97
52 98
52 99
52 100
52 101
52 102
52 103
52 104
52 105
52 106
88 89
88 90
88 91
88 92
88 93
88 94
88 95
88 96
88 97
88 98
88 99
88 100
88 101
88 102
88 103
88 104
88 105
88 106
89 90
89 91
89 92
89 93
89 94
89 95
89 96
89 97
89 98
89 99
89 100
89 101
89 102
89 103
89 104
89 105
89 106
90 91
90 92
90 93
90 94
90 95
90 96
90 97
90 98
90 99
90 100
90 101
90 102
90 103
90 104
90 105
90 106
91 92
91 93
91 94
91 95
91 96
91 97
91 98
91 99
91 100
91 101
91 102
91 103
91 104
91 105
91 106
92 93
92 94
92 95
92 96
92 97
92 98
92 99
92 100
92 101
92 102
92 103
92 104
92 105
92 106
93 94
93 95
93 96
93 97
93 98
93 99
93 100
93 101
93 102
93 103
93 104
93 105
93 106
94 95
94 96
94 97
94 98
94 99
94 100
94 101
94 102
94 103
94 104
94 105
94 106
95 96
95 97
95 98
95 99
95 100
95 101
95 102
95 103
95 104
95 105
95 106
96 97
96 98
96 99
96 100
96 101
96 102
96 103
96 104
96 105
96 106
97 98
97 99
97 100
97 101
97 102
97 103
97 104
97 105
97 106
98 99
98 100
98 101
98 102
98 103
98 104
98 105
98 106
99 100
99 101
99 102
99 103
99 104
99 105
99 106
100 101
100 102
100 103
100 104
100 105
100 106
101 102
101 103
101 104
101 105
101 106
102 103
102 104
102 105
102 106
103 104
103 105
103 106
104 105
104 106
105 106
3 107
3 108
3 109
3 110
3 111
3 112
3 113
3 114
3 115
107 108
107 109
107 110
107 111
107 112
107 113
107 114
107 115
108 109
108 110
108 111
108 112
108 113
108 114
108 115
109 110
109 111
109 112
109 113
109 114
109 115
110 111
110 112
110 113
110 114
110 115
111 112
111 113
111 114
111 115
112 113
112 114
112 115
113 114
113 115
114 115
4 32
4 53
4 107
4 116
4 117
4 118
4 119
4 120
4 121
4 122
4 123
4 124
4 125
4 126
4 127
4 128
4 129
4 130
4 131
4 132
32 53
32 107
32 116
32 117
32 118
32 119
32 120
32 121
32 122
32 123
32 124
32 125
32 126
32 127
32 128
32 129
32 130
32 131
32 132
53 107
53 116
53 117
53 118
53 119
53 120
53 121
53 122
53 123
53 124
53 125
53 126
53 127
53 128
53 129
53 130
53 131
53 132
107 116
107 117
107 118
107 119
107 120
107 121
107 122
107 123
107 124
107 125
107 126
107 127
107 128
107 129
107 130
107 131
107 132
116 117
116 118
116 119
116 120
116 121
116 122
116 123
116 124
116 125
116 126
116 127
116 128
116 129
116 130
116 131
116 132
117 118
117 119
117 120
117 121
117 122
117 123
117 124
117 125
117 126
117 127
117 128
117 129
117 130
117 131
117 132
118 119
118 120
118 121
118 122
118 123
118 124
118 125
118 126
118 127
118 128
118 129
118 130
118 131
118 132
119 120
119 121
119 122
119 123
119 124
119 125
119 126
119 127
119 128
119 129
119 130
119 131
119 132
120 121
120 122
120 123
120 124
120 125
120 126
120 127
120 128
120 129
120 130
120 131
120 132
121 122
121 123
121 124
121 125
121 126
121 127
121 128
121 129
121 130
121 131
121 132
122 123
122 124
122 125
122 126
122 127
122 128
122 129
122 130
122 131
122 132
123 124
123 125
123 126
123 127
123 128
123 129
123 130
123 131
123 132
124 125
124 126
124 127
124 128
124 129
124 130
124 131
124 132
125 126
125 127
125 128
125 129
125 130
125 131
125 132
126 127
126 128
126 129
126 130
126 131
126 132
127 128
127 129
127 130
127 131
127 132
128 129
128 130
128 131
128 132
129 130
129 131
129 132
130 131
130 132
131 132
5 33
5 54
5 117
5 133
5 134
5 135
5 136
5 137
5 138
5 139
5 140
5 141
5 142
5 143
5 144
5 145
5 146
5 147
5 148
5 149
5 150
5 151
5 152
5 153
5 154
33 54
33 117
33 133
33 134
33 135
33 136
33 137
33 138
33 139
33 140
33 141
33 142
33 143
33 144
33 145
33 146
33 147
33 148
33 149
33 150
33 151
33 152
33 153
33 154
54 117
54 133
54 134
54 135
54 136
54 137
54 138
54 139
54 140
54 141
54 142
54 143
54 144
54 145
54 146
54 147
54 148
54 149
54 150
54 151
54 152
54 153
54 154
117 133
117 134
117 135
117 136
117 137
117 138
117 139
117 140
117 141
117 142
117 143
117 144
117 145
117 146
117 147
117 148
117 149
117 150
117 151
117 152
117 153
117 154
133 134
133 135
133 136
133 137
133 138
133 139
133 140
133 141
133 142
133 143
133 144
133 145
133 146
133 147
133 148
133 149
133 150
133 151
133 152
133 153
133 154
134 135
134 136
134 137
134 138
134 139
134 140
134 141
134 142
134 143
134 144
134 145
134 146
134 147
134 148
134 149
134 150
134 151
134 152
134 153
134 154
135 136
135 137
135 138
135 139
135 140
135 141
135 142
135 143
135 144
135 145
135 146
135 147
135 148
135 149
135 150
135 151
135 152
135 153
135 154
136 137
136 138
136 139
136 140
136 141
136 142
136 143
136 144
136 145
136 146
136 147
136 148
136 149
136 150
136 151
136 152
136 153
136 154
137 138
137 139
137 140
137 141
137 142
137 143
137 144
137 145
137 146
137 147
137 148
137 149
137 150
137 151
137 152
137 153
137 154
138 139
138 140
138 141
138 142
138 143
138 144
138 145
138 146
138 147
138 148
138 149
138 150
138 151
138 152
138 153
138 154
139 140
139 141
139 142
139 143
139 144
139 145
139 146
139 147
139 148
139 149
139 150
139 151
139 152
139 153
139 154
140 141
140 142
140 143
140 144
140 145
140 146
140 147
140 148
140 149
140 150
140 151
140 152
140 153
140 154
141 142
141 143
141 144
141 145
141 146
141 147
141 148
141 149
141 150
141 151
141 152
141 153
141 154
142 143
142 144
142 145
142 146
142 147
142 148
142 149
142 150
142 151
142 152
142 153
142 154
143 144
143 145
143 146
143 147
143 148
143 149
143 150
143 151
143 152
143 153
143 154
144 145
144 146
144 147
144 148
144 149
144 150
144 151
144 152
144 153
144 154
145 146
145 147
145 148
145 149
145 150
145 151
145 152
145 153
145 154
146 147
146 148
146 149
146 150
146 151
146 152
146 153
146 154
147 148
147 149
147 150
147 151
147 152
147 153
147 154
148 149
148 150
148 151
148 152
148 153
148 154
149 150
149 151
149 152
149 153
149 154
150 151
150 152
150 153
150 154
151 152
151 153
151 154
152 153
152 154
153 154
6 34
6 55
6 119
6 155
6 156
6 157
6 158
34 55
34 119
34 155
34 156
34 157
34 158
55 119
55 155
55 156
55 157
55 158
119 155
119 156
119 157
119 158
155 156
155 157
155 158
156 157
156 158
157 158
7 35
7 56
7 133
7 159
7 160
7 161
7 162
7 163
7 164
7 165
7 166
7 167
7 168
7 169
7 170
7 171
35 56
35 133
35 159
35 160
35 161
35 162
35 163
35 164
35 165
35 166
35 167
35 168
35 169
35 170
35 171
56 133
56 159
56 160
56 161
56 162
56 163
56 164
56 165
56 166
56 167
56 168
56 169
56 170
56 171
133 159
133 160
133 161
133 162
133 163
133 164
133 165
133 166
133 167
133 168
133 169
133 170
133 171
159 160
159 161
159 162
159 163
159 164
159 165
159 166
159 167
159 168
159 169
159 170
159 171
160 161
160 162
160 163
160 164
160 165
160 166
160 167
160 168
160 169
160 170
160 171
161 162
161 163
161 164
161 165
161 166
161 167
161 168
161 169
161 170
161 171
162 163
162 164
162 165
162 166
162 167
162 168
162 169
162 170
162 171
163 164
163 165
163 166
163 167
163 168
163 169
163 170
163 171
164 165
164 166
164 167
164 168
164 169
164 170
164 171
165 166
165 167
165 168
165 169
165 170
165 171
166 167
166 168
166 169
166 170
166 171
167 168
167 169
167 170
167 171
168 169
168 170
168 171
169 170
169 171
170 171
8 36
8 134
8 170
8 172
8 173
8 174
8 175
8 176
8 177
8 178
8 179
8 180
8 181
8 182
8 183
8 184
8 185
8 186
8 187
8 188
8 189
8 190
8 191
8 192
8 193
8 194
8 195
8 196
8 197
8 198
8 199
36 134
36 170
36 172
36 173
36 174
36 175
36 176
36 177
36 178
36 179
36 180
36 181
36 182
36 183
36 184
36 185
36 186
36 187
36 188
36 189
36 190
36 191
36 192
36 193
36 194
36 195
36 196
36 197
36 198
36 199
134 170
134 172
134 173
134 174
134 175
134 176
134 177
134 178
134 179
134 180
134 181
134 182
134 183
134 184
134 185
134 186
134 187
134 188
134 189
134 190
134 191
134 192
134 193
134 194
134 195
134 196
134 197
134 198
134 199
170 172
170 173
170 174
170 175
170 176
170 177
170 178
170 179
170 180
170 181
170 182
170 183
170 184
170 185
170 186
170 187
170 188
170 189
170 190
170 191
170 192
170 193
170 194
170 195
170 196
170 197
170 198
170 199
172 173
172 174
172 175
172 176
172 177
172 178
172 179
172 180
172 181
172 182
172 183
172 184
172 185
172 186
172 187
172 188
172 189
172 190
172 191
172 192
172 193
172 194
172 195
172 196
172 197
172 198
172 199
173 174
173 175
173 176
173 177
173 178
173 179
173 180
173 181
173 182
173 183
173 184
173 185
173 186
173 187
173 188
173 189
173 190
173 191
173 192
173 193
173 194
173 195
173 196
173 197
173 198
173 199
174 175
174 176
174 177
174 178
174 179
174 180
174 181
174 182
174 183
174 184
174 185
174 186
174 187
174 188
174 189
174 190
174 191
174 192
174 193
174 194
174 195
174 196
174 197
174 198
174 199
175 176
175 177
175 178
175 179
175 180
175 181
175 182
175 183
175 184
175 185
175 186
175 187
175 188
175 189
175 190
175 191
175 192
175 193
175 194
175 195
175 196
175 197
175 198
175 199
176 177
176 178
176 179
176 180
176 181
176 182
176 183
176 184
176 185
176 186
176 187
176 188
176 189
176 190
176 191
176 192
176 193
176 194
176 195
176 196
176 197
176 198
176 199
177 178
177 179
177 180
177 181
177 182
177 183
177 184
177 185
177 186
177 187
177 188
177 189
177 190
177 191
177 192
177 193
177 194
177 195
177 196
177 197
177 198
177 199
178 179
178 180
178 181
178 182
178 183
178 184
178 185
178 186
178 187
178 188
178 189
178 190
178 191
178 192
178 193
178 194
178 195
178 196
178 197
178 198
178 199
179 180
179 181
179 182
179 183
179 184
179 185
179 186
179 187
179 188
179 189
179 190
179 191
179 192
179 193
179 194
179 195
179 196
179 197
179 198
179 199
180 181
180 182
180 183
180 184
180 185
180 186
180 187
180 188
180 189
180 190
180 191
180 192
180 193
180 194
180 195
180 196
180 197
180 198
180 199
181 182
181 183
181 184
181 185
181 186
181 187
181 188
181 189
181 190
181 191
181 192
181 193
181 194
181 195
181 196
181 197
181 198
181 199
182 183
182 184
182 185
182 186
182 187
182 188
182 189
182 190
182 191
182 192
182 193
182 194
182 195
182 196
182 197
182 198
182 199
183 184
183 185
183 186
183 187
183 188
183 189
183 190
183 191
183 192
183 193
183 194
183 195
183 196
183 197
183 198
183 199
184 185
184 186
184 187
184 188
184 189
184 190
184 191
184 192
184 193
184 194
184 195
184 196
184 197
184 198
184 199
185 186
185 187
185 188
185 189
185 190
185 191
185 192
185 193
185 194
185 195
185 196
185 197
185 198
185 199
186 187
186 188
186 189
186 190
186 191
186 192
186 193
186 194
186 195
186 196
186 197
186 198
186 199
187 188
187 189
187 190
187 191
187 192
187 193
187 194
187 195
187 196
187 197
187 198
187 199
188 189
188 190
188 191
188 192
188 193
188 194
188 195
188 196
188 197
188 198
188 199
189 190
189 191
189 192
189 193
189 194
189 195
189 196
189 197
189 198
189 199
190 191
190 192
190 193
190 194
190 195
190 196
190 197
190 198
190 199
191 192
191 193
191 194
191 195
191 196
191 197
191 198
191 199
192 193
192 194
192 195
192 196
192 197
192 198
192 199
193 194
193 195
193 196
193 197
193 198
193 199
194 195
194 196
194 197
194 198
194 199
195 196
195 197
195 198
195 199
196 197
196 198
196 199
197 198
197 199
198 199
9 37
9 57
9 88
9 200
9 201
9 202
9 203
9 204
9 205
9 206
9 207
9 208
9 209
9 210
9 211
9 212
9 213
9 214
9 215
37 57
37 88
37 200
37 201
37 202
37 203
37 204
37 205
37 206
37 207
37 208
37 209
37 210
37 211
37 212
37 213
37 214
37 215
57 88
57 200
57 201
57 202
57 203
57 204
57 205
57 206
57 207
57 208
57 209
57 210
57 211
57 212
57 213
57 214
57 215
88 200
88 201
88 202
88 203
88 204
88 205
88 206
88 207
88 208
88 209
88 210
88 211
88 212
88 213
88 214
88 215
200 201
200 202
200 203
200 204
200 205
200 206
200 207
200 208
200 209
200 210
200 211
200 212
200 213
200 214
200 215
201 202
201 203
201 204
201 205
201 206
201 207
201 208
201 209
201 210
201 211
201 212
201 213
201 214
201 215
202 203
202 204
202 205
202 206
202 207
202 208
202 209
202 210
202 211
202 212
202 213
202 214
202 215
203 204
203 205
203 206
203 207
203 208
203 209
203 210
203 211
203 212
203 213
203 214
203 215
204 205
204 206
204 207
204 208
204 209
204 210
204 211
204 212
204 213
204 214
204 215
205 206
205 207
205 208
205 209
205 210
205 211
205 212
205 213
205 214
205 215
206 207
206 208
206 209
206 210
206 211
206 212
206 213
206 214
206 215
207 208
207 209
207 210
207 211
207 212
207 213
207 214
207 215
208 209
208 210
208 211
208 212
208 213
208 214
208 215
209 210
209 211
209 212
209 213
209 214
209 215
210 211
210 212
210 213
210 214
210 215
211 212
211 213
211 214
211 215
212 213
212 214
212 215
213 214
213 215
214 215
10 58
10 216
10 217
10 218
10 219
10 220
10 221
10 222
10 223
10 224
10 225
10 226
10 227
10 228
10 229
10 230
10 231
58 216
58 217
58 218
58 219
58 220
58 221
58 222
58 223
58 224
58 225
58 226
58 227
58 228
58 229
58 230
58 231
216 217
216 218
216 219
216 220
216 221
216 222
216 223
216 224
216 225
216 226
216 227
216 228
216 229
216 230
216 231
217 218
217 219
217 220
217 221
217 222
217 223
217 224
217 225
217 226
217 227
217 228
217 229
217 230
217 231
218 219
218 220
218 221
218 222
218 223
218 224
218 225
218 226
218 227
218 228
218 229
218 230
218 231
219 220
219 221
219 222
219 223
219 224
219 225
219 226
219 227
219 228
219 229
219 230
219 231
220 221
220 222
220 223
220 224
220 225
220 226
220 227
220 228
220 229
220 230
220 231
221 222
221 223
221 224
221 225
221 226
221 227
221 228
221 229
221 230
221 231
222 223
222 224
222 225
222 226
222 227
222 228
222 229
222 230
222 231
223 224
223 225
223 226
223 227
223 228
223 229
223 230
223 231
224 225
224 226
224 227
224 228
224 229
224 230
224 231
225 226
225 227
225 228
225 229
225 230
225 231
226 227
226 228
226 229
226 230
226 231
227 228
227 229
227 230
227 231
228 229
228 230
228 231
229 230
229 231
230 231
11 38
11 59
11 112
11 120
11 135
11 164
11 232
11 233
11 234
11 235
11 236
11 237
11 238
11 239
11 240
11 241
11 242
11 243
11 244
11 245
11 246
11 247
11 248
11 249
38 59
38 112
38 120
38 135
38 164
38 232
38 233
38 234
38 235
38 236
38 237
38 238
38 239
38 240
38 241
38 242
38 243
38 244
38 245
38 246
38 247
38 248
38 249
59 112
59 120
59 135
59 164
59 232
59 233
59 234
59 235
59 236
59 237
59 238
59 239
59 240
59 241
59 242
59 243
59 244
59 245
59 246
59 247
59 248
59 249
112 120
112 135
112 164
112 232
112 233
112 234
112 235
112 236
112 237
112 238
112 239
112 240
112 241
112 242
112 243
112 244
112 245
112 246
112 247
112 248
112 249
120 135
120 164
120 232
120 233
120 234
120 235
120 236
120 237
120 238
120 239
120 240
120 241
120 242
120 243
120 244
120 245
120 246
120 247
120 248
120 249
135 164
135 232
135 233
135 234
135 235
135 236
135 237
135 238
135 239
135 240
135 241
135 242
135 243
135 244
135 245
135 246
135 247
135 248
135 249
164 232
164 233
164 234
164 235
164 236
164 237
164 238
164 239
164 240
164 241
164 242
164 243
164 244
164 245
164 246
164 247
164 248
164 249
232 233
232 234
232 235
232 236
232 237
232 238
232 239
232 240
232 241
232 242
232 243
232 244
232 245
232 246
232 247
232 248
232 249
233 234
233 235
233 236
233 237
233 238
233 239
233 240
233 241
233 242
233 243
233 244
233 245
233 246
233 247
233 248
233 249
234 235
234 236
234 237
234 238
234 239
234 240
234 241
234 242
234 243
234 244
234 245
234 246
234 247
234 248
234 249
235 236
235 237
235 238
235 239
235 240
235 241
235 242
235 243
235 244
235 245
235 246
235 247
235 248
235 249
236 237
236 238
236 239
236 240
236 241
236 242
236 243
236 244
236 245
236 246
236 247
236 248
236 249
237 238
237 239
237 240
237 241
237 242
237 243
237 244
237 245
237 246
237 247
237 248
237 249
238 239
238 240
238 241
238 242
238 243
238 244
238 245
238 246
238 247
238 248
238 249
239 240
239 241
239 242
239 243
239 244
239 245
239 246
239 247
239 248
239 249
240 241
240 242
240 243
240 244
240 245
240 246
240 247
240 248
240 249
241 242
241 243
241 244
241 245
241 246
241 247
241 248
241 249
242 243
242 244
242 245
242 246
242 247
242 248
242 249
243 244
243 245
243 246
243 247
243 248
243 249
244 245
244 246
244 247
244 248
244 249
245 246
245 247
245 248
245 249
246 247
246 248
246 249
247 248
247 249
248 249
12 232
12 250
12 251
12 252
12 253
12 254
12 255
12 256
12 257
12 258
12 259
12 260
12 261
12 262
12 263
12 264
12 265
12 266
12 267
12 268
12 269
12 270
12 271
12 272
12 273
12 274
12 275
12 276
12 277
12 278
12 279
12 280
12 281
12 282
12 283
232 250
232 251
232 252
232 253
232 254
232 255
232 256
232 257
232 258
232 259
232 260
232 261
232 262
232 263
232 264
232 265
232 266
232 267
232 268
232 269
232 270
232 271
232 272
232 273
232 274
232 275
232 276
232 277
232 278
232 279
232 280
232 281
232 282
232 283
250 251
250 252
250 253
250 254
250 255
250 256
250 257
250 258
250 259
250 260
250 261
250 262
250 263
250 264
250 265
250 266
250 267
250 268
250 269
250 270
250 271
250 272
250 273
250 274
250 275
250 276
250 277
250 278
250 279
250 280
250 281
250 282
250 283
251 252
251 253
251 254
251 255
251 256
251 257
251 258
251 259
251 260
251 261
251 262
251 263
251 264
251 265
251 266
251 267
251 268
251 269
251 270
251 271
251 272
251 273
251 274
251 275
251 276
251 277
251 278
251 279
251 280
251 281
251 282
251 283
252 253
252 254
252 255
252 256
252 257
252 258
252 259
252 260
252 261
252 262
252 263
252 264
252 265
252 266
252 267
252 268
252 269
252 270
252 271
252 272
252 273
252 274
252 275
252 276
252 277
252 278
252 279
252 280
252 281
252 282
252 283
253 254
253 255
253 256
253 257
253 258
253 259
253 260
253 261
253 262
253 263
253 264
253 265
253 266
253 267
253 268
253 269
253 270
253 271
253 272
253 273
253 274
253 275
253 276
253 277
253 278
253 279
253 280
253 281
253 282
253 283
254 255
254 256
254 257
254 258
254 259
254 260
254 261
254 262
254 263
254 264
254 265
254 266
254 267
254 268
254 269
254 270
254 271
254 272
254 273
254 274
254 275
254 276
254 277
254 278
254 279
254 280
254 281
254 282
254 283
255 256
255 257
255 258
255 259
255 260
255 261
255 262
255 263
255 264
255 265
255 266
255 267
255 268
255 269
255 270
255 271
255 272
255 273
255 274
255 275
255 276
255 277
255 278
255 279
255 280
255 281
255 282
255 283
256 257
256 258
256 259
256 260
256 261
256 262
256 263
256 264
256 265
256 266
256 267
256 268
256 269
256 270
256 271
256 272
256 273
256 274
256 275
256 276
256 277
256 278
256 279
256 280
256 281
256 282
256 283
257 258
257 259
257 260
257 261
257 262
257 263
257 264
257 265
257 266
257 267
257 268
257 269
257 270
257 271
257 272
257 273
257 274
257 275
257 276
257 277
257 278
257 279
257 280
257 281
257 282
257 283
258 259
258 260
258 261
258 262
258 263
258 264
258 265
258 266
258 267
258 268
258 269
258 270
258 271
258 272
258 273
258 274
258 275
258 276
258 277
258 278
258 279
258 280
258 281
258 282
258 283
259 260
259 261
259 262
259 263
259 264
259 265
259 266
259 267
259 268
259 269
259 270
259 271
259 272
259 273
259 274
259 275
259 276
259 277
259 278
259 279
259 280
259 281
259 282
259 283
260 261
260 262
260 263
260 264
260 265
260 266
260 267
260 268
260 269
260 270
260 271
260 272
260 273
260 274
260 275
260 276
260 277
260 278
260 279
260 280
260 281
260 282
260 283
261 262
261 263
261 264
261 265
261 266
261 267
261 268
261 269
261 270
261 271
261 272
261 273
261 274
261 275
261 276
261 277
261 278
261 279
261 280
261 281
261 282
261 283
262 263
262 264
262 265
262 266
262 267
262 268
262 269
262 270
262 271
262 272
262 273
262 274
262 275
262 276
262 277
262 278
262 279
262 280
262 281
262 282
262 283
263 264
263 265
263 266
263 267
263 268
263 269
263 270
263 271
263 272
263 273
263 274
263 275
263 276
263 277
263 278
263 279
263 280
263 281
263 282
263 283
264 265
264 266
264 267
264 268
264 269
264 270
264 271
264 272
264 273
264 274
264 275
264 276
264 277
264 278
264 279
264 280
264 281
264 282
264 283
265 266
265 267
265 268
265 269
265 270
265 271
265 272
265 273
265 274
265 275
265 276
265 277
265 278
265 279
265 280
265 281
265 282
265 283
266 267
266 268
266 269
266 270
266 271
266 272
266 273
266 274
266 275
266 276
266 277
266 278
266 279
266 280
266 281
266 282
266 283
267 268
267 269
267 270
267 271
267 272
267 273
267 274
267 275
267 276
267 277
267 278
267 279
267 280
267 281
267 282
267 283
268 269
268 270
268 271
268 272
268 273
268 274
268 275
268 276
268 277
268 278
268 279
268 280
268 281
268 282
268 283
269 270
269 271
269 272
269 273
269 274
269 275
269 276
269 277
269 278
269 279
269 280
269 281
269 282
269 283
270 271
270 272
270 273
270 274
270 275
270 276
270 277
270 278
270 279
270 280
270 281
270 282
270 283
271 272
271 273
271 274
271 275
271 276
271 277
271 278
271 279
271 280
271 281
271 282
271 283
272 273
272 274
272 275
272 276
272 277
272 278
272 279
272 280
272 281
272 282
272 283
273 274
273 275
273 276
273 277
273 278
273 279
273 280
273 281
273 282
273 283
274 275
274 276
274 277
274 278
274 279
274 280
274 281
274 282
274 283
275 276
275 277
275 278
275 279
275 280
275 281
275 282
275 283
276 277
276 278
276 279
276 280
276 281
276 282
276 283
277 278
277 279
277 280
277 281
277 282
277 283
278 279
278 280
278 281
278 282
278 283
279 280
279 281
279 282
279 283
280 281
280 282
280 283
281 282
281 283
282 283
13 136
13 251
13 284
13 285
13 286
13 287
13 288
13 289
13 290
13 291
13 292
13 293
13 294
13 295
13 296
13 297
13 298
13 299
136 251
136 284
136 285
136 286
136 287
136 288
136 289
136 290
136 291
136 292
136 293
136 294
136 295
136 296
136 297
136 298
136 299
251 284
251 285
251 286
251 287
251 288
251 289
251 290
251 291
251 292
251 293
251 294
251 295
251 296
251 297
251 298
251 299
284 285
284 286
284 287
284 288
284 289
284 290
284 291
284 292
284 293
284 294
284 295
284 296
284 297
284 298
284 299
285 286
285 287
285 288
285 289
285 290
285 291
285 292
285 293
285 294
285 295
285 296
285 297
285 298
285 299
286 287
286 288
286 289
286 290
286 291
286 292
286 293
286 294
286 295
286 296
286 297
286 298
286 299
287 288
287 289
287 290
287 291
287 292
287 293
287 294
287 295
287 296
287 297
287 298
287 299
288 289
288 290
288 291
288 292
288 293
288 294
288 295
288 296
288 297
288 298
288 299
289 290
289 291
289 292
289 293
289 294
289 295
289 296
289 297
289 298
289 299
290 291
290 292
290 293
290 294
290 295
290 296
290 297
290 298
290 299
291 292
291 293
291 294
291 295
291 296
291 297
291 298
291 299
292 293
292 294
292 295
292 296
292 297
292 298
292 299
293 294
293 295
293 296
293 297
293 298
293 299
294 295
294 296
294 297
294 298
294 299
295 296
295 297
295 298
295 299
296 297
296 298
296 299
297 298
297 299
298 299
14 39
14 60
14 121
14 137
14 165
14 174
14 233
14 252
14 300
14 301
14 302
14 303
14 304
14 305
14 306
14 307
14 308
14 309
14 310
14 311
14 312
14 313
14 314
14 315
14 316
14 317
14 318
14 319
14 320
14 321
14 322
14 323
14 324
14 325
14 326
14 327
14 328
14 329
14 330
14 331
14 332
14 333
14 334
14 335
14 336
14 337
14 338
14 339
14 340
14 341
39 60
39 121
39 137
39 165
39 174
39 233
39 252
39 300
39 301
39 302
39 303
39 304
39 305
39 306
39 307
39 308
39 309
39 310
39 311
39 312
39 313
39 314
39 315
39 316
39 317
39 318
39 319
39 320
39 321
39 322
39 323
39 324
39 325
39 326
39 327
39 328
39 329
39 330
39 331
39 332
39 333
39 334
39 335
39 336
39 337
39 338
39 339
39 340
39 341
60 121
60 137
60 165
60 174
60 233
60 252
60 300
60 301
60 302
60 303
60 304
60 305
60 306
60 307
60 308
60 309
60 310
60 311
60 312
60 313
60 314
60 315
60 316
60 317
60 318
60 319
60 320
60 321
60 322
60 323
60 324
60 325
60 326
60 327
60 328
60 329
60 330
60 331
60 332
60 333
60 334
60 335
60 336
60 337
60 338
60 339
60 340
60 341
121 137
121 165
121 174
121 233
121 252
121 300
121 301
121 302
121 303
121 304
121 305
121 306
121 307
121 308
121 309
121 310
121 311
121 312
121 313
121 314
121 315
121 316
121 317
121 318
121 319
121 320
121 321
121 322
121 323
121 324
121 325
121 326
121 327
121 328
121 329
121 330
121 331
121 332
121 333
121 334
121 335
121 336
121 337
121 338
121 339
121 340
121 341
137 165
137 174
137 233
137 252
137 300
137 301
137 302
137 303
137 304
137 305
137 306
137 307
137 308
137 309
137 310
137 311
137 312
137 313
137 314
137 315
137 316
137 317
137 318
137 319
137 320
137 321
137 322
137 323
137 324
137 325
137 326
137 327
137 328
137 329
137 330
137 331
137 332
137 333
137 334
137 335
137 336
137 337
137 338
137 339
137 340
137 341
165 174
165 233
165 252
165 300
165 301
165 302
165 303
165 304
165 305
165 306
165 307
165 308
165 309
165 310
165 311
165 312
165 313
165 314
165 315
165 316
165 317
165 318
165 319
165 320
165 321
165 322
165 323
165 324
165 325
165 326
165 327
165 328
165 329
165 330
165 331
165 332
165 333
165 334
165 335
165 336
165 337
165 338
165 339
165 340
165 341
174 233
174 252
174 300
174 301
174 302
174 303
174 304
174 305
174 306
174 307
174 308
174 309
174 310
174 311
174 312
174 313
174 314
174 315
174 316
174 317
174 318
174 319
174 320
174 321
174 322
174 323
174 324
174 325
174 326
174 327
174 328
174 329
174 330
174 331
174 332
174 333
174 334
174 335
174 336
174 337
174 338
174 339
174 340
174 341
233 252
233 300
233 301
233 302
233 303
233 304
233 305
233 306
233 307
233 308
233 309
233 310
233 311
233 312
233 313
233 314
233 315
233 316
233 317
233 318
233 319
233 320
233 321
233 322
233 323
233 324
233 325
233 326
233 327
233 328
233 329
233 330
233 331
233 332
233 333
233 334
233 335
233 336
233 337
233 338
233 339
233 340
233 341
252 300
252 301
252 302
252 303
252 304
252 305
252 306
252 307
252 308
252 309
252 310
252 311
252 312
252 313
252 314
252 315
252 316
252 317
252 318
252 319
252 320
252 321
252 322
252 323
252 324
252 325
252 326
252 327
252 328
252 329
252 330
252 331
252 332
252 333
252 334
252 335
252 336
252 337
252 338
252 339
252 340
252 341
300 301
300 302
300 303
300 304
300 305
300 306
300 307
300 308
300 309
300 310
300 311
300 312
300 313
300 314
300 315
300 316
300 317
300 318
300 319
300 320
300 321
300 322
300 323
300 324
300 325
300 326
300 327
300 328
300 329
300 330
300 331
300 332
300 333
300 334
300 335
300 336
300 337
300 338
300 339
300 340
300 341
301 302
301 303
301 304
301 305
301 306
301 307
301 308
301 309
301 310
301 311
301 312
301 313
301 314
301 315
301 316
301 317
301 318
301 319
301 320
301 321
301 322
301 323
301 324
301 325
301 326
301 327
301 328
301 329
301 330
301 331
301 332
301 333
301 334
301 335
301 336
301 337
301 338
301 339
301 340
301 341
302 303
302 304
302 305
302 306
302 307
302 308
302 309
302 310
302 311
302 312
302 313
302 314
302 315
302 316
302 317
302 318
302 319
302 320
302 321
302 322
302 323
302 324
302 325
302 326
302 327
302 328
302 329
302 330
302 331
302 332
302 333
302 334
302 335
302 336
302 337
302 338
302 339
302 340
302 341
303 304
303 305
303 306
303 307
303 308
303 309
303 310
303 311
303 312
303 313
303 314
303 315
303 316
303 317
303 318
303 319
303 320
303 321
303 322
303 323
303 324
303 325
303 326
303 327
303 328
303 329
303 330
303 331
303 332
303 333
303 334
303 335
303 336
303 337
303 338
303 339
303 340
303 341
304 305
304 306
304 307
304 308
304 309
304 310
304 311
304 312
304 313
304 314
304 315
304 316
304 317
304 318
304 319
304 320
304 321
304 322
304 323
304 324
304 325
304 326
304 327
304 328
304 329
304 330
304 331
304 332
304 333
304 334
304 335
304 336
304 337
304 338
304 339
304 340
304 341
305 306
305 307
305 308
305 309
305 310
305 311
305 312
305 313
305 314
305 315
305 316
305 317
305 318
305 319
305 320
305 321
305 322
305 323
305 324
305 325
305 326
305 327
305 328
305 329
305 330
305 331
305 332
305 333
305 334
305 335
305 336
305 337
305 338
305 339
305 340
305 341
306 307
306 308
306 309
306 310
306 311
306 312
306 313
306 314
306 315
306 316
306 317
306 318
306 319
306 320
306 321
306 322
306 323
306 324
306 325
306 326
306 327
306 328
306 329
306 330
306 331
306 332
306 333
306 334
306 335
306 336
306 337
306 338
306 339
306 340
306 341
307 308
307 309
307 310
307 311
307 312
307 313
307 314
307 315
307 316
307 317
307 318
307 319
307 320
307 321
307 322
307 323
307 324
307 325
307 326
307 327
307 328
307 329
307 330
307 331
307 332
307 333
307 334
307 335
307 336
307 337
307 338
307 339
307 340
307 341
308 309
308 310
308 311
308 312
308 313
308 314
308 315
308 316
308 317
308 318
308 319
308 320
308 321
308 322
308 323
308 324
308 325
308 326
308 327
308 328
308 329
308 330
308 331
308 332
308 333
308 334
308 335
308 336
308 337
308 338
308 339
308 340
308 341
309 310
309 311
309 312
309 313
309 314
309 315
309 316
309 317
309 318
309 319
309 320
309 321
309 322
309 323
309 324
309 325
309 326
309 327
309 328
309 329
309 330
309 331
309 332
309 333
309 334
309 335
309 336
309 337
309 338
309 339
309 340
309 341
310 311
310 312
310 313
310 314
310 315
310 316
310 317
310 318
310 319
310 320
310 321
310 322
310 323
310 324
310 325
310 326
310 327
310 328
310 329
310 330
310 331
310 332
310 333
310 334
310 335
310 336
310 337
310 338
310 339
310 340
310 341
311 312
311 313
311 314
311 315
311 316
311 317
311 318
311 319
311 320
311 321
311 322
311 323
311 324
311 325
311 326
311 327
311 328
311 329
311 330
311 331
311 332
311 333
311 334
311 335
311 336
311 337
311 338
311 339
311 340
311 341
312 313
312 314
312 315
312 316
312 317
312 318
312 319
312 320
312 321
312 322
312 323
312 324
312 325
312 326
312 327
312 328
312 329
312 330
312 331
312 332
312 333
312 334
312 335
312 336
312 337
312 338
312 339
312 340
312 341
313 314
313 315
313 316
313 317
313 318
313 319
313 320
313 321
313 322
313 323
313 324
313 325
313 326
313 327
313 328
313 329
313 330
313 331
313 332
313 333
313 334
313 335
313 336
313 337
313 338
313 339
313 340
313 341
314 315
314 316
314 317
314 318
314 319
314 320
314 321
314 322
314 323
314 324
314 325
314 326
314 327
314 328
314 329
314 330
314 331
314 332
314 333
314 334
314 335
314 336
314 337
314 338
314 339
314 340
314 341
315 316
315 317
315 318
315 319
315 320
315 321
315 322
315 323
315 324
315 325
315 326
315 327
315 328
315 329
315 330
315 331
315 332
315 333
315 334
315 335
315 336
315 337
315 338
315 339
315 340
315 341
316 317
316 318
316 319
316 320
316 321
316 322
316 323
316 324
316 325
316 326
316 327
316 328
316 329
316 330
316 331
316 332
316 333
316 334
316 335
316 336
316 337
316 338
316 339
316 340
316 341
317 318
317 319
317 320
317 321
317 322
317 323
317 324
317 325
317 326
317 327
317 328
317 329
317 330
317 331
317 332
317 333
317 334
317 335
317 336
317 337
317 338
317 339
317 340
317 341
318 319
318 320
318 321
318 322
318 323
318 324
318 325
318 326
318 327
318 328
318 329
318 330
318 331
318 332
318 333
318 334
318 335
318 336
318 337
318 338
318 339
318 340
318 341
319 320
319 321
319 322
319 323
319 324
319 325
319 326
319 327
319 328
319 329
319 330
319 331
319 332
319 333
319 334
319 335
319 336
319 337
319 338
319 339
319 340
319 341
320 321
320 322
320 323
320 324
320 325
320 326
320 327
320 328
320 329
320 330
320 331
320 332
320 333
320 334
320 335
320 336
320 337
320 338
320 339
320 340
320 341
321 322
321 323
321 324
321 325
321 326
321 327
321 328
321 329
321 330
321 331
321 332
321 333
321 334
321 335
321 336
321 337
321 338
321 339
321 340
321 341
322 323
322 324
322 325
322 326
322 327
322 328
322 329
322 330
322 331
322 332
322 333
322 334
322 335
322 336
322 337
322 338
322 339
322 340
322 341
323 324
323 325
323 326
323 327
323 328
323 329
323 330
323 331
323 332
323 333
323 334
323 335
323 336
323 337
323 338
323 339
323 340
323 341
324 325
324 326
324 327
324 328
324 329
324 330
324 331
324 332
324 333
324 334
324 335
324 336
324 337
324 338
324 339
324 340
324 341
325 326
325 327
325 328
325 329
325 330
325 331
325 332
325 333
325 334
325 335
325 336
325 337
325 338
325 339
325 340
325 341
326 327
326 328
326 329
326 330
326 331
326 332
326 333
326 334
326 335
326 336
326 337
326 338
326 339
326 340
326 341
327 328
327 329
327 330
327 331
327 332
327 333
327 334
327 335
327 336
327 337
327 338
327 339
327 340
327 341
328 329
328 330
328 331
328 332
328 333
328 334
328 335
328 336
328 337
328 338
328 339
328 340
328 341
329 330
329 331
329 332
329 333
329 334
329 335
329 336
329 337
329 338
329 339
329 340
329 341
330 331
330 332
330 333
330 334
330 335
330 336
330 337
330 338
330 339
330 340
330 341
331 332
331 333
331 334
331 335
331 336
331 337
331 338
331 339
331 340
331 341
332 333
332 334
332 335
332 336
332 337
332 338
332 339
332 340
332 341
333 334
333 335
333 336
333 337
333 338
333 339
333 340
333 341
334 335
334 336
334 337
334 338
334 339
334 340
334 341
335 336
335 337
335 338
335 339
335 340
335 341
336 337
336 338
336 339
336 340
336 341
337 338
337 339
337 340
337 341
338 339
338 340
338 341
339 340
339 341
340 341
15 342
15 343
15 344
15 345
15 346
15 347
342 343
342 344
342 345
342 346
342 347
343 344
343 345
343 346
343 347
344 345
344 346
344 347
345 346
345 347
346 347
16 40
16 61
16 123
16 208
16 234
16 348
16 349
16 350
16 351
16 352
16 353
16 354
16 355
16 356
16 357
16 358
16 359
40 61
40 123
40 208
40 234
40 348
40 349
40 350
40 351
40 352
40 353
40 354
40 355
40 356
40 357
40 358
40 359
61 123
61 208
61 234
61 348
61 349
61 350
61 351
61 352
61 353
61 354
61 355
61 356
61 357
61 358
61 359
123 208
123 234
123 348
123 349
123 350
123 351
123 352
123 353
123 354
123 355
123 356
123 357
123 358
123 359
208 234
208 348
208 349
208 350
208 351
208 352
208 353
208 354
208 355
208 356
208 357
208 358
208 359
234 348
234 349
234 350
234 351
234 352
234 353
234 354
234 355
234 356
234 357
234 358
234 359
348 349
348 350
348 351
348 352
348 353
348 354
348 355
348 356
348 357
348 358
348 359
349 350
349 351
349 352
349 353
349 354
349 355
349 356
349 357
349 358
349 359
350 351
350 352
350 353
350 354
350 355
350 356
350 357
350 358
350 359
351 352
351 353
351 354
351 355
351 356
351 357
351 358
351 359
352 353
352 354
352 355
352 356
352 357
352 358
352 359
353 354
353 355
353 356
353 357
353 358
353 359
354 355
354 356
354 357
354 358
354 359
355 356
355 357
355 358
355 359
356 357
356 358
356 359
357 358
357 359
358 359
17 41
17 62
17 138
17 209
17 352
17 360
17 361
17 362
17 363
17 364
17 365
17 366
17 367
17 368
17 369
17 370
17 371
17 372
17 373
17 374
17 375
17 376
17 377
17 378
17 379
17 380
17 381
41 62
41 138
41 209
41 352
41 360
41 361
41 362
41 363
41 364
41 365
41 366
41 367
41 368
41 369
41 370
41 371
41 372
41 373
41 374
41 375
41 376
41 377
41 378
41 379
41 380
41 381
62 138
62 209
62 352
62 360
62 361
62 362
62 363
62 364
62 365
62 366
62 367
62 368
62 369
62 370
62 371
62 372
62 373
62 374
62 375
62 376
62 377
62 378
62 379
62 380
62 381
138 209
138 352
138 360
138 361
138 362
138 363
138 364
138 365
138 366
138 367
138 368
138 369
138 370
138 371
138 372
138 373
138 374
138 375
138 376
138 377
138 378
138 379
138 380
138 381
209 352
209 360
209 361
209 362
209 363
209 364
209 365
209 366
209 367
209 368
209 369
209 370
209 371
209 372
209 373
209 374
209 375
209 376
209 377
209 378
209 379
209 380
209 381
352 360
352 361
352 362
352 363
352 364
352 365
352 366
352 367
352 368
352 369
352 370
352 371
352 372
352 373
352 374
352 375
352 376
352 377
352 378
352 379
352 380
352 381
360 361
360 362
360 363
360 364
360 365
360 366
360 367
360 368
360 369
360 370
360 371
360 372
360 373
360 374
360 375
360 376
360 377
360 378
360 379
360 380
360 381
361 362
361 363
361 364
361 365
361 366
361 367
361 368
361 369
361 370
361 371
361 372
361 373
361 374
361 375
361 376
361 377
361 378
361 379
361 380
361 381
362 363
362 364
362 365
362 366
362 367
362 368
362 369
362 370
362 371
362 372
362 373
362 374
362 375
362 376
362 377
362 378
362 379
362 380
362 381
363 364
363 365
363 366
363 367
363 368
363 369
363 370
363 371
363 372
363 373
363 374
363 375
363 376
363 377
363 378
363 379
363 380
363 381
364 365
364 366
364 367
364 368
364 369
364 370
364 371
364 372
364 373
364 374
364 375
364 376
364 377
364 378
364 379
364 380
364 381
365 366
365 367
365 368
365 369
365 370
365 371
365 372
365 373
365 374
365 375
365 376
365 377
365 378
365 379
365 380
365 381
366 367
366 368
366 369
366 370
366 371
366 372
366 373
366 374
366 375
366 376
366 377
366 378
366 379
366 380
366 381
367 368
367 369
367 370
367 371
367 372
367 373
367 374
367 375
367 376
367 377
367 378
367 379
367 380
367 381
368 369
368 370
368 371
368 372
368 373
368 374
368 375
368 376
368 377
368 378
368 379
368 380
368 381
369 370
369 371
369 372
369 373
369 374
369 375
369 376
369 377
369 378
369 379
369 380
369 381
370 371
370 372
370 373
370 374
370 375
370 376
370 377
370 378
370 379
370 380
370 381
371 372
371 373
371 374
371 375
371 376
371 377
371 378
371 379
371 380
371 381
372 373
372 374
372 375
372 376
372 377
372 378
372 379
372 380
372 381
373 374
373 375
373 376
373 377
373 378
373 379
373 380
373 381
374 375
374 376
374 377
374 378
374 379
374 380
374 381
375 376
375 377
375 378
375 379
375 380
375 381
376 377
376 378
376 379
376 380
376 381
377 378
377 379
377 380
377 381
378 379
378 380
378 381
379 380
379 381
380 381
18 42
18 63
18 215
18 361
18 382
18 383
18 384
18 385
18 386
18 387
18 388
18 389
18 390
18 391
18 392
18 393
42 63
42 215
42 361
42 382
42 383
42 384
42 385
42 386
42 387
42 388
42 389
42 390
42 391
42 392
42 393
63 215
63 361
63 382
63 383
63 384
63 385
63 386
63 387
63 388
63 389
63 390
63 391
63 392
63 393
215 361
215 382
215 383
215 384
215 385
215 386
215 387
215 388
215 389
215 390
215 391
215 392
215 393
361 382
361 383
361 384
361 385
361 386
361 387
361 388
361 389
361 390
361 391
361 392
361 393
382 383
382 384
382 385
382 386
382 387
382 388
382 389
382 390
382 391
382 392
382 393
383 384
383 385
383 386
383 387
383 388
383 389
383 390
383 391
383 392
383 393
384 385
384 386
384 387
384 388
384 389
384 390
384 391
384 392
384 393
385 386
385 387
385 388
385 389
385 390
385 391
385 392
385 393
386 387
386 388
386 389
386 390
386 391
386 392
386 393
387 388
387 389
387 390
387 391
387 392
387 393
388 389
388 390
388 391
388 392
388 393
389 390
389 391
389 392
389 393
390 391
390 392
390 393
391 392
391 393
392 393
19 64
19 167
19 353
19 394
19 395
19 396
19 397
19 398
19 399
19 400
19 401
19 402
19 403
19 404
19 405
19 406
19 407
19 408
19 409
19 410
19 411
19 412
19 413
19 414
19 415
19 416
19 417
19 418
19 419
19 420
19 421
19 422
19 423
19 424
19 425
19 426
19 427
19 428
19 429
19 430
19 431
19 432
64 167
64 353
64 394
64 395
64 396
64 397
64 398
64 399
64 400
64 401
64 402
64 403
64 404
64 405
64 406
64 407
64 408
64 409
64 410
64 411
64 412
64 413
64 414
64 415
64 416
64 417
64 418
64 419
64 420
64 421
64 422
64 423
64 424
64 425
64 426
64 427
64 428
64 429
64 430
64 431
64 432
167 353
167 394
167 395
167 396
167 397
167 398
167 399
167 400
167 401
167 402
167 403
167 404
167 405
167 406
167 407
167 408
167 409
167 410
167 411
167 412
167 413
167 414
167 415
167 416
167 417
167 418
167 419
167 420
167 421
167 422
167 423
167 424
167 425
167 426
167 427
167 428
167 429
167 430
167 431
167 432
353 394
353 395
353 396
353 397
353 398
353 399
353 400
353 401
353 402
353 403
353 404
353 405
353 406
353 407
353 408
353 409
353 410
353 411
353 412
353 413
353 414
353 415
353 416
353 417
353 418
353 419
353 420
353 421
353 422
353 423
353 424
353 425
353 426
353 427
353 428
353 429
353 430
353 431
353 432
394 395
394 396
394 397
394 398
394 399
394 400
394 401
394 402
394 403
394 404
394 405
394 406
394 407
394 408
394 409
394 410
394 411
394 412
394 413
394 414
394 415
394 416
394 417
394 418
394 419
394 420
394 421
394 422
394 423
394 424
394 425
394 426
394 427
394 428
394 429
394 430
394 431
394 432
395 396
395 397
395 398
395 399
395 400
395 401
395 402
395 403
395 404
395 405
395 406
395 407
395 408
395 409
395 410
395 411
395 412
395 413
395 414
395 415
395 416
395 417
395 418
395 419
395 420
395 421
395 422
395 423
395 424
395 425
395 426
395 427
395 428
395 429
395 430
395 431
395 432
396 397
396 398
396 399
396 400
396 401
396 402
396 403
396 404
396 405
396 406
396 407
396 408
396 409
396 410
396 411
396 412
396 413
396 414
396 415
396 416
396 417
396 418
396 419
396 420
396 421
396 422
396 423
396 424
396 425
396 426
396 427
396 428
396 429
396 430
396 431
396 432
397 398
397 399
397 400
397 401
397 402
397 403
397 404
397 405
397 406
397 407
397 408
397 409
397 410
397 411
397 412
397 413
397 414
397 415
397 416
397 417
397 418
397 419
397 420
397 421
397 422
397 423
397 424
397 425
397 426
397 427
397 428
397 429
397 430
397 431
397 432
398 399
398 400
398 401
398 402
398 403
398 404
398 405
398 406
398 407
398 408
398 409
398 410
398 411
398 412
398 413
398 414
398 415
398 416
398 417
398 418
398 419
398 420
398 421
398 422
398 423
398 424
398 425
398 426
398 427
398 428
398 429
398 430
398 431
398 432
399 400
399 401
399 402
399 403
399 404
399 405
399 406
399 407
399 408
399 409
399 410
399 411
399 412
399 413
399 414
399 415
399 416
399 417
399 418
399 419
399 420
399 421
399 422
399 423
399 424
399 425
399 426
399 427
399 428
399 429
399 430
399 431
399 432
400 401
400 402
400 403
400 404
400 405
400 406
400 407
400 408
400 409
400 410
400 411
400 412
400 413
400 414
400 415
400 416
400 417
400 418
400 419
400 420
400 421
400 422
400 423
400 424
400 425
400 426
400 427
400 428
400 429
400 430
400 431
400 432
401 402
401 403
401 404
401 405
401 406
401 407
401 408
401 409
401 410
401 411
401 412
401 413
401 414
401 415
401 416
401 417
401 418
401 419
401 420
401 421
401 422
401 423
401 424
401 425
401 426
401 427
401 428
401 429
401 430
401 431
401 432
402 403
402 404
402 405
402 406
402 407
402 408
402 409
402 410
402 411
402 412
402 413
402 414
402 415
402 416
402 417
402 418
402 419
402 420
402 421
402 422
402 423
402 424
402 425
402 426
402 427
402 428
402 429
402 430
402 431
402 432
403 404
403 405
403 406
403 407
403 408
403 409
403 410
403 411
403 412
403 413
403 414
403 415
403 416
403 417
403 418
403 419
403 420
403 421
403 422
403 423
403 424
403 425
403 426
403 427
403 428
403 429
403 430
403 431
403 432
404 405
404 406
404 407
404 408
404 409
404 410
404 411
404 412
404 413
404 414
404 415
404 416
404 417
404 418
404 419
404 420
404 421
404 422
404 423
404 424
404 425
404 426
404 427
404 428
404 429
404 430
404 431
404 432
405 406
405 407
405 408
405 409
405 410
405 411
405 412
405 413
405 414
405 415
405 416
405 417
405 418
405 419
405 420
405 421
405 422
405 423
405 424
405 425
405 426
405 427
405 428
405 429
405 430
405 431
405 432
406 407
406 408
406 409
406 410
406 411
406 412
406 413
406 414
406 415
406 416
406 417
406 418
406 419
406 420
406 421
406 422
406 423
406 424
406 425
406 426
406 427
406 428
406 429
406 430
406 431
406 432
407 408
407 409
407 410
407 411
407 412
407 413
407 414
407 415
407 416
407 417
407 418
407 419
407 420
407 421
407 422
407 423
407 424
407 425
407 426
407 427
407 428
407 429
407 430
407 431
407 432
408 409
408 410
408 411
408 412
408 413
408 414
408 415
408 416
408 417
408 418
408 419
408 420
408 421
408 422
408 423
408 424
408 425
408 426
408 427
408 428
408 429
408 430
408 431
408 432
409 410
409 411
409 412
409 413
409 414
409 415
409 416
409 417
409 418
409 419
409 420
409 421
409 422
409 423
409 424
409 425
409 426
409 427
409 428
409 429
409 430
409 431
409 432
410 411
410 412
410 413
410 414
410 415
410 416
410 417
410 418
410 419
410 420
410 421
410 422
410 423
410 424
410 425
410 426
410 427
410 428
410 429
410 430
410 431
410 432
411 412
411 413
411 414
411 415
411 416
411 417
411 418
411 419
411 420
411 421
411 422
411 423
411 424
411 425
411 426
411 427
411 428
411 429
411 430
411 431
411 432
412 413
412 414
412 415
412 416
412 417
412 418
412 419
412 420
412 421
412 422
412 423
412 424
412 425
412 426
412 427
412 428
412 429
412 430
412 431
412 432
413 414
413 415
413 416
413 417
413 418
413 419
413 420
413 421
413 422
413 423
413 424
413 425
413 426
413 427
413 428
413 429
413 430
413 431
413 432
414 415
414 416
414 417
414 418
414 419
414 420
414 421
414 422
414 423
414 424
414 425
414 426
414 427
414 428
414 429
414 430
414 431
414 432
415 416
415 417
415 418
415 419
415 420
415 421
415 422
415 423
415 424
415 425
415 426
415 427
415 428
415 429
415 430
415 431
415 432
416 417
416 418
416 419
416 420
416 421
416 422
416 423
416 424
416 425
416 426
416 427
416 428
416 429
416 430
416 431
416 432
417 418
417 419
417 420
417 421
417 422
417 423
417 424
417 425
417 426
417 427
417 428
417 429
417 430
417 431
417 432
418 419
418 420
418 421
418 422
418 423
418 424
418 425
418 426
418 427
418 428
418 429
418 430
418 431
418 432
419 420
419 421
419 422
419 423
419 424
419 425
419 426
419 427
419 428
419 429
419 430
419 431
419 432
420 421
420 422
420 423
420 424
420 425
420 426
420 427
420 428
420 429
420 430
420 431
420 432
421 422
421 423
421 424
421 425
421 426
421 427
421 428
421 429
421 430
421 431
421 432
422 423
422 424
422 425
422 426
422 427
422 428
422 429
422 430
422 431
422 432
423 424
423 425
423 426
423 427
423 428
423 429
423 430
423 431
423 432
424 425
424 426
424 427
424 428
424 429
424 430
424 431
424 432
425 426
425 427
425 428
425 429
425 430
425 431
425 432
426 427
426 428
426 429
426 430
426 431
426 432
427 428
427 429
427 430
427 431
427 432
428 429
428 430
428 431
428 432
429 430
429 431
429 432
430 431
430 432
431 432
20 43
20 65
20 89
20 132
20 139
20 156
20 168
20 211
20 235
20 354
20 391
20 433
20 434
20 435
43 65
43 89
43 132
43 139
43 156
43 168
43 211
43 235
43 354
43 391
43 433
43 434
43 435
65 89
65 132
65 139
65 156
65 168
65 211
65 235
65 354
65 391
65 433
65 434
65 435
89 132
89 139
89 156
89 168
89 211
89 235
89 354
89 391
89 433
89 434
89 435
132 139
132 156
132 168
132 211
132 235
132 354
132 391
132 433
132 434
132 435
139 156
139 168
139 211
139 235
139 354
139 391
139 433
139 434
139 435
156 168
156 211
156 235
156 354
156 391
156 433
156 434
156 435
168 211
168 235
168 354
168 391
168 433
168 434
168 435
211 235
211 354
211 391
211 433
211 434
211 435
235 354
235 391
235 433
235 434
235 435
354 391
354 433
354 434
354 435
391 433
391 434
391 435
433 434
433 435
434 435
21 66
21 291
21 355
21 399
21 436
21 437
21 438
21 439
21 440
21 441
21 442
21 443
21 444
21 445
21 446
21 447
21 448
21 449
21 450
21 451
21 452
21 453
21 454
21 455
21 456
21 457
21 458
21 459
21 460
21 461
21 462
21 463
21 464
21 465
21 466
21 467
21 468
21 469
21 470
21 471
21 472
21 473
21 474
21 475
21 476
21 477
21 478
21 479
21 480
21 481
66 291
66 355
66 399
66 436
66 437
66 438
66 439
66 440
66 441
66 442
66 443
66 444
66 445
66 446
66 447
66 448
66 449
66 450
66 451
66 452
66 453
66 454
66 455
66 456
66 457
66 458
66 459
66 460
66 461
66 462
66 463
66 464
66 465
66 466
66 467
66 468
66 469
66 470
66 471
66 472
66 473
66 474
66 475
66 476
66 477
66 478
66 479
66 480
66 481
291 355
291 399
291 436
291 437
291 438
291 439
291 440
291 441
291 442
291 443
291 444
291 445
291 446
291 447
291 448
291 449
291 450
291 451
291 452
291 453
291 454
291 455
291 456
291 457
291 458
291 459
291 460
291 461
291 462
291 463
291 464
291 465
291 466
291 467
291 468
291 469
291 470
291 471
291 472
291 473
291 474
291 475
291 476
291 477
291 478
291 479
291 480
291 481
355 399
355 436
355 437
355 438
355 439
355 440
355 441
355 442
355 443
355 444
355 445
355 446
355 447
355 448
355 449
355 450
355 451
355 452
355 453
355 454
355 455
355 456
355 457
355 458
355 459
355 460
355 461
355 462
355 463
355 464
355 465
355 466
355 467
355 468
355 469
355 470
355 471
355 472
355 473
355 474
355 475
355 476
355 477
355 478
355 479
355 480
355 481
399 436
399 437
399 438
399 439
399 440
399 441
399 442
399 443
399 444
399 445
399 446
399 447
399 448
399 449
399 450
399 451
399 452
399 453
399 454
399 455
399 456
399 457
399 458
399 459
399 460
399 461
399 462
399 463
399 464
399 465
399 466
399 467
399 468
399 469
399 470
399 471
399 472
399 473
399 474
399 475
399 476
399 477
399 478
399 479
399 480
399 481
436 437
436 438
436 439
436 440
436 441
436 442
436 443
436 444
436 445
436 446
436 447
436 448
436 449
436 450
436 451
436 452
436 453
436 454
436 455
436 456
436 457
436 458
436 459
436 460
436 461
436 462
436 463
436 464
436 465
436 466
436 467
436 468
436 469
436 470
436 471
436 472
436 473
436 474
436 475
436 476
436 477
436 478
436 479
436 480
436 481
437 438
437 439
437 440
437 441
437 442
437 443
437 444
437 445
437 446
437 447
437 448
437 449
437 450
437 451
437 452
437 453
437 454
437 455
437 456
437 457
437 458
437 459
437 460
437 461
437 462
437 463
437 464
437 465
437 466
437 467
437 468
437 469
437 470
437 471
437 472
437 473
437 474
437 475
437 476
437 477
437 478
437 479
437 480
437 481
438 439
438 440
438 441
438 442
438 443
438 444
438 445
438 446
438 447
438 448
438 449
438 450
438 451
438 452
438 453
438 454
438 455
438 456
438 457
438 458
438 459
438 460
438 461
438 462
438 463
438 464
438 465
438 466
438 467
438 468
438 469
438 470
438 471
438 472
438 473
438 474
438 475
438 476
438 477
438 478
438 479
438 480
438 481
439 440
439 441
439 442
439 443
439 444
439 445
439 446
439 447
439 448
439 449
439 450
439 451
439 452
439 453
439 454
439 455
439 456
439 457
439 458
439 459
439 460
439 461
439 462
439 463
439 464
439 465
439 466
439 467
439 468
439 469
439 470
439 471
439 472
439 473
439 474
439 475
439 476
439 477
439 478
439 479
439 480
439 481
440 441
440 442
440 443
440 444
440 445
440 446
440 447
440 448
440 449
440 450
440 451
440 452
440 453
440 454
440 455
440 456
440 457
440 458
440 459
440 460
440 461
440 462
440 463
440 464
440 465
440 466
440 467
440 468
440 469
440 470
440 471
440 472
440 473
440 474
440 475
440 476
440 477
440 478
440 479
440 480
440 481
441 442
441 443
441 444
441 445
441 446
441 447
441 448
441 449
441 450
441 451
441 452
441 453
441 454
441 455
441 456
441 457
441 458
441 459
441 460
441 461
441 462
441 463
441 464
441 465
441 466
441 467
441 468
441 469
441 470
441 471
441 472
441 473
441 474
441 475
441 476
441 477
441 478
441 479
441 480
441 481
442 443
442 444
442 445
442 446
442 447
442 448
442 449
442 450
442 451
442 452
442 453
442 454
442 455
442 456
442 457
442 458
442 459
442 460
442 461
442 462
442 463
442 464
442 465
442 466
442 467
442 468
442 469
442 470
442 471
442 472
442 473
442 474
442 475
442 476
442 477
442 478
442 479
442 480
442 481
443 444
443 445
443 446
443 447
443 448
443 449
443 450
443 451
443 452
443 453
443 454
443 455
443 456
443 457
443 458
443 459
443 460
443 461
443 462
443 463
443 464
443 465
443 466
443 467
443 468
443 469
443 470
443 471
443 472
443 473
443 474
443 475
443 476
443 477
443 478
443 479
443 480
443 481
444 445
444 446
444 447
444 448
444 449
444 450
444 451
444 452
444 453
444 454
444 455
444 456
444 457
444 458
444 459
444 460
444 461
444 462
444 463
444 464
444 465
444 466
444 467
444 468
444 469
444 470
444 471
444 472
444 473
444 474
444 475
444 476
444 477
444 478
444 479
444 480
444 481
445 446
445 447
445 448
445 449
445 450
445 451
445 452
445 453
445 454
445 455
445 456
445 457
445 458
445 459
445 460
445 461
445 462
445 463
445 464
445 465
445 466
445 467
445 468
445 469
445 470
445 471
445 472
445 473
445 474
445 475
445 476
445 477
445 478
445 479
445 480
445 481
446 447
446 448
446 449
446 450
446 451
446 452
446 453
446 454
446 455
446 456
446 457
446 458
446 459
446 460
446 461
446 462
446 463
446 464
446 465
446 466
446 467
446 468
446 469
446 470
446 471
446 472
446 473
446 474
446 475
446 476
446 477
446 478
446 479
446 480
446 481
447 448
447 449
447 450
447 451
447 452
447 453
447 454
447 455
447 456
447 457
447 458
447 459
447 460
447 461
447 462
447 463
447 464
447 465
447 466
447 467
447 468
447 469
447 470
447 471
447 472
447 473
447 474
447 475
447 476
447 477
447 478
447 479
447 480
447 481
448 449
448 450
448 451
448 452
448 453
448 454
448 455
448 456
448 457
448 458
448 459
448 460
448 461
448 462
448 463
448 464
448 465
448 466
448 467
448 468
448 469
448 470
448 471
448 472
448 473
448 474
448 475
448 476
448 477
448 478
448 479
448 480
448 481
449 450
449 451
449 452
449 453
449 454
449 455
449 456
449 457
449 458
449 459
449 460
449 461
449 462
449 463
449 464
449 465
449 466
449 467
449 468
449 469
449 470
449 471
449 472
449 473
449 474
449 475
449 476
449 477
449 478
449 479
449 480
449 481
450 451
450 452
450 453
450 454
450 455
450 456
450 457
450 458
450 459
450 460
450 461
450 462
450 463
450 464
450 465
450 466
450 467
450 468
450 469
450 470
450 471
450 472
450 473
450 474
450 475
450 476
450 477
450 478
450 479
450 480
450 481
451 452
451 453
451 454
451 455
451 456
451 457
451 458
451 459
451 460
451 461
451 462
451 463
451 464
451 465
451 466
451 467
451 468
451 469
451 470
451 471
451 472
451 473
451 474
451 475
451 476
451 477
451 478
451 479
451 480
451 481
452 453
452 454
452 455
452 456
452 457
452 458
452 459
452 460
452 461
452 462
452 463
452 464
452 465
452 466
452 467
452 468
452 469
452 470
452 471
452 472
452 473
452 474
452 475
452 476
452 477
452 478
452 479
452 480
452 481
453 454
453 455
453 456
453 457
453 458
453 459
453 460
453 461
453 462
453 463
453 464
453 465
453 466
453 467
453 468
453 469
453 470
453 471
453 472
453 473
453 474
453 475
453 476
453 477
453 478
453 479
453 480
453 481
454 455
454 456
454 457
454 458
454 459
454 460
454 461
454 462
454 463
454 464
454 465
454 466
454 467
454 468
454 469
454 470
454 471
454 472
454 473
454 474
454 475
454 476
454 477
454 478
454 479
454 480
454 481
455 456
455 457
455 458
455 459
455 460
455 461
455 462
455 463
455 464
455 465
455 466
455 467
455 468
455 469
455 470
455 471
455 472
455 473
455 474
455 475
455 476
455 477
455 478
455 479
455 480
455 481
456 457
456 458
456 459
456 460
456 461
456 462
456 463
456 464
456 465
456 466
456 467
456 468
456 469
456 470
456 471
456 472
456 473
456 474
456 475
456 476
456 477
456 478
456 479
456 480
456 481
457 458
457 459
457 460
457 461
457 462
457 463
457 464
457 465
457 466
457 467
457 468
457 469
457 470
457 471
457 472
457 473
457 474
457 475
457 476
457 477
457 478
457 479
457 480
457 481
458 459
458 460
458 461
458 462
458 463
458 464
458 465
458 466
458 467
458 468
458 469
458 470
458 471
458 472
458 473
458 474
458 475
458 476
458 477
458 478
458 479
458 480
458 481
459 460
459 461
459 462
459 463
459 464
459 465
459 466
459 467
459 468
459 469
459 470
459 471
459 472
459 473
459 474
459 475
459 476
459 477
459 478
459 479
459 480
459 481
460 461
460 462
460 463
460 464
460 465
460 466
460 467
460 468
460 469
460 470
460 471
460 472
460 473
460 474
460 475
460 476
460 477
460 478
460 479
460 480
460 481
461 462
461 463
461 464
461 465
461 466
461 467
461 468
461 469
461 470
461 471
461 472
461 473
461 474
461 475
461 476
461 477
461 478
461 479
461 480
461 481
462 463
462 464
462 465
462 466
462 467
462 468
462 469
462 470
462 471
462 472
462 473
462 474
462 475
462 476
462 477
462 478
462 479
462 480
462 481
463 464
463 465
463 466
463 467
463 468
463 469
463 470
463 471
463 472
463 473
463 474
463 475
463 476
463 477
463 478
463 479
463 480
463 481
464 465
464 466
464 467
464 468
464 469
464 470
464 471
464 472
464 473
464 474
464 475
464 476
464 477
464 478
464 479
464 480
464 481
465 466
465 467
465 468
465 469
465 470
465 471
465 472
465 473
465 474
465 475
465 476
465 477
465 478
465 479
465 480
465 481
466 467
466 468
466 469
466 470
466 471
466 472
466 473
466 474
466 475
466 476
466 477
466 478
466 479
466 480
466 481
467 468
467 469
467 470
467 471
467 472
467 473
467 474
467 475
467 476
467 477
467 478
467 479
467 480
467 481
468 469
468 470
468 471
468 472
468 473
468 474
468 475
468 476
468 477
468 478
468 479
468 480
468 481
469 470
469 471
469 472
469 473
469 474
469 475
469 476
469 477
469 478
469 479
469 480
469 481
470 471
470 472
470 473
470 474
470 475
470 476
470 477
470 478
470 479
470 480
470 481
471 472
471 473
471 474
471 475
471 476
471 477
471 478
471 479
471 480
471 481
472 473
472 474
472 475
472 476
472 477
472 478
472 479
472 480
472 481
473 474
473 475
473 476
473 477
473 478
473 479
473 480
473 481
474 475
474 476
474 477
474 478
474 479
474 480
474 481
475 476
475 477
475 478
475 479
475 480
475 481
476 477
476 478
476 479
476 480
476 481
477 478
477 479
477 480
477 481
478 479
478 480
478 481
479 480
479 481
480 481
22 44
22 169
22 175
22 236
22 253
22 301
22 345
22 482
22 483
22 484
22 485
22 486
22 487
22 488
22 489
22 490
22 491
22 492
22 493
22 494
22 495
22 496
22 497
22 498
22 499
22 500
22 501
22 502
22 503
22 504
22 505
22 506
22 507
22 508
22 509
22 510
22 511
22 512
22 513
22 514
22 515
44 169
44 175
44 236
44 253
44 301
44 345
44 482
44 483
44 484
44 485
44 486
44 487
44 488
44 489
44 490
44 491
44 492
44 493
44 494
44 495
44 496
44 497
44 498
44 499
44 500
44 501
44 502
44 503
44 504
44 505
44 506
44 507
44 508
44 509
44 510
44 511
44 512
44 513
44 514
44 515
169 175
169 236
169 253
169 301
169 345
169 482
169 483
169 484
169 485
169 486
169 487
169 488
169 489
169 490
169 491
169 492
169 493
169 494
169 495
169 496
169 497
169 498
169 499
169 500
169 501
169 502
169 503
169 504
169 505
169 506
169 507
169 508
169 509
169 510
169 511
169 512
169 513
169 514
169 515
175 236
175 253
175 301
175 345
175 482
175 483
175 484
175 485
175 486
175 487
175 488
175 489
175 490
175 491
175 492
175 493
175 494
175 495
175 496
175 497
175 498
175 499
175 500
175 501
175 502
175 503
175 504
175 505
175 506
175 507
175 508
175 509
175 510
175 511
175 512
175 513
175 514
175 515
236 253
236 301
236 345
236 482
236 483
236 484
236 485
236 486
236 487
236 488
236 489
236 490
236 491
236 492
236 493
236 494
236 495
236 496
236 497
236 498
236 499
236 500
236 501
236 502
236 503
236 504
236 505
236 506
236 507
236 508
236 509
236 510
236 511
236 512
236 513
236 514
236 515
253 301
253 345
253 482
253 483
253 484
253 485
253 486
253 487
253 488
253 489
253 490
253 491
253 492
253 493
253 494
253 495
253 496
253 497
253 498
253 499
253 500
253 501
253 502
253 503
253 504
253 505
253 506
253 507
253 508
253 509
253 510
253 511
253 512
253 513
253 514
253 515
301 345
301 482
301 483
301 484
301 485
301 486
301 487
301 488
301 489
301 490
301 491
301 492
301 493
301 494
301 495
301 496
301 497
301 498
301 499
301 500
301 501
301 502
301 503
301 504
301 505
301 506
301 507
301 508
301 509
301 510
301 511
301 512
301 513
301 514
301 515
345 482
345 483
345 484
345 485
345 486
345 487
345 488
345 489
345 490
345 491
345 492
345 493
345 494
345 495
345 496
345 497
345 498
345 499
345 500
345 501
345 502
345 503
345 504
345 505
345 506
345 507
345 508
345 509
345 510
345 511
345 512
345 513
345 514
345 515
482 483
482 484
482 485
482 486
482 487
482 488
482 489
482 490
482 491
482 492
482 493
482 494
482 495
482 496
482 497
482 498
482 499
482 500
482 501
482 502
482 503
482 504
482 505
482 506
482 507
482 508
482 509
482 510
482 511
482 512
482 513
482 514
482 515
483 484
483 485
483 486
483 487
483 488
483 489
483 490
483 491
483 492
483 493
483 494
483 495
483 496
483 497
483 498
483 499
483 500
483 501
483 502
483 503
483 504
483 505
483 506
483 507
483 508
483 509
483 510
483 511
483 512
483 513
483 514
483 515
484 485
484 486
484 487
484 488
484 489
484 490
484 491
484 492
484 493
484 494
484 495
484 496
484 497
484 498
484 499
484 500
484 501
484 502
484 503
484 504
484 505
484 506
484 507
484 508
484 509
484 510
484 511
484 512
484 513
484 514
484 515
485 486
485 487
485 488
485 489
485 490
485 491
485 492
485 493
485 494
485 495
485 496
485 497
485 498
485 499
485 500
485 501
485 502
485 503
485 504
485 505
485 506
485 507
485 508
485 509
485 510
485 511
485 512
485 513
485 514
485 515
486 487
486 488
486 489
486 490
486 491
486 492
486 493
486 494
486 495
486 496
486 497
486 498
486 499
486 500
486 501
486 502
486 503
486 504
486 505
486 506
486 507
486 508
486 509
486 510
486 511
486 512
486 513
486 514
486 515
487 488
487 489
487 490
487 491
487 492
487 493
487 494
487 495
487 496
487 497
487 498
487 499
487 500
487 501
487 502
487 503
487 504
487 505
487 506
487 507
487 508
487 509
487 510
487 511
487 512
487 513
487 514
487 515
488 489
488 490
488 491
488 492
488 493
488 494
488 495
488 496
488 497
488 498
488 499
488 500
488 501
488 502
488 503
488 504
488 505
488 506
488 507
488 508
488 509
488 510
488 511
488 512
488 513
488 514
488 515
489 490
489 491
489 492
489 493
489 494
489 495
489 496
489 497
489 498
489 499
489 500
489 501
489 502
489 503
489 504
489 505
489 506
489 507
489 508
489 509
489 510
489 511
489 512
489 513
489 514
489 515
490 491
490 492
490 493
490 494
490 495
490 496
490 497
490 498
490 499
490 500
490 501
490 502
490 503
490 504
490 505
490 506
490 507
490 508
490 509
490 510
490 511
490 512
490 513
490 514
490 515
491 492
491 493
491 494
491 495
491 496
491 497
491 498
491 499
491 500
491 501
491 502
491 503
491 504
491 505
491 506
491 507
491 508
491 509
491 510
491 511
491 512
491 513
491 514
491 515
492 493
492 494
492 495
492 496
492 497
492 498
492 499
492 500
492 501
492 502
492 503
492 504
492 505
492 506
492 507
492 508
492 509
492 510
492 511
492 512
492 513
492 514
492 515
493 494
493 495
493 496
493 497
493 498
493 499
493 500
493 501
493 502
493 503
493 504
493 505
493 506
493 507
493 508
493 509
493 510
493 511
493 512
493 513
493 514
493 515
494 495
494 496
494 497
494 498
494 499
494 500
494 501
494 502
494 503
494 504
494 505
494 506
494 507
494 508
494 509
494 510
494 511
494 512
494 513
494 514
494 515
495 496
495 497
495 498
495 499
495 500
495 501
495 502
495 503
495 504
495 505
495 506
495 507
495 508
495 509
495 510
495 511
495 512
495 513
495 514
495 515
496 497
496 498
496 499
496 500
496 501
496 502
496 503
496 504
496 505
496 506
496 507
496 508
496 509
496 510
496 511
496 512
496 513
496 514
496 515
497 498
497 499
497 500
497 501
497 502
497 503
497 504
497 505
497 506
497 507
497 508
497 509
497 510
497 511
497 512
497 513
497 514
497 515
498 499
498 500
498 501
498 502
498 503
498 504
498 505
498 506
498 507
498 508
498 509
498 510
498 511
498 512
498 513
498 514
498 515
499 500
499 501
499 502
499 503
499 504
499 505
499 506
499 507
499 508
499 509
499 510
499 511
499 512
499 513
499 514
499 515
500 501
500 502
500 503
500 504
500 505
500 506
500 507
500 508
500 509
500 510
500 511
500 512
500 513
500 514
500 515
501 502
501 503
501 504
501 505
501 506
501 507
501 508
501 509
501 510
501 511
501 512
501 513
501 514
501 515
502 503
502 504
502 505
502 506
502 507
502 508
502 509
502 510
502 511
502 512
502 513
502 514
502 515
503 504
503 505
503 506
503 507
503 508
503 509
503 510
503 511
503 512
503 513
503 514
503 515
504 505
504 506
504 507
504 508
504 509
504 510
504 511
504 512
504 513
504 514
504 515
505 506
505 507
505 508
505 509
505 510
505 511
505 512
505 513
505 514
505 515
506 507
506 508
506 509
506 510
506 511
506 512
506 513
506 514
506 515
507 508
507 509
507 510
507 511
507 512
507 513
507 514
507 515
508 509
508 510
508 511
508 512
508 513
508 514
508 515
509 510
509 511
509 512
509 513
509 514
509 515
510 511
510 512
510 513
510 514
510 515
511 512
511 513
511 514
511 515
512 513
512 514
512 515
513 514
513 515
514 515
23 212
23 356
23 400
23 452
23 516
23 517
23 518
23 519
23 520
23 521
23 522
23 523
23 524
23 525
23 526
23 527
23 528
23 529
23 530
212 356
212 400
212 452
212 516
212 517
212 518
212 519
212 520
212 521
212 522
212 523
212 524
212 525
212 526
212 527
212 528
212 529
212 530
356 400
356 452
356 516
356 517
356 518
356 519
356 520
356 521
356 522
356 523
356 524
356 525
356 526
356 527
356 528
356 529
356 530
400 452
400 516
400 517
400 518
400 519
400 520
400 521
400 522
400 523
400 524
400 525
400 526
400 527
400 528
400 529
400 530
452 516
452 517
452 518
452 519
452 520
452 521
452 522
452 523
452 524
452 525
452 526
452 527
452 528
452 529
452 530
516 517
516 518
516 519
516 520
516 521
516 522
516 523
516 524
516 525
516 526
516 527
516 528
516 529
516 530
517 518
517 519
517 520
517 521
517 522
517 523
517 524
517 525
517 526
517 527
517 528
517 529
517 530
518 519
518 520
518 521
518 522
518 523
518 524
518 525
518 526
518 527
518 528
518 529
518 530
519 520
519 521
519 522
519 523
519 524
519 525
519 526
519 527
519 528
519 529
519 530
520 521
520 522
520 523
520 524
520 525
520 526
520 527
520 528
520 529
520 530
521 522
521 523
521 524
521 525
521 526
521 527
521 528
521 529
521 530
522 523
522 524
522 525
522 526
522 527
522 528
522 529
522 530
523 524
523 525
523 526
523 527
523 528
523 529
523 530
524 525
524 526
524 527
524 528
524 529
524 530
525 526
525 527
525 528
525 529
525 530
526 527
526 528
526 529
526 530
527 528
527 529
527 530
528 529
528 530
529 530
24 357
24 527
357 527
25 67
25 129
25 214
25 358
25 362
25 433
25 531
25 532
25 533
25 534
25 535
25 536
25 537
25 538
25 539
25 540
25 541
25 542
25 543
25 544
67 129
67 214
67 358
67 362
67 433
67 531
67 532
67 533
67 534
67 535
67 536
67 537
67 538
67 539
67 540
67 541
67 542
67 543
67 544
129 214
129 358
129 362
129 433
129 531
129 532
129 533
129 534
129 535
129 536
129 537
129 538
129 539
129 540
129 541
129 542
129 543
129 544
214 358
214 362
214 433
214 531
214 532
214 533
214 534
214 535
214 536
214 537
214 538
214 539
214 540
214 541
214 542
214 543
214 544
358 362
358 433
358 531
358 532
358 533
358 534
358 535
358 536
358 537
358 538
358 539
358 540
358 541
358 542
358 543
358 544
362 433
362 531
362 532
362 533
362 534
362 535
362 536
362 537
362 538
362 539
362 540
362 541
362 542
362 543
362 544
433 531
433 532
433 533
433 534
433 535
433 536
433 537
433 538
433 539
433 540
433 541
433 542
433 543
433 544
531 532
531 533
531 534
531 535
531 536
531 537
531 538
531 539
531 540
531 541
531 542
531 543
531 544
532 533
532 534
532 535
532 536
532 537
532 538
532 539
532 540
532 541
532 542
532 543
532 544
533 534
533 535
533 536
533 537
533 538
533 539
533 540
533 541
533 542
533 543
533 544
534 535
534 536
534 537
534 538
534 539
534 540
534 541
534 542
534 543
534 544
535 536
535 537
535 538
535 539
535 540
535 541
535 542
535 543
535 544
536 537
536 538
536 539
536 540
536 541
536 542
536 543
536 544
537 538
537 539
537 540
537 541
537 542
537 543
537 544
538 539
538 540
538 541
538 542
538 543
538 544
539 540
539 541
539 542
539 543
539 544
540 541
540 542
540 543
540 544
541 542
541 543
541 544
542 543
542 544
543 544
26 68
26 116
26 140
26 157
26 245
26 545
26 546
26 547
26 548
26 549
26 550
68 116
68 140
68 157
68 245
68 545
68 546
68 547
68 548
68 549
68 550
116 140
116 157
116 245
116 545
116 546
116 547
116 548
116 549
116 550
140 157
140 245
140 545
140 546
140 547
140 548
140 549
140 550
157 245
157 545
157 546
157 547
157 548
157 549
157 550
245 545
245 546
245 547
245 548
245 549
245 550
545 546
545 547
545 548
545 549
545 550
546 547
546 548
546 549
546 550
547 548
547 549
547 550
548 549
548 550
549 550
27 551
27 552
27 553
27 554
27 555
27 556
27 557
27 558
551 552
551 553
551 554
551 555
551 556
551 557
551 558
552 553
552 554
552 555
552 556
552 557
552 558
553 554
553 555
553 556
553 557
553 558
554 555
554 556
554 557
554 558
555 556
555 557
555 558
556 557
556 558
557 558
28 171
28 176
28 302
28 499
28 559
28 560
28 561
28 562
28 563
28 564
28 565
28 566
28 567
28 568
28 569
28 570
28 571
28 572
28 573
28 574
28 575
28 576
28 577
28 578
28 579
171 176
171 302
171 499
171 559
171 560
171 561
171 562
171 563
171 564
171 565
171 566
171 567
171 568
171 569
171 570
171 571
171 572
171 573
171 574
171 575
171 576
171 577
171 578
171 579
176 302
176 499
176 559
176 560
176 561
176 562
176 563
176 564
176 565
176 566
176 567
176 568
176 569
176 570
176 571
176 572
176 573
176 574
176 575
176 576
176 577
176 578
176 579
302 499
302 559
302 560
302 561
302 562
302 563
302 564
302 565
302 566
302 567
302 568
302 569
302 570
302 571
302 572
302 573
302 574
302 575
302 576
302 577
302 578
302 579
499 559
499 560
499 561
499 562
499 563
499 564
499 565
499 566
499 567
499 568
499 569
499 570
499 571
499 572
499 573
499 574
499 575
499 576
499 577
499 578
499 579
559 560
559 561
559 562
559 563
559 564
559 565
559 566
559 567
559 568
559 569
559 570
559 571
559 572
559 573
559 574
559 575
559 576
559 577
559 578
559 579
560 561
560 562
560 563
560 564
560 565
560 566
560 567
560 568
560 569
560 570
560 571
560 572
560 573
560 574
560 575
560 576
560 577
560 578
560 579
561 562
561 563
561 564
561 565
561 566
561 567
561 568
561 569
561 570
561 571
561 572
561 573
561 574
561 575
561 576
561 577
561 578
561 579
562 563
562 564
562 565
562 566
562 567
562 568
562 569
562 570
562 571
562 572
562 573
562 574
562 575
562 576
562 577
562 578
562 579
563 564
563 565
563 566
563 567
563 568
563 569
563 570
563 571
563 572
563 573
563 574
563 575
563 576
563 577
563 578
563 579
564 565
564 566
564 567
564 568
564 569
564 570
564 571
564 572
564 573
564 574
564 575
564 576
564 577
564 578
564 579
565 566
565 567
565 568
565 569
565 570
565 571
565 572
565 573
565 574
565 575
565 576
565 577
565 578
565 579
566 567
566 568
566 569
566 570
566 571
566 572
566 573
566 574
566 575
566 576
566 577
566 578
566 579
567 568
567 569
567 570
567 571
567 572
567 573
567 574
567 575
567 576
567 577
567 578
567 579
568 569
568 570
568 571
568 572
568 573
568 574
568 575
568 576
568 577
568 578
568 579
569 570
569 571
569 572
569 573
569 574
569 575
569 576
569 577
569 578
569 579
570 571
570 572
570 573
570 574
570 575
570 576
570 577
570 578
570 579
571 572
571 573
571 574
571 575
571 576
571 577
571 578
571 579
572 573
572 574
572 575
572 576
572 577
572 578
572 579
573 574
573 575
573 576
573 577
573 578
573 579
574 575
574 576
574 577
574 578
574 579
575 576
575 577
575 578
575 579
576 577
576 578
576 579
577 578
577 579
578 579
29 580
29 581
29 582
29 583
29 584
29 585
29 586
29 587
29 588
29 589
29 590
29 591
29 592
29 593
29 594
29 595
29 596
29 597
29 598
29 599
29 600
580 581
580 582
580 583
580 584
580 585
580 586
580 587
580 588
580 589
580 590
580 591
580 592
580 593
580 594
580 595
580 596
580 597
580 598
580 599
580 600
581 582
581 583
581 584
581 585
581 586
581 587
581 588
581 589
581 590
581 591
581 592
581 593
581 594
581 595
581 596
581 597
581 598
581 599
581 600
582 583
582 584
582 585
582 586
582 587
582 588
582 589
582 590
582 591
582 592
582 593
582 594
582 595
582 596
582 597
582 598
582 599
582 600
583 584
583 585
583 586
583 587
583 588
583 589
583 590
583 591
583 592
583 593
583 594
583 595
583 596
583 597
583 598
583 599
583 600
584 585
584 586
584 587
584 588
584 589
584 590
584 591
584 592
584 593
584 594
584 595
584 596
584 597
584 598
584 599
584 600
585 586
585 587
585 588
585 589
585 590
585 591
585 592
585 593
585 594
585 595
585 596
585 597
585 598
585 599
585 600
586 587
586 588
586 589
586 590
586 591
586 592
586 593
586 594
586 595
586 596
586 597
586 598
586 599
586 600
587 588
587 589
587 590
587 591
587 592
587 593
587 594
587 595
587 596
587 597
587 598
587 599
587 600
588 589
588 590
588 591
588 592
588 593
588 594
588 595
588 596
588 597
588 598
588 599
588 600
589 590
589 591
589 592
589 593
589 594
589 595
589 596
589 597
589 598
589 599
589 600
590 591
590 592
590 593
590 594
590 595
590 596
590 597
590 598
590 599
590 600
591 592
591 593
591 594
591 595
591 596
591 597
591 598
591 599
591 600
592 593
592 594
592 595
592 596
592 597
592 598
592 599
592 600
593 594
593 595
593 596
593 597
593 598
593 599
593 600
594 595
594 596
594 597
594 598
594 599
594 600
595 596
595 597
595 598
595 599
595 600
596 597
596 598
596 599
596 600
597 598
597 599
597 600
598 599
598 600
599 600
45 435
45 601
435 601
46 276
46 284
46 303
46 502
46 602
46 603
46 604
276 284
276 303
276 502
276 602
276 603
276 604
284 303
284 502
284 602
284 603
284 604
303 502
303 602
303 603
303 604
502 602
502 603
502 604
602 603
602 604
603 604
47 69
47 118
47 177
47 277
47 287
47 304
47 342
47 504
47 545
47 561
47 602
47 605
47 606
47 607
47 608
47 609
47 610
47 611
69 118
69 177
69 277
69 287
69 304
69 342
69 504
69 545
69 561
69 602
69 605
69 606
69 607
69 608
69 609
69 610
69 611
118 177
118 277
118 287
118 304
118 342
118 504
118 545
118 561
118 602
118 605
118 606
118 607
118 608
118 609
118 610
118 611
177 277
177 287
177 304
177 342
177 504
177 545
177 561
177 602
177 605
177 606
177 607
177 608
177 609
177 610
177 611
277 287
277 304
277 342
277 504
277 545
277 561
277 602
277 605
277 606
277 607
277 608
277 609
277 610
277 611
287 304
287 342
287 504
287 545
287 561
287 602
287 605
287 606
287 607
287 608
287 609
287 610
287 611
304 342
304 504
304 545
304 561
304 602
304 605
304 606
304 607
304 608
304 609
304 610
304 611
342 504
342 545
342 561
342 602
342 605
342 606
342 607
342 608
342 609
342 610
342 611
504 545
504 561
504 602
504 605
504 606
504 607
504 608
504 609
504 610
504 611
545 561
545 602
545 605
545 606
545 607
545 608
545 609
545 610
545 611
561 602
561 605
561 606
561 607
561 608
561 609
561 610
561 611
602 605
602 606
602 607
602 608
602 609
602 610
602 611
605 606
605 607
605 608
605 609
605 610
605 611
606 607
606 608
606 609
606 610
606 611
607 608
607 609
607 610
607 611
608 609
608 610
608 611
609 610
609 611
610 611
51 359
51 363
51 434
51 473
51 542
51 612
51 613
51 614
51 615
51 616
51 617
51 618
51 619
51 620
51 621
51 622
51 623
51 624
51 625
51 626
51 627
51 628
51 629
51 630
359 363
359 434
359 473
359 542
359 612
359 613
359 614
359 615
359 616
359 617
359 618
359 619
359 620
359 621
359 622
359 623
359 624
359 625
359 626
359 627
359 628
359 629
359 630
363 434
363 473
363 542
363 612
363 613
363 614
363 615
363 616
363 617
363 618
363 619
363 620
363 621
363 622
363 623
363 624
363 625
363 626
363 627
363 628
363 629
363 630
434 473
434 542
434 612
434 613
434 614
434 615
434 616
434 617
434 618
434 619
434 620
434 621
434 622
434 623
434 624
434 625
434 626
434 627
434 628
434 629
434 630
473 542
473 612
473 613
473 614
473 615
473 616
473 617
473 618
473 619
473 620
473 621
473 622
473 623
473 624
473 625
473 626
473 627
473 628
473 629
473 630
542 612
542 613
542 614
542 615
542 616
542 617
542 618
542 619
542 620
542 621
542 622
542 623
542 624
542 625
542 626
542 627
542 628
542 629
542 630
612 613
612 614
612 615
612 616
612 617
612 618
612 619
612 620
612 621
612 622
612 623
612 624
612 625
612 626
612 627
612 628
612 629
612 630
613 614
613 615
613 616
613 617
613 618
613 619
613 620
613 621
613 622
613 623
613 624
613 625
613 626
613 627
613 628
613 629
613 630
614 615
614 616
614 617
614 618
614 619
614 620
614 621
614 622
614 623
614 624
614 625
614 626
614 627
614 628
614 629
614 630
615 616
615 617
615 618
615 619
615 620
615 621
615 622
615 623
615 624
615 625
615 626
615 627
615 628
615 629
615 630
616 617
616 618
616 619
616 620
616 621
616 622
616 623
616 624
616 625
616 626
616 627
616 628
616 629
616 630
617 618
617 619
617 620
617 621
617 622
617 623
617 624
617 625
617 626
617 627
617 628
617 629
617 630
618 619
618 620
618 621
618 622
618 623
618 624
618 625
618 626
618 627
618 628
618 629
618 630
619 620
619 621
619 622
619 623
619 624
619 625
619 626
619 627
619 628
619 629
619 630
620 621
620 622
620 623
620 624
620 625
620 626
620 627
620 628
620 629
620 630
621 622
621 623
621 624
621 625
621 626
621 627
621 628
621 629
621 630
622 623
622 624
622 625
622 626
622 627
622 628
622 629
622 630
623 624
623 625
623 626
623 627
623 628
623 629
623 630
624 625
624 626
624 627
624 628
624 629
624 630
625 626
625 627
625 628
625 629
625 630
626 627
626 628
626 629
626 630
627 628
627 629
627 630
628 629
628 630
629 630
70 349
70 402
70 458
70 517
70 631
70 632
70 633
70 634
70 635
70 636
70 637
70 638
70 639
70 640
70 641
70 642
70 643
70 644
70 645
70 646
70 647
70 648
70 649
70 650
70 651
70 652
70 653
349 402
349 458
349 517
349 631
349 632
349 633
349 634
349 635
349 636
349 637
349 638
349 639
349 640
349 641
349 642
349 643
349 644
349 645
349 646
349 647
349 648
349 649
349 650
349 651
349 652
349 653
402 458
402 517
402 631
402 632
402 633
402 634
402 635
402 636
402 637
402 638
402 639
402 640
402 641
402 642
402 643
402 644
402 645
402 646
402 647
402 648
402 649
402 650
402 651
402 652
402 653
458 517
458 631
458 632
458 633
458 634
458 635
458 636
458 637
458 638
458 639
458 640
458 641
458 642
458 643
458 644
458 645
458 646
458 647
458 648
458 649
458 650
458 651
458 652
458 653
517 631
517 632
517 633
517 634
517 635
517 636
517 637
517 638
517 639
517 640
517 641
517 642
517 643
517 644
517 645
517 646
517 647
517 648
517 649
517 650
517 651
517 652
517 653
631 632
631 633
631 634
631 635
631 636
631 637
631 638
631 639
631 640
631 641
631 642
631 643
631 644
631 645
631 646
631 647
631 648
631 649
631 650
631 651
631 652
631 653
632 633
632 634
632 635
632 636
632 637
632 638
632 639
632 640
632 641
632 642
632 643
632 644
632 645
632 646
632 647
632 648
632 649
632 650
632 651
632 652
632 653
633 634
633 635
633 636
633 637
633 638
633 639
633 640
633 641
633 642
633 643
633 644
633 645
633 646
633 647
633 648
633 649
633 650
633 651
633 652
633 653
634 635
634 636
634 637
634 638
634 639
634 640
634 641
634 642
634 643
634 644
634 645
634 646
634 647
634 648
634 649
634 650
634 651
634 652
634 653
635 636
635 637
635 638
635 639
635 640
635 641
635 642
635 643
635 644
635 645
635 646
635 647
635 648
635 649
635 650
635 651
635 652
635 653
636 637
636 638
636 639
636 640
636 641
636 642
636 643
636 644
636 645
636 646
636 647
636 648
636 649
636 650
636 651
636 652
636 653
637 638
637 639
637 640
637 641
637 642
637 643
637 644
637 645
637 646
637 647
637 648
637 649
637 650
637 651
637 652
637 653
638 639
638 640
638 641
638 642
638 643
638 644
638 645
638 646
638 647
638 648
638 649
638 650
638 651
638 652
638 653
639 640
639 641
639 642
639 643
639 644
639 645
639 646
639 647
639 648
639 649
639 650
639 651
639 652
639 653
640 641
640 642
640 643
640 644
640 645
640 646
640 647
640 648
640 649
640 650
640 651
640 652
640 653
641 642
641 643
641 644
641 645
641 646
641 647
641 648
641 649
641 650
641 651
641 652
641 653
642 643
642 644
642 645
642 646
642 647
642 648
642 649
642 650
642 651
642 652
642 653
643 644
643 645
643 646
643 647
643 648
643 649
643 650
643 651
643 652
643 653
644 645
644 646
644 647
644 648
644 649
644 650
644 651
644 652
644 653
645 646
645 647
645 648
645 649
645 650
645 651
645 652
645 653
646 647
646 648
646 649
646 650
646 651
646 652
646 653
647 648
647 649
647 650
647 651
647 652
647 653
648 649
648 650
648 651
648 652
648 653
649 650
649 651
649 652
649 653
650 651
650 652
650 653
651 652
651 653
652 653
71 403
71 654
71 655
71 656
71 657
71 658
71 659
71 660
71 661
71 662
71 663
71 664
71 665
71 666
71 667
71 668
71 669
71 670
71 671
71 672
71 673
71 674
71 675
71 676
71 677
71 678
403 654
403 655
403 656
403 657
403 658
403 659
403 660
403 661
403 662
403 663
403 664
403 665
403 666
403 667
403 668
403 669
403 670
403 671
403 672
403 673
403 674
403 675
403 676
403 677
403 678
654 655
654 656
654 657
654 658
654 659
654 660
654 661
654 662
654 663
654 664
654 665
654 666
654 667
654 668
654 669
654 670
654 671
654 672
654 673
654 674
654 675
654 676
654 677
654 678
655 656
655 657
655 658
655 659
655 660
655 661
655 662
655 663
655 664
655 665
655 666
655 667
655 668
655 669
655 670
655 671
655 672
655 673
655 674
655 675
655 676
655 677
655 678
656 657
656 658
656 659
656 660
656 661
656 662
656 663
656 664
656 665
656 666
656 667
656 668
656 669
656 670
656 671
656 672
656 673
656 674
656 675
656 676
656 677
656 678
657 658
657 659
657 660
657 661
657 662
657 663
657 664
657 665
657 666
657 667
657 668
657 669
657 670
657 671
657 672
657 673
657 674
657 675
657 676
657 677
657 678
658 659
658 660
658 661
658 662
658 663
658 664
658 665
658 666
658 667
658 668
658 669
658 670
658 671
658 672
658 673
658 674
658 675
658 676
658 677
658 678
659 660
659 661
659 662
659 663
659 664
659 665
659 666
659 667
659 668
659 669
659 670
659 671
659 672
659 673
659 674
659 675
659 676
659 677
659 678
660 661
660 662
660 663
660 664
660 665
660 666
660 667
660 668
660 669
660 670
660 671
660 672
660 673
660 674
660 675
660 676
660 677
660 678
661 662
661 663
661 664
661 665
661 666
661 667
661 668
661 669
661 670
661 671
661 672
661 673
661 674
661 675
661 676
661 677
661 678
662 663
662 664
662 665
662 666
662 667
662 668
662 669
662 670
662 671
662 672
662 673
662 674
662 675
662 676
662 677
662 678
663 664
663 665
663 666
663 667
663 668
663 669
663 670
663 671
663 672
663 673
663 674
663 675
663 676
663 677
663 678
664 665
664 666
664 667
664 668
664 669
664 670
664 671
664 672
664 673
664 674
664 675
664 676
664 677
664 678
665 666
665 667
665 668
665 669
665 670
665 671
665 672
665 673
665 674
665 675
665 676
665 677
665 678
666 667
666 668
666 669
666 670
666 671
666 672
666 673
666 674
666 675
666 676
666 677
666 678
667 668
667 669
667 670
667 671
667 672
667 673
667 674
667 675
667 676
667 677
667 678
668 669
668 670
668 671
668 672
668 673
668 674
668 675
668 676
668 677
668 678
669 670
669 671
669 672
669 673
669 674
669 675
669 676
669 677
669 678
670 671
670 672
670 673
670 674
670 675
670 676
670 677
670 678
671 672
671 673
671 674
671 675
671 676
671 677
671 678
672 673
672 674
672 675
672 676
672 677
672 678
673 674
673 675
673 676
673 677
673 678
674 675
674 676
674 677
674 678
675 676
675 677
675 678
676 677
676 678
677 678
72 161
72 364
72 392
72 404
72 632
72 679
72 680
72 681
72 682
72 683
72 684
72 685
72 686
72 687
72 688
72 689
72 690
72 691
72 692
72 693
72 694
72 695
72 696
72 697
72 698
72 699
72 700
72 701
72 702
72 703
72 704
72 705
72 706
72 707
72 708
72 709
72 710
72 711
72 712
72 713
72 714
72 715
72 716
72 717
72 718
72 719
72 720
72 721
161 364
161 392
161 404
161 632
161 679
161 680
161 681
161 682
161 683
161 684
161 685
161 686
161 687
161 688
161 689
161 690
161 691
161 692
161 693
161 694
161 695
161 696
161 697
161 698
161 699
161 700
161 701
161 702
161 703
161 704
161 705
161 706
161 707
161 708
161 709
161 710
161 711
161 712
161 713
161 714
161 715
161 716
161 717
161 718
161 719
161 720
161 721
364 392
364 404
364 632
364 679
364 680
364 681
364 682
364 683
364 684
364 685
364 686
364 687
364 688
364 689
364 690
364 691
364 692
364 693
364 694
364 695
364 696
364 697
364 698
364 699
364 700
364 701
364 702
364 703
364 704
364 705
364 706
364 707
364 708
364 709
364 710
364 711
364 712
364 713
364 714
364 715
364 716
364 717
364 718
364 719
364 720
364 721
392 404
392 632
392 679
392 680
392 681
392 682
392 683
392 684
392 685
392 686
392 687
392 688
392 689
392 690
392 691
392 692
392 693
392 694
392 695
392 696
392 697
392 698
392 699
392 700
392 701
392 702
392 703
392 704
392 705
392 706
392 707
392 708
392 709
392 710
392 711
392 712
392 713
392 714
392 715
392 716
392 717
392 718
392 719
392 720
392 721
404 632
404 679
404 680
404 681
404 682
404 683
404 684
404 685
404 686
404 687
404 688
404 689
404 690
404 691
404 692
404 693
404 694
404 695
404 696
404 697
404 698
404 699
404 700
404 701
404 702
404 703
404 704
404 705
404 706
404 707
404 708
404 709
404 710
404 711
404 712
404 713
404 714
404 715
404 716
404 717
404 718
404 719
404 720
404 721
632 679
632 680
632 681
632 682
632 683
632 684
632 685
632 686
632 687
632 688
632 689
632 690
632 691
632 692
632 693
632 694
632 695
632 696
632 697
632 698
632 699
632 700
632 701
632 702
632 703
632 704
632 705
632 706
632 707
632 708
632 709
632 710
632 711
632 712
632 713
632 714
632 715
632 716
632 717
632 718
632 719
632 720
632 721
679 680
679 681
679 682
679 683
679 684
679 685
679 686
679 687
679 688
679 689
679 690
679 691
679 692
679 693
679 694
679 695
679 696
679 697
679 698
679 699
679 700
679 701
679 702
679 703
679 704
679 705
679 706
679 707
679 708
679 709
679 710
679 711
679 712
679 713
679 714
679 715
679 716
679 717
679 718
679 719
679 720
679 721
680 681
680 682
680 683
680 684
680 685
680 686
680 687
680 688
680 689
680 690
680 691
680 692
680 693
680 694
680 695
680 696
680 697
680 698
680 699
680 700
680 701
680 702
680 703
680 704
680 705
680 706
680 707
680 708
680 709
680 710
680 711
680 712
680 713
680 714
680 715
680 716
680 717
680 718
680 719
680 720
680 721
681 682
681 683
681 684
681 685
681 686
681 687
681 688
681 689
681 690
681 691
681 692
681 693
681 694
681 695
681 696
681 697
681 698
681 699
681 700
681 701
681 702
681 703
681 704
681 705
681 706
681 707
681 708
681 709
681 710
681 711
681 712
681 713
681 714
681 715
681 716
681 717
681 718
681 719
681 720
681 721
682 683
682 684
682 685
682 686
682 687
682 688
682 689
682 690
682 691
682 692
682 693
682 694
682 695
682 696
682 697
682 698
682 699
682 700
682 701
682 702
682 703
682 704
682 705
682 706
682 707
682 708
682 709
682 710
682 711
682 712
682 713
682 714
682 715
682 716
682 717
682 718
682 719
682 720
682 721
683 684
683 685
683 686
683 687
683 688
683 689
683 690
683 691
683 692
683 693
683 694
683 695
683 696
683 697
683 698
683 699
683 700
683 701
683 702
683 703
683 704
683 705
683 706
683 707
683 708
683 709
683 710
683 711
683 712
683 713
683 714
683 715
683 716
683 717
683 718
683 719
683 720
683 721
684 685
684 686
684 687
684 688
684 689
684 690
684 691
684 692
684 693
684 694
684 695
684 696
684 697
684 698
684 699
684 700
684 701
684 702
684 703
684 704
684 705
684 706
684 707
684 708
684 709
684 710
684 711
684 712
684 713
684 714
684 715
684 716
684 717
684 718
684 719
684 720
684 721
685 686
685 687
685 688
685 689
685 690
685 691
685 692
685 693
685 694
685 695
685 696
685 697
685 698
685 699
685 700
685 701
685 702
685 703
685 704
685 705
685 706
685 707
685 708
685 709
685 710
685 711
685 712
685 713
685 714
685 715
685 716
685 717
685 718
685 719
685 720
685 721
686 687
686 688
686 689
686 690
686 691
686 692
686 693
686 694
686 695
686 696
686 697
686 698
686 699
686 700
686 701
686 702
686 703
686 704
686 705
686 706
686 707
686 708
686 709
686 710
686 711
686 712
686 713
686 714
686 715
686 716
686 717
686 718
686 719
686 720
686 721
687 688
687 689
687 690
687 691
687 692
687 693
687 694
687 695
687 696
687 697
687 698
687 699
687 700
687 701
687 702
687 703
687 704
687 705
687 706
687 707
687 708
687 709
687 710
687 711
687 712
687 713
687 714
687 715
687 716
687 717
687 718
687 719
687 720
687 721
688 689
688 690
688 691
688 692
688 693
688 694
688 695
688 696
688 697
688 698
688 699
688 700
688 701
688 702
688 703
688 704
688 705
688 706
688 707
688 708
688 709
688 710
688 711
688 712
688 713
688 714
688 715
688 716
688 717
688 718
688 719
688 720
688 721
689 690
689 691
689 692
689 693
689 694
689 695
689 696
689 697
689 698
689 699
689 700
689 701
689 702
689 703
689 704
689 705
689 706
689 707
689 708
689 709
689 710
689 711
689 712
689 713
689 714
689 715
689 716
689 717
689 718
689 719
689 720
689 721
690 691
690 692
690 693
690 694
690 695
690 696
690 697
690 698
690 699
690 700
690 701
690 702
690 703
690 704
690 705
690 706
690 707
690 708
690 709
690 710
690 711
690 712
690 713
690 714
690 715
690 716
690 717
690 718
690 719
690 720
690 721
691 692
691 693
691 694
691 695
691 696
691 697
691 698
691 699
691 700
691 701
691 702
691 703
691 704
691 705
691 706
691 707
691 708
691 709
691 710
691 711
691 712
691 713
691 714
691 715
691 716
691 717
691 718
691 719
691 720
691 721
692 693
692 694
692 695
692 696
692 697
692 698
692 699
692 700
692 701
692 702
692 703
692 704
692 705
692 706
692 707
692 708
692 709
692 710
692 711
692 712
692 713
692 714
692 715
692 716
692 717
692 718
692 719
692 720
692 721
693 694
693 695
693 696
693 697
693 698
693 699
693 700
693 701
693 702
693 703
693 704
693 705
693 706
693 707
693 708
693 709
693 710
693 711
693 712
693 713
693 714
693 715
693 716
693 717
693 718
693 719
693 720
693 721
694 695
694 696
694 697
694 698
694 699
694 700
694 701
694 702
694 703
694 704
694 705
694 706
694 707
694 708
694 709
694 710
694 711
694 712
694 713
694 714
694 715
694 716
694 717
694 718
694 719
694 720
694 721
695 696
695 697
695 698
695 699
695 700
695 701
695 702
695 703
695 704
695 705
695 706
695 707
695 708
695 709
695 710
695 711
695 712
695 713
695 714
695 715
695 716
695 717
695 718
695 719
695 720
695 721
696 697
696 698
696 699
696 700
696 701
696 702
696 703
696 704
696 705
696 706
696 707
696 708
696 709
696 710
696 711
696 712
696 713
696 714
696 715
696 716
696 717
696 718
696 719
696 720
696 721
697 698
697 699
697 700
697 701
697 702
697 703
697 704
697 705
697 706
697 707
697 708
697 709
697 710
697 711
697 712
697 713
697 714
697 715
697 716
697 717
697 718
697 719
697 720
697 721
698 699
698 700
698 701
698 702
698 703
698 704
698 705
698 706
698 707
698 708
698 709
698 710
698 711
698 712
698 713
698 714
698 715
698 716
698 717
698 718
698 719
698 720
698 721
699 700
699 701
699 702
699 703
699 704
699 705
699 706
699 707
699 708
699 709
699 710
699 711
699 712
699 713
699 714
699 715
699 716
699 717
699 718
699 719
699 720
699 721
700 701
700 702
700 703
700 704
700 705
700 706
700 707
700 708
700 709
700 710
700 711
700 712
700 713
700 714
700 715
700 716
700 717
700 718
700 719
700 720
700 721
701 702
701 703
701 704
701 705
701 706
701 707
701 708
701 709
701 710
701 711
701 712
701 713
701 714
701 715
701 716
701 717
701 718
701 719
701 720
701 721
702 703
702 704
702 705
702 706
702 707
702 708
702 709
702 710
702 711
702 712
702 713
702 714
702 715
702 716
702 717
702 718
702 719
702 720
702 721
703 704
703 705
703 706
703 707
703 708
703 709
703 710
703 711
703 712
703 713
703 714
703 715
703 716
703 717
703 718
703 719
703 720
703 721
704 705
704 706
704 707
704 708
704 709
704 710
704 711
704 712
704 713
704 714
704 715
704 716
704 717
704 718
704 719
704 720
704 721
705 706
705 707
705 708
705 709
705 710
705 711
705 712
705 713
705 714
705 715
705 716
705 717
705 718
705 719
705 720
705 721
706 707
706 708
706 709
706 710
706 711
706 712
706 713
706 714
706 715
706 716
706 717
706 718
706 719
706 720
706 721
707 708
707 709
707 710
707 711
707 712
707 713
707 714
707 715
707 716
707 717
707 718
707 719
707 720
707 721
708 709
708 710
708 711
708 712
708 713
708 714
708 715
708 716
708 717
708 718
708 719
708 720
708 721
709 710
709 711
709 712
709 713
709 714
709 715
709 716
709 717
709 718
709 719
709 720
709 721
710 711
710 712
710 713
710 714
710 715
710 716
710 717
710 718
710 719
710 720
710 721
711 712
711 713
711 714
711 715
711 716
711 717
711 718
711 719
711 720
711 721
712 713
712 714
712 715
712 716
712 717
712 718
712 719
712 720
712 721
713 714
713 715
713 716
713 717
713 718
713 719
713 720
713 721
714 715
714 716
714 717
714 718
714 719
714 720
714 721
715 716
715 717
715 718
715 719
715 720
715 721
716 717
716 718
716 719
716 720
716 721
717 718
717 719
717 720
717 721
718 719
718 720
718 721
719 720
719 721
720 721
73 459
73 633
73 657
73 722
73 723
73 724
73 725
73 726
73 727
73 728
73 729
73 730
73 731
73 732
73 733
73 734
73 735
73 736
73 737
73 738
73 739
73 740
73 741
73 742
73 743
73 744
73 745
73 746
73 747
73 748
73 749
73 750
73 751
73 752
73 753
73 754
73 755
73 756
73 757
73 758
73 759
73 760
73 761
73 762
73 763
73 764
73 765
73 766
73 767
73 768
459 633
459 657
459 722
459 723
459 724
459 725
459 726
459 727
459 728
459 729
459 730
459 731
459 732
459 733
459 734
459 735
459 736
459 737
459 738
459 739
459 740
459 741
459 742
459 743
459 744
459 745
459 746
459 747
459 748
459 749
459 750
459 751
459 752
459 753
459 754
459 755
459 756
459 757
459 758
459 759
459 760
459 761
459 762
459 763
459 764
459 765
459 766
459 767
459 768
633 657
633 722
633 723
633 724
633 725
633 726
633 727
633 728
633 729
633 730
633 731
633 732
633 733
633 734
633 735
633 736
633 737
633 738
633 739
633 740
633 741
633 742
633 743
633 744
633 745
633 746
633 747
633 748
633 749
633 750
633 751
633 752
633 753
633 754
633 755
633 756
633 757
633 758
633 759
633 760
633 761
633 762
633 763
633 764
633 765
633 766
633 767
633 768
657 722
657 723
657 724
657 725
657 726
657 727
657 728
657 729
657 730
657 731
657 732
657 733
657 734
657 735
657 736
657 737
657 738
657 739
657 740
657 741
657 742
657 743
657 744
657 745
657 746
657 747
657 748
657 749
657 750
657 751
657 752
657 753
657 754
657 755
657 756
657 757
657 758
657 759
657 760
657 761
657 762
657 763
657 764
657 765
657 766
657 767
657 768
722 723
722 724
722 725
722 726
722 727
722 728
722 729
722 730
722 731
722 732
722 733
722 734
722 735
722 736
722 737
722 738
722 739
722 740
722 741
722 742
722 743
722 744
722 745
722 746
722 747
722 748
722 749
722 750
722 751
722 752
722 753
722 754
722 755
722 756
722 757
722 758
722 759
722 760
722 761
722 762
722 763
722 764
722 765
722 766
722 767
722 768
723 724
723 725
723 726
723 727
723 728
723 729
723 730
723 731
723 732
723 733
723 734
723 735
723 736
723 737
723 738
723 739
723 740
723 741
723 742
723 743
723 744
723 745
723 746
723 747
723 748
723 749
723 750
723 751
723 752
723 753
723 754
723 755
723 756
723 757
723 758
723 759
723 760
723 761
723 762
723 763
723 764
723 765
723 766
723 767
723 768
724 725
724 726
724 727
724 728
724 729
724 730
724 731
724 732
724 733
724 734
724 735
724 736
724 737
724 738
724 739
724 740
724 741
724 742
724 743
724 744
724 745
724 746
724 747
724 748
724 749
724 750
724 751
724 752
724 753
724 754
724 755
724 756
724 757
724 758
724 759
724 760
724 761
724 762
724 763
724 764
724 765
724 766
724 767
724 768
725 726
725 727
725 728
725 729
725 730
725 731
725 732
725 733
725 734
725 735
725 736
725 737
725 738
725 739
725 740
725 741
725 742
725 743
725 744
725 745
725 746
725 747
725 748
725 749
725 750
725 751
725 752
725 753
725 754
725 755
725 756
725 757
725 758
725 759
725 760
725 761
725 762
725 763
725 764
725 765
725 766
725 767
725 768
726 727
726 728
726 729
726 730
726 731
726 732
726 733
726 734
726 735
726 736
726 737
726 738
726 739
726 740
726 741
726 742
726 743
726 744
726 745
726 746
726 747
726 748
726 749
726 750
726 751
726 752
726 753
726 754
726 755
726 756
726 757
726 758
726 759
726 760
726 761
726 762
726 763
726 764
726 765
726 766
726 767
726 768
727 728
727 729
727 730
727 731
727 732
727 733
727 734
727 735
727 736
727 737
727 738
727 739
727 740
727 741
727 742
727 743
727 744
727 745
727 746
727 747
727 748
727 749
727 750
727 751
727 752
727 753
727 754
727 755
727 756
727 757
727 758
727 759
727 760
727 761
727 762
727 763
727 764
727 765
727 766
727 767
727 768
728 729
728 730
728 731
728 732
728 733
728 734
728 735
728 736
728 737
728 738
728 739
728 740
728 741
728 742
728 743
728 744
728 745
728 746
728 747
728 748
728 749
728 750
728 751
728 752
728 753
728 754
728 755
728 756
728 757
728 758
728 759
728 760
728 761
728 762
728 763
728 764
728 765
728 766
728 767
728 768
729 730
729 731
729 732
729 733
729 734
729 735
729 736
729 737
729 738
729 739
729 740
729 741
729 742
729 743
729 744
729 745
729 746
729 747
729 748
729 749
729 750
729 751
729 752
729 753
729 754
729 755
729 756
729 757
729 758
729 759
729 760
729 761
729 762
729 763
729 764
729 765
729 766
729 767
729 768
730 731
730 732
730 733
730 734
730 735
730 736
730 737
730 738
730 739
730 740
730 741
730 742
730 743
730 744
730 745
730 746
730 747
730 748
730 749
730 750
730 751
730 752
730 753
730 754
730 755
730 756
730 757
730 758
730 759
730 760
730 761
730 762
730 763
730 764
730 765
730 766
730 767
730 768
731 732
731 733
731 734
731 735
731 736
731 737
731 738
731 739
731 740
731 741
731 742
731 743
731 744
731 745
731 746
731 747
731 748
731 749
731 750
731 751
731 752
731 753
731 754
731 755
731 756
731 757
731 758
731 759
731 760
731 761
731 762
731 763
731 764
731 765
731 766
731 767
731 768
732 733
732 734
732 735
732 736
732 737
732 738
732 739
732 740
732 741
732 742
732 743
732 744
732 745
732 746
732 747
732 748
732 749
732 750
732 751
732 752
732 753
732 754
732 755
732 756
732 757
732 758
732 759
732 760
732 761
732 762
732 763
732 764
732 765
732 766
732 767
732 768
733 734
733 735
733 736
733 737
733 738
733 739
733 740
733 741
733 742
733 743
733 744
733 745
733 746
733 747
733 748
733 749
733 750
733 751
733 752
733 753
733 754
733 755
733 756
733 757
733 758
733 759
733 760
733 761
733 762
733 763
733 764
733 765
733 766
733 767
733 768
734 735
734 736
734 737
734 738
734 739
734 740
734 741
734 742
734 743
734 744
734 745
734 746
734 747
734 748
734 749
734 750
734 751
734 752
734 753
734 754
734 755
734 756
734 757
734 758
734 759
734 760
734 761
734 762
734 763
734 764
734 765
734 766
734 767
734 768
735 736
735 737
735 738
735 739
735 740
735 741
735 742
735 743
735 744
735 745
735 746
735 747
735 748
735 749
735 750
735 751
735 752
735 753
735 754
735 755
735 756
735 757
735 758
735 759
735 760
735 761
735 762
735 763
735 764
735 765
735 766
735 767
735 768
736 737
736 738
736 739
736 740
736 741
736 742
736 743
736 744
736 745
736 746
736 747
736 748
736 749
736 750
736 751
736 752
736 753
736 754
736 755
736 756
736 757
736 758
736 759
736 760
736 761
736 762
736 763
736 764
736 765
736 766
736 767
736 768
737 738
737 739
737 740
737 741
737 742
737 743
737 744
737 745
737 746
737 747
737 748
737 749
737 750
737 751
737 752
737 753
737 754
737 755
737 756
737 757
737 758
737 759
737 760
737 761
737 762
737 763
737 764
737 765
737 766
737 767
737 768
738 739
738 740
738 741
738 742
738 743
738 744
738 745
738 746
738 747
738 748
738 749
738 750
738 751
738 752
738 753
738 754
738 755
738 756
738 757
738 758
738 759
738 760
738 761
738 762
738 763
738 764
738 765
738 766
738 767
738 768
739 740
739 741
739 742
739 743
739 744
739 745
739 746
739 747
739 748
739 749
739 750
739 751
739 752
739 753
739 754
739 755
739 756
739 757
739 758
739 759
739 760
739 761
739 762
739 763
739 764
739 765
739 766
739 767
739 768
740 741
740 742
740 743
740 744
740 745
740 746
740 747
740 748
740 749
740 750
740 751
740 752
740 753
740 754
740 755
740 756
740 757
740 758
740 759
740 760
740 761
740 762
740 763
740 764
740 765
740 766
740 767
740 768
741 742
741 743
741 744
741 745
741 746
741 747
741 748
741 749
741 750
741 751
741 752
741 753
741 754
741 755
741 756
741 757
741 758
741 759
741 760
741 761
741 762
741 763
741 764
741 765
741 766
741 767
741 768
742 743
742 744
742 745
742 746
742 747
742 748
742 749
742 750
742 751
742 752
742 753
742 754
742 755
742 756
742 757
742 758
742 759
742 760
742 761
742 762
742 763
742 764
742 765
742 766
742 767
742 768
743 744
743 745
743 746
743 747
743 748
743 749
743 750
743 751
743 752
743 753
743 754
743 755
743 756
743 757
743 758
743 759
743 760
743 761
743 762
743 763
743 764
743 765
743 766
743 767
743 768
744 745
744 746
744 747
744 748
744 749
744 750
744 751
744 752
744 753
744 754
744 755
744 756
744 757
744 758
744 759
744 760
744 761
744 762
744 763
744 764
744 765
744 766
744 767
744 768
745 746
745 747
745 748
745 749
745 750
745 751
745 752
745 753
745 754
745 755
745 756
745 757
745 758
745 759
745 760
745 761
745 762
745 763
745 764
745 765
745 766
745 767
745 768
746 747
746 748
746 749
746 750
746 751
746 752
746 753
746 754
746 755
746 756
746 757
746 758
746 759
746 760
746 761
746 762
746 763
746 764
746 765
746 766
746 767
746 768
747 748
747 749
747 750
747 751
747 752
747 753
747 754
747 755
747 756
747 757
747 758
747 759
747 760
747 761
747 762
747 763
747 764
747 765
747 766
747 767
747 768
748 749
748 750
748 751
748 752
748 753
748 754
748 755
748 756
748 757
748 758
748 759
748 760
748 761
748 762
748 763
748 764
748 765
748 766
748 767
748 768
749 750
749 751
749 752
749 753
749 754
749 755
749 756
749 757
749 758
749 759
749 760
749 761
749 762
749 763
749 764
749 765
749 766
749 767
749 768
750 751
750 752
750 753
750 754
750 755
750 756
750 757
750 758
750 759
750 760
750 761
750 762
750 763
750 764
750 765
750 766
750 767
750 768
751 752
751 753
751 754
751 755
751 756
751 757
751 758
751 759
751 760
751 761
751 762
751 763
751 764
751 765
751 766
751 767
751 768
752 753
752 754
752 755
752 756
752 757
752 758
752 759
752 760
752 761
752 762
752 763
752 764
752 765
752 766
752 767
752 768
753 754
753 755
753 756
753 757
753 758
753 759
753 760
753 761
753 762
753 763
753 764
753 765
753 766
753 767
753 768
754 755
754 756
754 757
754 758
754 759
754 760
754 761
754 762
754 763
754 764
754 765
754 766
754 767
754 768
755 756
755 757
755 758
755 759
755 760
755 761
755 762
755 763
755 764
755 765
755 766
755 767
755 768
756 757
756 758
756 759
756 760
756 761
756 762
756 763
756 764
756 765
756 766
756 767
756 768
757 758
757 759
757 760
757 761
757 762
757 763
757 764
757 765
757 766
757 767
757 768
758 759
758 760
758 761
758 762
758 763
758 764
758 765
758 766
758 767
758 768
759 760
759 761
759 762
759 763
759 764
759 765
759 766
759 767
759 768
760 761
760 762
760 763
760 764
760 765
760 766
760 767
760 768
761 762
761 763
761 764
761 765
761 766
761 767
761 768
762 763
762 764
762 765
762 766
762 767
762 768
763 764
763 765
763 766
763 767
763 768
764 765
764 766
764 767
764 768
765 766
765 767
765 768
766 767
766 768
767 768
74 393
74 460
74 634
74 769
74 770
74 771
74 772
74 773
74 774
393 460
393 634
393 769
393 770
393 771
393 772
393 773
393 774
460 634
460 769
460 770
460 771
460 772
460 773
460 774
634 769
634 770
634 771
634 772
634 773
634 774
769 770
769 771
769 772
769 773
769 774
770 771
770 772
770 773
770 774
771 772
771 773
771 774
772 773
772 774
773 774
75 461
75 743
75 775
75 776
75 777
75 778
75 779
75 780
75 781
75 782
75 783
75 784
75 785
75 786
75 787
75 788
75 789
461 743
461 775
461 776
461 777
461 778
461 779
461 780
461 781
461 782
461 783
461 784
461 785
461 786
461 787
461 788
461 789
743 775
743 776
743 777
743 778
743 779
743 780
743 781
743 782
743 783
743 784
743 785
743 786
743 787
743 788
743 789
775 776
775 777
775 778
775 779
775 780
775 781
775 782
775 783
775 784
775 785
775 786
775 787
775 788
775 789
776 777
776 778
776 779
776 780
776 781
776 782
776 783
776 784
776 785
776 786
776 787
776 788
776 789
777 778
777 779
777 780
777 781
777 782
777 783
777 784
777 785
777 786
777 787
777 788
777 789
778 779
778 780
778 781
778 782
778 783
778 784
778 785
778 786
778 787
778 788
778 789
779 780
779 781
779 782
779 783
779 784
779 785
779 786
779 787
779 788
779 789
780 781
780 782
780 783
780 784
780 785
780 786
780 787
780 788
780 789
781 782
781 783
781 784
781 785
781 786
781 787
781 788
781 789
782 783
782 784
782 785
782 786
782 787
782 788
782 789
783 784
783 785
783 786
783 787
783 788
783 789
784 785
784 786
784 787
784 788
784 789
785 786
785 787
785 788
785 789
786 787
786 788
786 789
787 788
787 789
788 789
76 206
76 246
76 462
76 582
76 635
76 744
76 790
76 791
76 792
76 793
76 794
76 795
76 796
76 797
76 798
76 799
76 800
76 801
76 802
76 803
76 804
76 805
76 806
76 807
76 808
76 809
76 810
76 811
76 812
76 813
206 246
206 462
206 582
206 635
206 744
206 790
206 791
206 792
206 793
206 794
206 795
206 796
206 797
206 798
206 799
206 800
206 801
206 802
206 803
206 804
206 805
206 806
206 807
206 808
206 809
206 810
206 811
206 812
206 813
246 462
246 582
246 635
246 744
246 790
246 791
246 792
246 793
246 794
246 795
246 796
246 797
246 798
246 799
246 800
246 801
246 802
246 803
246 804
246 805
246 806
246 807
246 808
246 809
246 810
246 811
246 812
246 813
462 582
462 635
462 744
462 790
462 791
462 792
462 793
462 794
462 795
462 796
462 797
462 798
462 799
462 800
462 801
462 802
462 803
462 804
462 805
462 806
462 807
462 808
462 809
462 810
462 811
462 812
462 813
582 635
582 744
582 790
582 791
582 792
582 793
582 794
582 795
582 796
582 797
582 798
582 799
582 800
582 801
582 802
582 803
582 804
582 805
582 806
582 807
582 808
582 809
582 810
582 811
582 812
582 813
635 744
635 790
635 791
635 792
635 793
635 794
635 795
635 796
635 797
635 798
635 799
635 800
635 801
635 802
635 803
635 804
635 805
635 806
635 807
635 808
635 809
635 810
635 811
635 812
635 813
744 790
744 791
744 792
744 793
744 794
744 795
744 796
744 797
744 798
744 799
744 800
744 801
744 802
744 803
744 804
744 805
744 806
744 807
744 808
744 809
744 810
744 811
744 812
744 813
790 791
790 792
790 793
790 794
790 795
790 796
790 797
790 798
790 799
790 800
790 801
790 802
790 803
790 804
790 805
790 806
790 807
790 808
790 809
790 810
790 811
790 812
790 813
791 792
791 793
791 794
791 795
791 796
791 797
791 798
791 799
791 800
791 801
791 802
791 803
791 804
791 805
791 806
791 807
791 808
791 809
791 810
791 811
791 812
791 813
792 793
792 794
792 795
792 796
792 797
792 798
792 799
792 800
792 801
792 802
792 803
792 804
792 805
792 806
792 807
792 808
792 809
792 810
792 811
792 812
792 813
793 794
793 795
793 796
793 797
793 798
793 799
793 800
793 801
793 802
793 803
793 804
793 805
793 806
793 807
793 808
793 809
793 810
793 811
793 812
793 813
794 795
794 796
794 797
794 798
794 799
794 800
794 801
794 802
794 803
794 804
794 805
794 806
794 807
794 808
794 809
794 810
794 811
794 812
794 813
795 796
795 797
795 798
795 799
795 800
795 801
795 802
795 803
795 804
795 805
795 806
795 807
795 808
795 809
795 810
795 811
795 812
795 813
796 797
796 798
796 799
796 800
796 801
796 802
796 803
796 804
796 805
796 806
796 807
796 808
796 809
796 810
796 811
796 812
796 813
797 798
797 799
797 800
797 801
797 802
797 803
797 804
797 805
797 806
797 807
797 808
797 809
797 810
797 811
797 812
797 813
798 799
798 800
798 801
798 802
798 803
798 804
798 805
798 806
798 807
798 808
798 809
798 810
798 811
798 812
798 813
799 800
799 801
799 802
799 803
799 804
799 805
799 806
799 807
799 808
799 809
799 810
799 811
799 812
799 813
800 801
800 802
800 803
800 804
800 805
800 806
800 807
800 808
800 809
800 810
800 811
800 812
800 813
801 802
801 803
801 804
801 805
801 806
801 807
801 808
801 809
801 810
801 811
801 812
801 813
802 803
802 804
802 805
802 806
802 807
802 808
802 809
802 810
802 811
802 812
802 813
803 804
803 805
803 806
803 807
803 808
803 809
803 810
803 811
803 812
803 813
804 805
804 806
804 807
804 808
804 809
804 810
804 811
804 812
804 813
805 806
805 807
805 808
805 809
805 810
805 811
805 812
805 813
806 807
806 808
806 809
806 810
806 811
806 812
806 813
807 808
807 809
807 810
807 811
807 812
807 813
808 809
808 810
808 811
808 812
808 813
809 810
809 811
809 812
809 813
810 811
810 812
810 813
811 812
811 813
812 813
77 90
77 405
77 463
77 636
77 658
77 684
77 771
77 814
77 815
77 816
77 817
77 818
77 819
77 820
77 821
77 822
77 823
77 824
77 825
77 826
77 827
77 828
77 829
77 830
77 831
77 832
77 833
77 834
77 835
77 836
77 837
77 838
77 839
77 840
77 841
90 405
90 463
90 636
90 658
90 684
90 771
90 814
90 815
90 816
90 817
90 818
90 819
90 820
90 821
90 822
90 823
90 824
90 825
90 826
90 827
90 828
90 829
90 830
90 831
90 832
90 833
90 834
90 835
90 836
90 837
90 838
90 839
90 840
90 841
405 463
405 636
405 658
405 684
405 771
405 814
405 815
405 816
405 817
405 818
405 819
405 820
405 821
405 822
405 823
405 824
405 825
405 826
405 827
405 828
405 829
405 830
405 831
405 832
405 833
405 834
405 835
405 836
405 837
405 838
405 839
405 840
405 841
463 636
463 658
463 684
463 771
463 814
463 815
463 816
463 817
463 818
463 819
463 820
463 821
463 822
463 823
463 824
463 825
463 826
463 827
463 828
463 829
463 830
463 831
463 832
463 833
463 834
463 835
463 836
463 837
463 838
463 839
463 840
463 841
636 658
636 684
636 771
636 814
636 815
636 816
636 817
636 818
636 819
636 820
636 821
636 822
636 823
636 824
636 825
636 826
636 827
636 828
636 829
636 830
636 831
636 832
636 833
636 834
636 835
636 836
636 837
636 838
636 839
636 840
636 841
658 684
658 771
658 814
658 815
658 816
658 817
658 818
658 819
658 820
658 821
658 822
658 823
658 824
658 825
658 826
658 827
658 828
658 829
658 830
658 831
658 832
658 833
658 834
658 835
658 836
658 837
658 838
658 839
658 840
658 841
684 771
684 814
684 815
684 816
684 817
684 818
684 819
684 820
684 821
684 822
684 823
684 824
684 825
684 826
684 827
684 828
684 829
684 830
684 831
684 832
684 833
684 834
684 835
684 836
684 837
684 838
684 839
684 840
684 841
771 814
771 815
771 816
771 817
771 818
771 819
771 820
771 821
771 822
771 823
771 824
771 825
771 826
771 827
771 828
771 829
771 830
771 831
771 832
771 833
771 834
771 835
771 836
771 837
771 838
771 839
771 840
771 841
814 815
814 816
814 817
814 818
814 819
814 820
814 821
814 822
814 823
814 824
814 825
814 826
814 827
814 828
814 829
814 830
814 831
814 832
814 833
814 834
814 835
814 836
814 837
814 838
814 839
814 840
814 841
815 816
815 817
815 818
815 819
815 820
815 821
815 822
815 823
815 824
815 825
815 826
815 827
815 828
815 829
815 830
815 831
815 832
815 833
815 834
815 835
815 836
815 837
815 838
815 839
815 840
815 841
816 817
816 818
816 819
816 820
816 821
816 822
816 823
816 824
816 825
816 826
816 827
816 828
816 829
816 830
816 831
816 832
816 833
816 834
816 835
816 836
816 837
816 838
816 839
816 840
816 841
817 818
817 819
817 820
817 821
817 822
817 823
817 824
817 825
817 826
817 827
817 828
817 829
817 830
817 831
817 832
817 833
817 834
817 835
817 836
817 837
817 838
817 839
817 840
817 841
818 819
818 820
818 821
818 822
818 823
818 824
818 825
818 826
818 827
818 828
818 829
818 830
818 831
818 832
818 833
818 834
818 835
818 836
818 837
818 838
818 839
818 840
818 841
819 820
819 821
819 822
819 823
819 824
819 825
819 826
819 827
819 828
819 829
819 830
819 831
819 832
819 833
819 834
819 835
819 836
819 837
819 838
819 839
819 840
819 841
820 821
820 822
820 823
820 824
820 825
820 826
820 827
820 828
820 829
820 830
820 831
820 832
820 833
820 834
820 835
820 836
820 837
820 838
820 839
820 840
820 841
821 822
821 823
821 824
821 825
821 826
821 827
821 828
821 829
821 830
821 831
821 832
821 833
821 834
821 835
821 836
821 837
821 838
821 839
821 840
821 841
822 823
822 824
822 825
822 826
822 827
822 828
822 829
822 830
822 831
822 832
822 833
822 834
822 835
822 836
822 837
822 838
822 839
822 840
822 841
823 824
823 825
823 826
823 827
823 828
823 829
823 830
823 831
823 832
823 833
823 834
823 835
823 836
823 837
823 838
823 839
823 840
823 841
824 825
824 826
824 827
824 828
824 829
824 830
824 831
824 832
824 833
824 834
824 835
824 836
824 837
824 838
824 839
824 840
824 841
825 826
825 827
825 828
825 829
825 830
825 831
825 832
825 833
825 834
825 835
825 836
825 837
825 838
825 839
825 840
825 841
826 827
826 828
826 829
826 830
826 831
826 832
826 833
826 834
826 835
826 836
826 837
826 838
826 839
826 840
826 841
827 828
827 829
827 830
827 831
827 832
827 833
827 834
827 835
827 836
827 837
827 838
827 839
827 840
827 841
828 829
828 830
828 831
828 832
828 833
828 834
828 835
828 836
828 837
828 838
828 839
828 840
828 841
829 830
829 831
829 832
829 833
829 834
829 835
829 836
829 837
829 838
829 839
829 840
829 841
830 831
830 832
830 833
830 834
830 835
830 836
830 837
830 838
830 839
830 840
830 841
831 832
831 833
831 834
831 835
831 836
831 837
831 838
831 839
831 840
831 841
832 833
832 834
832 835
832 836
832 837
832 838
832 839
832 840
832 841
833 834
833 835
833 836
833 837
833 838
833 839
833 840
833 841
834 835
834 836
834 837
834 838
834 839
834 840
834 841
835 836
835 837
835 838
835 839
835 840
835 841
836 837
836 838
836 839
836 840
836 841
837 838
837 839
837 840
837 841
838 839
838 840
838 841
839 840
839 841
840 841
78 406
78 659
78 685
78 842
78 843
78 844
406 659
406 685
406 842
406 843
406 844
659 685
659 842
659 843
659 844
685 842
685 843
685 844
842 843
842 844
843 844
79 686
79 823
79 845
79 846
79 847
79 848
686 823
686 845
686 846
686 847
686 848
823 845
823 846
823 847
823 848
845 846
845 847
845 848
846 847
846 848
847 848
80 563
80 660
80 849
80 850
80 851
80 852
80 853
80 854
80 855
80 856
80 857
80 858
80 859
80 860
80 861
80 862
80 863
80 864
80 865
80 866
80 867
80 868
80 869
80 870
80 871
80 872
80 873
80 874
80 875
80 876
80 877
80 878
80 879
80 880
80 881
80 882
80 883
80 884
80 885
563 660
563 849
563 850
563 851
563 852
563 853
563 854
563 855
563 856
563 857
563 858
563 859
563 860
563 861
563 862
563 863
563 864
563 865
563 866
563 867
563 868
563 869
563 870
563 871
563 872
563 873
563 874
563 875
563 876
563 877
563 878
563 879
563 880
563 881
563 882
563 883
563 884
563 885
660 849
660 850
660 851
660 852
660 853
660 854
660 855
660 856
660 857
660 858
660 859
660 860
660 861
660 862
660 863
660 864
660 865
660 866
660 867
660 868
660 869
660 870
660 871
660 872
660 873
660 874
660 875
660 876
660 877
660 878
660 879
660 880
660 881
660 882
660 883
660 884
660 885
849 850
849 851
849 852
849 853
849 854
849 855
849 856
849 857
849 858
849 859
849 860
849 861
849 862
849 863
849 864
849 865
849 866
849 867
849 868
849 869
849 870
849 871
849 872
849 873
849 874
849 875
849 876
849 877
849 878
849 879
849 880
849 881
849 882
849 883
849 884
849 885
850 851
850 852
850 853
850 854
850 855
850 856
850 857
850 858
850 859
850 860
850 861
850 862
850 863
850 864
850 865
850 866
850 867
850 868
850 869
850 870
850 871
850 872
850 873
850 874
850 875
850 876
850 877
850 878
850 879
850 880
850 881
850 882
850 883
850 884
850 885
851 852
851 853
851 854
851 855
851 856
851 857
851 858
851 859
851 860
851 861
851 862
851 863
851 864
851 865
851 866
851 867
851 868
851 869
851 870
851 871
851 872
851 873
851 874
851 875
851 876
851 877
851 878
851 879
851 880
851 881
851 882
851 883
851 884
851 885
852 853
852 854
852 855
852 856
852 857
852 858
852 859
852 860
852 861
852 862
852 863
852 864
852 865
852 866
852 867
852 868
852 869
852 870
852 871
852 872
852 873
852 874
852 875
852 876
852 877
852 878
852 879
852 880
852 881
852 882
852 883
852 884
852 885
853 854
853 855
853 856
853 857
853 858
853 859
853 860
853 861
853 862
853 863
853 864
853 865
853 866
853 867
853 868
853 869
853 870
853 871
853 872
853 873
853 874
853 875
853 876
853 877
853 878
853 879
853 880
853 881
853 882
853 883
853 884
853 885
854 855
854 856
854 857
854 858
854 859
854 860
854 861
854 862
854 863
854 864
854 865
854 866
854 867
854 868
854 869
854 870
854 871
854 872
854 873
854 874
854 875
854 876
854 877
854 878
854 879
854 880
854 881
854 882
854 883
854 884
854 885
855 856
855 857
855 858
855 859
855 860
855 861
855 862
855 863
855 864
855 865
855 866
855 867
855 868
855 869
855 870
855 871
855 872
855 873
855 874
855 875
855 876
855 877
855 878
855 879
855 880
855 881
855 882
855 883
855 884
855 885
856 857
856 858
856 859
856 860
856 861
856 862
856 863
856 864
856 865
856 866
856 867
856 868
856 869
856 870
856 871
856 872
856 873
856 874
856 875
856 876
856 877
856 878
856 879
856 880
856 881
856 882
856 883
856 884
856 885
857 858
857 859
857 860
857 861
857 862
857 863
857 864
857 865
857 866
857 867
857 868
857 869
857 870
857 871
857 872
857 873
857 874
857 875
857 876
857 877
857 878
857 879
857 880
857 881
857 882
857 883
857 884
857 885
858 859
858 860
858 861
858 862
858 863
858 864
858 865
858 866
858 867
858 868
858 869
858 870
858 871
858 872
858 873
858 874
858 875
858 876
858 877
858 878
858 879
858 880
858 881
858 882
858 883
858 884
858 885
859 860
859 861
859 862
859 863
859 864
859 865
859 866
859 867
859 868
859 869
859 870
859 871
859 872
859 873
859 874
859 875
859 876
859 877
859 878
859 879
859 880
859 881
859 882
859 883
859 884
859 885
860 861
860 862
860 863
860 864
860 865
860 866
860 867
860 868
860 869
860 870
860 871
860 872
860 873
860 874
860 875
860 876
860 877
860 878
860 879
860 880
860 881
860 882
860 883
860 884
860 885
861 862
861 863
861 864
861 865
861 866
861 867
861 868
861 869
861 870
861 871
861 872
861 873
861 874
861 875
861 876
861 877
861 878
861 879
861 880
861 881
861 882
861 883
861 884
861 885
862 863
862 864
862 865
862 866
862 867
862 868
862 869
862 870
862 871
862 872
862 873
862 874
862 875
862 876
862 877
862 878
862 879
862 880
862 881
862 882
862 883
862 884
862 885
863 864
863 865
863 866
863 867
863 868
863 869
863 870
863 871
863 872
863 873
863 874
863 875
863 876
863 877
863 878
863 879
863 880
863 881
863 882
863 883
863 884
863 885
864 865
864 866
864 867
864 868
864 869
864 870
864 871
864 872
864 873
864 874
864 875
864 876
864 877
864 878
864 879
864 880
864 881
864 882
864 883
864 884
864 885
865 866
865 867
865 868
865 869
865 870
865 871
865 872
865 873
865 874
865 875
865 876
865 877
865 878
865 879
865 880
865 881
865 882
865 883
865 884
865 885
866 867
866 868
866 869
866 870
866 871
866 872
866 873
866 874
866 875
866 876
866 877
866 878
866 879
866 880
866 881
866 882
866 883
866 884
866 885
867 868
867 869
867 870
867 871
867 872
867 873
867 874
867 875
867 876
867 877
867 878
867 879
867 880
867 881
867 882
867 883
867 884
867 885
868 869
868 870
868 871
868 872
868 873
868 874
868 875
868 876
868 877
868 878
868 879
868 880
868 881
868 882
868 883
868 884
868 885
869 870
869 871
869 872
869 873
869 874
869 875
869 876
869 877
869 878
869 879
869 880
869 881
869 882
869 883
869 884
869 885
870 871
870 872
870 873
870 874
870 875
870 876
870 877
870 878
870 879
870 880
870 881
870 882
870 883
870 884
870 885
871 872
871 873
871 874
871 875
871 876
871 877
871 878
871 879
871 880
871 881
871 882
871 883
871 884
871 885
872 873
872 874
872 875
872 876
872 877
872 878
872 879
872 880
872 881
872 882
872 883
872 884
872 885
873 874
873 875
873 876
873 877
873 878
873 879
873 880
873 881
873 882
873 883
873 884
873 885
874 875
874 876
874 877
874 878
874 879
874 880
874 881
874 882
874 883
874 884
874 885
875 876
875 877
875 878
875 879
875 880
875 881
875 882
875 883
875 884
875 885
876 877
876 878
876 879
876 880
876 881
876 882
876 883
876 884
876 885
877 878
877 879
877 880
877 881
877 882
877 883
877 884
877 885
878 879
878 880
878 881
878 882
878 883
878 884
878 885
879 880
879 881
879 882
879 883
879 884
879 885
880 881
880 882
880 883
880 884
880 885
881 882
881 883
881 884
881 885
882 883
882 884
882 885
883 884
883 885
884 885
81 383
81 407
81 465
81 637
81 687
81 746
81 803
81 886
81 887
81 888
81 889
81 890
81 891
81 892
81 893
81 894
81 895
81 896
81 897
81 898
81 899
81 900
81 901
81 902
81 903
383 407
383 465
383 637
383 687
383 746
383 803
383 886
383 887
383 888
383 889
383 890
383 891
383 892
383 893
383 894
383 895
383 896
383 897
383 898
383 899
383 900
383 901
383 902
383 903
407 465
407 637
407 687
407 746
407 803
407 886
407 887
407 888
407 889
407 890
407 891
407 892
407 893
407 894
407 895
407 896
407 897
407 898
407 899
407 900
407 901
407 902
407 903
465 637
465 687
465 746
465 803
465 886
465 887
465 888
465 889
465 890
465 891
465 892
465 893
465 894
465 895
465 896
465 897
465 898
465 899
465 900
465 901
465 902
465 903
637 687
637 746
637 803
637 886
637 887
637 888
637 889
637 890
637 891
637 892
637 893
637 894
637 895
637 896
637 897
637 898
637 899
637 900
637 901
637 902
637 903
687 746
687 803
687 886
687 887
687 888
687 889
687 890
687 891
687 892
687 893
687 894
687 895
687 896
687 897
687 898
687 899
687 900
687 901
687 902
687 903
746 803
746 886
746 887
746 888
746 889
746 890
746 891
746 892
746 893
746 894
746 895
746 896
746 897
746 898
746 899
746 900
746 901
746 902
746 903
803 886
803 887
803 888
803 889
803 890
803 891
803 892
803 893
803 894
803 895
803 896
803 897
803 898
803 899
803 900
803 901
803 902
803 903
886 887
886 888
886 889
886 890
886 891
886 892
886 893
886 894
886 895
886 896
886 897
886 898
886 899
886 900
886 901
886 902
886 903
887 888
887 889
887 890
887 891
887 892
887 893
887 894
887 895
887 896
887 897
887 898
887 899
887 900
887 901
887 902
887 903
888 889
888 890
888 891
888 892
888 893
888 894
888 895
888 896
888 897
888 898
888 899
888 900
888 901
888 902
888 903
889 890
889 891
889 892
889 893
889 894
889 895
889 896
889 897
889 898
889 899
889 900
889 901
889 902
889 903
890 891
890 892
890 893
890 894
890 895
890 896
890 897
890 898
890 899
890 900
890 901
890 902
890 903
891 892
891 893
891 894
891 895
891 896
891 897
891 898
891 899
891 900
891 901
891 902
891 903
892 893
892 894
892 895
892 896
892 897
892 898
892 899
892 900
892 901
892 902
892 903
893 894
893 895
893 896
893 897
893 898
893 899
893 900
893 901
893 902
893 903
894 895
894 896
894 897
894 898
894 899
894 900
894 901
894 902
894 903
895 896
895 897
895 898
895 899
895 900
895 901
895 902
895 903
896 897
896 898
896 899
896 900
896 901
896 902
896 903
897 898
897 899
897 900
897 901
897 902
897 903
898 899
898 900
898 901
898 902
898 903
899 900
899 901
899 902
899 903
900 901
900 902
900 903
901 902
901 903
902 903
82 614
82 688
82 904
82 905
82 906
82 907
82 908
82 909
82 910
82 911
82 912
82 913
82 914
82 915
82 916
82 917
82 918
82 919
82 920
82 921
82 922
614 688
614 904
614 905
614 906
614 907
614 908
614 909
614 910
614 911
614 912
614 913
614 914
614 915
614 916
614 917
614 918
614 919
614 920
614 921
614 922
688 904
688 905
688 906
688 907
688 908
688 909
688 910
688 911
688 912
688 913
688 914
688 915
688 916
688 917
688 918
688 919
688 920
688 921
688 922
904 905
904 906
904 907
904 908
904 909
904 910
904 911
904 912
904 913
904 914
904 915
904 916
904 917
904 918
904 919
904 920
904 921
904 922
905 906
905 907
905 908
905 909
905 910
905 911
905 912
905 913
905 914
905 915
905 916
905 917
905 918
905 919
905 920
905 921
905 922
906 907
906 908
906 909
906 910
906 911
906 912
906 913
906 914
906 915
906 916
906 917
906 918
906 919
906 920
906 921
906 922
907 908
907 909
907 910
907 911
907 912
907 913
907 914
907 915
907 916
907 917
907 918
907 919
907 920
907 921
907 922
908 909
908 910
908 911
908 912
908 913
908 914
908 915
908 916
908 917
908 918
908 919
908 920
908 921
908 922
909 910
909 911
909 912
909 913
909 914
909 915
909 916
909 917
909 918
909 919
909 920
909 921
909 922
910 911
910 912
910 913
910 914
910 915
910 916
910 917
910 918
910 919
910 920
910 921
910 922
911 912
911 913
911 914
911 915
911 916
911 917
911 918
911 919
911 920
911 921
911 922
912 913
912 914
912 915
912 916
912 917
912 918
912 919
912 920
912 921
912 922
913 914
913 915
913 916
913 917
913 918
913 919
913 920
913 921
913 922
914 915
914 916
914 917
914 918
914 919
914 920
914 921
914 922
915 916
915 917
915 918
915 919
915 920
915 921
915 922
916 917
916 918
916 919
916 920
916 921
916 922
917 918
917 919
917 920
917 921
917 922
918 919
918 920
918 921
918 922
919 920
919 921
919 922
920 921
920 922
921 922
83 638
83 778
83 824
83 888
83 923
83 924
83 925
83 926
83 927
83 928
83 929
83 930
83 931
83 932
83 933
83 934
83 935
83 936
83 937
83 938
83 939
83 940
83 941
83 942
83 943
83 944
83 945
83 946
83 947
83 948
83 949
83 950
83 951
83 952
83 953
83 954
83 955
638 778
638 824
638 888
638 923
638 924
638 925
638 926
638 927
638 928
638 929
638 930
638 931
638 932
638 933
638 934
638 935
638 936
638 937
638 938
638 939
638 940
638 941
638 942
638 943
638 944
638 945
638 946
638 947
638 948
638 949
638 950
638 951
638 952
638 953
638 954
638 955
778 824
778 888
778 923
778 924
778 925
778 926
778 927
778 928
778 929
778 930
778 931
778 932
778 933
778 934
778 935
778 936
778 937
778 938
778 939
778 940
778 941
778 942
778 943
778 944
778 945
778 946
778 947
778 948
778 949
778 950
778 951
778 952
778 953
778 954
778 955
824 888
824 923
824 924
824 925
824 926
824 927
824 928
824 929
824 930
824 931
824 932
824 933
824 934
824 935
824 936
824 937
824 938
824 939
824 940
824 941
824 942
824 943
824 944
824 945
824 946
824 947
824 948
824 949
824 950
824 951
824 952
824 953
824 954
824 955
888 923
888 924
888 925
888 926
888 927
888 928
888 929
888 930
888 931
888 932
888 933
888 934
888 935
888 936
888 937
888 938
888 939
888 940
888 941
888 942
888 943
888 944
888 945
888 946
888 947
888 948
888 949
888 950
888 951
888 952
888 953
888 954
888 955
923 924
923 925
923 926
923 927
923 928
923 929
923 930
923 931
923 932
923 933
923 934
923 935
923 936
923 937
923 938
923 939
923 940
923 941
923 942
923 943
923 944
923 945
923 946
923 947
923 948
923 949
923 950
923 951
923 952
923 953
923 954
923 955
924 925
924 926
924 927
924 928
924 929
924 930
924 931
924 932
924 933
924 934
924 935
924 936
924 937
924 938
924 939
924 940
924 941
924 942
924 943
924 944
924 945
924 946
924 947
924 948
924 949
924 950
924 951
924 952
924 953
924 954
924 955
925 926
925 927
925 928
925 929
925 930
925 931
925 932
925 933
925 934
925 935
925 936
925 937
925 938
925 939
925 940
925 941
925 942
925 943
925 944
925 945
925 946
925 947
925 948
925 949
925 950
925 951
925 952
925 953
925 954
925 955
926 927
926 928
926 929
926 930
926 931
926 932
926 933
926 934
926 935
926 936
926 937
926 938
926 939
926 940
926 941
926 942
926 943
926 944
926 945
926 946
926 947
926 948
926 949
926 950
926 951
926 952
926 953
926 954
926 955
927 928
927 929
927 930
927 931
927 932
927 933
927 934
927 935
927 936
927 937
927 938
927 939
927 940
927 941
927 942
927 943
927 944
927 945
927 946
927 947
927 948
927 949
927 950
927 951
927 952
927 953
927 954
927 955
928 929
928 930
928 931
928 932
928 933
928 934
928 935
928 936
928 937
928 938
928 939
928 940
928 941
928 942
928 943
928 944
928 945
928 946
928 947
928 948
928 949
928 950
928 951
928 952
928 953
928 954
928 955
929 930
929 931
929 932
929 933
929 934
929 935
929 936
929 937
929 938
929 939
929 940
929 941
929 942
929 943
929 944
929 945
929 946
929 947
929 948
929 949
929 950
929 951
929 952
929 953
929 954
929 955
930 931
930 932
930 933
930 934
930 935
930 936
930 937
930 938
930 939
930 940
930 941
930 942
930 943
930 944
930 945
930 946
930 947
930 948
930 949
930 950
930 951
930 952
930 953
930 954
930 955
931 932
931 933
931 934
931 935
931 936
931 937
931 938
931 939
931 940
931 941
931 942
931 943
931 944
931 945
931 946
931 947
931 948
931 949
931 950
931 951
931 952
931 953
931 954
931 955
932 933
932 934
932 935
932 936
932 937
932 938
932 939
932 940
932 941
932 942
932 943
932 944
932 945
932 946
932 947
932 948
932 949
932 950
932 951
932 952
932 953
932 954
932 955
933 934
933 935
933 936
933 937
933 938
933 939
933 940
933 941
933 942
933 943
933 944
933 945
933 946
933 947
933 948
933 949
933 950
933 951
933 952
933 953
933 954
933 955
934 935
934 936
934 937
934 938
934 939
934 940
934 941
934 942
934 943
934 944
934 945
934 946
934 947
934 948
934 949
934 950
934 951
934 952
934 953
934 954
934 955
935 936
935 937
935 938
935 939
935 940
935 941
935 942
935 943
935 944
935 945
935 946
935 947
935 948
935 949
935 950
935 951
935 952
935 953
935 954
935 955
936 937
936 938
936 939
936 940
936 941
936 942
936 943
936 944
936 945
936 946
936 947
936 948
936 949
936 950
936 951
936 952
936 953
936 954
936 955
937 938
937 939
937 940
937 941
937 942
937 943
937 944
937 945
937 946
937 947
937 948
937 949
937 950
937 951
937 952
937 953
937 954
937 955
938 939
938 940
938 941
938 942
938 943
938 944
938 945
938 946
938 947
938 948
938 949
938 950
938 951
938 952
938 953
938 954
938 955
939 940
939 941
939 942
939 943
939 944
939 945
939 946
939 947
939 948
939 949
939 950
939 951
939 952
939 953
939 954
939 955
940 941
940 942
940 943
940 944
940 945
940 946
940 947
940 948
940 949
940 950
940 951
940 952
940 953
940 954
940 955
941 942
941 943
941 944
941 945
941 946
941 947
941 948
941 949
941 950
941 951
941 952
941 953
941 954
941 955
942 943
942 944
942 945
942 946
942 947
942 948
942 949
942 950
942 951
942 952
942 953
942 954
942 955
943 944
943 945
943 946
943 947
943 948
943 949
943 950
943 951
943 952
943 953
943 954
943 955
944 945
944 946
944 947
944 948
944 949
944 950
944 951
944 952
944 953
944 954
944 955
945 946
945 947
945 948
945 949
945 950
945 951
945 952
945 953
945 954
945 955
946 947
946 948
946 949
946 950
946 951
946 952
946 953
946 954
946 955
947 948
947 949
947 950
947 951
947 952
947 953
947 954
947 955
948 949
948 950
948 951
948 952
948 953
948 954
948 955
949 950
949 951
949 952
949 953
949 954
949 955
950 951
950 952
950 953
950 954
950 955
951 952
951 953
951 954
951 955
952 953
952 954
952 955
953 954
953 955
954 955
84 956
85 408
85 467
85 583
85 661
85 689
85 805
85 857
85 907
85 957
85 958
85 959
85 960
85 961
85 962
85 963
85 964
85 965
85 966
85 967
85 968
85 969
85 970
85 971
85 972
85 973
85 974
85 975
85 976
85 977
85 978
85 979
408 467
408 583
408 661
408 689
408 805
408 857
408 907
408 957
408 958
408 959
408 960
408 961
408 962
408 963
408 964
408 965
408 966
408 967
408 968
408 969
408 970
408 971
408 972
408 973
408 974
408 975
408 976
408 977
408 978
408 979
467 583
467 661
467 689
467 805
467 857
467 907
467 957
467 958
467 959
467 960
467 961
467 962
467 963
467 964
467 965
467 966
467 967
467 968
467 969
467 970
467 971
467 972
467 973
467 974
467 975
467 976
467 977
467 978
467 979
583 661
583 689
583 805
583 857
583 907
583 957
583 958
583 959
583 960
583 961
583 962
583 963
583 964
583 965
583 966
583 967
583 968
583 969
583 970
583 971
583 972
583 973
583 974
583 975
583 976
583 977
583 978
583 979
661 689
661 805
661 857
661 907
661 957
661 958
661 959
661 960
661 961
661 962
661 963
661 964
661 965
661 966
661 967
661 968
661 969
661 970
661 971
661 972
661 973
661 974
661 975
661 976
661 977
661 978
661 979
689 805
689 857
689 907
689 957
689 958
689 959
689 960
689 961
689 962
689 963
689 964
689 965
689 966
689 967
689 968
689 969
689 970
689 971
689 972
689 973
689 974
689 975
689 976
689 977
689 978
689 979
805 857
805 907
805 957
805 958
805 959
805 960
805 961
805 962
805 963
805 964
805 965
805 966
805 967
805 968
805 969
805 970
805 971
805 972
805 973
805 974
805 975
805 976
805 977
805 978
805 979
857 907
857 957
857 958
857 959
857 960
857 961
857 962
857 963
857 964
857 965
857 966
857 967
857 968
857 969
857 970
857 971
857 972
857 973
857 974
857 975
857 976
857 977
857 978
857 979
907 957
907 958
907 959
907 960
907 961
907 962
907 963
907 964
907 965
907 966
907 967
907 968
907 969
907 970
907 971
907 972
907 973
907 974
907 975
907 976
907 977
907 978
907 979
957 958
957 959
957 960
957 961
957 962
957 963
957 964
957 965
957 966
957 967
957 968
957 969
957 970
957 971
957 972
957 973
957 974
957 975
957 976
957 977
957 978
957 979
958 959
958 960
958 961
958 962
958 963
958 964
958 965
958 966
958 967
958 968
958 969
958 970
958 971
958 972
958 973
958 974
958 975
958 976
958 977
958 978
958 979
959 960
959 961
959 962
959 963
959 964
959 965
959 966
959 967
959 968
959 969
959 970
959 971
959 972
959 973
959 974
959 975
959 976
959 977
959 978
959 979
960 961
960 962
960 963
960 964
960 965
960 966
960 967
960 968
960 969
960 970
960 971
960 972
960 973
960 974
960 975
960 976
960 977
960 978
960 979
961 962
961 963
961 964
961 965
961 966
961 967
961 968
961 969
961 970
961 971
961 972
961 973
961 974
961 975
961 976
961 977
961 978
961 979
962 963
962 964
962 965
962 966
962 967
962 968
962 969
962 970
962 971
962 972
962 973
962 974
962 975
962 976
962 977
962 978
962 979
963 964
963 965
963 966
963 967
963 968
963 969
963 970
963 971
963 972
963 973
963 974
963 975
963 976
963 977
963 978
963 979
964 965
964 966
964 967
964 968
964 969
964 970
964 971
964 972
964 973
964 974
964 975
964 976
964 977
964 978
964 979
965 966
965 967
965 968
965 969
965 970
965 971
965 972
965 973
965 974
965 975
965 976
965 977
965 978
965 979
966 967
966 968
966 969
966 970
966 971
966 972
966 973
966 974
966 975
966 976
966 977
966 978
966 979
967 968
967 969
967 970
967 971
967 972
967 973
967 974
967 975
967 976
967 977
967 978
967 979
968 969
968 970
968 971
968 972
968 973
968 974
968 975
968 976
968 977
968 978
968 979
969 970
969 971
969 972
969 973
969 974
969 975
969 976
969 977
969 978
969 979
970 971
970 972
970 973
970 974
970 975
970 976
970 977
970 978
970 979
971 972
971 973
971 974
971 975
971 976
971 977
971 978
971 979
972 973
972 974
972 975
972 976
972 977
972 978
972 979
973 974
973 975
973 976
973 977
973 978
973 979
974 975
974 976
974 977
974 978
974 979
975 976
975 977
975 978
975 979
976 977
976 978
976 979
977 978
977 979
978 979
86 409
86 610
86 662
86 867
86 980
86 981
86 982
86 983
86 984
86 985
86 986
86 987
86 988
86 989
409 610
409 662
409 867
409 980
409 981
409 982
409 983
409 984
409 985
409 986
409 987
409 988
409 989
610 662
610 867
610 980
610 981
610 982
610 983
610 984
610 985
610 986
610 987
610 988
610 989
662 867
662 980
662 981
662 982
662 983
662 984
662 985
662 986
662 987
662 988
662 989
867 980
867 981
867 982
867 983
867 984
867 985
867 986
867 987
867 988
867 989
980 981
980 982
980 983
980 984
980 985
980 986
980 987
980 988
980 989
981 982
981 983
981 984
981 985
981 986
981 987
981 988
981 989
982 983
982 984
982 985
982 986
982 987
982 988
982 989
983 984
983 985
983 986
983 987
983 988
983 989
984 985
984 986
984 987
984 988
984 989
985 986
985 987
985 988
985 989
986 987
986 988
986 989
987 988
987 989
988 989
87 305
87 663
87 884
87 908
87 986
87 990
87 991
87 992
87 993
87 994
87 995
87 996
87 997
87 998
87 999
87 1000
87 1001
87 1002
87 1003
87 1004
87 1005
87 1006
87 1007
87 1008
87 1009
87 1010
87 1011
87 1012
87 1013
87 1014
87 1015
87 1016
87 1017
87 1018
305 663
305 884
305 908
305 986
305 990
305 991
305 992
305 993
305 994
305 995
305 996
305 997
305 998
305 999
305 1000
305 1001
305 1002
305 1003
305 1004
305 1005
305 1006
305 1007
305 1008
305 1009
305 1010
305 1011
305 1012
305 1013
305 1014
305 1015
305 1016
305 1017
305 1018
663 884
663 908
663 986
663 990
663 991
663 992
663 993
663 994
663 995
663 996
663 997
663 998
663 999
663 1000
663 1001
663 1002
663 1003
663 1004
663 1005
663 1006
663 1007
663 1008
663 1009
663 1010
663 1011
663 1012
663 1013
663 1014
663 1015
663 1016
663 1017
663 1018
884 908
884 986
884 990
884 991
884 992
884 993
884 994
884 995
884 996
884 997
884 998
884 999
884 1000
884 1001
884 1002
884 1003
884 1004
884 1005
884 1006
884 1007
884 1008
884 1009
884 1010
884 1011
884 1012
884 1013
884 1014
884 1015
884 1016
884 1017
884 1018
908 986
908 990
908 991
908 992
908 993
908 994
908 995
908 996
908 997
908 998
908 999
908 1000
908 1001
908 1002
908 1003
908 1004
908 1005
908 1006
908 1007
908 1008
908 1009
908 1010
908 1011
908 1012
908 1013
908 1014
908 1015
908 1016
908 1017
908 1018
986 990
986 991
986 992
986 993
986 994
986 995
986 996
986 997
986 998
986 999
986 1000
986 1001
986 1002
986 1003
986 1004
986 1005
986 1006
986 1007
986 1008
986 1009
986 1010
986 1011
986 1012
986 1013
986 1014
986 1015
986 1016
986 1017
986 1018
990 991
990 992
990 993
990 994
990 995
990 996
990 997
990 998
990 999
990 1000
990 1001
990 1002
990 1003
990 1004
990 1005
990 1006
990 1007
990 1008
990 1009
990 1010
990 1011
990 1012
990 1013
990 1014
990 1015
990 1016
990 1017
990 1018
991 992
991 993
991 994
991 995
991 996
991 997
991 998
991 999
991 1000
991 1001
991 1002
991 1003
991 1004
991 1005
991 1006
991 1007
991 1008
991 1009
991 1010
991 1011
991 1012
991 1013
991 1014
991 1015
991 1016
991 1017
991 1018
992 993
992 994
992 995
992 996
992 997
992 998
992 999
992 1000
992 1001
992 1002
992 1003
992 1004
992 1005
992 1006
992 1007
992 1008
992 1009
992 1010
992 1011
992 1012
992 1013
992 1014
992 1015
992 1016
992 1017
992 1018
993 994
993 995
993 996
993 997
993 998
993 999
993 1000
993 1001
993 1002
993 1003
993 1004
993 1005
993 1006
993 1007
993 1008
993 1009
993 1010
993 1011
993 1012
993 1013
993 1014
993 1015
993 1016
993 1017
993 1018
994 995
994 996
994 997
994 998
994 999
994 1000
994 1001
994 1002
994 1003
994 1004
994 1005
994 1006
994 1007
994 1008
994 1009
994 1010
994 1011
994 1012
994 1013
994 1014
994 1015
994 1016
994 1017
994 1018
995 996
995 997
995 998
995 999
995 1000
995 1001
995 1002
995 1003
995 1004
995 1005
995 1006
995 1007
995 1008
995 1009
995 1010
995 1011
995 1012
995 1013
995 1014
995 1015
995 1016
995 1017
995 1018
996 997
996 998
996 999
996 1000
996 1001
996 1002
996 1003
996 1004
996 1005
996 1006
996 1007
996 1008
996 1009
996 1010
996 1011
996 1012
996 1013
996 1014
996 1015
996 1016
996 1017
996 1018
997 998
997 999
997 1000
997 1001
997 1002
997 1003
997 1004
997 1005
997 1006
997 1007
997 1008
997 1009
997 1010
997 1011
997 1012
997 1013
997 1014
997 1015
997 1016
997 1017
997 1018
998 999
998 1000
998 1001
998 1002
998 1003
998 1004
998 1005
998 1006
998 1007
998 1008
998 1009
998 1010
998 1011
998 1012
998 1013
998 1014
998 1015
998 1016
998 1017
998 1018
999 1000
999 1001
999 1002
999 1003
999 1004
999 1005
999 1006
999 1007
999 1008
999 1009
999 1010
999 1011
999 1012
999 1013
999 1014
999 1015
999 1016
999 1017
999 1018
1000 1001
1000 1002
1000 1003
1000 1004
1000 1005
1000 1006
1000 1007
1000 1008
1000 1009
1000 1010
1000 1011
1000 1012
1000 1013
1000 1014
1000 1015
1000 1016
1000 1017
1000 1018
1001 1002
1001 1003
1001 1004
1001 1005
1001 1006
1001 1007
1001 1008
1001 1009
1001 1010
1001 1011
1001 1012
1001 1013
1001 1014
1001 1015
1001 1016
1001 1017
1001 1018
1002 1003
1002 1004
1002 1005
1002 1006
1002 1007
1002 1008
1002 1009
1002 1010
1002 1011
1002 1012
1002 1013
1002 1014
1002 1015
1002 1016
1002 1017
1002 1018
1003 1004
1003 1005
1003 1006
1003 1007
1003 1008
1003 1009
1003 1010
1003 1011
1003 1012
1003 1013
1003 1014
1003 1015
1003 1016
1003 1017
1003 1018
1004 1005
1004 1006
1004 1007
1004 1008
1004 1009
1004 1010
1004 1011
1004 1012
1004 1013
1004 1014
1004 1015
1004 1016
1004 1017
1004 1018
1005 1006
1005 1007
1005 1008
1005 1009
1005 1010
1005 1011
1005 1012
1005 1013
1005 1014
1005 1015
1005 1016
1005 1017
1005 1018
1006 1007
1006 1008
1006 1009
1006 1010
1006 1011
1006 1012
1006 1013
1006 1014
1006 1015
1006 1016
1006 1017
1006 1018
1007 1008
1007 1009
1007 1010
1007 1011
1007 1012
1007 1013
1007 1014
1007 1015
1007 1016
1007 1017
1007 1018
1008 1009
1008 1010
1008 1011
1008 1012
1008 1013
1008 1014
1008 1015
1008 1016
1008 1017
1008 1018
1009 1010
1009 1011
1009 1012
1009 1013
1009 1014
1009 1015
1009 1016
1009 1017
1009 1018
1010 1011
1010 1012
1010 1013
1010 1014
1010 1015
1010 1016
1010 1017
1010 1018
1011 1012
1011 1013
1011 1014
1011 1015
1011 1016
1011 1017
1011 1018
1012 1013
1012 1014
1012 1015
1012 1016
1012 1017
1012 1018
1013 1014
1013 1015
1013 1016
1013 1017
1013 1018
1014 1015
1014 1016
1014 1017
1014 1018
1015 1016
1015 1017
1015 1018
1016 1017
1016 1018
1017 1018
91 825
91 1019
91 1020
91 1021
91 1022
91 1023
91 1024
91 1025
91 1026
91 1027
91 1028
91 1029
91 1030
91 1031
91 1032
91 1033
91 1034
91 1035
91 1036
91 1037
91 1038
91 1039
91 1040
91 1041
91 1042
91 1043
91 1044
825 1019
825 1020
825 1021
825 1022
825 1023
825 1024
825 1025
825 1026
825 1027
825 1028
825 1029
825 1030
825 1031
825 1032
825 1033
825 1034
825 1035
825 1036
825 1037
825 1038
825 1039
825 1040
825 1041
825 1042
825 1043
825 1044
1019 1020
1019 1021
1019 1022
1019 1023
1019 1024
1019 1025
1019 1026
1019 1027
1019 1028
1019 1029
1019 1030
1019 1031
1019 1032
1019 1033
1019 1034
1019 1035
1019 1036
1019 1037
1019 1038
1019 1039
1019 1040
1019 1041
1019 1042
1019 1043
1019 1044
1020 1021
1020 1022
1020 1023
1020 1024
1020 1025
1020 1026
1020 1027
1020 1028
1020 1029
1020 1030
1020 1031
1020 1032
1020 1033
1020 1034
1020 1035
1020 1036
1020 1037
1020 1038
1020 1039
1020 1040
1020 1041
1020 1042
1020 1043
1020 1044
1021 1022
1021 1023
1021 1024
1021 1025
1021 1026
1021 1027
1021 1028
1021 1029
1021 1030
1021 1031
1021 1032
1021 1033
1021 1034
1021 1035
1021 1036
1021 1037
1021 1038
1021 1039
1021 1040
1021 1041
1021 1042
1021 1043
1021 1044
1022 1023
1022 1024
1022 1025
1022 1026
1022 1027
1022 1028
1022 1029
1022 1030
1022 1031
1022 1032
1022 1033
1022 1034
1022 1035
1022 1036
1022 1037
1022 1038
1022 1039
1022 1040
1022 1041
1022 1042
1022 1043
1022 1044
1023 1024
1023 1025
1023 1026
1023 1027
1023 1028
1023 1029
1023 1030
1023 1031
1023 1032
1023 1033
1023 1034
1023 1035
1023 1036
1023 1037
1023 1038
1023 1039
1023 1040
1023 1041
1023 1042
1023 1043
1023 1044
1024 1025
1024 1026
1024 1027
1024 1028
1024 1029
1024 1030
1024 1031
1024 1032
1024 1033
1024 1034
1024 1035
1024 1036
1024 1037
1024 1038
1024 1039
1024 1040
1024 1041
1024 1042
1024 1043
1024 1044
1025 1026
1025 1027
1025 1028
1025 1029
1025 1030
1025 1031
1025 1032
1025 1033
1025 1034
1025 1035
1025 1036
1025 1037
1025 1038
1025 1039
1025 1040
1025 1041
1025 1042
1025 1043
1025 1044
1026 1027
1026 1028
1026 1029
1026 1030
1026 1031
1026 1032
1026 1033
1026 1034
1026 1035
1026 1036
1026 1037
1026 1038
1026 1039
1026 1040
1026 1041
1026 1042
1026 1043
1026 1044
1027 1028
1027 1029
1027 1030
1027 1031
1027 1032
1027 1033
1027 1034
1027 1035
1027 1036
1027 1037
1027 1038
1027 1039
1027 1040
1027 1041
1027 1042
1027 1043
1027 1044
1028 1029
1028 1030
1028 1031
1028 1032
1028 1033
1028 1034
1028 1035
1028 1036
1028 1037
1028 1038
1028 1039
1028 1040
1028 1041
1028 1042
1028 1043
1028 1044
1029 1030
1029 1031
1029 1032
1029 1033
1029 1034
1029 1035
1029 1036
1029 1037
1029 1038
1029 1039
1029 1040
1029 1041
1029 1042
1029 1043
1029 1044
1030 1031
1030 1032
1030 1033
1030 1034
1030 1035
1030 1036
1030 1037
1030 1038
1030 1039
1030 1040
1030 1041
1030 1042
1030 1043
1030 1044
1031 1032
1031 1033
1031 1034
1031 1035
1031 1036
1031 1037
1031 1038
1031 1039
1031 1040
1031 1041
1031 1042
1031 1043
1031 1044
1032 1033
1032 1034
1032 1035
1032 1036
1032 1037
1032 1038
1032 1039
1032 1040
1032 1041
1032 1042
1032 1043
1032 1044
1033 1034
1033 1035
1033 1036
1033 1037
1033 1038
1033 1039
1033 1040
1033 1041
1033 1042
1033 1043
1033 1044
1034 1035
1034 1036
1034 1037
1034 1038
1034 1039
1034 1040
1034 1041
1034 1042
1034 1043
1034 1044
1035 1036
1035 1037
1035 1038
1035 1039
1035 1040
1035 1041
1035 1042
1035 1043
1035 1044
1036 1037
1036 1038
1036 1039
1036 1040
1036 1041
1036 1042
1036 1043
1036 1044
1037 1038
1037 1039
1037 1040
1037 1041
1037 1042
1037 1043
1037 1044
1038 1039
1038 1040
1038 1041
1038 1042
1038 1043
1038 1044
1039 1040
1039 1041
1039 1042
1039 1043
1039 1044
1040 1041
1040 1042
1040 1043
1040 1044
1041 1042
1041 1043
1041 1044
1042 1043
1042 1044
1043 1044
92 501
92 664
92 826
92 1023
92 1045
92 1046
92 1047
92 1048
92 1049
92 1050
92 1051
92 1052
92 1053
92 1054
92 1055
92 1056
92 1057
92 1058
92 1059
92 1060
92 1061
92 1062
92 1063
92 1064
92 1065
92 1066
92 1067
92 1068
92 1069
92 1070
92 1071
92 1072
501 664
501 826
501 1023
501 1045
501 1046
501 1047
501 1048
501 1049
501 1050
501 1051
501 1052
501 1053
501 1054
501 1055
501 1056
501 1057
501 1058
501 1059
501 1060
501 1061
501 1062
501 1063
501 1064
501 1065
501 1066
501 1067
501 1068
501 1069
501 1070
501 1071
501 1072
664 826
664 1023
664 1045
664 1046
664 1047
664 1048
664 1049
664 1050
664 1051
664 1052
664 1053
664 1054
664 1055
664 1056
664 1057
664 1058
664 1059
664 1060
664 1061
664 1062
664 1063
664 1064
664 1065
664 1066
664 1067
664 1068
664 1069
664 1070
664 1071
664 1072
826 1023
826 1045
826 1046
826 1047
826 1048
826 1049
826 1050
826 1051
826 1052
826 1053
826 1054
826 1055
826 1056
826 1057
826 1058
826 1059
826 1060
826 1061
826 1062
826 1063
826 1064
826 1065
826 1066
826 1067
826 1068
826 1069
826 1070
826 1071
826 1072
1023 1045
1023 1046
1023 1047
1023 1048
1023 1049
1023 1050
1023 1051
1023 1052
1023 1053
1023 1054
1023 1055
1023 1056
1023 1057
1023 1058
1023 1059
1023 1060
1023 1061
1023 1062
1023 1063
1023 1064
1023 1065
1023 1066
1023 1067
1023 1068
1023 1069
1023 1070
1023 1071
1023 1072
1045 1046
1045 1047
1045 1048
1045 1049
1045 1050
1045 1051
1045 1052
1045 1053
1045 1054
1045 1055
1045 1056
1045 1057
1045 1058
1045 1059
1045 1060
1045 1061
1045 1062
1045 1063
1045 1064
1045 1065
1045 1066
1045 1067
1045 1068
1045 1069
1045 1070
1045 1071
1045 1072
1046 1047
1046 1048
1046 1049
1046 1050
1046 1051
1046 1052
1046 1053
1046 1054
1046 1055
1046 1056
1046 1057
1046 1058
1046 1059
1046 1060
1046 1061
1046 1062
1046 1063
1046 1064
1046 1065
1046 1066
1046 1067
1046 1068
1046 1069
1046 1070
1046 1071
1046 1072
1047 1048
1047 1049
1047 1050
1047 1051
1047 1052
1047 1053
1047 1054
1047 1055
1047 1056
1047 1057
1047 1058
1047 1059
1047 1060
1047 1061
1047 1062
1047 1063
1047 1064
1047 1065
1047 1066
1047 1067
1047 1068
1047 1069
1047 1070
1047 1071
1047 1072
1048 1049
1048 1050
1048 1051
1048 1052
1048 1053
1048 1054
1048 1055
1048 1056
1048 1057
1048 1058
1048 1059
1048 1060
1048 1061
1048 1062
1048 1063
1048 1064
1048 1065
1048 1066
1048 1067
1048 1068
1048 1069
1048 1070
1048 1071
1048 1072
1049 1050
1049 1051
1049 1052
1049 1053
1049 1054
1049 1055
1049 1056
1049 1057
1049 1058
1049 1059
1049 1060
1049 1061
1049 1062
1049 1063
1049 1064
1049 1065
1049 1066
1049 1067
1049 1068
1049 1069
1049 1070
1049 1071
1049 1072
1050 1051
1050 1052
1050 1053
1050 1054
1050 1055
1050 1056
1050 1057
1050 1058
1050 1059
1050 1060
1050 1061
1050 1062
1050 1063
1050 1064
1050 1065
1050 1066
1050 1067
1050 1068
1050 1069
1050 1070
1050 1071
1050 1072
1051 1052
1051 1053
1051 1054
1051 1055
1051 1056
1051 1057
1051 1058
1051 1059
1051 1060
1051 1061
1051 1062
1051 1063
1051 1064
1051 1065
1051 1066
1051 1067
1051 1068
1051 1069
1051 1070
1051 1071
1051 1072
1052 1053
1052 1054
1052 1055
1052 1056
1052 1057
1052 1058
1052 1059
1052 1060
1052 1061
1052 1062
1052 1063
1052 1064
1052 1065
1052 1066
1052 1067
1052 1068
1052 1069
1052 1070
1052 1071
1052 1072
1053 1054
1053 1055
1053 1056
1053 1057
1053 1058
1053 1059
1053 1060
1053 1061
1053 1062
1053 1063
1053 1064
1053 1065
1053 1066
1053 1067
1053 1068
1053 1069
1053 1070
1053 1071
1053 1072
1054 1055
1054 1056
1054 1057
1054 1058
1054 1059
1054 1060
1054 1061
1054 1062
1054 1063
1054 1064
1054 1065
1054 1066
1054 1067
1054 1068
1054 1069
1054 1070
1054 1071
1054 1072
1055 1056
1055 1057
1055 1058
1055 1059
1055 1060
1055 1061
1055 1062
1055 1063
1055 1064
1055 1065
1055 1066
1055 1067
1055 1068
1055 1069
1055 1070
1055 1071
1055 1072
1056 1057
1056 1058
1056 1059
1056 1060
1056 1061
1056 1062
1056 1063
1056 1064
1056 1065
1056 1066
1056 1067
1056 1068
1056 1069
1056 1070
1056 1071
1056 1072
1057 1058
1057 1059
1057 1060
1057 1061
1057 1062
1057 1063
1057 1064
1057 1065
1057 1066
1057 1067
1057 1068
1057 1069
1057 1070
1057 1071
1057 1072
1058 1059
1058 1060
1058 1061
1058 1062
1058 1063
1058 1064
1058 1065
1058 1066
1058 1067
1058 1068
1058 1069
1058 1070
1058 1071
1058 1072
1059 1060
1059 1061
1059 1062
1059 1063
1059 1064
1059 1065
1059 1066
1059 1067
1059 1068
1059 1069
1059 1070
1059 1071
1059 1072
1060 1061
1060 1062
1060 1063
1060 1064
1060 1065
1060 1066
1060 1067
1060 1068
1060 1069
1060 1070
1060 1071
1060 1072
1061 1062
1061 1063
1061 1064
1061 1065
1061 1066
1061 1067
1061 1068
1061 1069
1061 1070
1061 1071
1061 1072
1062 1063
1062 1064
1062 1065
1062 1066
1062 1067
1062 1068
1062 1069
1062 1070
1062 1071
1062 1072
1063 1064
1063 1065
1063 1066
1063 1067
1063 1068
1063 1069
1063 1070
1063 1071
1063 1072
1064 1065
1064 1066
1064 1067
1064 1068
1064 1069
1064 1070
1064 1071
1064 1072
1065 1066
1065 1067
1065 1068
1065 1069
1065 1070
1065 1071
1065 1072
1066 1067
1066 1068
1066 1069
1066 1070
1066 1071
1066 1072
1067 1068
1067 1069
1067 1070
1067 1071
1067 1072
1068 1069
1068 1070
1068 1071
1068 1072
1069 1070
1069 1071
1069 1072
1070 1071
1070 1072
1071 1072
93 410
93 827
93 1024
93 1051
93 1073
93 1074
93 1075
93 1076
93 1077
93 1078
93 1079
93 1080
93 1081
93 1082
93 1083
93 1084
93 1085
93 1086
410 827
410 1024
410 1051
410 1073
410 1074
410 1075
410 1076
410 1077
410 1078
410 1079
410 1080
410 1081
410 1082
410 1083
410 1084
410 1085
410 1086
827 1024
827 1051
827 1073
827 1074
827 1075
827 1076
827 1077
827 1078
827 1079
827 1080
827 1081
827 1082
827 1083
827 1084
827 1085
827 1086
1024 1051
1024 1073
1024 1074
1024 1075
1024 1076
1024 1077
1024 1078
1024 1079
1024 1080
1024 1081
1024 1082
1024 1083
1024 1084
1024 1085
1024 1086
1051 1073
1051 1074
1051 1075
1051 1076
1051 1077
1051 1078
1051 1079
1051 1080
1051 1081
1051 1082
1051 1083
1051 1084
1051 1085
1051 1086
1073 1074
1073 1075
1073 1076
1073 1077
1073 1078
1073 1079
1073 1080
1073 1081
1073 1082
1073 1083
1073 1084
1073 1085
1073 1086
1074 1075
1074 1076
1074 1077
1074 1078
1074 1079
1074 1080
1074 1081
1074 1082
1074 1083
1074 1084
1074 1085
1074 1086
1075 1076
1075 1077
1075 1078
1075 1079
1075 1080
1075 1081
1075 1082
1075 1083
1075 1084
1075 1085
1075 1086
1076 1077
1076 1078
1076 1079
1076 1080
1076 1081
1076 1082
1076 1083
1076 1084
1076 1085
1076 1086
1077 1078
1077 1079
1077 1080
1077 1081
1077 1082
1077 1083
1077 1084
1077 1085
1077 1086
1078 1079
1078 1080
1078 1081
1078 1082
1078 1083
1078 1084
1078 1085
1078 1086
1079 1080
1079 1081
1079 1082
1079 1083
1079 1084
1079 1085
1079 1086
1080 1081
1080 1082
1080 1083
1080 1084
1080 1085
1080 1086
1081 1082
1081 1083
1081 1084
1081 1085
1081 1086
1082 1083
1082 1084
1082 1085
1082 1086
1083 1084
1083 1085
1083 1086
1084 1085
1084 1086
1085 1086
94 528
94 1087
528 1087
95 1088
95 1089
95 1090
95 1091
95 1092
95 1093
95 1094
95 1095
95 1096
1088 1089
1088 1090
1088 1091
1088 1092
1088 1093
1088 1094
1088 1095
1088 1096
1089 1090
1089 1091
1089 1092
1089 1093
1089 1094
1089 1095
1089 1096
1090 1091
1090 1092
1090 1093
1090 1094
1090 1095
1090 1096
1091 1092
1091 1093
1091 1094
1091 1095
1091 1096
1092 1093
1092 1094
1092 1095
1092 1096
1093 1094
1093 1095
1093 1096
1094 1095
1094 1096
1095 1096
96 529
96 691
96 828
96 1025
96 1052
96 1085
96 1097
96 1098
96 1099
96 1100
96 1101
96 1102
96 1103
96 1104
96 1105
96 1106
96 1107
96 1108
96 1109
96 1110
96 1111
96 1112
96 1113
96 1114
96 1115
529 691
529 828
529 1025
529 1052
529 1085
529 1097
529 1098
529 1099
529 1100
529 1101
529 1102
529 1103
529 1104
529 1105
529 1106
529 1107
529 1108
529 1109
529 1110
529 1111
529 1112
529 1113
529 1114
529 1115
691 828
691 1025
691 1052
691 1085
691 1097
691 1098
691 1099
691 1100
691 1101
691 1102
691 1103
691 1104
691 1105
691 1106
691 1107
691 1108
691 1109
691 1110
691 1111
691 1112
691 1113
691 1114
691 1115
828 1025
828 1052
828 1085
828 1097
828 1098
828 1099
828 1100
828 1101
828 1102
828 1103
828 1104
828 1105
828 1106
828 1107
828 1108
828 1109
828 1110
828 1111
828 1112
828 1113
828 1114
828 1115
1025 1052
1025 1085
1025 1097
1025 1098
1025 1099
1025 1100
1025 1101
1025 1102
1025 1103
1025 1104
1025 1105
1025 1106
1025 1107
1025 1108
1025 1109
1025 1110
1025 1111
1025 1112
1025 1113
1025 1114
1025 1115
1052 1085
1052 1097
1052 1098
1052 1099
1052 1100
1052 1101
1052 1102
1052 1103
1052 1104
1052 1105
1052 1106
1052 1107
1052 1108
1052 1109
1052 1110
1052 1111
1052 1112
1052 1113
1052 1114
1052 1115
1085 1097
1085 1098
1085 1099
1085 1100
1085 1101
1085 1102
1085 1103
1085 1104
1085 1105
1085 1106
1085 1107
1085 1108
1085 1109
1085 1110
1085 1111
1085 1112
1085 1113
1085 1114
1085 1115
1097 1098
1097 1099
1097 1100
1097 1101
1097 1102
1097 1103
1097 1104
1097 1105
1097 1106
1097 1107
1097 1108
1097 1109
1097 1110
1097 1111
1097 1112
1097 1113
1097 1114
1097 1115
1098 1099
1098 1100
1098 1101
1098 1102
1098 1103
1098 1104
1098 1105
1098 1106
1098 1107
1098 1108
1098 1109
1098 1110
1098 1111
1098 1112
1098 1113
1098 1114
1098 1115
1099 1100
1099 1101
1099 1102
1099 1103
1099 1104
1099 1105
1099 1106
1099 1107
1099 1108
1099 1109
1099 1110
1099 1111
1099 1112
1099 1113
1099 1114
1099 1115
1100 1101
1100 1102
1100 1103
1100 1104
1100 1105
1100 1106
1100 1107
1100 1108
1100 1109
1100 1110
1100 1111
1100 1112
1100 1113
1100 1114
1100 1115
1101 1102
1101 1103
1101 1104
1101 1105
1101 1106
1101 1107
1101 1108
1101 1109
1101 1110
1101 1111
1101 1112
1101 1113
1101 1114
1101 1115
1102 1103
1102 1104
1102 1105
1102 1106
1102 1107
1102 1108
1102 1109
1102 1110
1102 1111
1102 1112
1102 1113
1102 1114
1102 1115
1103 1104
1103 1105
1103 1106
1103 1107
1103 1108
1103 1109
1103 1110
1103 1111
1103 1112
1103 1113
1103 1114
1103 1115
1104 1105
1104 1106
1104 1107
1104 1108
1104 1109
1104 1110
1104 1111
1104 1112
1104 1113
1104 1114
1104 1115
1105 1106
1105 1107
1105 1108
1105 1109
1105 1110
1105 1111
1105 1112
1105 1113
1105 1114
1105 1115
1106 1107
1106 1108
1106 1109
1106 1110
1106 1111
1106 1112
1106 1113
1106 1114
1106 1115
1107 1108
1107 1109
1107 1110
1107 1111
1107 1112
1107 1113
1107 1114
1107 1115
1108 1109
1108 1110
1108 1111
1108 1112
1108 1113
1108 1114
1108 1115
1109 1110
1109 1111
1109 1112
1109 1113
1109 1114
1109 1115
1110 1111
1110 1112
1110 1113
1110 1114
1110 1115
1111 1112
1111 1113
1111 1114
1111 1115
1112 1113
1112 1114
1112 1115
1113 1114
1113 1115
1114 1115
97 1101
97 1116
97 1117
97 1118
97 1119
97 1120
97 1121
97 1122
97 1123
1101 1116
1101 1117
1101 1118
1101 1119
1101 1120
1101 1121
1101 1122
1101 1123
1116 1117
1116 1118
1116 1119
1116 1120
1116 1121
1116 1122
1116 1123
1117 1118
1117 1119
1117 1120
1117 1121
1117 1122
1117 1123
1118 1119
1118 1120
1118 1121
1118 1122
1118 1123
1119 1120
1119 1121
1119 1122
1119 1123
1120 1121
1120 1122
1120 1123
1121 1122
1121 1123
1122 1123
98 829
98 1026
98 1046
98 1078
98 1095
98 1102
98 1124
98 1125
98 1126
98 1127
98 1128
98 1129
98 1130
98 1131
98 1132
98 1133
829 1026
829 1046
829 1078
829 1095
829 1102
829 1124
829 1125
829 1126
829 1127
829 1128
829 1129
829 1130
829 1131
829 1132
829 1133
1026 1046
1026 1078
1026 1095
1026 1102
1026 1124
1026 1125
1026 1126
1026 1127
1026 1128
1026 1129
1026 1130
1026 1131
1026 1132
1026 1133
1046 1078
1046 1095
1046 1102
1046 1124
1046 1125
1046 1126
1046 1127
1046 1128
1046 1129
1046 1130
1046 1131
1046 1132
1046 1133
1078 1095
1078 1102
1078 1124
1078 1125
1078 1126
1078 1127
1078 1128
1078 1129
1078 1130
1078 1131
1078 1132
1078 1133
1095 1102
1095 1124
1095 1125
1095 1126
1095 1127
1095 1128
1095 1129
1095 1130
1095 1131
1095 1132
1095 1133
1102 1124
1102 1125
1102 1126
1102 1127
1102 1128
1102 1129
1102 1130
1102 1131
1102 1132
1102 1133
1124 1125
1124 1126
1124 1127
1124 1128
1124 1129
1124 1130
1124 1131
1124 1132
1124 1133
1125 1126
1125 1127
1125 1128
1125 1129
1125 1130
1125 1131
1125 1132
1125 1133
1126 1127
1126 1128
1126 1129
1126 1130
1126 1131
1126 1132
1126 1133
1127 1128
1127 1129
1127 1130
1127 1131
1127 1132
1127 1133
1128 1129
1128 1130
1128 1131
1128 1132
1128 1133
1129 1130
1129 1131
1129 1132
1129 1133
1130 1131
1130 1132
1130 1133
1131 1132
1131 1133
1132 1133
99 1027
99 1124
99 1134
99 1135
99 1136
99 1137
99 1138
99 1139
99 1140
99 1141
99 1142
99 1143
99 1144
99 1145
99 1146
99 1147
99 1148
1027 1124
1027 1134
1027 1135
1027 1136
1027 1137
1027 1138
1027 1139
1027 1140
1027 1141
1027 1142
1027 1143
1027 1144
1027 1145
1027 1146
1027 1147
1027 1148
1124 1134
1124 1135
1124 1136
1124 1137
1124 1138
1124 1139
1124 1140
1124 1141
1124 1142
1124 1143
1124 1144
1124 1145
1124 1146
1124 1147
1124 1148
1134 1135
1134 1136
1134 1137
1134 1138
1134 1139
1134 1140
1134 1141
1134 1142
1134 1143
1134 1144
1134 1145
1134 1146
1134 1147
1134 1148
1135 1136
1135 1137
1135 1138
1135 1139
1135 1140
1135 1141
1135 1142
1135 1143
1135 1144
1135 1145
1135 1146
1135 1147
1135 1148
1136 1137
1136 1138
1136 1139
1136 1140
1136 1141
1136 1142
1136 1143
1136 1144
1136 1145
1136 1146
1136 1147
1136 1148
1137 1138
1137 1139
1137 1140
1137 1141
1137 1142
1137 1143
1137 1144
1137 1145
1137 1146
1137 1147
1137 1148
1138 1139
1138 1140
1138 1141
1138 1142
1138 1143
1138 1144
1138 1145
1138 1146
1138 1147
1138 1148
1139 1140
1139 1141
1139 1142
1139 1143
1139 1144
1139 1145
1139 1146
1139 1147
1139 1148
1140 1141
1140 1142
1140 1143
1140 1144
1140 1145
1140 1146
1140 1147
1140 1148
1141 1142
1141 1143
1141 1144
1141 1145
1141 1146
1141 1147
1141 1148
1142 1143
1142 1144
1142 1145
1142 1146
1142 1147
1142 1148
1143 1144
1143 1145
1143 1146
1143 1147
1143 1148
1144 1145
1144 1146
1144 1147
1144 1148
1145 1146
1145 1147
1145 1148
1146 1147
1146 1148
1147 1148
100 830
100 1028
100 1054
100 1073
100 1103
100 1149
100 1150
100 1151
100 1152
100 1153
100 1154
100 1155
100 1156
830 1028
830 1054
830 1073
830 1103
830 1149
830 1150
830 1151
830 1152
830 1153
830 1154
830 1155
830 1156
1028 1054
1028 1073
1028 1103
1028 1149
1028 1150
1028 1151
1028 1152
1028 1153
1028 1154
1028 1155
1028 1156
1054 1073
1054 1103
1054 1149
1054 1150
1054 1151
1054 1152
1054 1153
1054 1154
1054 1155
1054 1156
1073 1103
1073 1149
1073 1150
1073 1151
1073 1152
1073 1153
1073 1154
1073 1155
1073 1156
1103 1149
1103 1150
1103 1151
1103 1152
1103 1153
1103 1154
1103 1155
1103 1156
1149 1150
1149 1151
1149 1152
1149 1153
1149 1154
1149 1155
1149 1156
1150 1151
1150 1152
1150 1153
1150 1154
1150 1155
1150 1156
1151 1152
1151 1153
1151 1154
1151 1155
1151 1156
1152 1153
1152 1154
1152 1155
1152 1156
1153 1154
1153 1155
1153 1156
1154 1155
1154 1156
1155 1156
101 1055
101 1104
101 1157
101 1158
101 1159
101 1160
101 1161
101 1162
101 1163
101 1164
101 1165
101 1166
101 1167
1055 1104
1055 1157
1055 1158
1055 1159
1055 1160
1055 1161
1055 1162
1055 1163
1055 1164
1055 1165
1055 1166
1055 1167
1104 1157
1104 1158
1104 1159
1104 1160
1104 1161
1104 1162
1104 1163
1104 1164
1104 1165
1104 1166
1104 1167
1157 1158
1157 1159
1157 1160
1157 1161
1157 1162
1157 1163
1157 1164
1157 1165
1157 1166
1157 1167
1158 1159
1158 1160
1158 1161
1158 1162
1158 1163
1158 1164
1158 1165
1158 1166
1158 1167
1159 1160
1159 1161
1159 1162
1159 1163
1159 1164
1159 1165
1159 1166
1159 1167
1160 1161
1160 1162
1160 1163
1160 1164
1160 1165
1160 1166
1160 1167
1161 1162
1161 1163
1161 1164
1161 1165
1161 1166
1161 1167
1162 1163
1162 1164
1162 1165
1162 1166
1162 1167
1163 1164
1163 1165
1163 1166
1163 1167
1164 1165
1164 1166
1164 1167
1165 1166
1165 1167
1166 1167
102 831
102 1088
102 1131
102 1140
102 1168
102 1169
102 1170
102 1171
102 1172
102 1173
102 1174
102 1175
102 1176
102 1177
102 1178
831 1088
831 1131
831 1140
831 1168
831 1169
831 1170
831 1171
831 1172
831 1173
831 1174
831 1175
831 1176
831 1177
831 1178
1088 1131
1088 1140
1088 1168
1088 1169
1088 1170
1088 1171
1088 1172
1088 1173
1088 1174
1088 1175
1088 1176
1088 1177
1088 1178
1131 1140
1131 1168
1131 1169
1131 1170
1131 1171
1131 1172
1131 1173
1131 1174
1131 1175
1131 1176
1131 1177
1131 1178
1140 1168
1140 1169
1140 1170
1140 1171
1140 1172
1140 1173
1140 1174
1140 1175
1140 1176
1140 1177
1140 1178
1168 1169
1168 1170
1168 1171
1168 1172
1168 1173
1168 1174
1168 1175
1168 1176
1168 1177
1168 1178
1169 1170
1169 1171
1169 1172
1169 1173
1169 1174
1169 1175
1169 1176
1169 1177
1169 1178
1170 1171
1170 1172
1170 1173
1170 1174
1170 1175
1170 1176
1170 1177
1170 1178
1171 1172
1171 1173
1171 1174
1171 1175
1171 1176
1171 1177
1171 1178
1172 1173
1172 1174
1172 1175
1172 1176
1172 1177
1172 1178
1173 1174
1173 1175
1173 1176
1173 1177
1173 1178
1174 1175
1174 1176
1174 1177
1174 1178
1175 1176
1175 1177
1175 1178
1176 1177
1176 1178
1177 1178
103 247
103 832
103 1029
103 1056
103 1074
103 1126
103 1150
103 1168
103 1179
103 1180
103 1181
103 1182
103 1183
103 1184
103 1185
103 1186
103 1187
103 1188
103 1189
103 1190
103 1191
103 1192
103 1193
103 1194
103 1195
103 1196
103 1197
103 1198
103 1199
247 832
247 1029
247 1056
247 1074
247 1126
247 1150
247 1168
247 1179
247 1180
247 1181
247 1182
247 1183
247 1184
247 1185
247 1186
247 1187
247 1188
247 1189
247 1190
247 1191
247 1192
247 1193
247 1194
247 1195
247 1196
247 1197
247 1198
247 1199
832 1029
832 1056
832 1074
832 1126
832 1150
832 1168
832 1179
832 1180
832 1181
832 1182
832 1183
832 1184
832 1185
832 1186
832 1187
832 1188
832 1189
832 1190
832 1191
832 1192
832 1193
832 1194
832 1195
832 1196
832 1197
832 1198
832 1199
1029 1056
1029 1074
1029 1126
1029 1150
1029 1168
1029 1179
1029 1180
1029 1181
1029 1182
1029 1183
1029 1184
1029 1185
1029 1186
1029 1187
1029 1188
1029 1189
1029 1190
1029 1191
1029 1192
1029 1193
1029 1194
1029 1195
1029 1196
1029 1197
1029 1198
1029 1199
1056 1074
1056 1126
1056 1150
1056 1168
1056 1179
1056 1180
1056 1181
1056 1182
1056 1183
1056 1184
1056 1185
1056 1186
1056 1187
1056 1188
1056 1189
1056 1190
1056 1191
1056 1192
1056 1193
1056 1194
1056 1195
1056 1196
1056 1197
1056 1198
1056 1199
1074 1126
1074 1150
1074 1168
1074 1179
1074 1180
1074 1181
1074 1182
1074 1183
1074 1184
1074 1185
1074 1186
1074 1187
1074 1188
1074 1189
1074 1190
1074 1191
1074 1192
1074 1193
1074 1194
1074 1195
1074 1196
1074 1197
1074 1198
1074 1199
1126 1150
1126 1168
1126 1179
1126 1180
1126 1181
1126 1182
1126 1183
1126 1184
1126 1185
1126 1186
1126 1187
1126 1188
1126 1189
1126 1190
1126 1191
1126 1192
1126 1193
1126 1194
1126 1195
1126 1196
1126 1197
1126 1198
1126 1199
1150 1168
1150 1179
1150 1180
1150 1181
1150 1182
1150 1183
1150 1184
1150 1185
1150 1186
1150 1187
1150 1188
1150 1189
1150 1190
1150 1191
1150 1192
1150 1193
1150 1194
1150 1195
1150 1196
1150 1197
1150 1198
1150 1199
1168 1179
1168 1180
1168 1181
1168 1182
1168 1183
1168 1184
1168 1185
1168 1186
1168 1187
1168 1188
1168 1189
1168 1190
1168 1191
1168 1192
1168 1193
1168 1194
1168 1195
1168 1196
1168 1197
1168 1198
1168 1199
1179 1180
1179 1181
1179 1182
1179 1183
1179 1184
1179 1185
1179 1186
1179 1187
1179 1188
1179 1189
1179 1190
1179 1191
1179 1192
1179 1193
1179 1194
1179 1195
1179 1196
1179 1197
1179 1198
1179 1199
1180 1181
1180 1182
1180 1183
1180 1184
1180 1185
1180 1186
1180 1187
1180 1188
1180 1189
1180 1190
1180 1191
1180 1192
1180 1193
1180 1194
1180 1195
1180 1196
1180 1197
1180 1198
1180 1199
1181 1182
1181 1183
1181 1184
1181 1185
1181 1186
1181 1187
1181 1188
1181 1189
1181 1190
1181 1191
1181 1192
1181 1193
1181 1194
1181 1195
1181 1196
1181 1197
1181 1198
1181 1199
1182 1183
1182 1184
1182 1185
1182 1186
1182 1187
1182 1188
1182 1189
1182 1190
1182 1191
1182 1192
1182 1193
1182 1194
1182 1195
1182 1196
1182 1197
1182 1198
1182 1199
1183 1184
1183 1185
1183 1186
1183 1187
1183 1188
1183 1189
1183 1190
1183 1191
1183 1192
1183 1193
1183 1194
1183 1195
1183 1196
1183 1197
1183 1198
1183 1199
1184 1185
1184 1186
1184 1187
1184 1188
1184 1189
1184 1190
1184 1191
1184 1192
1184 1193
1184 1194
1184 1195
1184 1196
1184 1197
1184 1198
1184 1199
1185 1186
1185 1187
1185 1188
1185 1189
1185 1190
1185 1191
1185 1192
1185 1193
1185 1194
1185 1195
1185 1196
1185 1197
1185 1198
1185 1199
1186 1187
1186 1188
1186 1189
1186 1190
1186 1191
1186 1192
1186 1193
1186 1194
1186 1195
1186 1196
1186 1197
1186 1198
1186 1199
1187 1188
1187 1189
1187 1190
1187 1191
1187 1192
1187 1193
1187 1194
1187 1195
1187 1196
1187 1197
1187 1198
1187 1199
1188 1189
1188 1190
1188 1191
1188 1192
1188 1193
1188 1194
1188 1195
1188 1196
1188 1197
1188 1198
1188 1199
1189 1190
1189 1191
1189 1192
1189 1193
1189 1194
1189 1195
1189 1196
1189 1197
1189 1198
1189 1199
1190 1191
1190 1192
1190 1193
1190 1194
1190 1195
1190 1196
1190 1197
1190 1198
1190 1199
1191 1192
1191 1193
1191 1194
1191 1195
1191 1196
1191 1197
1191 1198
1191 1199
1192 1193
1192 1194
1192 1195
1192 1196
1192 1197
1192 1198
1192 1199
1193 1194
1193 1195
1193 1196
1193 1197
1193 1198
1193 1199
1194 1195
1194 1196
1194 1197
1194 1198
1194 1199
1195 1196
1195 1197
1195 1198
1195 1199
1196 1197
1196 1198
1196 1199
1197 1198
1197 1199
1198 1199
104 178
104 366
104 503
104 538
104 611
104 1200
104 1201
104 1202
104 1203
104 1204
104 1205
104 1206
104 1207
104 1208
104 1209
104 1210
104 1211
104 1212
104 1213
104 1214
104 1215
104 1216
178 366
178 503
178 538
178 611
178 1200
178 1201
178 1202
178 1203
178 1204
178 1205
178 1206
178 1207
178 1208
178 1209
178 1210
178 1211
178 1212
178 1213
178 1214
178 1215
178 1216
366 503
366 538
366 611
366 1200
366 1201
366 1202
366 1203
366 1204
366 1205
366 1206
366 1207
366 1208
366 1209
366 1210
366 1211
366 1212
366 1213
366 1214
366 1215
366 1216
503 538
503 611
503 1200
503 1201
503 1202
503 1203
503 1204
503 1205
503 1206
503 1207
503 1208
503 1209
503 1210
503 1211
503 1212
503 1213
503 1214
503 1215
503 1216
538 611
538 1200
538 1201
538 1202
538 1203
538 1204
538 1205
538 1206
538 1207
538 1208
538 1209
538 1210
538 1211
538 1212
538 1213
538 1214
538 1215
538 1216
611 1200
611 1201
611 1202
611 1203
611 1204
611 1205
611 1206
611 1207
611 1208
611 1209
611 1210
611 1211
611 1212
611 1213
611 1214
611 1215
611 1216
1200 1201
1200 1202
1200 1203
1200 1204
1200 1205
1200 1206
1200 1207
1200 1208
1200 1209
1200 1210
1200 1211
1200 1212
1200 1213
1200 1214
1200 1215
1200 1216
1201 1202
1201 1203
1201 1204
1201 1205
1201 1206
1201 1207
1201 1208
1201 1209
1201 1210
1201 1211
1201 1212
1201 1213
1201 1214
1201 1215
1201 1216
1202 1203
1202 1204
1202 1205
1202 1206
1202 1207
1202 1208
1202 1209
1202 1210
1202 1211
1202 1212
1202 1213
1202 1214
1202 1215
1202 1216
1203 1204
1203 1205
1203 1206
1203 1207
1203 1208
1203 1209
1203 1210
1203 1211
1203 1212
1203 1213
1203 1214
1203 1215
1203 1216
1204 1205
1204 1206
1204 1207
1204 1208
1204 1209
1204 1210
1204 1211
1204 1212
1204 1213
1204 1214
1204 1215
1204 1216
1205 1206
1205 1207
1205 1208
1205 1209
1205 1210
1205 1211
1205 1212
1205 1213
1205 1214
1205 1215
1205 1216
1206 1207
1206 1208
1206 1209
1206 1210
1206 1211
1206 1212
1206 1213
1206 1214
1206 1215
1206 1216
1207 1208
1207 1209
1207 1210
1207 1211
1207 1212
1207 1213
1207 1214
1207 1215
1207 1216
1208 1209
1208 1210
1208 1211
1208 1212
1208 1213
1208 1214
1208 1215
1208 1216
1209 1210
1209 1211
1209 1212
1209 1213
1209 1214
1209 1215
1209 1216
1210 1211
1210 1212
1210 1213
1210 1214
1210 1215
1210 1216
1211 1212
1211 1213
1211 1214
1211 1215
1211 1216
1212 1213
1212 1214
1212 1215
1212 1216
1213 1214
1213 1215
1213 1216
1214 1215
1214 1216
1215 1216
105 833
105 1075
105 1105
105 1116
105 1151
105 1217
105 1218
105 1219
105 1220
105 1221
105 1222
105 1223
833 1075
833 1105
833 1116
833 1151
833 1217
833 1218
833 1219
833 1220
833 1221
833 1222
833 1223
1075 1105
1075 1116
1075 1151
1075 1217
1075 1218
1075 1219
1075 1220
1075 1221
1075 1222
1075 1223
1105 1116
1105 1151
1105 1217
1105 1218
1105 1219
1105 1220
1105 1221
1105 1222
1105 1223
1116 1151
1116 1217
1116 1218
1116 1219
1116 1220
1116 1221
1116 1222
1116 1223
1151 1217
1151 1218
1151 1219
1151 1220
1151 1221
1151 1222
1151 1223
1217 1218
1217 1219
1217 1220
1217 1221
1217 1222
1217 1223
1218 1219
1218 1220
1218 1221
1218 1222
1218 1223
1219 1220
1219 1221
1219 1222
1219 1223
1220 1221
1220 1222
1220 1223
1221 1222
1221 1223
1222 1223
106 834
106 956
106 1030
106 1057
106 1076
106 1106
106 1127
106 1152
106 1190
106 1224
106 1225
106 1226
106 1227
106 1228
106 1229
106 1230
106 1231
106 1232
106 1233
106 1234
106 1235
106 1236
106 1237
106 1238
106 1239
106 1240
106 1241
106 1242
106 1243
106 1244
106 1245
106 1246
106 1247
106 1248
106 1249
106 1250
834 956
834 1030
834 1057
834 1076
834 1106
834 1127
834 1152
834 1190
834 1224
834 1225
834 1226
834 1227
834 1228
834 1229
834 1230
834 1231
834 1232
834 1233
834 1234
834 1235
834 1236
834 1237
834 1238
834 1239
834 1240
834 1241
834 1242
834 1243
834 1244
834 1245
834 1246
834 1247
834 1248
834 1249
834 1250
956 1030
956 1057
956 1076
956 1106
956 1127
956 1152
956 1190
956 1224
956 1225
956 1226
956 1227
956 1228
956 1229
956 1230
956 1231
956 1232
956 1233
956 1234
956 1235
956 1236
956 1237
956 1238
956 1239
956 1240
956 1241
956 1242
956 1243
956 1244
956 1245
956 1246
956 1247
956 1248
956 1249
956 1250
1030 1057
1030 1076
1030 1106
1030 1127
1030 1152
1030 1190
1030 1224
1030 1225
1030 1226
1030 1227
1030 1228
1030 1229
1030 1230
1030 1231
1030 1232
1030 1233
1030 1234
1030 1235
1030 1236
1030 1237
1030 1238
1030 1239
1030 1240
1030 1241
1030 1242
1030 1243
1030 1244
1030 1245
1030 1246
1030 1247
1030 1248
1030 1249
1030 1250
1057 1076
1057 1106
1057 1127
1057 1152
1057 1190
1057 1224
1057 1225
1057 1226
1057 1227
1057 1228
1057 1229
1057 1230
1057 1231
1057 1232
1057 1233
1057 1234
1057 1235
1057 1236
1057 1237
1057 1238
1057 1239
1057 1240
1057 1241
1057 1242
1057 1243
1057 1244
1057 1245
1057 1246
1057 1247
1057 1248
1057 1249
1057 1250
1076 1106
1076 1127
1076 1152
1076 1190
1076 1224
1076 1225
1076 1226
1076 1227
1076 1228
1076 1229
1076 1230
1076 1231
1076 1232
1076 1233
1076 1234
1076 1235
1076 1236
1076 1237
1076 1238
1076 1239
1076 1240
1076 1241
1076 1242
1076 1243
1076 1244
1076 1245
1076 1246
1076 1247
1076 1248
1076 1249
1076 1250
1106 1127
1106 1152
1106 1190
1106 1224
1106 1225
1106 1226
1106 1227
1106 1228
1106 1229
1106 1230
1106 1231
1106 1232
1106 1233
1106 1234
1106 1235
1106 1236
1106 1237
1106 1238
1106 1239
1106 1240
1106 1241
1106 1242
1106 1243
1106 1244
1106 1245
1106 1246
1106 1247
1106 1248
1106 1249
1106 1250
1127 1152
1127 1190
1127 1224
1127 1225
1127 1226
1127 1227
1127 1228
1127 1229
1127 1230
1127 1231
1127 1232
1127 1233
1127 1234
1127 1235
1127 1236
1127 1237
1127 1238
1127 1239
1127 1240
1127 1241
1127 1242
1127 1243
1127 1244
1127 1245
1127 1246
1127 1247
1127 1248
1127 1249
1127 1250
1152 1190
1152 1224
1152 1225
1152 1226
1152 1227
1152 1228
1152 1229
1152 1230
1152 1231
1152 1232
1152 1233
1152 1234
1152 1235
1152 1236
1152 1237
1152 1238
1152 1239
1152 1240
1152 1241
1152 1242
1152 1243
1152 1244
1152 1245
1152 1246
1152 1247
1152 1248
1152 1249
1152 1250
1190 1224
1190 1225
1190 1226
1190 1227
1190 1228
1190 1229
1190 1230
1190 1231
1190 1232
1190 1233
1190 1234
1190 1235
1190 1236
1190 1237
1190 1238
1190 1239
1190 1240
1190 1241
1190 1242
1190 1243
1190 1244
1190 1245
1190 1246
1190 1247
1190 1248
1190 1249
1190 1250
1224 1225
1224 1226
1224 1227
1224 1228
1224 1229
1224 1230
1224 1231
1224 1232
1224 1233
1224 1234
1224 1235
1224 1236
1224 1237
1224 1238
1224 1239
1224 1240
1224 1241
1224 1242
1224 1243
1224 1244
1224 1245
1224 1246
1224 1247
1224 1248
1224 1249
1224 1250
1225 1226
1225 1227
1225 1228
1225 1229
1225 1230
1225 1231
1225 1232
1225 1233
1225 1234
1225 1235
1225 1236
1225 1237
1225 1238
1225 1239
1225 1240
1225 1241
1225 1242
1225 1243
1225 1244
1225 1245
1225 1246
1225 1247
1225 1248
1225 1249
1225 1250
1226 1227
1226 1228
1226 1229
1226 1230
1226 1231
1226 1232
1226 1233
1226 1234
1226 1235
1226 1236
1226 1237
1226 1238
1226 1239
1226 1240
1226 1241
1226 1242
1226 1243
1226 1244
1226 1245
1226 1246
1226 1247
1226 1248
1226 1249
1226 1250
1227 1228
1227 1229
1227 1230
1227 1231
1227 1232
1227 1233
1227 1234
1227 1235
1227 1236
1227 1237
1227 1238
1227 1239
1227 1240
1227 1241
1227 1242
1227 1243
1227 1244
1227 1245
1227 1246
1227 1247
1227 1248
1227 1249
1227 1250
1228 1229
1228 1230
1228 1231
1228 1232
1228 1233
1228 1234
1228 1235
1228 1236
1228 1237
1228 1238
1228 1239
1228 1240
1228 1241
1228 1242
1228 1243
1228 1244
1228 1245
1228 1246
1228 1247
1228 1248
1228 1249
1228 1250
1229 1230
1229 1231
1229 1232
1229 1233
1229 1234
1229 1235
1229 1236
1229 1237
1229 1238
1229 1239
1229 1240
1229 1241
1229 1242
1229 1243
1229 1244
1229 1245
1229 1246
1229 1247
1229 1248
1229 1249
1229 1250
1230 1231
1230 1232
1230 1233
1230 1234
1230 1235
1230 1236
1230 1237
1230 1238
1230 1239
1230 1240
1230 1241
1230 1242
1230 1243
1230 1244
1230 1245
1230 1246
1230 1247
1230 1248
1230 1249
1230 1250
1231 1232
1231 1233
1231 1234
1231 1235
1231 1236
1231 1237
1231 1238
1231 1239
1231 1240
1231 1241
1231 1242
1231 1243
1231 1244
1231 1245
1231 1246
1231 1247
1231 1248
1231 1249
1231 1250
1232 1233
1232 1234
1232 1235
1232 1236
1232 1237
1232 1238
1232 1239
1232 1240
1232 1241
1232 1242
1232 1243
1232 1244
1232 1245
1232 1246
1232 1247
1232 1248
1232 1249
1232 1250
1233 1234
1233 1235
1233 1236
1233 1237
1233 1238
1233 1239
1233 1240
1233 1241
1233 1242
1233 1243
1233 1244
1233 1245
1233 1246
1233 1247
1233 1248
1233 1249
1233 1250
1234 1235
1234 1236
1234 1237
1234 1238
1234 1239
1234 1240
1234 1241
1234 1242
1234 1243
1234 1244
1234 1245
1234 1246
1234 1247
1234 1248
1234 1249
1234 1250
1235 1236
1235 1237
1235 1238
1235 1239
1235 1240
1235 1241
1235 1242
1235 1243
1235 1244
1235 1245
1235 1246
1235 1247
1235 1248
1235 1249
1235 1250
1236 1237
1236 1238
1236 1239
1236 1240
1236 1241
1236 1242
1236 1243
1236 1244
1236 1245
1236 1246
1236 1247
1236 1248
1236 1249
1236 1250
1237 1238
1237 1239
1237 1240
1237 1241
1237 1242
1237 1243
1237 1244
1237 1245
1237 1246
1237 1247
1237 1248
1237 1249
1237 1250
1238 1239
1238 1240
1238 1241
1238 1242
1238 1243
1238 1244
1238 1245
1238 1246
1238 1247
1238 1248
1238 1249
1238 1250
1239 1240
1239 1241
1239 1242
1239 1243
1239 1244
1239 1245
1239 1246
1239 1247
1239 1248
1239 1249
1239 1250
1240 1241
1240 1242
1240 1243
1240 1244
1240 1245
1240 1246
1240 1247
1240 1248
1240 1249
1240 1250
1241 1242
1241 1243
1241 1244
1241 1245
1241 1246
1241 1247
1241 1248
1241 1249
1241 1250
1242 1243
1242 1244
1242 1245
1242 1246
1242 1247
1242 1248
1242 1249
1242 1250
1243 1244
1243 1245
1243 1246
1243 1247
1243 1248
1243 1249
1243 1250
1244 1245
1244 1246
1244 1247
1244 1248
1244 1249
1244 1250
1245 1246
1245 1247
1245 1248
1245 1249
1245 1250
1246 1247
1246 1248
1246 1249
1246 1250
1247 1248
1247 1249
1247 1250
1248 1249
1248 1250
1249 1250
108 204
108 806
108 1251
108 1252
108 1253
108 1254
108 1255
108 1256
108 1257
108 1258
108 1259
108 1260
108 1261
108 1262
108 1263
108 1264
108 1265
108 1266
108 1267
108 1268
204 806
204 1251
204 1252
204 1253
204 1254
204 1255
204 1256
204 1257
204 1258
204 1259
204 1260
204 1261
204 1262
204 1263
204 1264
204 1265
204 1266
204 1267
204 1268
806 1251
806 1252
806 1253
806 1254
806 1255
806 1256
806 1257
806 1258
806 1259
806 1260
806 1261
806 1262
806 1263
806 1264
806 1265
806 1266
806 1267
806 1268
1251 1252
1251 1253
1251 1254
1251 1255
1251 1256
1251 1257
1251 1258
1251 1259
1251 1260
1251 1261
1251 1262
1251 1263
1251 1264
1251 1265
1251 1266
1251 1267
1251 1268
1252 1253
1252 1254
1252 1255
1252 1256
1252 1257
1252 1258
1252 1259
1252 1260
1252 1261
1252 1262
1252 1263
1252 1264
1252 1265
1252 1266
1252 1267
1252 1268
1253 1254
1253 1255
1253 1256
1253 1257
1253 1258
1253 1259
1253 1260
1253 1261
1253 1262
1253 1263
1253 1264
1253 1265
1253 1266
1253 1267
1253 1268
1254 1255
1254 1256
1254 1257
1254 1258
1254 1259
1254 1260
1254 1261
1254 1262
1254 1263
1254 1264
1254 1265
1254 1266
1254 1267
1254 1268
1255 1256
1255 1257
1255 1258
1255 1259
1255 1260
1255 1261
1255 1262
1255 1263
1255 1264
1255 1265
1255 1266
1255 1267
1255 1268
1256 1257
1256 1258
1256 1259
1256 1260
1256 1261
1256 1262
1256 1263
1256 1264
1256 1265
1256 1266
1256 1267
1256 1268
1257 1258
1257 1259
1257 1260
1257 1261
1257 1262
1257 1263
1257 1264
1257 1265
1257 1266
1257 1267
1257 1268
1258 1259
1258 1260
1258 1261
1258 1262
1258 1263
1258 1264
1258 1265
1258 1266
1258 1267
1258 1268
1259 1260
1259 1261
1259 1262
1259 1263
1259 1264
1259 1265
1259 1266
1259 1267
1259 1268
1260 1261
1260 1262
1260 1263
1260 1264
1260 1265
1260 1266
1260 1267
1260 1268
1261 1262
1261 1263
1261 1264
1261 1265
1261 1266
1261 1267
1261 1268
1262 1263
1262 1264
1262 1265
1262 1266
1262 1267
1262 1268
1263 1264
1263 1265
1263 1266
1263 1267
1263 1268
1264 1265
1264 1266
1264 1267
1264 1268
1265 1266
1265 1267
1265 1268
1266 1267
1266 1268
1267 1268
109 1269
109 1270
109 1271
109 1272
109 1273
109 1274
109 1275
109 1276
109 1277
109 1278
109 1279
109 1280
109 1281
109 1282
109 1283
109 1284
109 1285
109 1286
109 1287
109 1288
1269 1270
1269 1271
1269 1272
1269 1273
1269 1274
1269 1275
1269 1276
1269 1277
1269 1278
1269 1279
1269 1280
1269 1281
1269 1282
1269 1283
1269 1284
1269 1285
1269 1286
1269 1287
1269 1288
1270 1271
1270 1272
1270 1273
1270 1274
1270 1275
1270 1276
1270 1277
1270 1278
1270 1279
1270 1280
1270 1281
1270 1282
1270 1283
1270 1284
1270 1285
1270 1286
1270 1287
1270 1288
1271 1272
1271 1273
1271 1274
1271 1275
1271 1276
1271 1277
1271 1278
1271 1279
1271 1280
1271 1281
1271 1282
1271 1283
1271 1284
1271 1285
1271 1286
1271 1287
1271 1288
1272 1273
1272 1274
1272 1275
1272 1276
1272 1277
1272 1278
1272 1279
1272 1280
1272 1281
1272 1282
1272 1283
1272 1284
1272 1285
1272 1286
1272 1287
1272 1288
1273 1274
1273 1275
1273 1276
1273 1277
1273 1278
1273 1279
1273 1280
1273 1281
1273 1282
1273 1283
1273 1284
1273 1285
1273 1286
1273 1287
1273 1288
1274 1275
1274 1276
1274 1277
1274 1278
1274 1279
1274 1280
1274 1281
1274 1282
1274 1283
1274 1284
1274 1285
1274 1286
1274 1287
1274 1288
1275 1276
1275 1277
1275 1278
1275 1279
1275 1280
1275 1281
1275 1282
1275 1283
1275 1284
1275 1285
1275 1286
1275 1287
1275 1288
1276 1277
1276 1278
1276 1279
1276 1280
1276 1281
1276 1282
1276 1283
1276 1284
1276 1285
1276 1286
1276 1287
1276 1288
1277 1278
1277 1279
1277 1280
1277 1281
1277 1282
1277 1283
1277 1284
1277 1285
1277 1286
1277 1287
1277 1288
1278 1279
1278 1280
1278 1281
1278 1282
1278 1283
1278 1284
1278 1285
1278 1286
1278 1287
1278 1288
1279 1280
1279 1281
1279 1282
1279 1283
1279 1284
1279 1285
1279 1286
1279 1287
1279 1288
1280 1281
1280 1282
1280 1283
1280 1284
1280 1285
1280 1286
1280 1287
1280 1288
1281 1282
1281 1283
1281 1284
1281 1285
1281 1286
1281 1287
1281 1288
1282 1283
1282 1284
1282 1285
1282 1286
1282 1287
1282 1288
1283 1284
1283 1285
1283 1286
1283 1287
1283 1288
1284 1285
1284 1286
1284 1287
1284 1288
1285 1286
1285 1287
1285 1288
1286 1287
1286 1288
1287 1288
110 1289
110 1290
110 1291
110 1292
110 1293
110 1294
110 1295
110 1296
110 1297
110 1298
110 1299
1289 1290
1289 1291
1289 1292
1289 1293
1289 1294
1289 1295
1289 1296
1289 1297
1289 1298
1289 1299
1290 1291
1290 1292
1290 1293
1290 1294
1290 1295
1290 1296
1290 1297
1290 1298
1290 1299
1291 1292
1291 1293
1291 1294
1291 1295
1291 1296
1291 1297
1291 1298
1291 1299
1292 1293
1292 1294
1292 1295
1292 1296
1292 1297
1292 1298
1292 1299
1293 1294
1293 1295
1293 1296
1293 1297
1293 1298
1293 1299
1294 1295
1294 1296
1294 1297
1294 1298
1294 1299
1295 1296
1295 1297
1295 1298
1295 1299
1296 1297
1296 1298
1296 1299
1297 1298
1297 1299
1298 1299
111 141
111 248
111 285
111 872
111 967
111 1300
111 1301
111 1302
111 1303
111 1304
111 1305
111 1306
111 1307
111 1308
111 1309
111 1310
111 1311
111 1312
111 1313
111 1314
111 1315
111 1316
111 1317
111 1318
111 1319
111 1320
111 1321
111 1322
111 1323
111 1324
111 1325
111 1326
111 1327
111 1328
111 1329
111 1330
111 1331
111 1332
111 1333
111 1334
111 1335
111 1336
141 248
141 285
141 872
141 967
141 1300
141 1301
141 1302
141 1303
141 1304
141 1305
141 1306
141 1307
141 1308
141 1309
141 1310
141 1311
141 1312
141 1313
141 1314
141 1315
141 1316
141 1317
141 1318
141 1319
141 1320
141 1321
141 1322
141 1323
141 1324
141 1325
141 1326
141 1327
141 1328
141 1329
141 1330
141 1331
141 1332
141 1333
141 1334
141 1335
141 1336
248 285
248 872
248 967
248 1300
248 1301
248 1302
248 1303
248 1304
248 1305
248 1306
248 1307
248 1308
248 1309
248 1310
248 1311
248 1312
248 1313
248 1314
248 1315
248 1316
248 1317
248 1318
248 1319
248 1320
248 1321
248 1322
248 1323
248 1324
248 1325
248 1326
248 1327
248 1328
248 1329
248 1330
248 1331
248 1332
248 1333
248 1334
248 1335
248 1336
285 872
285 967
285 1300
285 1301
285 1302
285 1303
285 1304
285 1305
285 1306
285 1307
285 1308
285 1309
285 1310
285 1311
285 1312
285 1313
285 1314
285 1315
285 1316
285 1317
285 1318
285 1319
285 1320
285 1321
285 1322
285 1323
285 1324
285 1325
285 1326
285 1327
285 1328
285 1329
285 1330
285 1331
285 1332
285 1333
285 1334
285 1335
285 1336
872 967
872 1300
872 1301
872 1302
872 1303
872 1304
872 1305
872 1306
872 1307
872 1308
872 1309
872 1310
872 1311
872 1312
872 1313
872 1314
872 1315
872 1316
872 1317
872 1318
872 1319
872 1320
872 1321
872 1322
872 1323
872 1324
872 1325
872 1326
872 1327
872 1328
872 1329
872 1330
872 1331
872 1332
872 1333
872 1334
872 1335
872 1336
967 1300
967 1301
967 1302
967 1303
967 1304
967 1305
967 1306
967 1307
967 1308
967 1309
967 1310
967 1311
967 1312
967 1313
967 1314
967 1315
967 1316
967 1317
967 1318
967 1319
967 1320
967 1321
967 1322
967 1323
967 1324
967 1325
967 1326
967 1327
967 1328
967 1329
967 1330
967 1331
967 1332
967 1333
967 1334
967 1335
967 1336
1300 1301
1300 1302
1300 1303
1300 1304
1300 1305
1300 1306
1300 1307
1300 1308
1300 1309
1300 1310
1300 1311
1300 1312
1300 1313
1300 1314
1300 1315
1300 1316
1300 1317
1300 1318
1300 1319
1300 1320
1300 1321
1300 1322
1300 1323
1300 1324
1300 1325
1300 1326
1300 1327
1300 1328
1300 1329
1300 1330
1300 1331
1300 1332
1300 1333
1300 1334
1300 1335
1300 1336
1301 1302
1301 1303
1301 1304
1301 1305
1301 1306
1301 1307
1301 1308
1301 1309
1301 1310
1301 1311
1301 1312
1301 1313
1301 1314
1301 1315
1301 1316
1301 1317
1301 1318
1301 1319
1301 1320
1301 1321
1301 1322
1301 1323
1301 1324
1301 1325
1301 1326
1301 1327
1301 1328
1301 1329
1301 1330
1301 1331
1301 1332
1301 1333
1301 1334
1301 1335
1301 1336
1302 1303
1302 1304
1302 1305
1302 1306
1302 1307
1302 1308
1302 1309
1302 1310
1302 1311
1302 1312
1302 1313
1302 1314
1302 1315
1302 1316
1302 1317
1302 1318
1302 1319
1302 1320
1302 1321
1302 1322
1302 1323
1302 1324
1302 1325
1302 1326
1302 1327
1302 1328
1302 1329
1302 1330
1302 1331
1302 1332
1302 1333
1302 1334
1302 1335
1302 1336
1303 1304
1303 1305
1303 1306
1303 1307
1303 1308
1303 1309
1303 1310
1303 1311
1303 1312
1303 1313
1303 1314
1303 1315
1303 1316
1303 1317
1303 1318
1303 1319
1303 1320
1303 1321
1303 1322
1303 1323
1303 1324
1303 1325
1303 1326
1303 1327
1303 1328
1303 1329
1303 1330
1303 1331
1303 1332
1303 1333
1303 1334
1303 1335
1303 1336
1304 1305
1304 1306
1304 1307
1304 1308
1304 1309
1304 1310
1304 1311
1304 1312
1304 1313
1304 1314
1304 1315
1304 1316
1304 1317
1304 1318
1304 1319
1304 1320
1304 1321
1304 1322
1304 1323
1304 1324
1304 1325
1304 1326
1304 1327
1304 1328
1304 1329
1304 1330
1304 1331
1304 1332
1304 1333
1304 1334
1304 1335
1304 1336
1305 1306
1305 1307
1305 1308
1305 1309
1305 1310
1305 1311
1305 1312
1305 1313
1305 1314
1305 1315
1305 1316
1305 1317
1305 1318
1305 1319
1305 1320
1305 1321
1305 1322
1305 1323
1305 1324
1305 1325
1305 1326
1305 1327
1305 1328
1305 1329
1305 1330
1305 1331
1305 1332
1305 1333
1305 1334
1305 1335
1305 1336
1306 1307
1306 1308
1306 1309
1306 1310
1306 1311
1306 1312
1306 1313
1306 1314
1306 1315
1306 1316
1306 1317
1306 1318
1306 1319
1306 1320
1306 1321
1306 1322
1306 1323
1306 1324
1306 1325
1306 1326
1306 1327
1306 1328
1306 1329
1306 1330
1306 1331
1306 1332
1306 1333
1306 1334
1306 1335
1306 1336
1307 1308
1307 1309
1307 1310
1307 1311
1307 1312
1307 1313
1307 1314
1307 1315
1307 1316
1307 1317
1307 1318
1307 1319
1307 1320
1307 1321
1307 1322
1307 1323
1307 1324
1307 1325
1307 1326
1307 1327
1307 1328
1307 1329
1307 1330
1307 1331
1307 1332
1307 1333
1307 1334
1307 1335
1307 1336
1308 1309
1308 1310
1308 1311
1308 1312
1308 1313
1308 1314
1308 1315
1308 1316
1308 1317
1308 1318
1308 1319
1308 1320
1308 1321
1308 1322
1308 1323
1308 1324
1308 1325
1308 1326
1308 1327
1308 1328
1308 1329
1308 1330
1308 1331
1308 1332
1308 1333
1308 1334
1308 1335
1308 1336
1309 1310
1309 1311
1309 1312
1309 1313
1309 1314
1309 1315
1309 1316
1309 1317
1309 1318
1309 1319
1309 1320
1309 1321
1309 1322
1309 1323
1309 1324
1309 1325
1309 1326
1309 1327
1309 1328
1309 1329
1309 1330
1309 1331
1309 1332
1309 1333
1309 1334
1309 1335
1309 1336
1310 1311
1310 1312
1310 1313
1310 1314
1310 1315
1310 1316
1310 1317
1310 1318
1310 1319
1310 1320
1310 1321
1310 1322
1310 1323
1310 1324
1310 1325
1310 1326
1310 1327
1310 1328
1310 1329
1310 1330
1310 1331
1310 1332
1310 1333
1310 1334
1310 1335
1310 1336
1311 1312
1311 1313
1311 1314
1311 1315
1311 1316
1311 1317
1311 1318
1311 1319
1311 1320
1311 1321
1311 1322
1311 1323
1311 1324
1311 1325
1311 1326
1311 1327
1311 1328
1311 1329
1311 1330
1311 1331
1311 1332
1311 1333
1311 1334
1311 1335
1311 1336
1312 1313
1312 1314
1312 1315
1312 1316
1312 1317
1312 1318
1312 1319
1312 1320
1312 1321
1312 1322
1312 1323
1312 1324
1312 1325
1312 1326
1312 1327
1312 1328
1312 1329
1312 1330
1312 1331
1312 1332
1312 1333
1312 1334
1312 1335
1312 1336
1313 1314
1313 1315
1313 1316
1313 1317
1313 1318
1313 1319
1313 1320
1313 1321
1313 1322
1313 1323
1313 1324
1313 1325
1313 1326
1313 1327
1313 1328
1313 1329
1313 1330
1313 1331
1313 1332
1313 1333
1313 1334
1313 1335
1313 1336
1314 1315
1314 1316
1314 1317
1314 1318
1314 1319
1314 1320
1314 1321
1314 1322
1314 1323
1314 1324
1314 1325
1314 1326
1314 1327
1314 1328
1314 1329
1314 1330
1314 1331
1314 1332
1314 1333
1314 1334
1314 1335
1314 1336
1315 1316
1315 1317
1315 1318
1315 1319
1315 1320
1315 1321
1315 1322
1315 1323
1315 1324
1315 1325
1315 1326
1315 1327
1315 1328
1315 1329
1315 1330
1315 1331
1315 1332
1315 1333
1315 1334
1315 1335
1315 1336
1316 1317
1316 1318
1316 1319
1316 1320
1316 1321
1316 1322
1316 1323
1316 1324
1316 1325
1316 1326
1316 1327
1316 1328
1316 1329
1316 1330
1316 1331
1316 1332
1316 1333
1316 1334
1316 1335
1316 1336
1317 1318
1317 1319
1317 1320
1317 1321
1317 1322
1317 1323
1317 1324
1317 1325
1317 1326
1317 1327
1317 1328
1317 1329
1317 1330
1317 1331
1317 1332
1317 1333
1317 1334
1317 1335
1317 1336
1318 1319
1318 1320
1318 1321
1318 1322
1318 1323
1318 1324
1318 1325
1318 1326
1318 1327
1318 1328
1318 1329
1318 1330
1318 1331
1318 1332
1318 1333
1318 1334
1318 1335
1318 1336
1319 1320
1319 1321
1319 1322
1319 1323
1319 1324
1319 1325
1319 1326
1319 1327
1319 1328
1319 1329
1319 1330
1319 1331
1319 1332
1319 1333
1319 1334
1319 1335
1319 1336
1320 1321
1320 1322
1320 1323
1320 1324
1320 1325
1320 1326
1320 1327
1320 1328
1320 1329
1320 1330
1320 1331
1320 1332
1320 1333
1320 1334
1320 1335
1320 1336
1321 1322
1321 1323
1321 1324
1321 1325
1321 1326
1321 1327
1321 1328
1321 1329
1321 1330
1321 1331
1321 1332
1321 1333
1321 1334
1321 1335
1321 1336
1322 1323
1322 1324
1322 1325
1322 1326
1322 1327
1322 1328
1322 1329
1322 1330
1322 1331
1322 1332
1322 1333
1322 1334
1322 1335
1322 1336
1323 1324
1323 1325
1323 1326
1323 1327
1323 1328
1323 1329
1323 1330
1323 1331
1323 1332
1323 1333
1323 1334
1323 1335
1323 1336
1324 1325
1324 1326
1324 1327
1324 1328
1324 1329
1324 1330
1324 1331
1324 1332
1324 1333
1324 1334
1324 1335
1324 1336
1325 1326
1325 1327
1325 1328
1325 1329
1325 1330
1325 1331
1325 1332
1325 1333
1325 1334
1325 1335
1325 1336
1326 1327
1326 1328
1326 1329
1326 1330
1326 1331
1326 1332
1326 1333
1326 1334
1326 1335
1326 1336
1327 1328
1327 1329
1327 1330
1327 1331
1327 1332
1327 1333
1327 1334
1327 1335
1327 1336
1328 1329
1328 1330
1328 1331
1328 1332
1328 1333
1328 1334
1328 1335
1328 1336
1329 1330
1329 1331
1329 1332
1329 1333
1329 1334
1329 1335
1329 1336
1330 1331
1330 1332
1330 1333
1330 1334
1330 1335
1330 1336
1331 1332
1331 1333
1331 1334
1331 1335
1331 1336
1332 1333
1332 1334
1332 1335
1332 1336
1333 1334
1333 1335
1333 1336
1334 1335
1334 1336
1335 1336
113 1337
113 1338
113 1339
113 1340
113 1341
113 1342
113 1343
113 1344
113 1345
113 1346
113 1347
1337 1338
1337 1339
1337 1340
1337 1341
1337 1342
1337 1343
1337 1344
1337 1345
1337 1346
1337 1347
1338 1339
1338 1340
1338 1341
1338 1342
1338 1343
1338 1344
1338 1345
1338 1346
1338 1347
1339 1340
1339 1341
1339 1342
1339 1343
1339 1344
1339 1345
1339 1346
1339 1347
1340 1341
1340 1342
1340 1343
1340 1344
1340 1345
1340 1346
1340 1347
1341 1342
1341 1343
1341 1344
1341 1345
1341 1346
1341 1347
1342 1343
1342 1344
1342 1345
1342 1346
1342 1347
1343 1344
1343 1345
1343 1346
1343 1347
1344 1345
1344 1346
1344 1347
1345 1346
1345 1347
1346 1347
114 874
114 1348
114 1349
114 1350
114 1351
114 1352
114 1353
114 1354
114 1355
114 1356
114 1357
874 1348
874 1349
874 1350
874 1351
874 1352
874 1353
874 1354
874 1355
874 1356
874 1357
1348 1349
1348 1350
1348 1351
1348 1352
1348 1353
1348 1354
1348 1355
1348 1356
1348 1357
1349 1350
1349 1351
1349 1352
1349 1353
1349 1354
1349 1355
1349 1356
1349 1357
1350 1351
1350 1352
1350 1353
1350 1354
1350 1355
1350 1356
1350 1357
1351 1352
1351 1353
1351 1354
1351 1355
1351 1356
1351 1357
1352 1353
1352 1354
1352 1355
1352 1356
1352 1357
1353 1354
1353 1355
1353 1356
1353 1357
1354 1355
1354 1356
1354 1357
1355 1356
1355 1357
1356 1357
115 319
115 1004
115 1358
115 1359
115 1360
115 1361
115 1362
319 1004
319 1358
319 1359
319 1360
319 1361
319 1362
1004 1358
1004 1359
1004 1360
1004 1361
1004 1362
1358 1359
1358 1360
1358 1361
1358 1362
1359 1360
1359 1361
1359 1362
1360 1361
1360 1362
1361 1362
122 387
122 835
122 895
122 943
122 1363
122 1364
122 1365
122 1366
122 1367
122 1368
122 1369
122 1370
122 1371
122 1372
122 1373
122 1374
122 1375
122 1376
122 1377
122 1378
122 1379
122 1380
122 1381
387 835
387 895
387 943
387 1363
387 1364
387 1365
387 1366
387 1367
387 1368
387 1369
387 1370
387 1371
387 1372
387 1373
387 1374
387 1375
387 1376
387 1377
387 1378
387 1379
387 1380
387 1381
835 895
835 943
835 1363
835 1364
835 1365
835 1366
835 1367
835 1368
835 1369
835 1370
835 1371
835 1372
835 1373
835 1374
835 1375
835 1376
835 1377
835 1378
835 1379
835 1380
835 1381
895 943
895 1363
895 1364
895 1365
895 1366
895 1367
895 1368
895 1369
895 1370
895 1371
895 1372
895 1373
895 1374
895 1375
895 1376
895 1377
895 1378
895 1379
895 1380
895 1381
943 1363
943 1364
943 1365
943 1366
943 1367
943 1368
943 1369
943 1370
943 1371
943 1372
943 1373
943 1374
943 1375
943 1376
943 1377
943 1378
943 1379
943 1380
943 1381
1363 1364
1363 1365
1363 1366
1363 1367
1363 1368
1363 1369
1363 1370
1363 1371
1363 1372
1363 1373
1363 1374
1363 1375
1363 1376
1363 1377
1363 1378
1363 1379
1363 1380
1363 1381
1364 1365
1364 1366
1364 1367
1364 1368
1364 1369
1364 1370
1364 1371
1364 1372
1364 1373
1364 1374
1364 1375
1364 1376
1364 1377
1364 1378
1364 1379
1364 1380
1364 1381
1365 1366
1365 1367
1365 1368
1365 1369
1365 1370
1365 1371
1365 1372
1365 1373
1365 1374
1365 1375
1365 1376
1365 1377
1365 1378
1365 1379
1365 1380
1365 1381
1366 1367
1366 1368
1366 1369
1366 1370
1366 1371
1366 1372
1366 1373
1366 1374
1366 1375
1366 1376
1366 1377
1366 1378
1366 1379
1366 1380
1366 1381
1367 1368
1367 1369
1367 1370
1367 1371
1367 1372
1367 1373
1367 1374
1367 1375
1367 1376
1367 1377
1367 1378
1367 1379
1367 1380
1367 1381
1368 1369
1368 1370
1368 1371
1368 1372
1368 1373
1368 1374
1368 1375
1368 1376
1368 1377
1368 1378
1368 1379
1368 1380
1368 1381
1369 1370
1369 1371
1369 1372
1369 1373
1369 1374
1369 1375
1369 1376
1369 1377
1369 1378
1369 1379
1369 1380
1369 1381
1370 1371
1370 1372
1370 1373
1370 1374
1370 1375
1370 1376
1370 1377
1370 1378
1370 1379
1370 1380
1370 1381
1371 1372
1371 1373
1371 1374
1371 1375
1371 1376
1371 1377
1371 1378
1371 1379
1371 1380
1371 1381
1372 1373
1372 1374
1372 1375
1372 1376
1372 1377
1372 1378
1372 1379
1372 1380
1372 1381
1373 1374
1373 1375
1373 1376
1373 1377
1373 1378
1373 1379
1373 1380
1373 1381
1374 1375
1374 1376
1374 1377
1374 1378
1374 1379
1374 1380
1374 1381
1375 1376
1375 1377
1375 1378
1375 1379
1375 1380
1375 1381
1376 1377
1376 1378
1376 1379
1376 1380
1376 1381
1377 1378
1377 1379
1377 1380
1377 1381
1378 1379
1378 1380
1378 1381
1379 1380
1379 1381
1380 1381
124 1382
124 1383
124 1384
124 1385
124 1386
1382 1383
1382 1384
1382 1385
1382 1386
1383 1384
1383 1385
1383 1386
1384 1385
1384 1386
1385 1386
125 230
125 754
125 1324
125 1387
125 1388
125 1389
125 1390
125 1391
125 1392
125 1393
125 1394
125 1395
125 1396
125 1397
230 754
230 1324
230 1387
230 1388
230 1389
230 1390
230 1391
230 1392
230 1393
230 1394
230 1395
230 1396
230 1397
754 1324
754 1387
754 1388
754 1389
754 1390
754 1391
754 1392
754 1393
754 1394
754 1395
754 1396
754 1397
1324 1387
1324 1388
1324 1389
1324 1390
1324 1391
1324 1392
1324 1393
1324 1394
1324 1395
1324 1396
1324 1397
1387 1388
1387 1389
1387 1390
1387 1391
1387 1392
1387 1393
1387 1394
1387 1395
1387 1396
1387 1397
1388 1389
1388 1390
1388 1391
1388 1392
1388 1393
1388 1394
1388 1395
1388 1396
1388 1397
1389 1390
1389 1391
1389 1392
1389 1393
1389 1394
1389 1395
1389 1396
1389 1397
1390 1391
1390 1392
1390 1393
1390 1394
1390 1395
1390 1396
1390 1397
1391 1392
1391 1393
1391 1394
1391 1395
1391 1396
1391 1397
1392 1393
1392 1394
1392 1395
1392 1396
1392 1397
1393 1394
1393 1395
1393 1396
1393 1397
1394 1395
1394 1396
1394 1397
1395 1396
1395 1397
1396 1397
126 1398
126 1399
126 1400
126 1401
126 1402
126 1403
126 1404
126 1405
126 1406
126 1407
126 1408
126 1409
126 1410
126 1411
126 1412
126 1413
126 1414
126 1415
126 1416
126 1417
126 1418
1398 1399
1398 1400
1398 1401
1398 1402
1398 1403
1398 1404
1398 1405
1398 1406
1398 1407
1398 1408
1398 1409
1398 1410
1398 1411
1398 1412
1398 1413
1398 1414
1398 1415
1398 1416
1398 1417
1398 1418
1399 1400
1399 1401
1399 1402
1399 1403
1399 1404
1399 1405
1399 1406
1399 1407
1399 1408
1399 1409
1399 1410
1399 1411
1399 1412
1399 1413
1399 1414
1399 1415
1399 1416
1399 1417
1399 1418
1400 1401
1400 1402
1400 1403
1400 1404
1400 1405
1400 1406
1400 1407
1400 1408
1400 1409
1400 1410
1400 1411
1400 1412
1400 1413
1400 1414
1400 1415
1400 1416
1400 1417
1400 1418
1401 1402
1401 1403
1401 1404
1401 1405
1401 1406
1401 1407
1401 1408
1401 1409
1401 1410
1401 1411
1401 1412
1401 1413
1401 1414
1401 1415
1401 1416
1401 1417
1401 1418
1402 1403
1402 1404
1402 1405
1402 1406
1402 1407
1402 1408
1402 1409
1402 1410
1402 1411
1402 1412
1402 1413
1402 1414
1402 1415
1402 1416
1402 1417
1402 1418
1403 1404
1403 1405
1403 1406
1403 1407
1403 1408
1403 1409
1403 1410
1403 1411
1403 1412
1403 1413
1403 1414
1403 1415
1403 1416
1403 1417
1403 1418
1404 1405
1404 1406
1404 1407
1404 1408
1404 1409
1404 1410
1404 1411
1404 1412
1404 1413
1404 1414
1404 1415
1404 1416
1404 1417
1404 1418
1405 1406
1405 1407
1405 1408
1405 1409
1405 1410
1405 1411
1405 1412
1405 1413
1405 1414
1405 1415
1405 1416
1405 1417
1405 1418
1406 1407
1406 1408
1406 1409
1406 1410
1406 1411
1406 1412
1406 1413
1406 1414
1406 1415
1406 1416
1406 1417
1406 1418
1407 1408
1407 1409
1407 1410
1407 1411
1407 1412
1407 1413
1407 1414
1407 1415
1407 1416
1407 1417
1407 1418
1408 1409
1408 1410
1408 1411
1408 1412
1408 1413
1408 1414
1408 1415
1408 1416
1408 1417
1408 1418
1409 1410
1409 1411
1409 1412
1409 1413
1409 1414
1409 1415
1409 1416
1409 1417
1409 1418
1410 1411
1410 1412
1410 1413
1410 1414
1410 1415
1410 1416
1410 1417
1410 1418
1411 1412
1411 1413
1411 1414
1411 1415
1411 1416
1411 1417
1411 1418
1412 1413
1412 1414
1412 1415
1412 1416
1412 1417
1412 1418
1413 1414
1413 1415
1413 1416
1413 1417
1413 1418
1414 1415
1414 1416
1414 1417
1414 1418
1415 1416
1415 1417
1415 1418
1416 1417
1416 1418
1417 1418
127 368
127 543
127 1419
127 1420
127 1421
127 1422
127 1423
127 1424
127 1425
127 1426
368 543
368 1419
368 1420
368 1421
368 1422
368 1423
368 1424
368 1425
368 1426
543 1419
543 1420
543 1421
543 1422
543 1423
543 1424
543 1425
543 1426
1419 1420
1419 1421
1419 1422
1419 1423
1419 1424
1419 1425
1419 1426
1420 1421
1420 1422
1420 1423
1420 1424
1420 1425
1420 1426
1421 1422
1421 1423
1421 1424
1421 1425
1421 1426
1422 1423
1422 1424
1422 1425
1422 1426
1423 1424
1423 1425
1423 1426
1424 1425
1424 1426
1425 1426
128 699
128 975
128 1427
128 1428
128 1429
699 975
699 1427
699 1428
699 1429
975 1427
975 1428
975 1429
1427 1428
1427 1429
1428 1429
130 278
130 470
130 1321
130 1398
130 1430
130 1431
130 1432
130 1433
130 1434
130 1435
130 1436
130 1437
130 1438
130 1439
130 1440
130 1441
130 1442
130 1443
130 1444
130 1445
130 1446
130 1447
130 1448
130 1449
130 1450
278 470
278 1321
278 1398
278 1430
278 1431
278 1432
278 1433
278 1434
278 1435
278 1436
278 1437
278 1438
278 1439
278 1440
278 1441
278 1442
278 1443
278 1444
278 1445
278 1446
278 1447
278 1448
278 1449
278 1450
470 1321
470 1398
470 1430
470 1431
470 1432
470 1433
470 1434
470 1435
470 1436
470 1437
470 1438
470 1439
470 1440
470 1441
470 1442
470 1443
470 1444
470 1445
470 1446
470 1447
470 1448
470 1449
470 1450
1321 1398
1321 1430
1321 1431
1321 1432
1321 1433
1321 1434
1321 1435
1321 1436
1321 1437
1321 1438
1321 1439
1321 1440
1321 1441
1321 1442
1321 1443
1321 1444
1321 1445
1321 1446
1321 1447
1321 1448
1321 1449
1321 1450
1398 1430
1398 1431
1398 1432
1398 1433
1398 1434
1398 1435
1398 1436
1398 1437
1398 1438
1398 1439
1398 1440
1398 1441
1398 1442
1398 1443
1398 1444
1398 1445
1398 1446
1398 1447
1398 1448
1398 1449
1398 1450
1430 1431
1430 1432
1430 1433
1430 1434
1430 1435
1430 1436
1430 1437
1430 1438
1430 1439
1430 1440
1430 1441
1430 1442
1430 1443
1430 1444
1430 1445
1430 1446
1430 1447
1430 1448
1430 1449
1430 1450
1431 1432
1431 1433
1431 1434
1431 1435
1431 1436
1431 1437
1431 1438
1431 1439
1431 1440
1431 1441
1431 1442
1431 1443
1431 1444
1431 1445
1431 1446
1431 1447
1431 1448
1431 1449
1431 1450
1432 1433
1432 1434
1432 1435
1432 1436
1432 1437
1432 1438
1432 1439
1432 1440
1432 1441
1432 1442
1432 1443
1432 1444
1432 1445
1432 1446
1432 1447
1432 1448
1432 1449
1432 1450
1433 1434
1433 1435
1433 1436
1433 1437
1433 1438
1433 1439
1433 1440
1433 1441
1433 1442
1433 1443
1433 1444
1433 1445
1433 1446
1433 1447
1433 1448
1433 1449
1433 1450
1434 1435
1434 1436
1434 1437
1434 1438
1434 1439
1434 1440
1434 1441
1434 1442
1434 1443
1434 1444
1434 1445
1434 1446
1434 1447
1434 1448
1434 1449
1434 1450
1435 1436
1435 1437
1435 1438
1435 1439
1435 1440
1435 1441
1435 1442
1435 1443
1435 1444
1435 1445
1435 1446
1435 1447
1435 1448
1435 1449
1435 1450
1436 1437
1436 1438
1436 1439
1436 1440
1436 1441
1436 1442
1436 1443
1436 1444
1436 1445
1436 1446
1436 1447
1436 1448
1436 1449
1436 1450
1437 1438
1437 1439
1437 1440
1437 1441
1437 1442
1437 1443
1437 1444
1437 1445
1437 1446
1437 1447
1437 1448
1437 1449
1437 1450
1438 1439
1438 1440
1438 1441
1438 1442
1438 1443
1438 1444
1438 1445
1438 1446
1438 1447
1438 1448
1438 1449
1438 1450
1439 1440
1439 1441
1439 1442
1439 1443
1439 1444
1439 1445
1439 1446
1439 1447
1439 1448
1439 1449
1439 1450
1440 1441
1440 1442
1440 1443
1440 1444
1440 1445
1440 1446
1440 1447
1440 1448
1440 1449
1440 1450
1441 1442
1441 1443
1441 1444
1441 1445
1441 1446
1441 1447
1441 1448
1441 1449
1441 1450
1442 1443
1442 1444
1442 1445
1442 1446
1442 1447
1442 1448
1442 1449
1442 1450
1443 1444
1443 1445
1443 1446
1443 1447
1443 1448
1443 1449
1443 1450
1444 1445
1444 1446
1444 1447
1444 1448
1444 1449
1444 1450
1445 1446
1445 1447
1445 1448
1445 1449
1445 1450
1446 1447
1446 1448
1446 1449
1446 1450
1447 1448
1447 1449
1447 1450
1448 1449
1448 1450
1449 1450
131 367
131 1211
131 1451
131 1452
131 1453
131 1454
131 1455
131 1456
131 1457
131 1458
131 1459
131 1460
131 1461
131 1462
131 1463
131 1464
131 1465
131 1466
131 1467
131 1468
131 1469
131 1470
367 1211
367 1451
367 1452
367 1453
367 1454
367 1455
367 1456
367 1457
367 1458
367 1459
367 1460
367 1461
367 1462
367 1463
367 1464
367 1465
367 1466
367 1467
367 1468
367 1469
367 1470
1211 1451
1211 1452
1211 1453
1211 1454
1211 1455
1211 1456
1211 1457
1211 1458
1211 1459
1211 1460
1211 1461
1211 1462
1211 1463
1211 1464
1211 1465
1211 1466
1211 1467
1211 1468
1211 1469
1211 1470
1451 1452
1451 1453
1451 1454
1451 1455
1451 1456
1451 1457
1451 1458
1451 1459
1451 1460
1451 1461
1451 1462
1451 1463
1451 1464
1451 1465
1451 1466
1451 1467
1451 1468
1451 1469
1451 1470
1452 1453
1452 1454
1452 1455
1452 1456
1452 1457
1452 1458
1452 1459
1452 1460
1452 1461
1452 1462
1452 1463
1452 1464
1452 1465
1452 1466
1452 1467
1452 1468
1452 1469
1452 1470
1453 1454
1453 1455
1453 1456
1453 1457
1453 1458
1453 1459
1453 1460
1453 1461
1453 1462
1453 1463
1453 1464
1453 1465
1453 1466
1453 1467
1453 1468
1453 1469
1453 1470
1454 1455
1454 1456
1454 1457
1454 1458
1454 1459
1454 1460
1454 1461
1454 1462
1454 1463
1454 1464
1454 1465
1454 1466
1454 1467
1454 1468
1454 1469
1454 1470
1455 1456
1455 1457
1455 1458
1455 1459
1455 1460
1455 1461
1455 1462
1455 1463
1455 1464
1455 1465
1455 1466
1455 1467
1455 1468
1455 1469
1455 1470
1456 1457
1456 1458
1456 1459
1456 1460
1456 1461
1456 1462
1456 1463
1456 1464
1456 1465
1456 1466
1456 1467
1456 1468
1456 1469
1456 1470
1457 1458
1457 1459
1457 1460
1457 1461
1457 1462
1457 1463
1457 1464
1457 1465
1457 1466
1457 1467
1457 1468
1457 1469
1457 1470
1458 1459
1458 1460
1458 1461
1458 1462
1458 1463
1458 1464
1458 1465
1458 1466
1458 1467
1458 1468
1458 1469
1458 1470
1459 1460
1459 1461
1459 1462
1459 1463
1459 1464
1459 1465
1459 1466
1459 1467
1459 1468
1459 1469
1459 1470
1460 1461
1460 1462
1460 1463
1460 1464
1460 1465
1460 1466
1460 1467
1460 1468
1460 1469
1460 1470
1461 1462
1461 1463
1461 1464
1461 1465
1461 1466
1461 1467
1461 1468
1461 1469
1461 1470
1462 1463
1462 1464
1462 1465
1462 1466
1462 1467
1462 1468
1462 1469
1462 1470
1463 1464
1463 1465
1463 1466
1463 1467
1463 1468
1463 1469
1463 1470
1464 1465
1464 1466
1464 1467
1464 1468
1464 1469
1464 1470
1465 1466
1465 1467
1465 1468
1465 1469
1465 1470
1466 1467
1466 1468
1466 1469
1466 1470
1467 1468
1467 1469
1467 1470
1468 1469
1468 1470
1469 1470
142 1471
142 1472
142 1473
142 1474
142 1475
142 1476
142 1477
142 1478
142 1479
142 1480
142 1481
1471 1472
1471 1473
1471 1474
1471 1475
1471 1476
1471 1477
1471 1478
1471 1479
1471 1480
1471 1481
1472 1473
1472 1474
1472 1475
1472 1476
1472 1477
1472 1478
1472 1479
1472 1480
1472 1481
1473 1474
1473 1475
1473 1476
1473 1477
1473 1478
1473 1479
1473 1480
1473 1481
1474 1475
1474 1476
1474 1477
1474 1478
1474 1479
1474 1480
1474 1481
1475 1476
1475 1477
1475 1478
1475 1479
1475 1480
1475 1481
1476 1477
1476 1478
1476 1479
1476 1480
1476 1481
1477 1478
1477 1479
1477 1480
1477 1481
1478 1479
1478 1480
1478 1481
1479 1480
1479 1481
1480 1481
143 1263
143 1482
143 1483
143 1484
143 1485
143 1486
143 1487
1263 1482
1263 1483
1263 1484
1263 1485
1263 1486
1263 1487
1482 1483
1482 1484
1482 1485
1482 1486
1482 1487
1483 1484
1483 1485
1483 1486
1483 1487
1484 1485
1484 1486
1484 1487
1485 1486
1485 1487
1486 1487
144 1132
144 1143
144 1174
144 1193
144 1488
144 1489
144 1490
144 1491
144 1492
144 1493
144 1494
144 1495
144 1496
144 1497
144 1498
144 1499
144 1500
144 1501
144 1502
144 1503
144 1504
1132 1143
1132 1174
1132 1193
1132 1488
1132 1489
1132 1490
1132 1491
1132 1492
1132 1493
1132 1494
1132 1495
1132 1496
1132 1497
1132 1498
1132 1499
1132 1500
1132 1501
1132 1502
1132 1503
1132 1504
1143 1174
1143 1193
1143 1488
1143 1489
1143 1490
1143 1491
1143 1492
1143 1493
1143 1494
1143 1495
1143 1496
1143 1497
1143 1498
1143 1499
1143 1500
1143 1501
1143 1502
1143 1503
1143 1504
1174 1193
1174 1488
1174 1489
1174 1490
1174 1491
1174 1492
1174 1493
1174 1494
1174 1495
1174 1496
1174 1497
1174 1498
1174 1499
1174 1500
1174 1501
1174 1502
1174 1503
1174 1504
1193 1488
1193 1489
1193 1490
1193 1491
1193 1492
1193 1493
1193 1494
1193 1495
1193 1496
1193 1497
1193 1498
1193 1499
1193 1500
1193 1501
1193 1502
1193 1503
1193 1504
1488 1489
1488 1490
1488 1491
1488 1492
1488 1493
1488 1494
1488 1495
1488 1496
1488 1497
1488 1498
1488 1499
1488 1500
1488 1501
1488 1502
1488 1503
1488 1504
1489 1490
1489 1491
1489 1492
1489 1493
1489 1494
1489 1495
1489 1496
1489 1497
1489 1498
1489 1499
1489 1500
1489 1501
1489 1502
1489 1503
1489 1504
1490 1491
1490 1492
1490 1493
1490 1494
1490 1495
1490 1496
1490 1497
1490 1498
1490 1499
1490 1500
1490 1501
1490 1502
1490 1503
1490 1504
1491 1492
1491 1493
1491 1494
1491 1495
1491 1496
1491 1497
1491 1498
1491 1499
1491 1500
1491 1501
1491 1502
1491 1503
1491 1504
1492 1493
1492 1494
1492 1495
1492 1496
1492 1497
1492 1498
1492 1499
1492 1500
1492 1501
1492 1502
1492 1503
1492 1504
1493 1494
1493 1495
1493 1496
1493 1497
1493 1498
1493 1499
1493 1500
1493 1501
1493 1502
1493 1503
1493 1504
1494 1495
1494 1496
1494 1497
1494 1498
1494 1499
1494 1500
1494 1501
1494 1502
1494 1503
1494 1504
1495 1496
1495 1497
1495 1498
1495 1499
1495 1500
1495 1501
1495 1502
1495 1503
1495 1504
1496 1497
1496 1498
1496 1499
1496 1500
1496 1501
1496 1502
1496 1503
1496 1504
1497 1498
1497 1499
1497 1500
1497 1501
1497 1502
1497 1503
1497 1504
1498 1499
1498 1500
1498 1501
1498 1502
1498 1503
1498 1504
1499 1500
1499 1501
1499 1502
1499 1503
1499 1504
1500 1501
1500 1502
1500 1503
1500 1504
1501 1502
1501 1503
1501 1504
1502 1503
1502 1504
1503 1504
145 414
145 1505
145 1506
145 1507
145 1508
145 1509
145 1510
145 1511
145 1512
145 1513
145 1514
414 1505
414 1506
414 1507
414 1508
414 1509
414 1510
414 1511
414 1512
414 1513
414 1514
1505 1506
1505 1507
1505 1508
1505 1509
1505 1510
1505 1511
1505 1512
1505 1513
1505 1514
1506 1507
1506 1508
1506 1509
1506 1510
1506 1511
1506 1512
1506 1513
1506 1514
1507 1508
1507 1509
1507 1510
1507 1511
1507 1512
1507 1513
1507 1514
1508 1509
1508 1510
1508 1511
1508 1512
1508 1513
1508 1514
1509 1510
1509 1511
1509 1512
1509 1513
1509 1514
1510 1511
1510 1512
1510 1513
1510 1514
1511 1512
1511 1513
1511 1514
1512 1513
1512 1514
1513 1514
146 878
146 1480
146 1515
146 1516
146 1517
146 1518
146 1519
146 1520
146 1521
146 1522
146 1523
146 1524
878 1480
878 1515
878 1516
878 1517
878 1518
878 1519
878 1520
878 1521
878 1522
878 1523
878 1524
1480 1515
1480 1516
1480 1517
1480 1518
1480 1519
1480 1520
1480 1521
1480 1522
1480 1523
1480 1524
1515 1516
1515 1517
1515 1518
1515 1519
1515 1520
1515 1521
1515 1522
1515 1523
1515 1524
1516 1517
1516 1518
1516 1519
1516 1520
1516 1521
1516 1522
1516 1523
1516 1524
1517 1518
1517 1519
1517 1520
1517 1521
1517 1522
1517 1523
1517 1524
1518 1519
1518 1520
1518 1521
1518 1522
1518 1523
1518 1524
1519 1520
1519 1521
1519 1522
1519 1523
1519 1524
1520 1521
1520 1522
1520 1523
1520 1524
1521 1522
1521 1523
1521 1524
1522 1523
1522 1524
1523 1524
147 297
147 1487
147 1525
147 1526
147 1527
147 1528
147 1529
147 1530
147 1531
147 1532
147 1533
147 1534
147 1535
147 1536
147 1537
147 1538
147 1539
147 1540
297 1487
297 1525
297 1526
297 1527
297 1528
297 1529
297 1530
297 1531
297 1532
297 1533
297 1534
297 1535
297 1536
297 1537
297 1538
297 1539
297 1540
1487 1525
1487 1526
1487 1527
1487 1528
1487 1529
1487 1530
1487 1531
1487 1532
1487 1533
1487 1534
1487 1535
1487 1536
1487 1537
1487 1538
1487 1539
1487 1540
1525 1526
1525 1527
1525 1528
1525 1529
1525 1530
1525 1531
1525 1532
1525 1533
1525 1534
1525 1535
1525 1536
1525 1537
1525 1538
1525 1539
1525 1540
1526 1527
1526 1528
1526 1529
1526 1530
1526 1531
1526 1532
1526 1533
1526 1534
1526 1535
1526 1536
1526 1537
1526 1538
1526 1539
1526 1540
1527 1528
1527 1529
1527 1530
1527 1531
1527 1532
1527 1533
1527 1534
1527 1535
1527 1536
1527 1537
1527 1538
1527 1539
1527 1540
1528 1529
1528 1530
1528 1531
1528 1532
1528 1533
1528 1534
1528 1535
1528 1536
1528 1537
1528 1538
1528 1539
1528 1540
1529 1530
1529 1531
1529 1532
1529 1533
1529 1534
1529 1535
1529 1536
1529 1537
1529 1538
1529 1539
1529 1540
1530 1531
1530 1532
1530 1533
1530 1534
1530 1535
1530 1536
1530 1537
1530 1538
1530 1539
1530 1540
1531 1532
1531 1533
1531 1534
1531 1535
1531 1536
1531 1537
1531 1538
1531 1539
1531 1540
1532 1533
1532 1534
1532 1535
1532 1536
1532 1537
1532 1538
1532 1539
1532 1540
1533 1534
1533 1535
1533 1536
1533 1537
1533 1538
1533 1539
1533 1540
1534 1535
1534 1536
1534 1537
1534 1538
1534 1539
1534 1540
1535 1536
1535 1537
1535 1538
1535 1539
1535 1540
1536 1537
1536 1538
1536 1539
1536 1540
1537 1538
1537 1539
1537 1540
1538 1539
1538 1540
1539 1540
148 701
148 1378
148 1424
148 1463
148 1541
148 1542
148 1543
148 1544
148 1545
148 1546
148 1547
148 1548
148 1549
148 1550
148 1551
148 1552
148 1553
148 1554
148 1555
148 1556
148 1557
148 1558
148 1559
701 1378
701 1424
701 1463
701 1541
701 1542
701 1543
701 1544
701 1545
701 1546
701 1547
701 1548
701 1549
701 1550
701 1551
701 1552
701 1553
701 1554
701 1555
701 1556
701 1557
701 1558
701 1559
1378 1424
1378 1463
1378 1541
1378 1542
1378 1543
1378 1544
1378 1545
1378 1546
1378 1547
1378 1548
1378 1549
1378 1550
1378 1551
1378 1552
1378 1553
1378 1554
1378 1555
1378 1556
1378 1557
1378 1558
1378 1559
1424 1463
1424 1541
1424 1542
1424 1543
1424 1544
1424 1545
1424 1546
1424 1547
1424 1548
1424 1549
1424 1550
1424 1551
1424 1552
1424 1553
1424 1554
1424 1555
1424 1556
1424 1557
1424 1558
1424 1559
1463 1541
1463 1542
1463 1543
1463 1544
1463 1545
1463 1546
1463 1547
1463 1548
1463 1549
1463 1550
1463 1551
1463 1552
1463 1553
1463 1554
1463 1555
1463 1556
1463 1557
1463 1558
1463 1559
1541 1542
1541 1543
1541 1544
1541 1545
1541 1546
1541 1547
1541 1548
1541 1549
1541 1550
1541 1551
1541 1552
1541 1553
1541 1554
1541 1555
1541 1556
1541 1557
1541 1558
1541 1559
1542 1543
1542 1544
1542 1545
1542 1546
1542 1547
1542 1548
1542 1549
1542 1550
1542 1551
1542 1552
1542 1553
1542 1554
1542 1555
1542 1556
1542 1557
1542 1558
1542 1559
1543 1544
1543 1545
1543 1546
1543 1547
1543 1548
1543 1549
1543 1550
1543 1551
1543 1552
1543 1553
1543 1554
1543 1555
1543 1556
1543 1557
1543 1558
1543 1559
1544 1545
1544 1546
1544 1547
1544 1548
1544 1549
1544 1550
1544 1551
1544 1552
1544 1553
1544 1554
1544 1555
1544 1556
1544 1557
1544 1558
1544 1559
1545 1546
1545 1547
1545 1548
1545 1549
1545 1550
1545 1551
1545 1552
1545 1553
1545 1554
1545 1555
1545 1556
1545 1557
1545 1558
1545 1559
1546 1547
1546 1548
1546 1549
1546 1550
1546 1551
1546 1552
1546 1553
1546 1554
1546 1555
1546 1556
1546 1557
1546 1558
1546 1559
1547 1548
1547 1549
1547 1550
1547 1551
1547 1552
1547 1553
1547 1554
1547 1555
1547 1556
1547 1557
1547 1558
1547 1559
1548 1549
1548 1550
1548 1551
1548 1552
1548 1553
1548 1554
1548 1555
1548 1556
1548 1557
1548 1558
1548 1559
1549 1550
1549 1551
1549 1552
1549 1553
1549 1554
1549 1555
1549 1556
1549 1557
1549 1558
1549 1559
1550 1551
1550 1552
1550 1553
1550 1554
1550 1555
1550 1556
1550 1557
1550 1558
1550 1559
1551 1552
1551 1553
1551 1554
1551 1555
1551 1556
1551 1557
1551 1558
1551 1559
1552 1553
1552 1554
1552 1555
1552 1556
1552 1557
1552 1558
1552 1559
1553 1554
1553 1555
1553 1556
1553 1557
1553 1558
1553 1559
1554 1555
1554 1556
1554 1557
1554 1558
1554 1559
1555 1556
1555 1557
1555 1558
1555 1559
1556 1557
1556 1558
1556 1559
1557 1558
1557 1559
1558 1559
149 533
149 1425
149 1560
149 1561
533 1425
533 1560
533 1561
1425 1560
1425 1561
1560 1561
150 1562
150 1563
150 1564
150 1565
150 1566
150 1567
1562 1563
1562 1564
1562 1565
1562 1566
1562 1567
1563 1564
1563 1565
1563 1566
1563 1567
1564 1565
1564 1566
1564 1567
1565 1566
1565 1567
1566 1567
151 474
152 1568
152 1569
152 1570
152 1571
1568 1569
1568 1570
1568 1571
1569 1570
1569 1571
1570 1571
153 1550
153 1572
153 1573
153 1574
1550 1572
1550 1573
1550 1574
1572 1573
1572 1574
1573 1574
154 1563
154 1575
1563 1575
155 1285
155 1576
155 1577
155 1578
155 1579
155 1580
155 1581
155 1582
155 1583
155 1584
155 1585
155 1586
1285 1576
1285 1577
1285 1578
1285 1579
1285 1580
1285 1581
1285 1582
1285 1583
1285 1584
1285 1585
1285 1586
1576 1577
1576 1578
1576 1579
1576 1580
1576 1581
1576 1582
1576 1583
1576 1584
1576 1585
1576 1586
1577 1578
1577 1579
1577 1580
1577 1581
1577 1582
1577 1583
1577 1584
1577 1585
1577 1586
1578 1579
1578 1580
1578 1581
1578 1582
1578 1583
1578 1584
1578 1585
1578 1586
1579 1580
1579 1581
1579 1582
1579 1583
1579 1584
1579 1585
1579 1586
1580 1581
1580 1582
1580 1583
1580 1584
1580 1585
1580 1586
1581 1582
1581 1583
1581 1584
1581 1585
1581 1586
1582 1583
1582 1584
1582 1585
1582 1586
1583 1584
1583 1585
1583 1586
1584 1585
1584 1586
1585 1586
158 1587
158 1588
1587 1588
159 416
159 706
159 1589
159 1590
159 1591
416 706
416 1589
416 1590
416 1591
706 1589
706 1590
706 1591
1589 1590
1589 1591
1590 1591
160 417
160 597
160 759
160 843
160 1592
160 1593
160 1594
160 1595
160 1596
160 1597
160 1598
160 1599
160 1600
160 1601
160 1602
417 597
417 759
417 843
417 1592
417 1593
417 1594
417 1595
417 1596
417 1597
417 1598
417 1599
417 1600
417 1601
417 1602
597 759
597 843
597 1592
597 1593
597 1594
597 1595
597 1596
597 1597
597 1598
597 1599
597 1600
597 1601
597 1602
759 843
759 1592
759 1593
759 1594
759 1595
759 1596
759 1597
759 1598
759 1599
759 1600
759 1601
759 1602
843 1592
843 1593
843 1594
843 1595
843 1596
843 1597
843 1598
843 1599
843 1600
843 1601
843 1602
1592 1593
1592 1594
1592 1595
1592 1596
1592 1597
1592 1598
1592 1599
1592 1600
1592 1601
1592 1602
1593 1594
1593 1595
1593 1596
1593 1597
1593 1598
1593 1599
1593 1600
1593 1601
1593 1602
1594 1595
1594 1596
1594 1597
1594 1598
1594 1599
1594 1600
1594 1601
1594 1602
1595 1596
1595 1597
1595 1598
1595 1599
1595 1600
1595 1601
1595 1602
1596 1597
1596 1598
1596 1599
1596 1600
1596 1601
1596 1602
1597 1598
1597 1599
1597 1600
1597 1601
1597 1602
1598 1599
1598 1600
1598 1601
1598 1602
1599 1600
1599 1601
1599 1602
1600 1601
1600 1602
1601 1602
162 249
162 385
162 707
162 1603
162 1604
162 1605
162 1606
162 1607
162 1608
162 1609
162 1610
162 1611
162 1612
162 1613
162 1614
162 1615
162 1616
162 1617
162 1618
162 1619
162 1620
162 1621
162 1622
162 1623
162 1624
162 1625
162 1626
162 1627
162 1628
162 1629
249 385
249 707
249 1603
249 1604
249 1605
249 1606
249 1607
249 1608
249 1609
249 1610
249 1611
249 1612
249 1613
249 1614
249 1615
249 1616
249 1617
249 1618
249 1619
249 1620
249 1621
249 1622
249 1623
249 1624
249 1625
249 1626
249 1627
249 1628
249 1629
385 707
385 1603
385 1604
385 1605
385 1606
385 1607
385 1608
385 1609
385 1610
385 1611
385 1612
385 1613
385 1614
385 1615
385 1616
385 1617
385 1618
385 1619
385 1620
385 1621
385 1622
385 1623
385 1624
385 1625
385 1626
385 1627
385 1628
385 1629
707 1603
707 1604
707 1605
707 1606
707 1607
707 1608
707 1609
707 1610
707 1611
707 1612
707 1613
707 1614
707 1615
707 1616
707 1617
707 1618
707 1619
707 1620
707 1621
707 1622
707 1623
707 1624
707 1625
707 1626
707 1627
707 1628
707 1629
1603 1604
1603 1605
1603 1606
1603 1607
1603 1608
1603 1609
1603 1610
1603 1611
1603 1612
1603 1613
1603 1614
1603 1615
1603 1616
1603 1617
1603 1618
1603 1619
1603 1620
1603 1621
1603 1622
1603 1623
1603 1624
1603 1625
1603 1626
1603 1627
1603 1628
1603 1629
1604 1605
1604 1606
1604 1607
1604 1608
1604 1609
1604 1610
1604 1611
1604 1612
1604 1613
1604 1614
1604 1615
1604 1616
1604 1617
1604 1618
1604 1619
1604 1620
1604 1621
1604 1622
1604 1623
1604 1624
1604 1625
1604 1626
1604 1627
1604 1628
1604 1629
1605 1606
1605 1607
1605 1608
1605 1609
1605 1610
1605 1611
1605 1612
1605 1613
1605 1614
1605 1615
1605 1616
1605 1617
1605 1618
1605 1619
1605 1620
1605 1621
1605 1622
1605 1623
1605 1624
1605 1625
1605 1626
1605 1627
1605 1628
1605 1629
1606 1607
1606 1608
1606 1609
1606 1610
1606 1611
1606 1612
1606 1613
1606 1614
1606 1615
1606 1616
1606 1617
1606 1618
1606 1619
1606 1620
1606 1621
1606 1622
1606 1623
1606 1624
1606 1625
1606 1626
1606 1627
1606 1628
1606 1629
1607 1608
1607 1609
1607 1610
1607 1611
1607 1612
1607 1613
1607 1614
1607 1615
1607 1616
1607 1617
1607 1618
1607 1619
1607 1620
1607 1621
1607 1622
1607 1623
1607 1624
1607 1625
1607 1626
1607 1627
1607 1628
1607 1629
1608 1609
1608 1610
1608 1611
1608 1612
1608 1613
1608 1614
1608 1615
1608 1616
1608 1617
1608 1618
1608 1619
1608 1620
1608 1621
1608 1622
1608 1623
1608 1624
1608 1625
1608 1626
1608 1627
1608 1628
1608 1629
1609 1610
1609 1611
1609 1612
1609 1613
1609 1614
1609 1615
1609 1616
1609 1617
1609 1618
1609 1619
1609 1620
1609 1621
1609 1622
1609 1623
1609 1624
1609 1625
1609 1626
1609 1627
1609 1628
1609 1629
1610 1611
1610 1612
1610 1613
1610 1614
1610 1615
1610 1616
1610 1617
1610 1618
1610 1619
1610 1620
1610 1621
1610 1622
1610 1623
1610 1624
1610 1625
1610 1626
1610 1627
1610 1628
1610 1629
1611 1612
1611 1613
1611 1614
1611 1615
1611 1616
1611 1617
1611 1618
1611 1619
1611 1620
1611 1621
1611 1622
1611 1623
1611 1624
1611 1625
1611 1626
1611 1627
1611 1628
1611 1629
1612 1613
1612 1614
1612 1615
1612 1616
1612 1617
1612 1618
1612 1619
1612 1620
1612 1621
1612 1622
1612 1623
1612 1624
1612 1625
1612 1626
1612 1627
1612 1628
1612 1629
1613 1614
1613 1615
1613 1616
1613 1617
1613 1618
1613 1619
1613 1620
1613 1621
1613 1622
1613 1623
1613 1624
1613 1625
1613 1626
1613 1627
1613 1628
1613 1629
1614 1615
1614 1616
1614 1617
1614 1618
1614 1619
1614 1620
1614 1621
1614 1622
1614 1623
1614 1624
1614 1625
1614 1626
1614 1627
1614 1628
1614 1629
1615 1616
1615 1617
1615 1618
1615 1619
1615 1620
1615 1621
1615 1622
1615 1623
1615 1624
1615 1625
1615 1626
1615 1627
1615 1628
1615 1629
1616 1617
1616 1618
1616 1619
1616 1620
1616 1621
1616 1622
1616 1623
1616 1624
1616 1625
1616 1626
1616 1627
1616 1628
1616 1629
1617 1618
1617 1619
1617 1620
1617 1621
1617 1622
1617 1623
1617 1624
1617 1625
1617 1626
1617 1627
1617 1628
1617 1629
1618 1619
1618 1620
1618 1621
1618 1622
1618 1623
1618 1624
1618 1625
1618 1626
1618 1627
1618 1628
1618 1629
1619 1620
1619 1621
1619 1622
1619 1623
1619 1624
1619 1625
1619 1626
1619 1627
1619 1628
1619 1629
1620 1621
1620 1622
1620 1623
1620 1624
1620 1625
1620 1626
1620 1627
1620 1628
1620 1629
1621 1622
1621 1623
1621 1624
1621 1625
1621 1626
1621 1627
1621 1628
1621 1629
1622 1623
1622 1624
1622 1625
1622 1626
1622 1627
1622 1628
1622 1629
1623 1624
1623 1625
1623 1626
1623 1627
1623 1628
1623 1629
1624 1625
1624 1626
1624 1627
1624 1628
1624 1629
1625 1626
1625 1627
1625 1628
1625 1629
1626 1627
1626 1628
1626 1629
1627 1628
1627 1629
1628 1629
163 279
163 419
163 649
163 1071
163 1630
163 1631
163 1632
163 1633
163 1634
163 1635
163 1636
163 1637
163 1638
163 1639
163 1640
279 419
279 649
279 1071
279 1630
279 1631
279 1632
279 1633
279 1634
279 1635
279 1636
279 1637
279 1638
279 1639
279 1640
419 649
419 1071
419 1630
419 1631
419 1632
419 1633
419 1634
419 1635
419 1636
419 1637
419 1638
419 1639
419 1640
649 1071
649 1630
649 1631
649 1632
649 1633
649 1634
649 1635
649 1636
649 1637
649 1638
649 1639
649 1640
1071 1630
1071 1631
1071 1632
1071 1633
1071 1634
1071 1635
1071 1636
1071 1637
1071 1638
1071 1639
1071 1640
1630 1631
1630 1632
1630 1633
1630 1634
1630 1635
1630 1636
1630 1637
1630 1638
1630 1639
1630 1640
1631 1632
1631 1633
1631 1634
1631 1635
1631 1636
1631 1637
1631 1638
1631 1639
1631 1640
1632 1633
1632 1634
1632 1635
1632 1636
1632 1637
1632 1638
1632 1639
1632 1640
1633 1634
1633 1635
1633 1636
1633 1637
1633 1638
1633 1639
1633 1640
1634 1635
1634 1636
1634 1637
1634 1638
1634 1639
1634 1640
1635 1636
1635 1637
1635 1638
1635 1639
1635 1640
1636 1637
1636 1638
1636 1639
1636 1640
1637 1638
1637 1639
1637 1640
1638 1639
1638 1640
1639 1640
166 337
166 418
166 648
166 678
166 760
166 879
166 920
166 981
166 1015
166 1331
166 1355
166 1446
166 1600
166 1641
166 1642
166 1643
166 1644
166 1645
166 1646
166 1647
166 1648
166 1649
166 1650
166 1651
166 1652
166 1653
166 1654
166 1655
166 1656
166 1657
166 1658
166 1659
166 1660
166 1661
166 1662
166 1663
166 1664
166 1665
166 1666
166 1667
166 1668
166 1669
166 1670
166 1671
166 1672
166 1673
166 1674
166 1675
166 1676
166 1677
166 1678
166 1679
166 1680
166 1681
166 1682
166 1683
166 1684
166 1685
166 1686
166 1687
166 1688
166 1689
166 1690
166 1691
166 1692
166 1693
166 1694
166 1695
166 1696
166 1697
337 418
337 648
337 678
337 760
337 879
337 920
337 981
337 1015
337 1331
337 1355
337 1446
337 1600
337 1641
337 1642
337 1643
337 1644
337 1645
337 1646
337 1647
337 1648
337 1649
337 1650
337 1651
337 1652
337 1653
337 1654
337 1655
337 1656
337 1657
337 1658
337 1659
337 1660
337 1661
337 1662
337 1663
337 1664
337 1665
337 1666
337 1667
337 1668
337 1669
337 1670
337 1671
337 1672
337 1673
337 1674
337 1675
337 1676
337 1677
337 1678
337 1679
337 1680
337 1681
337 1682
337 1683
337 1684
337 1685
337 1686
337 1687
337 1688
337 1689
337 1690
337 1691
337 1692
337 1693
337 1694
337 1695
337 1696
337 1697
418 648
418 678
418 760
418 879
418 920
418 981
418 1015
418 1331
418 1355
418 1446
418 1600
418 1641
418 1642
418 1643
418 1644
418 1645
418 1646
418 1647
418 1648
418 1649
418 1650
418 1651
418 1652
418 1653
418 1654
418 1655
418 1656
418 1657
418 1658
418 1659
418 1660
418 1661
418 1662
418 1663
418 1664
418 1665
418 1666
418 1667
418 1668
418 1669
418 1670
418 1671
418 1672
418 1673
418 1674
418 1675
418 1676
418 1677
418 1678
418 1679
418 1680
418 1681
418 1682
418 1683
418 1684
418 1685
418 1686
418 1687
418 1688
418 1689
418 1690
418 1691
418 1692
418 1693
418 1694
418 1695
418 1696
418 1697
648 678
648 760
648 879
648 920
648 981
648 1015
648 1331
648 1355
648 1446
648 1600
648 1641
648 1642
648 1643
648 1644
648 1645
648 1646
648 1647
648 1648
648 1649
648 1650
648 1651
648 1652
648 1653
648 1654
648 1655
648 1656
648 1657
648 1658
648 1659
648 1660
648 1661
648 1662
648 1663
648 1664
648 1665
648 1666
648 1667
648 1668
648 1669
648 1670
648 1671
648 1672
648 1673
648 1674
648 1675
648 1676
648 1677
648 1678
648 1679
648 1680
648 1681
648 1682
648 1683
648 1684
648 1685
648 1686
648 1687
648 1688
648 1689
648 1690
648 1691
648 1692
648 1693
648 1694
648 1695
648 1696
648 1697
678 760
678 879
678 920
678 981
678 1015
678 1331
678 1355
678 1446
678 1600
678 1641
678 1642
678 1643
678 1644
678 1645
678 1646
678 1647
678 1648
678 1649
678 1650
678 1651
678 1652
678 1653
678 1654
678 1655
678 1656
678 1657
678 1658
678 1659
678 1660
678 1661
678 1662
678 1663
678 1664
678 1665
678 1666
678 1667
678 1668
678 1669
678 1670
678 1671
678 1672
678 1673
678 1674
678 1675
678 1676
678 1677
678 1678
678 1679
678 1680
678 1681
678 1682
678 1683
678 1684
678 1685
678 1686
678 1687
678 1688
678 1689
678 1690
678 1691
678 1692
678 1693
678 1694
678 1695
678 1696
678 1697
760 879
760 920
760 981
760 1015
760 1331
760 1355
760 1446
760 1600
760 1641
760 1642
760 1643
760 1644
760 1645
760 1646
760 1647
760 1648
760 1649
760 1650
760 1651
760 1652
760 1653
760 1654
760 1655
760 1656
760 1657
760 1658
760 1659
760 1660
760 1661
760 1662
760 1663
760 1664
760 1665
760 1666
760 1667
760 1668
760 1669
760 1670
760 1671
760 1672
760 1673
760 1674
760 1675
760 1676
760 1677
760 1678
760 1679
760 1680
760 1681
760 1682
760 1683
760 1684
760 1685
760 1686
760 1687
760 1688
760 1689
760 1690
760 1691
760 1692
760 1693
760 1694
760 1695
760 1696
760 1697
879 920
879 981
879 1015
879 1331
879 1355
879 1446
879 1600
879 1641
879 1642
879 1643
879 1644
879 1645
879 1646
879 1647
879 1648
879 1649
879 1650
879 1651
879 1652
879 1653
879 1654
879 1655
879 1656
879 1657
879 1658
879 1659
879 1660
879 1661
879 1662
879 1663
879 1664
879 1665
879 1666
879 1667
879 1668
879 1669
879 1670
879 1671
879 1672
879 1673
879 1674
879 1675
879 1676
879 1677
879 1678
879 1679
879 1680
879 1681
879 1682
879 1683
879 1684
879 1685
879 1686
879 1687
879 1688
879 1689
879 1690
879 1691
879 1692
879 1693
879 1694
879 1695
879 1696
879 1697
920 981
920 1015
920 1331
920 1355
920 1446
920 1600
920 1641
920 1642
920 1643
920 1644
920 1645
920 1646
920 1647
920 1648
920 1649
920 1650
920 1651
920 1652
920 1653
920 1654
920 1655
920 1656
920 1657
920 1658
920 1659
920 1660
920 1661
920 1662
920 1663
920 1664
920 1665
920 1666
920 1667
920 1668
920 1669
920 1670
920 1671
920 1672
920 1673
920 1674
920 1675
920 1676
920 1677
920 1678
920 1679
920 1680
920 1681
920 1682
920 1683
920 1684
920 1685
920 1686
920 1687
920 1688
920 1689
920 1690
920 1691
920 1692
920 1693
920 1694
920 1695
920 1696
920 1697
981 1015
981 1331
981 1355
981 1446
981 1600
981 1641
981 1642
981 1643
981 1644
981 1645
981 1646
981 1647
981 1648
981 1649
981 1650
981 1651
981 1652
981 1653
981 1654
981 1655
981 1656
981 1657
981 1658
981 1659
981 1660
981 1661
981 1662
981 1663
981 1664
981 1665
981 1666
981 1667
981 1668
981 1669
981 1670
981 1671
981 1672
981 1673
981 1674
981 1675
981 1676
981 1677
981 1678
981 1679
981 1680
981 1681
981 1682
981 1683
981 1684
981 1685
981 1686
981 1687
981 1688
981 1689
981 1690
981 1691
981 1692
981 1693
981 1694
981 1695
981 1696
981 1697
1015 1331
1015 1355
1015 1446
1015 1600
1015 1641
1015 1642
1015 1643
1015 1644
1015 1645
1015 1646
1015 1647
1015 1648
1015 1649
1015 1650
1015 1651
1015 1652
1015 1653
1015 1654
1015 1655
1015 1656
1015 1657
1015 1658
1015 1659
1015 1660
1015 1661
1015 1662
1015 1663
1015 1664
1015 1665
1015 1666
1015 1667
1015 1668
1015 1669
1015 1670
1015 1671
1015 1672
1015 1673
1015 1674
1015 1675
1015 1676
1015 1677
1015 1678
1015 1679
1015 1680
1015 1681
1015 1682
1015 1683
1015 1684
1015 1685
1015 1686
1015 1687
1015 1688
1015 1689
1015 1690
1015 1691
1015 1692
1015 1693
1015 1694
1015 1695
1015 1696
1015 1697
1331 1355
1331 1446
1331 1600
1331 1641
1331 1642
1331 1643
1331 1644
1331 1645
1331 1646
1331 1647
1331 1648
1331 1649
1331 1650
1331 1651
1331 1652
1331 1653
1331 1654
1331 1655
1331 1656
1331 1657
1331 1658
1331 1659
1331 1660
1331 1661
1331 1662
1331 1663
1331 1664
1331 1665
1331 1666
1331 1667
1331 1668
1331 1669
1331 1670
1331 1671
1331 1672
1331 1673
1331 1674
1331 1675
1331 1676
1331 1677
1331 1678
1331 1679
1331 1680
1331 1681
1331 1682
1331 1683
1331 1684
1331 1685
1331 1686
1331 1687
1331 1688
1331 1689
1331 1690
1331 1691
1331 1692
1331 1693
1331 1694
1331 1695
1331 1696
1331 1697
1355 1446
1355 1600
1355 1641
1355 1642
1355 1643
1355 1644
1355 1645
1355 1646
1355 1647
1355 1648
1355 1649
1355 1650
1355 1651
1355 1652
1355 1653
1355 1654
1355 1655
1355 1656
1355 1657
1355 1658
1355 1659
1355 1660
1355 1661
1355 1662
1355 1663
1355 1664
1355 1665
1355 1666
1355 1667
1355 1668
1355 1669
1355 1670
1355 1671
1355 1672
1355 1673
1355 1674
1355 1675
1355 1676
1355 1677
1355 1678
1355 1679
1355 1680
1355 1681
1355 1682
1355 1683
1355 1684
1355 1685
1355 1686
1355 1687
1355 1688
1355 1689
1355 1690
1355 1691
1355 1692
1355 1693
1355 1694
1355 1695
1355 1696
1355 1697
1446 1600
1446 1641
1446 1642
1446 1643
1446 1644
1446 1645
1446 1646
1446 1647
1446 1648
1446 1649
1446 1650
1446 1651
1446 1652
1446 1653
1446 1654
1446 1655
1446 1656
1446 1657
1446 1658
1446 1659
1446 1660
1446 1661
1446 1662
1446 1663
1446 1664
1446 1665
1446 1666
1446 1667
1446 1668
1446 1669
1446 1670
1446 1671
1446 1672
1446 1673
1446 1674
1446 1675
1446 1676
1446 1677
1446 1678
1446 1679
1446 1680
1446 1681
1446 1682
1446 1683
1446 1684
1446 1685
1446 1686
1446 1687
1446 1688
1446 1689
1446 1690
1446 1691
1446 1692
1446 1693
1446 1694
1446 1695
1446 1696
1446 1697
1600 1641
1600 1642
1600 1643
1600 1644
1600 1645
1600 1646
1600 1647
1600 1648
1600 1649
1600 1650
1600 1651
1600 1652
1600 1653
1600 1654
1600 1655
1600 1656
1600 1657
1600 1658
1600 1659
1600 1660
1600 1661
1600 1662
1600 1663
1600 1664
1600 1665
1600 1666
1600 1667
1600 1668
1600 1669
1600 1670
1600 1671
1600 1672
1600 1673
1600 1674
1600 1675
1600 1676
1600 1677
1600 1678
1600 1679
1600 1680
1600 1681
1600 1682
1600 1683
1600 1684
1600 1685
1600 1686
1600 1687
1600 1688
1600 1689
1600 1690
1600 1691
1600 1692
1600 1693
1600 1694
1600 1695
1600 1696
1600 1697
1641 1642
1641 1643
1641 1644
1641 1645
1641 1646
1641 1647
1641 1648
1641 1649
1641 1650
1641 1651
1641 1652
1641 1653
1641 1654
1641 1655
1641 1656
1641 1657
1641 1658
1641 1659
1641 1660
1641 1661
1641 1662
1641 1663
1641 1664
1641 1665
1641 1666
1641 1667
1641 1668
1641 1669
1641 1670
1641 1671
1641 1672
1641 1673
1641 1674
1641 1675
1641 1676
1641 1677
1641 1678
1641 1679
1641 1680
1641 1681
1641 1682
1641 1683
1641 1684
1641 1685
1641 1686
1641 1687
1641 1688
1641 1689
1641 1690
1641 1691
1641 1692
1641 1693
1641 1694
1641 1695
1641 1696
1641 1697
1642 1643
1642 1644
1642 1645
1642 1646
1642 1647
1642 1648
1642 1649
1642 1650
1642 1651
1642 1652
1642 1653
1642 1654
1642 1655
1642 1656
1642 1657
1642 1658
1642 1659
1642 1660
1642 1661
1642 1662
1642 1663
1642 1664
1642 1665
1642 1666
1642 1667
1642 1668
1642 1669
1642 1670
1642 1671
1642 1672
1642 1673
1642 1674
1642 1675
1642 1676
1642 1677
1642 1678
1642 1679
1642 1680
1642 1681
1642 1682
1642 1683
1642 1684
1642 1685
1642 1686
1642 1687
1642 1688
1642 1689
1642 1690
1642 1691
1642 1692
1642 1693
1642 1694
1642 1695
1642 1696
1642 1697
1643 1644
1643 1645
1643 1646
1643 1647
1643 1648
1643 1649
1643 1650
1643 1651
1643 1652
1643 1653
1643 1654
1643 1655
1643 1656
1643 1657
1643 1658
1643 1659
1643 1660
1643 1661
1643 1662
1643 1663
1643 1664
1643 1665
1643 1666
1643 1667
1643 1668
1643 1669
1643 1670
1643 1671
1643 1672
1643 1673
1643 1674
1643 1675
1643 1676
1643 1677
1643 1678
1643 1679
1643 1680
1643 1681
1643 1682
1643 1683
1643 1684
1643 1685
1643 1686
1643 1687
1643 1688
1643 1689
1643 1690
1643 1691
1643 1692
1643 1693
1643 1694
1643 1695
1643 1696
1643 1697
1644 1645
1644 1646
1644 1647
1644 1648
1644 1649
1644 1650
1644 1651
1644 1652
1644 1653
1644 1654
1644 1655
1644 1656
1644 1657
1644 1658
1644 1659
1644 1660
1644 1661
1644 1662
1644 1663
1644 1664
1644 1665
1644 1666
1644 1667
1644 1668
1644 1669
1644 1670
1644 1671
1644 1672
1644 1673
1644 1674
1644 1675
1644 1676
1644 1677
1644 1678
1644 1679
1644 1680
1644 1681
1644 1682
1644 1683
1644 1684
1644 1685
1644 1686
1644 1687
1644 1688
1644 1689
1644 1690
1644 1691
1644 1692
1644 1693
1644 1694
1644 1695
1644 1696
1644 1697
1645 1646
1645 1647
1645 1648
1645 1649
1645 1650
1645 1651
1645 1652
1645 1653
1645 1654
1645 1655
1645 1656
1645 1657
1645 1658
1645 1659
1645 1660
1645 1661
1645 1662
1645 1663
1645 1664
1645 1665
1645 1666
1645 1667
1645 1668
1645 1669
1645 1670
1645 1671
1645 1672
1645 1673
1645 1674
1645 1675
1645 1676
1645 1677
1645 1678
1645 1679
1645 1680
1645 1681
1645 1682
1645 1683
1645 1684
1645 1685
1645 1686
1645 1687
1645 1688
1645 1689
1645 1690
1645 1691
1645 1692
1645 1693
1645 1694
1645 1695
1645 1696
1645 1697
1646 1647
1646 1648
1646 1649
1646 1650
1646 1651
1646 1652
1646 1653
1646 1654
1646 1655
1646 1656
1646 1657
1646 1658
1646 1659
1646 1660
1646 1661
1646 1662
1646 1663
1646 1664
1646 1665
1646 1666
1646 1667
1646 1668
1646 1669
1646 1670
1646 1671
1646 1672
1646 1673
1646 1674
1646 1675
1646 1676
1646 1677
1646 1678
1646 1679
1646 1680
1646 1681
1646 1682
1646 1683
1646 1684
1646 1685
1646 1686
1646 1687
1646 1688
1646 1689
1646 1690
1646 1691
1646 1692
1646 1693
1646 1694
1646 1695
1646 1696
1646 1697
1647 1648
1647 1649
1647 1650
1647 1651
1647 1652
1647 1653
1647 1654
1647 1655
1647 1656
1647 1657
1647 1658
1647 1659
1647 1660
1647 1661
1647 1662
1647 1663
1647 1664
1647 1665
1647 1666
1647 1667
1647 1668
1647 1669
1647 1670
1647 1671
1647 1672
1647 1673
1647 1674
1647 1675
1647 1676
1647 1677
1647 1678
1647 1679
1647 1680
1647 1681
1647 1682
1647 1683
1647 1684
1647 1685
1647 1686
1647 1687
1647 1688
1647 1689
1647 1690
1647 1691
1647 1692
1647 1693
1647 1694
1647 1695
1647 1696
1647 1697
1648 1649
1648 1650
1648 1651
1648 1652
1648 1653
1648 1654
1648 1655
1648 1656
1648 1657
1648 1658
1648 1659
1648 1660
1648 1661
1648 1662
1648 1663
1648 1664
1648 1665
1648 1666
1648 1667
1648 1668
1648 1669
1648 1670
1648 1671
1648 1672
1648 1673
1648 1674
1648 1675
1648 1676
1648 1677
1648 1678
1648 1679
1648 1680
1648 1681
1648 1682
1648 1683
1648 1684
1648 1685
1648 1686
1648 1687
1648 1688
1648 1689
1648 1690
1648 1691
1648 1692
1648 1693
1648 1694
1648 1695
1648 1696
1648 1697
1649 1650
1649 1651
1649 1652
1649 1653
1649 1654
1649 1655
1649 1656
1649 1657
1649 1658
1649 1659
1649 1660
1649 1661
1649 1662
1649 1663
1649 1664
1649 1665
1649 1666
1649 1667
1649 1668
1649 1669
1649 1670
1649 1671
1649 1672
1649 1673
1649 1674
1649 1675
1649 1676
1649 1677
1649 1678
1649 1679
1649 1680
1649 1681
1649 1682
1649 1683
1649 1684
1649 1685
1649 1686
1649 1687
1649 1688
1649 1689
1649 1690
1649 1691
1649 1692
1649 1693
1649 1694
1649 1695
1649 1696
1649 1697
1650 1651
1650 1652
1650 1653
1650 1654
1650 1655
1650 1656
1650 1657
1650 1658
1650 1659
1650 1660
1650 1661
1650 1662
1650 1663
1650 1664
1650 1665
1650 1666
1650 1667
1650 1668
1650 1669
1650 1670
1650 1671
1650 1672
1650 1673
1650 1674
1650 1675
1650 1676
1650 1677
1650 1678
1650 1679
1650 1680
1650 1681
1650 1682
1650 1683
1650 1684
1650 1685
1650 1686
1650 1687
1650 1688
1650 1689
1650 1690
1650 1691
1650 1692
1650 1693
1650 1694
1650 1695
1650 1696
1650 1697
1651 1652
1651 1653
1651 1654
1651 1655
1651 1656
1651 1657
1651 1658
1651 1659
1651 1660
1651 1661
1651 1662
1651 1663
1651 1664
1651 1665
1651 1666
1651 1667
1651 1668
1651 1669
1651 1670
1651 1671
1651 1672
1651 1673
1651 1674
1651 1675
1651 1676
1651 1677
1651 1678
1651 1679
1651 1680
1651 1681
1651 1682
1651 1683
1651 1684
1651 1685
1651 1686
1651 1687
1651 1688
1651 1689
1651 1690
1651 1691
1651 1692
1651 1693
1651 1694
1651 1695
1651 1696
1651 1697
1652 1653
1652 1654
1652 1655
1652 1656
1652 1657
1652 1658
1652 1659
1652 1660
1652 1661
1652 1662
1652 1663
1652 1664
1652 1665
1652 1666
1652 1667
1652 1668
1652 1669
1652 1670
1652 1671
1652 1672
1652 1673
1652 1674
1652 1675
1652 1676
1652 1677
1652 1678
1652 1679
1652 1680
1652 1681
1652 1682
1652 1683
1652 1684
1652 1685
1652 1686
1652 1687
1652 1688
1652 1689
1652 1690
1652 1691
1652 1692
1652 1693
1652 1694
1652 1695
1652 1696
1652 1697
1653 1654
1653 1655
1653 1656
1653 1657
1653 1658
1653 1659
1653 1660
1653 1661
1653 1662
1653 1663
1653 1664
1653 1665
1653 1666
1653 1667
1653 1668
1653 1669
1653 1670
1653 1671
1653 1672
1653 1673
1653 1674
1653 1675
1653 1676
1653 1677
1653 1678
1653 1679
1653 1680
1653 1681
1653 1682
1653 1683
1653 1684
1653 1685
1653 1686
1653 1687
1653 1688
1653 1689
1653 1690
1653 1691
1653 1692
1653 1693
1653 1694
1653 1695
1653 1696
1653 1697
1654 1655
1654 1656
1654 1657
1654 1658
1654 1659
1654 1660
1654 1661
1654 1662
1654 1663
1654 1664
1654 1665
1654 1666
1654 1667
1654 1668
1654 1669
1654 1670
1654 1671
1654 1672
1654 1673
1654 1674
1654 1675
1654 1676
1654 1677
1654 1678
1654 1679
1654 1680
1654 1681
1654 1682
1654 1683
1654 1684
1654 1685
1654 1686
1654 1687
1654 1688
1654 1689
1654 1690
1654 1691
1654 1692
1654 1693
1654 1694
1654 1695
1654 1696
1654 1697
1655 1656
1655 1657
1655 1658
1655 1659
1655 1660
1655 1661
1655 1662
1655 1663
1655 1664
1655 1665
1655 1666
1655 1667
1655 1668
1655 1669
1655 1670
1655 1671
1655 1672
1655 1673
1655 1674
1655 1675
1655 1676
1655 1677
1655 1678
1655 1679
1655 1680
1655 1681
1655 1682
1655 1683
1655 1684
1655 1685
1655 1686
1655 1687
1655 1688
1655 1689
1655 1690
1655 1691
1655 1692
1655 1693
1655 1694
1655 1695
1655 1696
1655 1697
1656 1657
1656 1658
1656 1659
1656 1660
1656 1661
1656 1662
1656 1663
1656 1664
1656 1665
1656 1666
1656 1667
1656 1668
1656 1669
1656 1670
1656 1671
1656 1672
1656 1673
1656 1674
1656 1675
1656 1676
1656 1677
1656 1678
1656 1679
1656 1680
1656 1681
1656 1682
1656 1683
1656 1684
1656 1685
1656 1686
1656 1687
1656 1688
1656 1689
1656 1690
1656 1691
1656 1692
1656 1693
1656 1694
1656 1695
1656 1696
1656 1697
1657 1658
1657 1659
1657 1660
1657 1661
1657 1662
1657 1663
1657 1664
1657 1665
1657 1666
1657 1667
1657 1668
1657 1669
1657 1670
1657 1671
1657 1672
1657 1673
1657 1674
1657 1675
1657 1676
1657 1677
1657 1678
1657 1679
1657 1680
1657 1681
1657 1682
1657 1683
1657 1684
1657 1685
1657 1686
1657 1687
1657 1688
1657 1689
1657 1690
1657 1691
1657 1692
1657 1693
1657 1694
1657 1695
1657 1696
1657 1697
1658 1659
1658 1660
1658 1661
1658 1662
1658 1663
1658 1664
1658 1665
1658 1666
1658 1667
1658 1668
1658 1669
1658 1670
1658 1671
1658 1672
1658 1673
1658 1674
1658 1675
1658 1676
1658 1677
1658 1678
1658 1679
1658 1680
1658 1681
1658 1682
1658 1683
1658 1684
1658 1685
1658 1686
1658 1687
1658 1688
1658 1689
1658 1690
1658 1691
1658 1692
1658 1693
1658 1694
1658 1695
1658 1696
1658 1697
1659 1660
1659 1661
1659 1662
1659 1663
1659 1664
1659 1665
1659 1666
1659 1667
1659 1668
1659 1669
1659 1670
1659 1671
1659 1672
1659 1673
1659 1674
1659 1675
1659 1676
1659 1677
1659 1678
1659 1679
1659 1680
1659 1681
1659 1682
1659 1683
1659 1684
1659 1685
1659 1686
1659 1687
1659 1688
1659 1689
1659 1690
1659 1691
1659 1692
1659 1693
1659 1694
1659 1695
1659 1696
1659 1697
1660 1661
1660 1662
1660 1663
1660 1664
1660 1665
1660 1666
1660 1667
1660 1668
1660 1669
1660 1670
1660 1671
1660 1672
1660 1673
1660 1674
1660 1675
1660 1676
1660 1677
1660 1678
1660 1679
1660 1680
1660 1681
1660 1682
1660 1683
1660 1684
1660 1685
1660 1686
1660 1687
1660 1688
1660 1689
1660 1690
1660 1691
1660 1692
1660 1693
1660 1694
1660 1695
1660 1696
1660 1697
1661 1662
1661 1663
1661 1664
1661 1665
1661 1666
1661 1667
1661 1668
1661 1669
1661 1670
1661 1671
1661 1672
1661 1673
1661 1674
1661 1675
1661 1676
1661 1677
1661 1678
1661 1679
1661 1680
1661 1681
1661 1682
1661 1683
1661 1684
1661 1685
1661 1686
1661 1687
1661 1688
1661 1689
1661 1690
1661 1691
1661 1692
1661 1693
1661 1694
1661 1695
1661 1696
1661 1697
1662 1663
1662 1664
1662 1665
1662 1666
1662 1667
1662 1668
1662 1669
1662 1670
1662 1671
1662 1672
1662 1673
1662 1674
1662 1675
1662 1676
1662 1677
1662 1678
1662 1679
1662 1680
1662 1681
1662 1682
1662 1683
1662 1684
1662 1685
1662 1686
1662 1687
1662 1688
1662 1689
1662 1690
1662 1691
1662 1692
1662 1693
1662 1694
1662 1695
1662 1696
1662 1697
1663 1664
1663 1665
1663 1666
1663 1667
1663 1668
1663 1669
1663 1670
1663 1671
1663 1672
1663 1673
1663 1674
1663 1675
1663 1676
1663 1677
1663 1678
1663 1679
1663 1680
1663 1681
1663 1682
1663 1683
1663 1684
1663 1685
1663 1686
1663 1687
1663 1688
1663 1689
1663 1690
1663 1691
1663 1692
1663 1693
1663 1694
1663 1695
1663 1696
1663 1697
1664 1665
1664 1666
1664 1667
1664 1668
1664 1669
1664 1670
1664 1671
1664 1672
1664 1673
1664 1674
1664 1675
1664 1676
1664 1677
1664 1678
1664 1679
1664 1680
1664 1681
1664 1682
1664 1683
1664 1684
1664 1685
1664 1686
1664 1687
1664 1688
1664 1689
1664 1690
1664 1691
1664 1692
1664 1693
1664 1694
1664 1695
1664 1696
1664 1697
1665 1666
1665 1667
1665 1668
1665 1669
1665 1670
1665 1671
1665 1672
1665 1673
1665 1674
1665 1675
1665 1676
1665 1677
1665 1678
1665 1679
1665 1680
1665 1681
1665 1682
1665 1683
1665 1684
1665 1685
1665 1686
1665 1687
1665 1688
1665 1689
1665 1690
1665 1691
1665 1692
1665 1693
1665 1694
1665 1695
1665 1696
1665 1697
1666 1667
1666 1668
1666 1669
1666 1670
1666 1671
1666 1672
1666 1673
1666 1674
1666 1675
1666 1676
1666 1677
1666 1678
1666 1679
1666 1680
1666 1681
1666 1682
1666 1683
1666 1684
1666 1685
1666 1686
1666 1687
1666 1688
1666 1689
1666 1690
1666 1691
1666 1692
1666 1693
1666 1694
1666 1695
1666 1696
1666 1697
1667 1668
1667 1669
1667 1670
1667 1671
1667 1672
1667 1673
1667 1674
1667 1675
1667 1676
1667 1677
1667 1678
1667 1679
1667 1680
1667 1681
1667 1682
1667 1683
1667 1684
1667 1685
1667 1686
1667 1687
1667 1688
1667 1689
1667 1690
1667 1691
1667 1692
1667 1693
1667 1694
1667 1695
1667 1696
1667 1697
1668 1669
1668 1670
1668 1671
1668 1672
1668 1673
1668 1674
1668 1675
1668 1676
1668 1677
1668 1678
1668 1679
1668 1680
1668 1681
1668 1682
1668 1683
1668 1684
1668 1685
1668 1686
1668 1687
1668 1688
1668 1689
1668 1690
1668 1691
1668 1692
1668 1693
1668 1694
1668 1695
1668 1696
1668 1697
1669 1670
1669 1671
1669 1672
1669 1673
1669 1674
1669 1675
1669 1676
1669 1677
1669 1678
1669 1679
1669 1680
1669 1681
1669 1682
1669 1683
1669 1684
1669 1685
1669 1686
1669 1687
1669 1688
1669 1689
1669 1690
1669 1691
1669 1692
1669 1693
1669 1694
1669 1695
1669 1696
1669 1697
1670 1671
1670 1672
1670 1673
1670 1674
1670 1675
1670 1676
1670 1677
1670 1678
1670 1679
1670 1680
1670 1681
1670 1682
1670 1683
1670 1684
1670 1685
1670 1686
1670 1687
1670 1688
1670 1689
1670 1690
1670 1691
1670 1692
1670 1693
1670 1694
1670 1695
1670 1696
1670 1697
1671 1672
1671 1673
1671 1674
1671 1675
1671 1676
1671 1677
1671 1678
1671 1679
1671 1680
1671 1681
1671 1682
1671 1683
1671 1684
1671 1685
1671 1686
1671 1687
1671 1688
1671 1689
1671 1690
1671 1691
1671 1692
1671 1693
1671 1694
1671 1695
1671 1696
1671 1697
1672 1673
1672 1674
1672 1675
1672 1676
1672 1677
1672 1678
1672 1679
1672 1680
1672 1681
1672 1682
1672 1683
1672 1684
1672 1685
1672 1686
1672 1687
1672 1688
1672 1689
1672 1690
1672 1691
1672 1692
1672 1693
1672 1694
1672 1695
1672 1696
1672 1697
1673 1674
1673 1675
1673 1676
1673 1677
1673 1678
1673 1679
1673 1680
1673 1681
1673 1682
1673 1683
1673 1684
1673 1685
1673 1686
1673 1687
1673 1688
1673 1689
1673 1690
1673 1691
1673 1692
1673 1693
1673 1694
1673 1695
1673 1696
1673 1697
1674 1675
1674 1676
1674 1677
1674 1678
1674 1679
1674 1680
1674 1681
1674 1682
1674 1683
1674 1684
1674 1685
1674 1686
1674 1687
1674 1688
1674 1689
1674 1690
1674 1691
1674 1692
1674 1693
1674 1694
1674 1695
1674 1696
1674 1697
1675 1676
1675 1677
1675 1678
1675 1679
1675 1680
1675 1681
1675 1682
1675 1683
1675 1684
1675 1685
1675 1686
1675 1687
1675 1688
1675 1689
1675 1690
1675 1691
1675 1692
1675 1693
1675 1694
1675 1695
1675 1696
1675 1697
1676 1677
1676 1678
1676 1679
1676 1680
1676 1681
1676 1682
1676 1683
1676 1684
1676 1685
1676 1686
1676 1687
1676 1688
1676 1689
1676 1690
1676 1691
1676 1692
1676 1693
1676 1694
1676 1695
1676 1696
1676 1697
1677 1678
1677 1679
1677 1680
1677 1681
1677 1682
1677 1683
1677 1684
1677 1685
1677 1686
1677 1687
1677 1688
1677 1689
1677 1690
1677 1691
1677 1692
1677 1693
1677 1694
1677 1695
1677 1696
1677 1697
1678 1679
1678 1680
1678 1681
1678 1682
1678 1683
1678 1684
1678 1685
1678 1686
1678 1687
1678 1688
1678 1689
1678 1690
1678 1691
1678 1692
1678 1693
1678 1694
1678 1695
1678 1696
1678 1697
1679 1680
1679 1681
1679 1682
1679 1683
1679 1684
1679 1685
1679 1686
1679 1687
1679 1688
1679 1689
1679 1690
1679 1691
1679 1692
1679 1693
1679 1694
1679 1695
1679 1696
1679 1697
1680 1681
1680 1682
1680 1683
1680 1684
1680 1685
1680 1686
1680 1687
1680 1688
1680 1689
1680 1690
1680 1691
1680 1692
1680 1693
1680 1694
1680 1695
1680 1696
1680 1697
1681 1682
1681 1683
1681 1684
1681 1685
1681 1686
1681 1687
1681 1688
1681 1689
1681 1690
1681 1691
1681 1692
1681 1693
1681 1694
1681 1695
1681 1696
1681 1697
1682 1683
1682 1684
1682 1685
1682 1686
1682 1687
1682 1688
1682 1689
1682 1690
1682 1691
1682 1692
1682 1693
1682 1694
1682 1695
1682 1696
1682 1697
1683 1684
1683 1685
1683 1686
1683 1687
1683 1688
1683 1689
1683 1690
1683 1691
1683 1692
1683 1693
1683 1694
1683 1695
1683 1696
1683 1697
1684 1685
1684 1686
1684 1687
1684 1688
1684 1689
1684 1690
1684 1691
1684 1692
1684 1693
1684 1694
1684 1695
1684 1696
1684 1697
1685 1686
1685 1687
1685 1688
1685 1689
1685 1690
1685 1691
1685 1692
1685 1693
1685 1694
1685 1695
1685 1696
1685 1697
1686 1687
1686 1688
1686 1689
1686 1690
1686 1691
1686 1692
1686 1693
1686 1694
1686 1695
1686 1696
1686 1697
1687 1688
1687 1689
1687 1690
1687 1691
1687 1692
1687 1693
1687 1694
1687 1695
1687 1696
1687 1697
1688 1689
1688 1690
1688 1691
1688 1692
1688 1693
1688 1694
1688 1695
1688 1696
1688 1697
1689 1690
1689 1691
1689 1692
1689 1693
1689 1694
1689 1695
1689 1696
1689 1697
1690 1691
1690 1692
1690 1693
1690 1694
1690 1695
1690 1696
1690 1697
1691 1692
1691 1693
1691 1694
1691 1695
1691 1696
1691 1697
1692 1693
1692 1694
1692 1695
1692 1696
1692 1697
1693 1694
1693 1695
1693 1696
1693 1697
1694 1695
1694 1696
1694 1697
1695 1696
1695 1697
1696 1697
172 1399
172 1698
172 1699
172 1700
172 1701
172 1702
172 1703
172 1704
172 1705
172 1706
1399 1698
1399 1699
1399 1700
1399 1701
1399 1702
1399 1703
1399 1704
1399 1705
1399 1706
1698 1699
1698 1700
1698 1701
1698 1702
1698 1703
1698 1704
1698 1705
1698 1706
1699 1700
1699 1701
1699 1702
1699 1703
1699 1704
1699 1705
1699 1706
1700 1701
1700 1702
1700 1703
1700 1704
1700 1705
1700 1706
1701 1702
1701 1703
1701 1704
1701 1705
1701 1706
1702 1703
1702 1704
1702 1705
1702 1706
1703 1704
1703 1705
1703 1706
1704 1705
1704 1706
1705 1706
173 300
173 1650
173 1707
173 1708
173 1709
173 1710
300 1650
300 1707
300 1708
300 1709
300 1710
1650 1707
1650 1708
1650 1709
1650 1710
1707 1708
1707 1709
1707 1710
1708 1709
1708 1710
1709 1710
179 338
179 482
179 607
179 1214
179 1711
179 1712
338 482
338 607
338 1214
338 1711
338 1712
482 607
482 1214
482 1711
482 1712
607 1214
607 1711
607 1712
1214 1711
1214 1712
1711 1712
180 507
181 280
181 508
181 1713
181 1714
181 1715
181 1716
181 1717
181 1718
181 1719
280 508
280 1713
280 1714
280 1715
280 1716
280 1717
280 1718
280 1719
508 1713
508 1714
508 1715
508 1716
508 1717
508 1718
508 1719
1713 1714
1713 1715
1713 1716
1713 1717
1713 1718
1713 1719
1714 1715
1714 1716
1714 1717
1714 1718
1714 1719
1715 1716
1715 1717
1715 1718
1715 1719
1716 1717
1716 1718
1716 1719
1717 1718
1717 1719
1718 1719
183 281
183 509
183 1068
183 1720
183 1721
183 1722
183 1723
183 1724
183 1725
183 1726
183 1727
183 1728
183 1729
183 1730
183 1731
183 1732
183 1733
183 1734
281 509
281 1068
281 1720
281 1721
281 1722
281 1723
281 1724
281 1725
281 1726
281 1727
281 1728
281 1729
281 1730
281 1731
281 1732
281 1733
281 1734
509 1068
509 1720
509 1721
509 1722
509 1723
509 1724
509 1725
509 1726
509 1727
509 1728
509 1729
509 1730
509 1731
509 1732
509 1733
509 1734
1068 1720
1068 1721
1068 1722
1068 1723
1068 1724
1068 1725
1068 1726
1068 1727
1068 1728
1068 1729
1068 1730
1068 1731
1068 1732
1068 1733
1068 1734
1720 1721
1720 1722
1720 1723
1720 1724
1720 1725
1720 1726
1720 1727
1720 1728
1720 1729
1720 1730
1720 1731
1720 1732
1720 1733
1720 1734
1721 1722
1721 1723
1721 1724
1721 1725
1721 1726
1721 1727
1721 1728
1721 1729
1721 1730
1721 1731
1721 1732
1721 1733
1721 1734
1722 1723
1722 1724
1722 1725
1722 1726
1722 1727
1722 1728
1722 1729
1722 1730
1722 1731
1722 1732
1722 1733
1722 1734
1723 1724
1723 1725
1723 1726
1723 1727
1723 1728
1723 1729
1723 1730
1723 1731
1723 1732
1723 1733
1723 1734
1724 1725
1724 1726
1724 1727
1724 1728
1724 1729
1724 1730
1724 1731
1724 1732
1724 1733
1724 1734
1725 1726
1725 1727
1725 1728
1725 1729
1725 1730
1725 1731
1725 1732
1725 1733
1725 1734
1726 1727
1726 1728
1726 1729
1726 1730
1726 1731
1726 1732
1726 1733
1726 1734
1727 1728
1727 1729
1727 1730
1727 1731
1727 1732
1727 1733
1727 1734
1728 1729
1728 1730
1728 1731
1728 1732
1728 1733
1728 1734
1729 1730
1729 1731
1729 1732
1729 1733
1729 1734
1730 1731
1730 1732
1730 1733
1730 1734
1731 1732
1731 1733
1731 1734
1732 1733
1732 1734
1733 1734
184 1341
184 1468
184 1735
184 1736
184 1737
184 1738
184 1739
184 1740
184 1741
184 1742
184 1743
184 1744
1341 1468
1341 1735
1341 1736
1341 1737
1341 1738
1341 1739
1341 1740
1341 1741
1341 1742
1341 1743
1341 1744
1468 1735
1468 1736
1468 1737
1468 1738
1468 1739
1468 1740
1468 1741
1468 1742
1468 1743
1468 1744
1735 1736
1735 1737
1735 1738
1735 1739
1735 1740
1735 1741
1735 1742
1735 1743
1735 1744
1736 1737
1736 1738
1736 1739
1736 1740
1736 1741
1736 1742
1736 1743
1736 1744
1737 1738
1737 1739
1737 1740
1737 1741
1737 1742
1737 1743
1737 1744
1738 1739
1738 1740
1738 1741
1738 1742
1738 1743
1738 1744
1739 1740
1739 1741
1739 1742
1739 1743
1739 1744
1740 1741
1740 1742
1740 1743
1740 1744
1741 1742
1741 1743
1741 1744
1742 1743
1742 1744
1743 1744
185 1727
185 1745
185 1746
185 1747
185 1748
1727 1745
1727 1746
1727 1747
1727 1748
1745 1746
1745 1747
1745 1748
1746 1747
1746 1748
1747 1748
186 344
186 510
186 1749
186 1750
186 1751
186 1752
186 1753
186 1754
186 1755
186 1756
186 1757
186 1758
344 510
344 1749
344 1750
344 1751
344 1752
344 1753
344 1754
344 1755
344 1756
344 1757
344 1758
510 1749
510 1750
510 1751
510 1752
510 1753
510 1754
510 1755
510 1756
510 1757
510 1758
1749 1750
1749 1751
1749 1752
1749 1753
1749 1754
1749 1755
1749 1756
1749 1757
1749 1758
1750 1751
1750 1752
1750 1753
1750 1754
1750 1755
1750 1756
1750 1757
1750 1758
1751 1752
1751 1753
1751 1754
1751 1755
1751 1756
1751 1757
1751 1758
1752 1753
1752 1754
1752 1755
1752 1756
1752 1757
1752 1758
1753 1754
1753 1755
1753 1756
1753 1757
1753 1758
1754 1755
1754 1756
1754 1757
1754 1758
1755 1756
1755 1757
1755 1758
1756 1757
1756 1758
1757 1758
187 511
187 883
187 1448
187 1692
187 1759
187 1760
187 1761
187 1762
187 1763
187 1764
187 1765
187 1766
187 1767
187 1768
187 1769
187 1770
187 1771
187 1772
187 1773
187 1774
187 1775
187 1776
187 1777
187 1778
187 1779
187 1780
187 1781
187 1782
187 1783
187 1784
187 1785
187 1786
187 1787
187 1788
187 1789
187 1790
187 1791
511 883
511 1448
511 1692
511 1759
511 1760
511 1761
511 1762
511 1763
511 1764
511 1765
511 1766
511 1767
511 1768
511 1769
511 1770
511 1771
511 1772
511 1773
511 1774
511 1775
511 1776
511 1777
511 1778
511 1779
511 1780
511 1781
511 1782
511 1783
511 1784
511 1785
511 1786
511 1787
511 1788
511 1789
511 1790
511 1791
883 1448
883 1692
883 1759
883 1760
883 1761
883 1762
883 1763
883 1764
883 1765
883 1766
883 1767
883 1768
883 1769
883 1770
883 1771
883 1772
883 1773
883 1774
883 1775
883 1776
883 1777
883 1778
883 1779
883 1780
883 1781
883 1782
883 1783
883 1784
883 1785
883 1786
883 1787
883 1788
883 1789
883 1790
883 1791
1448 1692
1448 1759
1448 1760
1448 1761
1448 1762
1448 1763
1448 1764
1448 1765
1448 1766
1448 1767
1448 1768
1448 1769
1448 1770
1448 1771
1448 1772
1448 1773
1448 1774
1448 1775
1448 1776
1448 1777
1448 1778
1448 1779
1448 1780
1448 1781
1448 1782
1448 1783
1448 1784
1448 1785
1448 1786
1448 1787
1448 1788
1448 1789
1448 1790
1448 1791
1692 1759
1692 1760
1692 1761
1692 1762
1692 1763
1692 1764
1692 1765
1692 1766
1692 1767
1692 1768
1692 1769
1692 1770
1692 1771
1692 1772
1692 1773
1692 1774
1692 1775
1692 1776
1692 1777
1692 1778
1692 1779
1692 1780
1692 1781
1692 1782
1692 1783
1692 1784
1692 1785
1692 1786
1692 1787
1692 1788
1692 1789
1692 1790
1692 1791
1759 1760
1759 1761
1759 1762
1759 1763
1759 1764
1759 1765
1759 1766
1759 1767
1759 1768
1759 1769
1759 1770
1759 1771
1759 1772
1759 1773
1759 1774
1759 1775
1759 1776
1759 1777
1759 1778
1759 1779
1759 1780
1759 1781
1759 1782
1759 1783
1759 1784
1759 1785
1759 1786
1759 1787
1759 1788
1759 1789
1759 1790
1759 1791
1760 1761
1760 1762
1760 1763
1760 1764
1760 1765
1760 1766
1760 1767
1760 1768
1760 1769
1760 1770
1760 1771
1760 1772
1760 1773
1760 1774
1760 1775
1760 1776
1760 1777
1760 1778
1760 1779
1760 1780
1760 1781
1760 1782
1760 1783
1760 1784
1760 1785
1760 1786
1760 1787
1760 1788
1760 1789
1760 1790
1760 1791
1761 1762
1761 1763
1761 1764
1761 1765
1761 1766
1761 1767
1761 1768
1761 1769
1761 1770
1761 1771
1761 1772
1761 1773
1761 1774
1761 1775
1761 1776
1761 1777
1761 1778
1761 1779
1761 1780
1761 1781
1761 1782
1761 1783
1761 1784
1761 1785
1761 1786
1761 1787
1761 1788
1761 1789
1761 1790
1761 1791
1762 1763
1762 1764
1762 1765
1762 1766
1762 1767
1762 1768
1762 1769
1762 1770
1762 1771
1762 1772
1762 1773
1762 1774
1762 1775
1762 1776
1762 1777
1762 1778
1762 1779
1762 1780
1762 1781
1762 1782
1762 1783
1762 1784
1762 1785
1762 1786
1762 1787
1762 1788
1762 1789
1762 1790
1762 1791
1763 1764
1763 1765
1763 1766
1763 1767
1763 1768
1763 1769
1763 1770
1763 1771
1763 1772
1763 1773
1763 1774
1763 1775
1763 1776
1763 1777
1763 1778
1763 1779
1763 1780
1763 1781
1763 1782
1763 1783
1763 1784
1763 1785
1763 1786
1763 1787
1763 1788
1763 1789
1763 1790
1763 1791
1764 1765
1764 1766
1764 1767
1764 1768
1764 1769
1764 1770
1764 1771
1764 1772
1764 1773
1764 1774
1764 1775
1764 1776
1764 1777
1764 1778
1764 1779
1764 1780
1764 1781
1764 1782
1764 1783
1764 1784
1764 1785
1764 1786
1764 1787
1764 1788
1764 1789
1764 1790
1764 1791
1765 1766
1765 1767
1765 1768
1765 1769
1765 1770
1765 1771
1765 1772
1765 1773
1765 1774
1765 1775
1765 1776
1765 1777
1765 1778
1765 1779
1765 1780
1765 1781
1765 1782
1765 1783
1765 1784
1765 1785
1765 1786
1765 1787
1765 1788
1765 1789
1765 1790
1765 1791
1766 1767
1766 1768
1766 1769
1766 1770
1766 1771
1766 1772
1766 1773
1766 1774
1766 1775
1766 1776
1766 1777
1766 1778
1766 1779
1766 1780
1766 1781
1766 1782
1766 1783
1766 1784
1766 1785
1766 1786
1766 1787
1766 1788
1766 1789
1766 1790
1766 1791
1767 1768
1767 1769
1767 1770
1767 1771
1767 1772
1767 1773
1767 1774
1767 1775
1767 1776
1767 1777
1767 1778
1767 1779
1767 1780
1767 1781
1767 1782
1767 1783
1767 1784
1767 1785
1767 1786
1767 1787
1767 1788
1767 1789
1767 1790
1767 1791
1768 1769
1768 1770
1768 1771
1768 1772
1768 1773
1768 1774
1768 1775
1768 1776
1768 1777
1768 1778
1768 1779
1768 1780
1768 1781
1768 1782
1768 1783
1768 1784
1768 1785
1768 1786
1768 1787
1768 1788
1768 1789
1768 1790
1768 1791
1769 1770
1769 1771
1769 1772
1769 1773
1769 1774
1769 1775
1769 1776
1769 1777
1769 1778
1769 1779
1769 1780
1769 1781
1769 1782
1769 1783
1769 1784
1769 1785
1769 1786
1769 1787
1769 1788
1769 1789
1769 1790
1769 1791
1770 1771
1770 1772
1770 1773
1770 1774
1770 1775
1770 1776
1770 1777
1770 1778
1770 1779
1770 1780
1770 1781
1770 1782
1770 1783
1770 1784
1770 1785
1770 1786
1770 1787
1770 1788
1770 1789
1770 1790
1770 1791
1771 1772
1771 1773
1771 1774
1771 1775
1771 1776
1771 1777
1771 1778
1771 1779
1771 1780
1771 1781
1771 1782
1771 1783
1771 1784
1771 1785
1771 1786
1771 1787
1771 1788
1771 1789
1771 1790
1771 1791
1772 1773
1772 1774
1772 1775
1772 1776
1772 1777
1772 1778
1772 1779
1772 1780
1772 1781
1772 1782
1772 1783
1772 1784
1772 1785
1772 1786
1772 1787
1772 1788
1772 1789
1772 1790
1772 1791
1773 1774
1773 1775
1773 1776
1773 1777
1773 1778
1773 1779
1773 1780
1773 1781
1773 1782
1773 1783
1773 1784
1773 1785
1773 1786
1773 1787
1773 1788
1773 1789
1773 1790
1773 1791
1774 1775
1774 1776
1774 1777
1774 1778
1774 1779
1774 1780
1774 1781
1774 1782
1774 1783
1774 1784
1774 1785
1774 1786
1774 1787
1774 1788
1774 1789
1774 1790
1774 1791
1775 1776
1775 1777
1775 1778
1775 1779
1775 1780
1775 1781
1775 1782
1775 1783
1775 1784
1775 1785
1775 1786
1775 1787
1775 1788
1775 1789
1775 1790
1775 1791
1776 1777
1776 1778
1776 1779
1776 1780
1776 1781
1776 1782
1776 1783
1776 1784
1776 1785
1776 1786
1776 1787
1776 1788
1776 1789
1776 1790
1776 1791
1777 1778
1777 1779
1777 1780
1777 1781
1777 1782
1777 1783
1777 1784
1777 1785
1777 1786
1777 1787
1777 1788
1777 1789
1777 1790
1777 1791
1778 1779
1778 1780
1778 1781
1778 1782
1778 1783
1778 1784
1778 1785
1778 1786
1778 1787
1778 1788
1778 1789
1778 1790
1778 1791
1779 1780
1779 1781
1779 1782
1779 1783
1779 1784
1779 1785
1779 1786
1779 1787
1779 1788
1779 1789
1779 1790
1779 1791
1780 1781
1780 1782
1780 1783
1780 1784
1780 1785
1780 1786
1780 1787
1780 1788
1780 1789
1780 1790
1780 1791
1781 1782
1781 1783
1781 1784
1781 1785
1781 1786
1781 1787
1781 1788
1781 1789
1781 1790
1781 1791
1782 1783
1782 1784
1782 1785
1782 1786
1782 1787
1782 1788
1782 1789
1782 1790
1782 1791
1783 1784
1783 1785
1783 1786
1783 1787
1783 1788
1783 1789
1783 1790
1783 1791
1784 1785
1784 1786
1784 1787
1784 1788
1784 1789
1784 1790
1784 1791
1785 1786
1785 1787
1785 1788
1785 1789
1785 1790
1785 1791
1786 1787
1786 1788
1786 1789
1786 1790
1786 1791
1787 1788
1787 1789
1787 1790
1787 1791
1788 1789
1788 1790
1788 1791
1789 1790
1789 1791
1790 1791
188 1216
188 1334
188 1714
188 1746
188 1792
188 1793
188 1794
188 1795
188 1796
188 1797
188 1798
188 1799
188 1800
188 1801
188 1802
1216 1334
1216 1714
1216 1746
1216 1792
1216 1793
1216 1794
1216 1795
1216 1796
1216 1797
1216 1798
1216 1799
1216 1800
1216 1801
1216 1802
1334 1714
1334 1746
1334 1792
1334 1793
1334 1794
1334 1795
1334 1796
1334 1797
1334 1798
1334 1799
1334 1800
1334 1801
1334 1802
1714 1746
1714 1792
1714 1793
1714 1794
1714 1795
1714 1796
1714 1797
1714 1798
1714 1799
1714 1800
1714 1801
1714 1802
1746 1792
1746 1793
1746 1794
1746 1795
1746 1796
1746 1797
1746 1798
1746 1799
1746 1800
1746 1801
1746 1802
1792 1793
1792 1794
1792 1795
1792 1796
1792 1797
1792 1798
1792 1799
1792 1800
1792 1801
1792 1802
1793 1794
1793 1795
1793 1796
1793 1797
1793 1798
1793 1799
1793 1800
1793 1801
1793 1802
1794 1795
1794 1796
1794 1797
1794 1798
1794 1799
1794 1800
1794 1801
1794 1802
1795 1796
1795 1797
1795 1798
1795 1799
1795 1800
1795 1801
1795 1802
1796 1797
1796 1798
1796 1799
1796 1800
1796 1801
1796 1802
1797 1798
1797 1799
1797 1800
1797 1801
1797 1802
1798 1799
1798 1800
1798 1801
1798 1802
1799 1800
1799 1801
1799 1802
1800 1801
1800 1802
1801 1802
189 1540
189 1803
189 1804
189 1805
189 1806
189 1807
189 1808
189 1809
1540 1803
1540 1804
1540 1805
1540 1806
1540 1807
1540 1808
1540 1809
1803 1804
1803 1805
1803 1806
1803 1807
1803 1808
1803 1809
1804 1805
1804 1806
1804 1807
1804 1808
1804 1809
1805 1806
1805 1807
1805 1808
1805 1809
1806 1807
1806 1808
1806 1809
1807 1808
1807 1809
1808 1809
190 512
190 1335
190 1716
190 1798
190 1810
190 1811
190 1812
190 1813
512 1335
512 1716
512 1798
512 1810
512 1811
512 1812
512 1813
1335 1716
1335 1798
1335 1810
1335 1811
1335 1812
1335 1813
1716 1798
1716 1810
1716 1811
1716 1812
1716 1813
1798 1810
1798 1811
1798 1812
1798 1813
1810 1811
1810 1812
1810 1813
1811 1812
1811 1813
1812 1813
191 381
191 513
191 604
191 1344
191 1449
191 1712
191 1732
191 1742
191 1799
191 1814
191 1815
191 1816
191 1817
191 1818
191 1819
191 1820
191 1821
191 1822
191 1823
191 1824
191 1825
191 1826
191 1827
191 1828
191 1829
191 1830
191 1831
191 1832
191 1833
191 1834
191 1835
381 513
381 604
381 1344
381 1449
381 1712
381 1732
381 1742
381 1799
381 1814
381 1815
381 1816
381 1817
381 1818
381 1819
381 1820
381 1821
381 1822
381 1823
381 1824
381 1825
381 1826
381 1827
381 1828
381 1829
381 1830
381 1831
381 1832
381 1833
381 1834
381 1835
513 604
513 1344
513 1449
513 1712
513 1732
513 1742
513 1799
513 1814
513 1815
513 1816
513 1817
513 1818
513 1819
513 1820
513 1821
513 1822
513 1823
513 1824
513 1825
513 1826
513 1827
513 1828
513 1829
513 1830
513 1831
513 1832
513 1833
513 1834
513 1835
604 1344
604 1449
604 1712
604 1732
604 1742
604 1799
604 1814
604 1815
604 1816
604 1817
604 1818
604 1819
604 1820
604 1821
604 1822
604 1823
604 1824
604 1825
604 1826
604 1827
604 1828
604 1829
604 1830
604 1831
604 1832
604 1833
604 1834
604 1835
1344 1449
1344 1712
1344 1732
1344 1742
1344 1799
1344 1814
1344 1815
1344 1816
1344 1817
1344 1818
1344 1819
1344 1820
1344 1821
1344 1822
1344 1823
1344 1824
1344 1825
1344 1826
1344 1827
1344 1828
1344 1829
1344 1830
1344 1831
1344 1832
1344 1833
1344 1834
1344 1835
1449 1712
1449 1732
1449 1742
1449 1799
1449 1814
1449 1815
1449 1816
1449 1817
1449 1818
1449 1819
1449 1820
1449 1821
1449 1822
1449 1823
1449 1824
1449 1825
1449 1826
1449 1827
1449 1828
1449 1829
1449 1830
1449 1831
1449 1832
1449 1833
1449 1834
1449 1835
1712 1732
1712 1742
1712 1799
1712 1814
1712 1815
1712 1816
1712 1817
1712 1818
1712 1819
1712 1820
1712 1821
1712 1822
1712 1823
1712 1824
1712 1825
1712 1826
1712 1827
1712 1828
1712 1829
1712 1830
1712 1831
1712 1832
1712 1833
1712 1834
1712 1835
1732 1742
1732 1799
1732 1814
1732 1815
1732 1816
1732 1817
1732 1818
1732 1819
1732 1820
1732 1821
1732 1822
1732 1823
1732 1824
1732 1825
1732 1826
1732 1827
1732 1828
1732 1829
1732 1830
1732 1831
1732 1832
1732 1833
1732 1834
1732 1835
1742 1799
1742 1814
1742 1815
1742 1816
1742 1817
1742 1818
1742 1819
1742 1820
1742 1821
1742 1822
1742 1823
1742 1824
1742 1825
1742 1826
1742 1827
1742 1828
1742 1829
1742 1830
1742 1831
1742 1832
1742 1833
1742 1834
1742 1835
1799 1814
1799 1815
1799 1816
1799 1817
1799 1818
1799 1819
1799 1820
1799 1821
1799 1822
1799 1823
1799 1824
1799 1825
1799 1826
1799 1827
1799 1828
1799 1829
1799 1830
1799 1831
1799 1832
1799 1833
1799 1834
1799 1835
1814 1815
1814 1816
1814 1817
1814 1818
1814 1819
1814 1820
1814 1821
1814 1822
1814 1823
1814 1824
1814 1825
1814 1826
1814 1827
1814 1828
1814 1829
1814 1830
1814 1831
1814 1832
1814 1833
1814 1834
1814 1835
1815 1816
1815 1817
1815 1818
1815 1819
1815 1820
1815 1821
1815 1822
1815 1823
1815 1824
1815 1825
1815 1826
1815 1827
1815 1828
1815 1829
1815 1830
1815 1831
1815 1832
1815 1833
1815 1834
1815 1835
1816 1817
1816 1818
1816 1819
1816 1820
1816 1821
1816 1822
1816 1823
1816 1824
1816 1825
1816 1826
1816 1827
1816 1828
1816 1829
1816 1830
1816 1831
1816 1832
1816 1833
1816 1834
1816 1835
1817 1818
1817 1819
1817 1820
1817 1821
1817 1822
1817 1823
1817 1824
1817 1825
1817 1826
1817 1827
1817 1828
1817 1829
1817 1830
1817 1831
1817 1832
1817 1833
1817 1834
1817 1835
1818 1819
1818 1820
1818 1821
1818 1822
1818 1823
1818 1824
1818 1825
1818 1826
1818 1827
1818 1828
1818 1829
1818 1830
1818 1831
1818 1832
1818 1833
1818 1834
1818 1835
1819 1820
1819 1821
1819 1822
1819 1823
1819 1824
1819 1825
1819 1826
1819 1827
1819 1828
1819 1829
1819 1830
1819 1831
1819 1832
1819 1833
1819 1834
1819 1835
1820 1821
1820 1822
1820 1823
1820 1824
1820 1825
1820 1826
1820 1827
1820 1828
1820 1829
1820 1830
1820 1831
1820 1832
1820 1833
1820 1834
1820 1835
1821 1822
1821 1823
1821 1824
1821 1825
1821 1826
1821 1827
1821 1828
1821 1829
1821 1830
1821 1831
1821 1832
1821 1833
1821 1834
1821 1835
1822 1823
1822 1824
1822 1825
1822 1826
1822 1827
1822 1828
1822 1829
1822 1830
1822 1831
1822 1832
1822 1833
1822 1834
1822 1835
1823 1824
1823 1825
1823 1826
1823 1827
1823 1828
1823 1829
1823 1830
1823 1831
1823 1832
1823 1833
1823 1834
1823 1835
1824 1825
1824 1826
1824 1827
1824 1828
1824 1829
1824 1830
1824 1831
1824 1832
1824 1833
1824 1834
1824 1835
1825 1826
1825 1827
1825 1828
1825 1829
1825 1830
1825 1831
1825 1832
1825 1833
1825 1834
1825 1835
1826 1827
1826 1828
1826 1829
1826 1830
1826 1831
1826 1832
1826 1833
1826 1834
1826 1835
1827 1828
1827 1829
1827 1830
1827 1831
1827 1832
1827 1833
1827 1834
1827 1835
1828 1829
1828 1830
1828 1831
1828 1832
1828 1833
1828 1834
1828 1835
1829 1830
1829 1831
1829 1832
1829 1833
1829 1834
1829 1835
1830 1831
1830 1832
1830 1833
1830 1834
1830 1835
1831 1832
1831 1833
1831 1834
1831 1835
1832 1833
1832 1834
1832 1835
1833 1834
1833 1835
1834 1835
192 514
192 1345
192 1836
192 1837
192 1838
192 1839
192 1840
192 1841
192 1842
192 1843
192 1844
514 1345
514 1836
514 1837
514 1838
514 1839
514 1840
514 1841
514 1842
514 1843
514 1844
1345 1836
1345 1837
1345 1838
1345 1839
1345 1840
1345 1841
1345 1842
1345 1843
1345 1844
1836 1837
1836 1838
1836 1839
1836 1840
1836 1841
1836 1842
1836 1843
1836 1844
1837 1838
1837 1839
1837 1840
1837 1841
1837 1842
1837 1843
1837 1844
1838 1839
1838 1840
1838 1841
1838 1842
1838 1843
1838 1844
1839 1840
1839 1841
1839 1842
1839 1843
1839 1844
1840 1841
1840 1842
1840 1843
1840 1844
1841 1842
1841 1843
1841 1844
1842 1843
1842 1844
1843 1844
193 1845
193 1846
193 1847
193 1848
193 1849
193 1850
193 1851
193 1852
193 1853
193 1854
193 1855
193 1856
193 1857
1845 1846
1845 1847
1845 1848
1845 1849
1845 1850
1845 1851
1845 1852
1845 1853
1845 1854
1845 1855
1845 1856
1845 1857
1846 1847
1846 1848
1846 1849
1846 1850
1846 1851
1846 1852
1846 1853
1846 1854
1846 1855
1846 1856
1846 1857
1847 1848
1847 1849
1847 1850
1847 1851
1847 1852
1847 1853
1847 1854
1847 1855
1847 1856
1847 1857
1848 1849
1848 1850
1848 1851
1848 1852
1848 1853
1848 1854
1848 1855
1848 1856
1848 1857
1849 1850
1849 1851
1849 1852
1849 1853
1849 1854
1849 1855
1849 1856
1849 1857
1850 1851
1850 1852
1850 1853
1850 1854
1850 1855
1850 1856
1850 1857
1851 1852
1851 1853
1851 1854
1851 1855
1851 1856
1851 1857
1852 1853
1852 1854
1852 1855
1852 1856
1852 1857
1853 1854
1853 1855
1853 1856
1853 1857
1854 1855
1854 1856
1854 1857
1855 1856
1855 1857
1856 1857
194 282
194 340
282 340
195 283
195 290
195 515
195 979
195 1070
195 1336
195 1718
195 1743
195 1793
195 1812
195 1858
195 1859
195 1860
195 1861
195 1862
195 1863
283 290
283 515
283 979
283 1070
283 1336
283 1718
283 1743
283 1793
283 1812
283 1858
283 1859
283 1860
283 1861
283 1862
283 1863
290 515
290 979
290 1070
290 1336
290 1718
290 1743
290 1793
290 1812
290 1858
290 1859
290 1860
290 1861
290 1862
290 1863
515 979
515 1070
515 1336
515 1718
515 1743
515 1793
515 1812
515 1858
515 1859
515 1860
515 1861
515 1862
515 1863
979 1070
979 1336
979 1718
979 1743
979 1793
979 1812
979 1858
979 1859
979 1860
979 1861
979 1862
979 1863
1070 1336
1070 1718
1070 1743
1070 1793
1070 1812
1070 1858
1070 1859
1070 1860
1070 1861
1070 1862
1070 1863
1336 1718
1336 1743
1336 1793
1336 1812
1336 1858
1336 1859
1336 1860
1336 1861
1336 1862
1336 1863
1718 1743
1718 1793
1718 1812
1718 1858
1718 1859
1718 1860
1718 1861
1718 1862
1718 1863
1743 1793
1743 1812
1743 1858
1743 1859
1743 1860
1743 1861
1743 1862
1743 1863
1793 1812
1793 1858
1793 1859
1793 1860
1793 1861
1793 1862
1793 1863
1812 1858
1812 1859
1812 1860
1812 1861
1812 1862
1812 1863
1858 1859
1858 1860
1858 1861
1858 1862
1858 1863
1859 1860
1859 1861
1859 1862
1859 1863
1860 1861
1860 1862
1860 1863
1861 1862
1861 1863
1862 1863
196 1864
196 1865
196 1866
196 1867
196 1868
196 1869
196 1870
196 1871
196 1872
196 1873
1864 1865
1864 1866
1864 1867
1864 1868
1864 1869
1864 1870
1864 1871
1864 1872
1864 1873
1865 1866
1865 1867
1865 1868
1865 1869
1865 1870
1865 1871
1865 1872
1865 1873
1866 1867
1866 1868
1866 1869
1866 1870
1866 1871
1866 1872
1866 1873
1867 1868
1867 1869
1867 1870
1867 1871
1867 1872
1867 1873
1868 1869
1868 1870
1868 1871
1868 1872
1868 1873
1869 1870
1869 1871
1869 1872
1869 1873
1870 1871
1870 1872
1870 1873
1871 1872
1871 1873
1872 1873
197 525
197 1874
525 1874
198 341
198 1450
198 1790
198 1875
198 1876
198 1877
198 1878
198 1879
198 1880
198 1881
198 1882
198 1883
198 1884
198 1885
341 1450
341 1790
341 1875
341 1876
341 1877
341 1878
341 1879
341 1880
341 1881
341 1882
341 1883
341 1884
341 1885
1450 1790
1450 1875
1450 1876
1450 1877
1450 1878
1450 1879
1450 1880
1450 1881
1450 1882
1450 1883
1450 1884
1450 1885
1790 1875
1790 1876
1790 1877
1790 1878
1790 1879
1790 1880
1790 1881
1790 1882
1790 1883
1790 1884
1790 1885
1875 1876
1875 1877
1875 1878
1875 1879
1875 1880
1875 1881
1875 1882
1875 1883
1875 1884
1875 1885
1876 1877
1876 1878
1876 1879
1876 1880
1876 1881
1876 1882
1876 1883
1876 1884
1876 1885
1877 1878
1877 1879
1877 1880
1877 1881
1877 1882
1877 1883
1877 1884
1877 1885
1878 1879
1878 1880
1878 1881
1878 1882
1878 1883
1878 1884
1878 1885
1879 1880
1879 1881
1879 1882
1879 1883
1879 1884
1879 1885
1880 1881
1880 1882
1880 1883
1880 1884
1880 1885
1881 1882
1881 1883
1881 1884
1881 1885
1882 1883
1882 1884
1882 1885
1883 1884
1883 1885
1884 1885
199 885
199 955
199 989
199 1018
199 1288
199 1353
199 1418
199 1586
199 1601
199 1640
199 1697
199 1789
199 1886
199 1887
199 1888
199 1889
199 1890
199 1891
199 1892
199 1893
199 1894
199 1895
199 1896
199 1897
199 1898
199 1899
199 1900
199 1901
199 1902
199 1903
199 1904
199 1905
199 1906
199 1907
199 1908
885 955
885 989
885 1018
885 1288
885 1353
885 1418
885 1586
885 1601
885 1640
885 1697
885 1789
885 1886
885 1887
885 1888
885 1889
885 1890
885 1891
885 1892
885 1893
885 1894
885 1895
885 1896
885 1897
885 1898
885 1899
885 1900
885 1901
885 1902
885 1903
885 1904
885 1905
885 1906
885 1907
885 1908
955 989
955 1018
955 1288
955 1353
955 1418
955 1586
955 1601
955 1640
955 1697
955 1789
955 1886
955 1887
955 1888
955 1889
955 1890
955 1891
955 1892
955 1893
955 1894
955 1895
955 1896
955 1897
955 1898
955 1899
955 1900
955 1901
955 1902
955 1903
955 1904
955 1905
955 1906
955 1907
955 1908
989 1018
989 1288
989 1353
989 1418
989 1586
989 1601
989 1640
989 1697
989 1789
989 1886
989 1887
989 1888
989 1889
989 1890
989 1891
989 1892
989 1893
989 1894
989 1895
989 1896
989 1897
989 1898
989 1899
989 1900
989 1901
989 1902
989 1903
989 1904
989 1905
989 1906
989 1907
989 1908
1018 1288
1018 1353
1018 1418
1018 1586
1018 1601
1018 1640
1018 1697
1018 1789
1018 1886
1018 1887
1018 1888
1018 1889
1018 1890
1018 1891
1018 1892
1018 1893
1018 1894
1018 1895
1018 1896
1018 1897
1018 1898
1018 1899
1018 1900
1018 1901
1018 1902
1018 1903
1018 1904
1018 1905
1018 1906
1018 1907
1018 1908
1288 1353
1288 1418
1288 1586
1288 1601
1288 1640
1288 1697
1288 1789
1288 1886
1288 1887
1288 1888
1288 1889
1288 1890
1288 1891
1288 1892
1288 1893
1288 1894
1288 1895
1288 1896
1288 1897
1288 1898
1288 1899
1288 1900
1288 1901
1288 1902
1288 1903
1288 1904
1288 1905
1288 1906
1288 1907
1288 1908
1353 1418
1353 1586
1353 1601
1353 1640
1353 1697
1353 1789
1353 1886
1353 1887
1353 1888
1353 1889
1353 1890
1353 1891
1353 1892
1353 1893
1353 1894
1353 1895
1353 1896
1353 1897
1353 1898
1353 1899
1353 1900
1353 1901
1353 1902
1353 1903
1353 1904
1353 1905
1353 1906
1353 1907
1353 1908
1418 1586
1418 1601
1418 1640
1418 1697
1418 1789
1418 1886
1418 1887
1418 1888
1418 1889
1418 1890
1418 1891
1418 1892
1418 1893
1418 1894
1418 1895
1418 1896
1418 1897
1418 1898
1418 1899
1418 1900
1418 1901
1418 1902
1418 1903
1418 1904
1418 1905
1418 1906
1418 1907
1418 1908
1586 1601
1586 1640
1586 1697
1586 1789
1586 1886
1586 1887
1586 1888
1586 1889
1586 1890
1586 1891
1586 1892
1586 1893
1586 1894
1586 1895
1586 1896
1586 1897
1586 1898
1586 1899
1586 1900
1586 1901
1586 1902
1586 1903
1586 1904
1586 1905
1586 1906
1586 1907
1586 1908
1601 1640
1601 1697
1601 1789
1601 1886
1601 1887
1601 1888
1601 1889
1601 1890
1601 1891
1601 1892
1601 1893
1601 1894
1601 1895
1601 1896
1601 1897
1601 1898
1601 1899
1601 1900
1601 1901
1601 1902
1601 1903
1601 1904
1601 1905
1601 1906
1601 1907
1601 1908
1640 1697
1640 1789
1640 1886
1640 1887
1640 1888
1640 1889
1640 1890
1640 1891
1640 1892
1640 1893
1640 1894
1640 1895
1640 1896
1640 1897
1640 1898
1640 1899
1640 1900
1640 1901
1640 1902
1640 1903
1640 1904
1640 1905
1640 1906
1640 1907
1640 1908
1697 1789
1697 1886
1697 1887
1697 1888
1697 1889
1697 1890
1697 1891
1697 1892
1697 1893
1697 1894
1697 1895
1697 1896
1697 1897
1697 1898
1697 1899
1697 1900
1697 1901
1697 1902
1697 1903
1697 1904
1697 1905
1697 1906
1697 1907
1697 1908
1789 1886
1789 1887
1789 1888
1789 1889
1789 1890
1789 1891
1789 1892
1789 1893
1789 1894
1789 1895
1789 1896
1789 1897
1789 1898
1789 1899
1789 1900
1789 1901
1789 1902
1789 1903
1789 1904
1789 1905
1789 1906
1789 1907
1789 1908
1886 1887
1886 1888
1886 1889
1886 1890
1886 1891
1886 1892
1886 1893
1886 1894
1886 1895
1886 1896
1886 1897
1886 1898
1886 1899
1886 1900
1886 1901
1886 1902
1886 1903
1886 1904
1886 1905
1886 1906
1886 1907
1886 1908
1887 1888
1887 1889
1887 1890
1887 1891
1887 1892
1887 1893
1887 1894
1887 1895
1887 1896
1887 1897
1887 1898
1887 1899
1887 1900
1887 1901
1887 1902
1887 1903
1887 1904
1887 1905
1887 1906
1887 1907
1887 1908
1888 1889
1888 1890
1888 1891
1888 1892
1888 1893
1888 1894
1888 1895
1888 1896
1888 1897
1888 1898
1888 1899
1888 1900
1888 1901
1888 1902
1888 1903
1888 1904
1888 1905
1888 1906
1888 1907
1888 1908
1889 1890
1889 1891
1889 1892
1889 1893
1889 1894
1889 1895
1889 1896
1889 1897
1889 1898
1889 1899
1889 1900
1889 1901
1889 1902
1889 1903
1889 1904
1889 1905
1889 1906
1889 1907
1889 1908
1890 1891
1890 1892
1890 1893
1890 1894
1890 1895
1890 1896
1890 1897
1890 1898
1890 1899
1890 1900
1890 1901
1890 1902
1890 1903
1890 1904
1890 1905
1890 1906
1890 1907
1890 1908
1891 1892
1891 1893
1891 1894
1891 1895
1891 1896
1891 1897
1891 1898
1891 1899
1891 1900
1891 1901
1891 1902
1891 1903
1891 1904
1891 1905
1891 1906
1891 1907
1891 1908
1892 1893
1892 1894
1892 1895
1892 1896
1892 1897
1892 1898
1892 1899
1892 1900
1892 1901
1892 1902
1892 1903
1892 1904
1892 1905
1892 1906
1892 1907
1892 1908
1893 1894
1893 1895
1893 1896
1893 1897
1893 1898
1893 1899
1893 1900
1893 1901
1893 1902
1893 1903
1893 1904
1893 1905
1893 1906
1893 1907
1893 1908
1894 1895
1894 1896
1894 1897
1894 1898
1894 1899
1894 1900
1894 1901
1894 1902
1894 1903
1894 1904
1894 1905
1894 1906
1894 1907
1894 1908
1895 1896
1895 1897
1895 1898
1895 1899
1895 1900
1895 1901
1895 1902
1895 1903
1895 1904
1895 1905
1895 1906
1895 1907
1895 1908
1896 1897
1896 1898
1896 1899
1896 1900
1896 1901
1896 1902
1896 1903
1896 1904
1896 1905
1896 1906
1896 1907
1896 1908
1897 1898
1897 1899
1897 1900
1897 1901
1897 1902
1897 1903
1897 1904
1897 1905
1897 1906
1897 1907
1897 1908
1898 1899
1898 1900
1898 1901
1898 1902
1898 1903
1898 1904
1898 1905
1898 1906
1898 1907
1898 1908
1899 1900
1899 1901
1899 1902
1899 1903
1899 1904
1899 1905
1899 1906
1899 1907
1899 1908
1900 1901
1900 1902
1900 1903
1900 1904
1900 1905
1900 1906
1900 1907
1900 1908
1901 1902
1901 1903
1901 1904
1901 1905
1901 1906
1901 1907
1901 1908
1902 1903
1902 1904
1902 1905
1902 1906
1902 1907
1902 1908
1903 1904
1903 1905
1903 1906
1903 1907
1903 1908
1904 1905
1904 1906
1904 1907
1904 1908
1905 1906
1905 1907
1905 1908
1906 1907
1906 1908
1907 1908
200 790
200 923
200 990
200 1264
200 1350
200 1794
200 1909
200 1910
200 1911
200 1912
200 1913
200 1914
200 1915
790 923
790 990
790 1264
790 1350
790 1794
790 1909
790 1910
790 1911
790 1912
790 1913
790 1914
790 1915
923 990
923 1264
923 1350
923 1794
923 1909
923 1910
923 1911
923 1912
923 1913
923 1914
923 1915
990 1264
990 1350
990 1794
990 1909
990 1910
990 1911
990 1912
990 1913
990 1914
990 1915
1264 1350
1264 1794
1264 1909
1264 1910
1264 1911
1264 1912
1264 1913
1264 1914
1264 1915
1350 1794
1350 1909
1350 1910
1350 1911
1350 1912
1350 1913
1350 1914
1350 1915
1794 1909
1794 1910
1794 1911
1794 1912
1794 1913
1794 1914
1794 1915
1909 1910
1909 1911
1909 1912
1909 1913
1909 1914
1909 1915
1910 1911
1910 1912
1910 1913
1910 1914
1910 1915
1911 1912
1911 1913
1911 1914
1911 1915
1912 1913
1912 1914
1912 1915
1913 1914
1913 1915
1914 1915
201 456
201 683
201 742
201 1217
201 1272
201 1368
201 1427
201 1603
201 1737
201 1909
201 1916
201 1917
201 1918
201 1919
201 1920
201 1921
201 1922
201 1923
201 1924
201 1925
201 1926
201 1927
201 1928
201 1929
201 1930
201 1931
201 1932
201 1933
201 1934
201 1935
201 1936
201 1937
201 1938
201 1939
201 1940
201 1941
201 1942
201 1943
456 683
456 742
456 1217
456 1272
456 1368
456 1427
456 1603
456 1737
456 1909
456 1916
456 1917
456 1918
456 1919
456 1920
456 1921
456 1922
456 1923
456 1924
456 1925
456 1926
456 1927
456 1928
456 1929
456 1930
456 1931
456 1932
456 1933
456 1934
456 1935
456 1936
456 1937
456 1938
456 1939
456 1940
456 1941
456 1942
456 1943
683 742
683 1217
683 1272
683 1368
683 1427
683 1603
683 1737
683 1909
683 1916
683 1917
683 1918
683 1919
683 1920
683 1921
683 1922
683 1923
683 1924
683 1925
683 1926
683 1927
683 1928
683 1929
683 1930
683 1931
683 1932
683 1933
683 1934
683 1935
683 1936
683 1937
683 1938
683 1939
683 1940
683 1941
683 1942
683 1943
742 1217
742 1272
742 1368
742 1427
742 1603
742 1737
742 1909
742 1916
742 1917
742 1918
742 1919
742 1920
742 1921
742 1922
742 1923
742 1924
742 1925
742 1926
742 1927
742 1928
742 1929
742 1930
742 1931
742 1932
742 1933
742 1934
742 1935
742 1936
742 1937
742 1938
742 1939
742 1940
742 1941
742 1942
742 1943
1217 1272
1217 1368
1217 1427
1217 1603
1217 1737
1217 1909
1217 1916
1217 1917
1217 1918
1217 1919
1217 1920
1217 1921
1217 1922
1217 1923
1217 1924
1217 1925
1217 1926
1217 1927
1217 1928
1217 1929
1217 1930
1217 1931
1217 1932
1217 1933
1217 1934
1217 1935
1217 1936
1217 1937
1217 1938
1217 1939
1217 1940
1217 1941
1217 1942
1217 1943
1272 1368
1272 1427
1272 1603
1272 1737
1272 1909
1272 1916
1272 1917
1272 1918
1272 1919
1272 1920
1272 1921
1272 1922
1272 1923
1272 1924
1272 1925
1272 1926
1272 1927
1272 1928
1272 1929
1272 1930
1272 1931
1272 1932
1272 1933
1272 1934
1272 1935
1272 1936
1272 1937
1272 1938
1272 1939
1272 1940
1272 1941
1272 1942
1272 1943
1368 1427
1368 1603
1368 1737
1368 1909
1368 1916
1368 1917
1368 1918
1368 1919
1368 1920
1368 1921
1368 1922
1368 1923
1368 1924
1368 1925
1368 1926
1368 1927
1368 1928
1368 1929
1368 1930
1368 1931
1368 1932
1368 1933
1368 1934
1368 1935
1368 1936
1368 1937
1368 1938
1368 1939
1368 1940
1368 1941
1368 1942
1368 1943
1427 1603
1427 1737
1427 1909
1427 1916
1427 1917
1427 1918
1427 1919
1427 1920
1427 1921
1427 1922
1427 1923
1427 1924
1427 1925
1427 1926
1427 1927
1427 1928
1427 1929
1427 1930
1427 1931
1427 1932
1427 1933
1427 1934
1427 1935
1427 1936
1427 1937
1427 1938
1427 1939
1427 1940
1427 1941
1427 1942
1427 1943
1603 1737
1603 1909
1603 1916
1603 1917
1603 1918
1603 1919
1603 1920
1603 1921
1603 1922
1603 1923
1603 1924
1603 1925
1603 1926
1603 1927
1603 1928
1603 1929
1603 1930
1603 1931
1603 1932
1603 1933
1603 1934
1603 1935
1603 1936
1603 1937
1603 1938
1603 1939
1603 1940
1603 1941
1603 1942
1603 1943
1737 1909
1737 1916
1737 1917
1737 1918
1737 1919
1737 1920
1737 1921
1737 1922
1737 1923
1737 1924
1737 1925
1737 1926
1737 1927
1737 1928
1737 1929
1737 1930
1737 1931
1737 1932
1737 1933
1737 1934
1737 1935
1737 1936
1737 1937
1737 1938
1737 1939
1737 1940
1737 1941
1737 1942
1737 1943
1909 1916
1909 1917
1909 1918
1909 1919
1909 1920
1909 1921
1909 1922
1909 1923
1909 1924
1909 1925
1909 1926
1909 1927
1909 1928
1909 1929
1909 1930
1909 1931
1909 1932
1909 1933
1909 1934
1909 1935
1909 1936
1909 1937
1909 1938
1909 1939
1909 1940
1909 1941
1909 1942
1909 1943
1916 1917
1916 1918
1916 1919
1916 1920
1916 1921
1916 1922
1916 1923
1916 1924
1916 1925
1916 1926
1916 1927
1916 1928
1916 1929
1916 1930
1916 1931
1916 1932
1916 1933
1916 1934
1916 1935
1916 1936
1916 1937
1916 1938
1916 1939
1916 1940
1916 1941
1916 1942
1916 1943
1917 1918
1917 1919
1917 1920
1917 1921
1917 1922
1917 1923
1917 1924
1917 1925
1917 1926
1917 1927
1917 1928
1917 1929
1917 1930
1917 1931
1917 1932
1917 1933
1917 1934
1917 1935
1917 1936
1917 1937
1917 1938
1917 1939
1917 1940
1917 1941
1917 1942
1917 1943
1918 1919
1918 1920
1918 1921
1918 1922
1918 1923
1918 1924
1918 1925
1918 1926
1918 1927
1918 1928
1918 1929
1918 1930
1918 1931
1918 1932
1918 1933
1918 1934
1918 1935
1918 1936
1918 1937
1918 1938
1918 1939
1918 1940
1918 1941
1918 1942
1918 1943
1919 1920
1919 1921
1919 1922
1919 1923
1919 1924
1919 1925
1919 1926
1919 1927
1919 1928
1919 1929
1919 1930
1919 1931
1919 1932
1919 1933
1919 1934
1919 1935
1919 1936
1919 1937
1919 1938
1919 1939
1919 1940
1919 1941
1919 1942
1919 1943
1920 1921
1920 1922
1920 1923
1920 1924
1920 1925
1920 1926
1920 1927
1920 1928
1920 1929
1920 1930
1920 1931
1920 1932
1920 1933
1920 1934
1920 1935
1920 1936
1920 1937
1920 1938
1920 1939
1920 1940
1920 1941
1920 1942
1920 1943
1921 1922
1921 1923
1921 1924
1921 1925
1921 1926
1921 1927
1921 1928
1921 1929
1921 1930
1921 1931
1921 1932
1921 1933
1921 1934
1921 1935
1921 1936
1921 1937
1921 1938
1921 1939
1921 1940
1921 1941
1921 1942
1921 1943
1922 1923
1922 1924
1922 1925
1922 1926
1922 1927
1922 1928
1922 1929
1922 1930
1922 1931
1922 1932
1922 1933
1922 1934
1922 1935
1922 1936
1922 1937
1922 1938
1922 1939
1922 1940
1922 1941
1922 1942
1922 1943
1923 1924
1923 1925
1923 1926
1923 1927
1923 1928
1923 1929
1923 1930
1923 1931
1923 1932
1923 1933
1923 1934
1923 1935
1923 1936
1923 1937
1923 1938
1923 1939
1923 1940
1923 1941
1923 1942
1923 1943
1924 1925
1924 1926
1924 1927
1924 1928
1924 1929
1924 1930
1924 1931
1924 1932
1924 1933
1924 1934
1924 1935
1924 1936
1924 1937
1924 1938
1924 1939
1924 1940
1924 1941
1924 1942
1924 1943
1925 1926
1925 1927
1925 1928
1925 1929
1925 1930
1925 1931
1925 1932
1925 1933
1925 1934
1925 1935
1925 1936
1925 1937
1925 1938
1925 1939
1925 1940
1925 1941
1925 1942
1925 1943
1926 1927
1926 1928
1926 1929
1926 1930
1926 1931
1926 1932
1926 1933
1926 1934
1926 1935
1926 1936
1926 1937
1926 1938
1926 1939
1926 1940
1926 1941
1926 1942
1926 1943
1927 1928
1927 1929
1927 1930
1927 1931
1927 1932
1927 1933
1927 1934
1927 1935
1927 1936
1927 1937
1927 1938
1927 1939
1927 1940
1927 1941
1927 1942
1927 1943
1928 1929
1928 1930
1928 1931
1928 1932
1928 1933
1928 1934
1928 1935
1928 1936
1928 1937
1928 1938
1928 1939
1928 1940
1928 1941
1928 1942
1928 1943
1929 1930
1929 1931
1929 1932
1929 1933
1929 1934
1929 1935
1929 1936
1929 1937
1929 1938
1929 1939
1929 1940
1929 1941
1929 1942
1929 1943
1930 1931
1930 1932
1930 1933
1930 1934
1930 1935
1930 1936
1930 1937
1930 1938
1930 1939
1930 1940
1930 1941
1930 1942
1930 1943
1931 1932
1931 1933
1931 1934
1931 1935
1931 1936
1931 1937
1931 1938
1931 1939
1931 1940
1931 1941
1931 1942
1931 1943
1932 1933
1932 1934
1932 1935
1932 1936
1932 1937
1932 1938
1932 1939
1932 1940
1932 1941
1932 1942
1932 1943
1933 1934
1933 1935
1933 1936
1933 1937
1933 1938
1933 1939
1933 1940
1933 1941
1933 1942
1933 1943
1934 1935
1934 1936
1934 1937
1934 1938
1934 1939
1934 1940
1934 1941
1934 1942
1934 1943
1935 1936
1935 1937
1935 1938
1935 1939
1935 1940
1935 1941
1935 1942
1935 1943
1936 1937
1936 1938
1936 1939
1936 1940
1936 1941
1936 1942
1936 1943
1937 1938
1937 1939
1937 1940
1937 1941
1937 1942
1937 1943
1938 1939
1938 1940
1938 1941
1938 1942
1938 1943
1939 1940
1939 1941
1939 1942
1939 1943
1940 1941
1940 1942
1940 1943
1941 1942
1941 1943
1942 1943
202 457
202 681
202 776
202 924
202 1574
202 1592
202 1795
202 1917
202 1944
202 1945
202 1946
202 1947
202 1948
202 1949
202 1950
202 1951
202 1952
202 1953
202 1954
202 1955
202 1956
202 1957
202 1958
202 1959
202 1960
202 1961
202 1962
202 1963
202 1964
202 1965
202 1966
202 1967
202 1968
202 1969
202 1970
202 1971
202 1972
202 1973
202 1974
457 681
457 776
457 924
457 1574
457 1592
457 1795
457 1917
457 1944
457 1945
457 1946
457 1947
457 1948
457 1949
457 1950
457 1951
457 1952
457 1953
457 1954
457 1955
457 1956
457 1957
457 1958
457 1959
457 1960
457 1961
457 1962
457 1963
457 1964
457 1965
457 1966
457 1967
457 1968
457 1969
457 1970
457 1971
457 1972
457 1973
457 1974
681 776
681 924
681 1574
681 1592
681 1795
681 1917
681 1944
681 1945
681 1946
681 1947
681 1948
681 1949
681 1950
681 1951
681 1952
681 1953
681 1954
681 1955
681 1956
681 1957
681 1958
681 1959
681 1960
681 1961
681 1962
681 1963
681 1964
681 1965
681 1966
681 1967
681 1968
681 1969
681 1970
681 1971
681 1972
681 1973
681 1974
776 924
776 1574
776 1592
776 1795
776 1917
776 1944
776 1945
776 1946
776 1947
776 1948
776 1949
776 1950
776 1951
776 1952
776 1953
776 1954
776 1955
776 1956
776 1957
776 1958
776 1959
776 1960
776 1961
776 1962
776 1963
776 1964
776 1965
776 1966
776 1967
776 1968
776 1969
776 1970
776 1971
776 1972
776 1973
776 1974
924 1574
924 1592
924 1795
924 1917
924 1944
924 1945
924 1946
924 1947
924 1948
924 1949
924 1950
924 1951
924 1952
924 1953
924 1954
924 1955
924 1956
924 1957
924 1958
924 1959
924 1960
924 1961
924 1962
924 1963
924 1964
924 1965
924 1966
924 1967
924 1968
924 1969
924 1970
924 1971
924 1972
924 1973
924 1974
1574 1592
1574 1795
1574 1917
1574 1944
1574 1945
1574 1946
1574 1947
1574 1948
1574 1949
1574 1950
1574 1951
1574 1952
1574 1953
1574 1954
1574 1955
1574 1956
1574 1957
1574 1958
1574 1959
1574 1960
1574 1961
1574 1962
1574 1963
1574 1964
1574 1965
1574 1966
1574 1967
1574 1968
1574 1969
1574 1970
1574 1971
1574 1972
1574 1973
1574 1974
1592 1795
1592 1917
1592 1944
1592 1945
1592 1946
1592 1947
1592 1948
1592 1949
1592 1950
1592 1951
1592 1952
1592 1953
1592 1954
1592 1955
1592 1956
1592 1957
1592 1958
1592 1959
1592 1960
1592 1961
1592 1962
1592 1963
1592 1964
1592 1965
1592 1966
1592 1967
1592 1968
1592 1969
1592 1970
1592 1971
1592 1972
1592 1973
1592 1974
1795 1917
1795 1944
1795 1945
1795 1946
1795 1947
1795 1948
1795 1949
1795 1950
1795 1951
1795 1952
1795 1953
1795 1954
1795 1955
1795 1956
1795 1957
1795 1958
1795 1959
1795 1960
1795 1961
1795 1962
1795 1963
1795 1964
1795 1965
1795 1966
1795 1967
1795 1968
1795 1969
1795 1970
1795 1971
1795 1972
1795 1973
1795 1974
1917 1944
1917 1945
1917 1946
1917 1947
1917 1948
1917 1949
1917 1950
1917 1951
1917 1952
1917 1953
1917 1954
1917 1955
1917 1956
1917 1957
1917 1958
1917 1959
1917 1960
1917 1961
1917 1962
1917 1963
1917 1964
1917 1965
1917 1966
1917 1967
1917 1968
1917 1969
1917 1970
1917 1971
1917 1972
1917 1973
1917 1974
1944 1945
1944 1946
1944 1947
1944 1948
1944 1949
1944 1950
1944 1951
1944 1952
1944 1953
1944 1954
1944 1955
1944 1956
1944 1957
1944 1958
1944 1959
1944 1960
1944 1961
1944 1962
1944 1963
1944 1964
1944 1965
1944 1966
1944 1967
1944 1968
1944 1969
1944 1970
1944 1971
1944 1972
1944 1973
1944 1974
1945 1946
1945 1947
1945 1948
1945 1949
1945 1950
1945 1951
1945 1952
1945 1953
1945 1954
1945 1955
1945 1956
1945 1957
1945 1958
1945 1959
1945 1960
1945 1961
1945 1962
1945 1963
1945 1964
1945 1965
1945 1966
1945 1967
1945 1968
1945 1969
1945 1970
1945 1971
1945 1972
1945 1973
1945 1974
1946 1947
1946 1948
1946 1949
1946 1950
1946 1951
1946 1952
1946 1953
1946 1954
1946 1955
1946 1956
1946 1957
1946 1958
1946 1959
1946 1960
1946 1961
1946 1962
1946 1963
1946 1964
1946 1965
1946 1966
1946 1967
1946 1968
1946 1969
1946 1970
1946 1971
1946 1972
1946 1973
1946 1974
1947 1948
1947 1949
1947 1950
1947 1951
1947 1952
1947 1953
1947 1954
1947 1955
1947 1956
1947 1957
1947 1958
1947 1959
1947 1960
1947 1961
1947 1962
1947 1963
1947 1964
1947 1965
1947 1966
1947 1967
1947 1968
1947 1969
1947 1970
1947 1971
1947 1972
1947 1973
1947 1974
1948 1949
1948 1950
1948 1951
1948 1952
1948 1953
1948 1954
1948 1955
1948 1956
1948 1957
1948 1958
1948 1959
1948 1960
1948 1961
1948 1962
1948 1963
1948 1964
1948 1965
1948 1966
1948 1967
1948 1968
1948 1969
1948 1970
1948 1971
1948 1972
1948 1973
1948 1974
1949 1950
1949 1951
1949 1952
1949 1953
1949 1954
1949 1955
1949 1956
1949 1957
1949 1958
1949 1959
1949 1960
1949 1961
1949 1962
1949 1963
1949 1964
1949 1965
1949 1966
1949 1967
1949 1968
1949 1969
1949 1970
1949 1971
1949 1972
1949 1973
1949 1974
1950 1951
1950 1952
1950 1953
1950 1954
1950 1955
1950 1956
1950 1957
1950 1958
1950 1959
1950 1960
1950 1961
1950 1962
1950 1963
1950 1964
1950 1965
1950 1966
1950 1967
1950 1968
1950 1969
1950 1970
1950 1971
1950 1972
1950 1973
1950 1974
1951 1952
1951 1953
1951 1954
1951 1955
1951 1956
1951 1957
1951 1958
1951 1959
1951 1960
1951 1961
1951 1962
1951 1963
1951 1964
1951 1965
1951 1966
1951 1967
1951 1968
1951 1969
1951 1970
1951 1971
1951 1972
1951 1973
1951 1974
1952 1953
1952 1954
1952 1955
1952 1956
1952 1957
1952 1958
1952 1959
1952 1960
1952 1961
1952 1962
1952 1963
1952 1964
1952 1965
1952 1966
1952 1967
1952 1968
1952 1969
1952 1970
1952 1971
1952 1972
1952 1973
1952 1974
1953 1954
1953 1955
1953 1956
1953 1957
1953 1958
1953 1959
1953 1960
1953 1961
1953 1962
1953 1963
1953 1964
1953 1965
1953 1966
1953 1967
1953 1968
1953 1969
1953 1970
1953 1971
1953 1972
1953 1973
1953 1974
1954 1955
1954 1956
1954 1957
1954 1958
1954 1959
1954 1960
1954 1961
1954 1962
1954 1963
1954 1964
1954 1965
1954 1966
1954 1967
1954 1968
1954 1969
1954 1970
1954 1971
1954 1972
1954 1973
1954 1974
1955 1956
1955 1957
1955 1958
1955 1959
1955 1960
1955 1961
1955 1962
1955 1963
1955 1964
1955 1965
1955 1966
1955 1967
1955 1968
1955 1969
1955 1970
1955 1971
1955 1972
1955 1973
1955 1974
1956 1957
1956 1958
1956 1959
1956 1960
1956 1961
1956 1962
1956 1963
1956 1964
1956 1965
1956 1966
1956 1967
1956 1968
1956 1969
1956 1970
1956 1971
1956 1972
1956 1973
1956 1974
1957 1958
1957 1959
1957 1960
1957 1961
1957 1962
1957 1963
1957 1964
1957 1965
1957 1966
1957 1967
1957 1968
1957 1969
1957 1970
1957 1971
1957 1972
1957 1973
1957 1974
1958 1959
1958 1960
1958 1961
1958 1962
1958 1963
1958 1964
1958 1965
1958 1966
1958 1967
1958 1968
1958 1969
1958 1970
1958 1971
1958 1972
1958 1973
1958 1974
1959 1960
1959 1961
1959 1962
1959 1963
1959 1964
1959 1965
1959 1966
1959 1967
1959 1968
1959 1969
1959 1970
1959 1971
1959 1972
1959 1973
1959 1974
1960 1961
1960 1962
1960 1963
1960 1964
1960 1965
1960 1966
1960 1967
1960 1968
1960 1969
1960 1970
1960 1971
1960 1972
1960 1973
1960 1974
1961 1962
1961 1963
1961 1964
1961 1965
1961 1966
1961 1967
1961 1968
1961 1969
1961 1970
1961 1971
1961 1972
1961 1973
1961 1974
1962 1963
1962 1964
1962 1965
1962 1966
1962 1967
1962 1968
1962 1969
1962 1970
1962 1971
1962 1972
1962 1973
1962 1974
1963 1964
1963 1965
1963 1966
1963 1967
1963 1968
1963 1969
1963 1970
1963 1971
1963 1972
1963 1973
1963 1974
1964 1965
1964 1966
1964 1967
1964 1968
1964 1969
1964 1970
1964 1971
1964 1972
1964 1973
1964 1974
1965 1966
1965 1967
1965 1968
1965 1969
1965 1970
1965 1971
1965 1972
1965 1973
1965 1974
1966 1967
1966 1968
1966 1969
1966 1970
1966 1971
1966 1972
1966 1973
1966 1974
1967 1968
1967 1969
1967 1970
1967 1971
1967 1972
1967 1973
1967 1974
1968 1969
1968 1970
1968 1971
1968 1972
1968 1973
1968 1974
1969 1970
1969 1971
1969 1972
1969 1973
1969 1974
1970 1971
1970 1972
1970 1973
1970 1974
1971 1972
1971 1973
1971 1974
1972 1973
1972 1974
1973 1974
203 250
203 1351
203 1975
203 1976
203 1977
203 1978
203 1979
203 1980
203 1981
203 1982
203 1983
203 1984
203 1985
250 1351
250 1975
250 1976
250 1977
250 1978
250 1979
250 1980
250 1981
250 1982
250 1983
250 1984
250 1985
1351 1975
1351 1976
1351 1977
1351 1978
1351 1979
1351 1980
1351 1981
1351 1982
1351 1983
1351 1984
1351 1985
1975 1976
1975 1977
1975 1978
1975 1979
1975 1980
1975 1981
1975 1982
1975 1983
1975 1984
1975 1985
1976 1977
1976 1978
1976 1979
1976 1980
1976 1981
1976 1982
1976 1983
1976 1984
1976 1985
1977 1978
1977 1979
1977 1980
1977 1981
1977 1982
1977 1983
1977 1984
1977 1985
1978 1979
1978 1980
1978 1981
1978 1982
1978 1983
1978 1984
1978 1985
1979 1980
1979 1981
1979 1982
1979 1983
1979 1984
1979 1985
1980 1981
1980 1982
1980 1983
1980 1984
1980 1985
1981 1982
1981 1983
1981 1984
1981 1985
1982 1983
1982 1984
1982 1985
1983 1984
1983 1985
1984 1985
205 1986
205 1987
205 1988
1986 1987
1986 1988
1987 1988
207 1541
207 1916
207 1944
207 1989
207 1990
207 1991
207 1992
207 1993
207 1994
207 1995
207 1996
207 1997
207 1998
207 1999
207 2000
207 2001
207 2002
207 2003
207 2004
207 2005
1541 1916
1541 1944
1541 1989
1541 1990
1541 1991
1541 1992
1541 1993
1541 1994
1541 1995
1541 1996
1541 1997
1541 1998
1541 1999
1541 2000
1541 2001
1541 2002
1541 2003
1541 2004
1541 2005
1916 1944
1916 1989
1916 1990
1916 1991
1916 1992
1916 1993
1916 1994
1916 1995
1916 1996
1916 1997
1916 1998
1916 1999
1916 2000
1916 2001
1916 2002
1916 2003
1916 2004
1916 2005
1944 1989
1944 1990
1944 1991
1944 1992
1944 1993
1944 1994
1944 1995
1944 1996
1944 1997
1944 1998
1944 1999
1944 2000
1944 2001
1944 2002
1944 2003
1944 2004
1944 2005
1989 1990
1989 1991
1989 1992
1989 1993
1989 1994
1989 1995
1989 1996
1989 1997
1989 1998
1989 1999
1989 2000
1989 2001
1989 2002
1989 2003
1989 2004
1989 2005
1990 1991
1990 1992
1990 1993
1990 1994
1990 1995
1990 1996
1990 1997
1990 1998
1990 1999
1990 2000
1990 2001
1990 2002
1990 2003
1990 2004
1990 2005
1991 1992
1991 1993
1991 1994
1991 1995
1991 1996
1991 1997
1991 1998
1991 1999
1991 2000
1991 2001
1991 2002
1991 2003
1991 2004
1991 2005
1992 1993
1992 1994
1992 1995
1992 1996
1992 1997
1992 1998
1992 1999
1992 2000
1992 2001
1992 2002
1992 2003
1992 2004
1992 2005
1993 1994
1993 1995
1993 1996
1993 1997
1993 1998
1993 1999
1993 2000
1993 2001
1993 2002
1993 2003
1993 2004
1993 2005
1994 1995
1994 1996
1994 1997
1994 1998
1994 1999
1994 2000
1994 2001
1994 2002
1994 2003
1994 2004
1994 2005
1995 1996
1995 1997
1995 1998
1995 1999
1995 2000
1995 2001
1995 2002
1995 2003
1995 2004
1995 2005
1996 1997
1996 1998
1996 1999
1996 2000
1996 2001
1996 2002
1996 2003
1996 2004
1996 2005
1997 1998
1997 1999
1997 2000
1997 2001
1997 2002
1997 2003
1997 2004
1997 2005
1998 1999
1998 2000
1998 2001
1998 2002
1998 2003
1998 2004
1998 2005
1999 2000
1999 2001
1999 2002
1999 2003
1999 2004
1999 2005
2000 2001
2000 2002
2000 2003
2000 2004
2000 2005
2001 2002
2001 2003
2001 2004
2001 2005
2002 2003
2002 2004
2002 2005
2003 2004
2003 2005
2004 2005
210 1089
210 1582
210 2006
210 2007
210 2008
210 2009
210 2010
210 2011
210 2012
210 2013
210 2014
1089 1582
1089 2006
1089 2007
1089 2008
1089 2009
1089 2010
1089 2011
1089 2012
1089 2013
1089 2014
1582 2006
1582 2007
1582 2008
1582 2009
1582 2010
1582 2011
1582 2012
1582 2013
1582 2014
2006 2007
2006 2008
2006 2009
2006 2010
2006 2011
2006 2012
2006 2013
2006 2014
2007 2008
2007 2009
2007 2010
2007 2011
2007 2012
2007 2013
2007 2014
2008 2009
2008 2010
2008 2011
2008 2012
2008 2013
2008 2014
2009 2010
2009 2011
2009 2012
2009 2013
2009 2014
2010 2011
2010 2012
2010 2013
2010 2014
2011 2012
2011 2013
2011 2014
2012 2013
2012 2014
2013 2014
213 360
213 1542
213 1621
213 1864
213 1886
213 1986
213 1993
213 2015
213 2016
213 2017
213 2018
213 2019
213 2020
213 2021
213 2022
213 2023
213 2024
213 2025
213 2026
213 2027
213 2028
213 2029
213 2030
213 2031
213 2032
213 2033
213 2034
213 2035
213 2036
213 2037
213 2038
360 1542
360 1621
360 1864
360 1886
360 1986
360 1993
360 2015
360 2016
360 2017
360 2018
360 2019
360 2020
360 2021
360 2022
360 2023
360 2024
360 2025
360 2026
360 2027
360 2028
360 2029
360 2030
360 2031
360 2032
360 2033
360 2034
360 2035
360 2036
360 2037
360 2038
1542 1621
1542 1864
1542 1886
1542 1986
1542 1993
1542 2015
1542 2016
1542 2017
1542 2018
1542 2019
1542 2020
1542 2021
1542 2022
1542 2023
1542 2024
1542 2025
1542 2026
1542 2027
1542 2028
1542 2029
1542 2030
1542 2031
1542 2032
1542 2033
1542 2034
1542 2035
1542 2036
1542 2037
1542 2038
1621 1864
1621 1886
1621 1986
1621 1993
1621 2015
1621 2016
1621 2017
1621 2018
1621 2019
1621 2020
1621 2021
1621 2022
1621 2023
1621 2024
1621 2025
1621 2026
1621 2027
1621 2028
1621 2029
1621 2030
1621 2031
1621 2032
1621 2033
1621 2034
1621 2035
1621 2036
1621 2037
1621 2038
1864 1886
1864 1986
1864 1993
1864 2015
1864 2016
1864 2017
1864 2018
1864 2019
1864 2020
1864 2021
1864 2022
1864 2023
1864 2024
1864 2025
1864 2026
1864 2027
1864 2028
1864 2029
1864 2030
1864 2031
1864 2032
1864 2033
1864 2034
1864 2035
1864 2036
1864 2037
1864 2038
1886 1986
1886 1993
1886 2015
1886 2016
1886 2017
1886 2018
1886 2019
1886 2020
1886 2021
1886 2022
1886 2023
1886 2024
1886 2025
1886 2026
1886 2027
1886 2028
1886 2029
1886 2030
1886 2031
1886 2032
1886 2033
1886 2034
1886 2035
1886 2036
1886 2037
1886 2038
1986 1993
1986 2015
1986 2016
1986 2017
1986 2018
1986 2019
1986 2020
1986 2021
1986 2022
1986 2023
1986 2024
1986 2025
1986 2026
1986 2027
1986 2028
1986 2029
1986 2030
1986 2031
1986 2032
1986 2033
1986 2034
1986 2035
1986 2036
1986 2037
1986 2038
1993 2015
1993 2016
1993 2017
1993 2018
1993 2019
1993 2020
1993 2021
1993 2022
1993 2023
1993 2024
1993 2025
1993 2026
1993 2027
1993 2028
1993 2029
1993 2030
1993 2031
1993 2032
1993 2033
1993 2034
1993 2035
1993 2036
1993 2037
1993 2038
2015 2016
2015 2017
2015 2018
2015 2019
2015 2020
2015 2021
2015 2022
2015 2023
2015 2024
2015 2025
2015 2026
2015 2027
2015 2028
2015 2029
2015 2030
2015 2031
2015 2032
2015 2033
2015 2034
2015 2035
2015 2036
2015 2037
2015 2038
2016 2017
2016 2018
2016 2019
2016 2020
2016 2021
2016 2022
2016 2023
2016 2024
2016 2025
2016 2026
2016 2027
2016 2028
2016 2029
2016 2030
2016 2031
2016 2032
2016 2033
2016 2034
2016 2035
2016 2036
2016 2037
2016 2038
2017 2018
2017 2019
2017 2020
2017 2021
2017 2022
2017 2023
2017 2024
2017 2025
2017 2026
2017 2027
2017 2028
2017 2029
2017 2030
2017 2031
2017 2032
2017 2033
2017 2034
2017 2035
2017 2036
2017 2037
2017 2038
2018 2019
2018 2020
2018 2021
2018 2022
2018 2023
2018 2024
2018 2025
2018 2026
2018 2027
2018 2028
2018 2029
2018 2030
2018 2031
2018 2032
2018 2033
2018 2034
2018 2035
2018 2036
2018 2037
2018 2038
2019 2020
2019 2021
2019 2022
2019 2023
2019 2024
2019 2025
2019 2026
2019 2027
2019 2028
2019 2029
2019 2030
2019 2031
2019 2032
2019 2033
2019 2034
2019 2035
2019 2036
2019 2037
2019 2038
2020 2021
2020 2022
2020 2023
2020 2024
2020 2025
2020 2026
2020 2027
2020 2028
2020 2029
2020 2030
2020 2031
2020 2032
2020 2033
2020 2034
2020 2035
2020 2036
2020 2037
2020 2038
2021 2022
2021 2023
2021 2024
2021 2025
2021 2026
2021 2027
2021 2028
2021 2029
2021 2030
2021 2031
2021 2032
2021 2033
2021 2034
2021 2035
2021 2036
2021 2037
2021 2038
2022 2023
2022 2024
2022 2025
2022 2026
2022 2027
2022 2028
2022 2029
2022 2030
2022 2031
2022 2032
2022 2033
2022 2034
2022 2035
2022 2036
2022 2037
2022 2038
2023 2024
2023 2025
2023 2026
2023 2027
2023 2028
2023 2029
2023 2030
2023 2031
2023 2032
2023 2033
2023 2034
2023 2035
2023 2036
2023 2037
2023 2038
2024 2025
2024 2026
2024 2027
2024 2028
2024 2029
2024 2030
2024 2031
2024 2032
2024 2033
2024 2034
2024 2035
2024 2036
2024 2037
2024 2038
2025 2026
2025 2027
2025 2028
2025 2029
2025 2030
2025 2031
2025 2032
2025 2033
2025 2034
2025 2035
2025 2036
2025 2037
2025 2038
2026 2027
2026 2028
2026 2029
2026 2030
2026 2031
2026 2032
2026 2033
2026 2034
2026 2035
2026 2036
2026 2037
2026 2038
2027 2028
2027 2029
2027 2030
2027 2031
2027 2032
2027 2033
2027 2034
2027 2035
2027 2036
2027 2037
2027 2038
2028 2029
2028 2030
2028 2031
2028 2032
2028 2033
2028 2034
2028 2035
2028 2036
2028 2037
2028 2038
2029 2030
2029 2031
2029 2032
2029 2033
2029 2034
2029 2035
2029 2036
2029 2037
2029 2038
2030 2031
2030 2032
2030 2033
2030 2034
2030 2035
2030 2036
2030 2037
2030 2038
2031 2032
2031 2033
2031 2034
2031 2035
2031 2036
2031 2037
2031 2038
2032 2033
2032 2034
2032 2035
2032 2036
2032 2037
2032 2038
2033 2034
2033 2035
2033 2036
2033 2037
2033 2038
2034 2035
2034 2036
2034 2037
2034 2038
2035 2036
2035 2037
2035 2038
2036 2037
2036 2038
2037 2038
216 2039
216 2040
2039 2040
217 1098
217 1239
217 1391
217 1918
217 2041
217 2042
217 2043
217 2044
217 2045
217 2046
217 2047
217 2048
217 2049
217 2050
217 2051
217 2052
217 2053
217 2054
217 2055
217 2056
217 2057
217 2058
217 2059
217 2060
217 2061
217 2062
217 2063
217 2064
217 2065
217 2066
217 2067
217 2068
217 2069
1098 1239
1098 1391
1098 1918
1098 2041
1098 2042
1098 2043
1098 2044
1098 2045
1098 2046
1098 2047
1098 2048
1098 2049
1098 2050
1098 2051
1098 2052
1098 2053
1098 2054
1098 2055
1098 2056
1098 2057
1098 2058
1098 2059
1098 2060
1098 2061
1098 2062
1098 2063
1098 2064
1098 2065
1098 2066
1098 2067
1098 2068
1098 2069
1239 1391
1239 1918
1239 2041
1239 2042
1239 2043
1239 2044
1239 2045
1239 2046
1239 2047
1239 2048
1239 2049
1239 2050
1239 2051
1239 2052
1239 2053
1239 2054
1239 2055
1239 2056
1239 2057
1239 2058
1239 2059
1239 2060
1239 2061
1239 2062
1239 2063
1239 2064
1239 2065
1239 2066
1239 2067
1239 2068
1239 2069
1391 1918
1391 2041
1391 2042
1391 2043
1391 2044
1391 2045
1391 2046
1391 2047
1391 2048
1391 2049
1391 2050
1391 2051
1391 2052
1391 2053
1391 2054
1391 2055
1391 2056
1391 2057
1391 2058
1391 2059
1391 2060
1391 2061
1391 2062
1391 2063
1391 2064
1391 2065
1391 2066
1391 2067
1391 2068
1391 2069
1918 2041
1918 2042
1918 2043
1918 2044
1918 2045
1918 2046
1918 2047
1918 2048
1918 2049
1918 2050
1918 2051
1918 2052
1918 2053
1918 2054
1918 2055
1918 2056
1918 2057
1918 2058
1918 2059
1918 2060
1918 2061
1918 2062
1918 2063
1918 2064
1918 2065
1918 2066
1918 2067
1918 2068
1918 2069
2041 2042
2041 2043
2041 2044
2041 2045
2041 2046
2041 2047
2041 2048
2041 2049
2041 2050
2041 2051
2041 2052
2041 2053
2041 2054
2041 2055
2041 2056
2041 2057
2041 2058
2041 2059
2041 2060
2041 2061
2041 2062
2041 2063
2041 2064
2041 2065
2041 2066
2041 2067
2041 2068
2041 2069
2042 2043
2042 2044
2042 2045
2042 2046
2042 2047
2042 2048
2042 2049
2042 2050
2042 2051
2042 2052
2042 2053
2042 2054
2042 2055
2042 2056
2042 2057
2042 2058
2042 2059
2042 2060
2042 2061
2042 2062
2042 2063
2042 2064
2042 2065
2042 2066
2042 2067
2042 2068
2042 2069
2043 2044
2043 2045
2043 2046
2043 2047
2043 2048
2043 2049
2043 2050
2043 2051
2043 2052
2043 2053
2043 2054
2043 2055
2043 2056
2043 2057
2043 2058
2043 2059
2043 2060
2043 2061
2043 2062
2043 2063
2043 2064
2043 2065
2043 2066
2043 2067
2043 2068
2043 2069
2044 2045
2044 2046
2044 2047
2044 2048
2044 2049
2044 2050
2044 2051
2044 2052
2044 2053
2044 2054
2044 2055
2044 2056
2044 2057
2044 2058
2044 2059
2044 2060
2044 2061
2044 2062
2044 2063
2044 2064
2044 2065
2044 2066
2044 2067
2044 2068
2044 2069
2045 2046
2045 2047
2045 2048
2045 2049
2045 2050
2045 2051
2045 2052
2045 2053
2045 2054
2045 2055
2045 2056
2045 2057
2045 2058
2045 2059
2045 2060
2045 2061
2045 2062
2045 2063
2045 2064
2045 2065
2045 2066
2045 2067
2045 2068
2045 2069
2046 2047
2046 2048
2046 2049
2046 2050
2046 2051
2046 2052
2046 2053
2046 2054
2046 2055
2046 2056
2046 2057
2046 2058
2046 2059
2046 2060
2046 2061
2046 2062
2046 2063
2046 2064
2046 2065
2046 2066
2046 2067
2046 2068
2046 2069
2047 2048
2047 2049
2047 2050
2047 2051
2047 2052
2047 2053
2047 2054
2047 2055
2047 2056
2047 2057
2047 2058
2047 2059
2047 2060
2047 2061
2047 2062
2047 2063
2047 2064
2047 2065
2047 2066
2047 2067
2047 2068
2047 2069
2048 2049
2048 2050
2048 2051
2048 2052
2048 2053
2048 2054
2048 2055
2048 2056
2048 2057
2048 2058
2048 2059
2048 2060
2048 2061
2048 2062
2048 2063
2048 2064
2048 2065
2048 2066
2048 2067
2048 2068
2048 2069
2049 2050
2049 2051
2049 2052
2049 2053
2049 2054
2049 2055
2049 2056
2049 2057
2049 2058
2049 2059
2049 2060
2049 2061
2049 2062
2049 2063
2049 2064
2049 2065
2049 2066
2049 2067
2049 2068
2049 2069
2050 2051
2050 2052
2050 2053
2050 2054
2050 2055
2050 2056
2050 2057
2050 2058
2050 2059
2050 2060
2050 2061
2050 2062
2050 2063
2050 2064
2050 2065
2050 2066
2050 2067
2050 2068
2050 2069
2051 2052
2051 2053
2051 2054
2051 2055
2051 2056
2051 2057
2051 2058
2051 2059
2051 2060
2051 2061
2051 2062
2051 2063
2051 2064
2051 2065
2051 2066
2051 2067
2051 2068
2051 2069
2052 2053
2052 2054
2052 2055
2052 2056
2052 2057
2052 2058
2052 2059
2052 2060
2052 2061
2052 2062
2052 2063
2052 2064
2052 2065
2052 2066
2052 2067
2052 2068
2052 2069
2053 2054
2053 2055
2053 2056
2053 2057
2053 2058
2053 2059
2053 2060
2053 2061
2053 2062
2053 2063
2053 2064
2053 2065
2053 2066
2053 2067
2053 2068
2053 2069
2054 2055
2054 2056
2054 2057
2054 2058
2054 2059
2054 2060
2054 2061
2054 2062
2054 2063
2054 2064
2054 2065
2054 2066
2054 2067
2054 2068
2054 2069
2055 2056
2055 2057
2055 2058
2055 2059
2055 2060
2055 2061
2055 2062
2055 2063
2055 2064
2055 2065
2055 2066
2055 2067
2055 2068
2055 2069
2056 2057
2056 2058
2056 2059
2056 2060
2056 2061
2056 2062
2056 2063
2056 2064
2056 2065
2056 2066
2056 2067
2056 2068
2056 2069
2057 2058
2057 2059
2057 2060
2057 2061
2057 2062
2057 2063
2057 2064
2057 2065
2057 2066
2057 2067
2057 2068
2057 2069
2058 2059
2058 2060
2058 2061
2058 2062
2058 2063
2058 2064
2058 2065
2058 2066
2058 2067
2058 2068
2058 2069
2059 2060
2059 2061
2059 2062
2059 2063
2059 2064
2059 2065
2059 2066
2059 2067
2059 2068
2059 2069
2060 2061
2060 2062
2060 2063
2060 2064
2060 2065
2060 2066
2060 2067
2060 2068
2060 2069
2061 2062
2061 2063
2061 2064
2061 2065
2061 2066
2061 2067
2061 2068
2061 2069
2062 2063
2062 2064
2062 2065
2062 2066
2062 2067
2062 2068
2062 2069
2063 2064
2063 2065
2063 2066
2063 2067
2063 2068
2063 2069
2064 2065
2064 2066
2064 2067
2064 2068
2064 2069
2065 2066
2065 2067
2065 2068
2065 2069
2066 2067
2066 2068
2066 2069
2067 2068
2067 2069
2068 2069
218 1388
218 2070
218 2071
218 2072
218 2073
218 2074
218 2075
1388 2070
1388 2071
1388 2072
1388 2073
1388 2074
1388 2075
2070 2071
2070 2072
2070 2073
2070 2074
2070 2075
2071 2072
2071 2073
2071 2074
2071 2075
2072 2073
2072 2074
2072 2075
2073 2074
2073 2075
2074 2075
219 2043
219 2071
219 2076
219 2077
219 2078
219 2079
219 2080
219 2081
219 2082
219 2083
219 2084
219 2085
219 2086
219 2087
219 2088
219 2089
219 2090
219 2091
219 2092
219 2093
2043 2071
2043 2076
2043 2077
2043 2078
2043 2079
2043 2080
2043 2081
2043 2082
2043 2083
2043 2084
2043 2085
2043 2086
2043 2087
2043 2088
2043 2089
2043 2090
2043 2091
2043 2092
2043 2093
2071 2076
2071 2077
2071 2078
2071 2079
2071 2080
2071 2081
2071 2082
2071 2083
2071 2084
2071 2085
2071 2086
2071 2087
2071 2088
2071 2089
2071 2090
2071 2091
2071 2092
2071 2093
2076 2077
2076 2078
2076 2079
2076 2080
2076 2081
2076 2082
2076 2083
2076 2084
2076 2085
2076 2086
2076 2087
2076 2088
2076 2089
2076 2090
2076 2091
2076 2092
2076 2093
2077 2078
2077 2079
2077 2080
2077 2081
2077 2082
2077 2083
2077 2084
2077 2085
2077 2086
2077 2087
2077 2088
2077 2089
2077 2090
2077 2091
2077 2092
2077 2093
2078 2079
2078 2080
2078 2081
2078 2082
2078 2083
2078 2084
2078 2085
2078 2086
2078 2087
2078 2088
2078 2089
2078 2090
2078 2091
2078 2092
2078 2093
2079 2080
2079 2081
2079 2082
2079 2083
2079 2084
2079 2085
2079 2086
2079 2087
2079 2088
2079 2089
2079 2090
2079 2091
2079 2092
2079 2093
2080 2081
2080 2082
2080 2083
2080 2084
2080 2085
2080 2086
2080 2087
2080 2088
2080 2089
2080 2090
2080 2091
2080 2092
2080 2093
2081 2082
2081 2083
2081 2084
2081 2085
2081 2086
2081 2087
2081 2088
2081 2089
2081 2090
2081 2091
2081 2092
2081 2093
2082 2083
2082 2084
2082 2085
2082 2086
2082 2087
2082 2088
2082 2089
2082 2090
2082 2091
2082 2092
2082 2093
2083 2084
2083 2085
2083 2086
2083 2087
2083 2088
2083 2089
2083 2090
2083 2091
2083 2092
2083 2093
2084 2085
2084 2086
2084 2087
2084 2088
2084 2089
2084 2090
2084 2091
2084 2092
2084 2093
2085 2086
2085 2087
2085 2088
2085 2089
2085 2090
2085 2091
2085 2092
2085 2093
2086 2087
2086 2088
2086 2089
2086 2090
2086 2091
2086 2092
2086 2093
2087 2088
2087 2089
2087 2090
2087 2091
2087 2092
2087 2093
2088 2089
2088 2090
2088 2091
2088 2092
2088 2093
2089 2090
2089 2091
2089 2092
2089 2093
2090 2091
2090 2092
2090 2093
2091 2092
2091 2093
2092 2093
220 464
220 1386
220 1389
220 2044
220 2082
220 2094
220 2095
220 2096
220 2097
220 2098
220 2099
220 2100
220 2101
220 2102
220 2103
220 2104
220 2105
220 2106
220 2107
220 2108
220 2109
220 2110
220 2111
220 2112
220 2113
220 2114
220 2115
220 2116
464 1386
464 1389
464 2044
464 2082
464 2094
464 2095
464 2096
464 2097
464 2098
464 2099
464 2100
464 2101
464 2102
464 2103
464 2104
464 2105
464 2106
464 2107
464 2108
464 2109
464 2110
464 2111
464 2112
464 2113
464 2114
464 2115
464 2116
1386 1389
1386 2044
1386 2082
1386 2094
1386 2095
1386 2096
1386 2097
1386 2098
1386 2099
1386 2100
1386 2101
1386 2102
1386 2103
1386 2104
1386 2105
1386 2106
1386 2107
1386 2108
1386 2109
1386 2110
1386 2111
1386 2112
1386 2113
1386 2114
1386 2115
1386 2116
1389 2044
1389 2082
1389 2094
1389 2095
1389 2096
1389 2097
1389 2098
1389 2099
1389 2100
1389 2101
1389 2102
1389 2103
1389 2104
1389 2105
1389 2106
1389 2107
1389 2108
1389 2109
1389 2110
1389 2111
1389 2112
1389 2113
1389 2114
1389 2115
1389 2116
2044 2082
2044 2094
2044 2095
2044 2096
2044 2097
2044 2098
2044 2099
2044 2100
2044 2101
2044 2102
2044 2103
2044 2104
2044 2105
2044 2106
2044 2107
2044 2108
2044 2109
2044 2110
2044 2111
2044 2112
2044 2113
2044 2114
2044 2115
2044 2116
2082 2094
2082 2095
2082 2096
2082 2097
2082 2098
2082 2099
2082 2100
2082 2101
2082 2102
2082 2103
2082 2104
2082 2105
2082 2106
2082 2107
2082 2108
2082 2109
2082 2110
2082 2111
2082 2112
2082 2113
2082 2114
2082 2115
2082 2116
2094 2095
2094 2096
2094 2097
2094 2098
2094 2099
2094 2100
2094 2101
2094 2102
2094 2103
2094 2104
2094 2105
2094 2106
2094 2107
2094 2108
2094 2109
2094 2110
2094 2111
2094 2112
2094 2113
2094 2114
2094 2115
2094 2116
2095 2096
2095 2097
2095 2098
2095 2099
2095 2100
2095 2101
2095 2102
2095 2103
2095 2104
2095 2105
2095 2106
2095 2107
2095 2108
2095 2109
2095 2110
2095 2111
2095 2112
2095 2113
2095 2114
2095 2115
2095 2116
2096 2097
2096 2098
2096 2099
2096 2100
2096 2101
2096 2102
2096 2103
2096 2104
2096 2105
2096 2106
2096 2107
2096 2108
2096 2109
2096 2110
2096 2111
2096 2112
2096 2113
2096 2114
2096 2115
2096 2116
2097 2098
2097 2099
2097 2100
2097 2101
2097 2102
2097 2103
2097 2104
2097 2105
2097 2106
2097 2107
2097 2108
2097 2109
2097 2110
2097 2111
2097 2112
2097 2113
2097 2114
2097 2115
2097 2116
2098 2099
2098 2100
2098 2101
2098 2102
2098 2103
2098 2104
2098 2105
2098 2106
2098 2107
2098 2108
2098 2109
2098 2110
2098 2111
2098 2112
2098 2113
2098 2114
2098 2115
2098 2116
2099 2100
2099 2101
2099 2102
2099 2103
2099 2104
2099 2105
2099 2106
2099 2107
2099 2108
2099 2109
2099 2110
2099 2111
2099 2112
2099 2113
2099 2114
2099 2115
2099 2116
2100 2101
2100 2102
2100 2103
2100 2104
2100 2105
2100 2106
2100 2107
2100 2108
2100 2109
2100 2110
2100 2111
2100 2112
2100 2113
2100 2114
2100 2115
2100 2116
2101 2102
2101 2103
2101 2104
2101 2105
2101 2106
2101 2107
2101 2108
2101 2109
2101 2110
2101 2111
2101 2112
2101 2113
2101 2114
2101 2115
2101 2116
2102 2103
2102 2104
2102 2105
2102 2106
2102 2107
2102 2108
2102 2109
2102 2110
2102 2111
2102 2112
2102 2113
2102 2114
2102 2115
2102 2116
2103 2104
2103 2105
2103 2106
2103 2107
2103 2108
2103 2109
2103 2110
2103 2111
2103 2112
2103 2113
2103 2114
2103 2115
2103 2116
2104 2105
2104 2106
2104 2107
2104 2108
2104 2109
2104 2110
2104 2111
2104 2112
2104 2113
2104 2114
2104 2115
2104 2116
2105 2106
2105 2107
2105 2108
2105 2109
2105 2110
2105 2111
2105 2112
2105 2113
2105 2114
2105 2115
2105 2116
2106 2107
2106 2108
2106 2109
2106 2110
2106 2111
2106 2112
2106 2113
2106 2114
2106 2115
2106 2116
2107 2108
2107 2109
2107 2110
2107 2111
2107 2112
2107 2113
2107 2114
2107 2115
2107 2116
2108 2109
2108 2110
2108 2111
2108 2112
2108 2113
2108 2114
2108 2115
2108 2116
2109 2110
2109 2111
2109 2112
2109 2113
2109 2114
2109 2115
2109 2116
2110 2111
2110 2112
2110 2113
2110 2114
2110 2115
2110 2116
2111 2112
2111 2113
2111 2114
2111 2115
2111 2116
2112 2113
2112 2114
2112 2115
2112 2116
2113 2114
2113 2115
2113 2116
2114 2115
2114 2116
2115 2116
221 2117
221 2118
221 2119
221 2120
221 2121
221 2122
221 2123
2117 2118
2117 2119
2117 2120
2117 2121
2117 2122
2117 2123
2118 2119
2118 2120
2118 2121
2118 2122
2118 2123
2119 2120
2119 2121
2119 2122
2119 2123
2120 2121
2120 2122
2120 2123
2121 2122
2121 2123
2122 2123
222 1099
222 2045
222 2124
222 2125
222 2126
222 2127
222 2128
222 2129
222 2130
222 2131
222 2132
222 2133
222 2134
222 2135
222 2136
222 2137
222 2138
1099 2045
1099 2124
1099 2125
1099 2126
1099 2127
1099 2128
1099 2129
1099 2130
1099 2131
1099 2132
1099 2133
1099 2134
1099 2135
1099 2136
1099 2137
1099 2138
2045 2124
2045 2125
2045 2126
2045 2127
2045 2128
2045 2129
2045 2130
2045 2131
2045 2132
2045 2133
2045 2134
2045 2135
2045 2136
2045 2137
2045 2138
2124 2125
2124 2126
2124 2127
2124 2128
2124 2129
2124 2130
2124 2131
2124 2132
2124 2133
2124 2134
2124 2135
2124 2136
2124 2137
2124 2138
2125 2126
2125 2127
2125 2128
2125 2129
2125 2130
2125 2131
2125 2132
2125 2133
2125 2134
2125 2135
2125 2136
2125 2137
2125 2138
2126 2127
2126 2128
2126 2129
2126 2130
2126 2131
2126 2132
2126 2133
2126 2134
2126 2135
2126 2136
2126 2137
2126 2138
2127 2128
2127 2129
2127 2130
2127 2131
2127 2132
2127 2133
2127 2134
2127 2135
2127 2136
2127 2137
2127 2138
2128 2129
2128 2130
2128 2131
2128 2132
2128 2133
2128 2134
2128 2135
2128 2136
2128 2137
2128 2138
2129 2130
2129 2131
2129 2132
2129 2133
2129 2134
2129 2135
2129 2136
2129 2137
2129 2138
2130 2131
2130 2132
2130 2133
2130 2134
2130 2135
2130 2136
2130 2137
2130 2138
2131 2132
2131 2133
2131 2134
2131 2135
2131 2136
2131 2137
2131 2138
2132 2133
2132 2134
2132 2135
2132 2136
2132 2137
2132 2138
2133 2134
2133 2135
2133 2136
2133 2137
2133 2138
2134 2135
2134 2136
2134 2137
2134 2138
2135 2136
2135 2137
2135 2138
2136 2137
2136 2138
2137 2138
223 926
223 1390
223 2039
223 2046
223 2073
223 2083
223 2094
223 2128
223 2139
223 2140
223 2141
223 2142
223 2143
223 2144
223 2145
223 2146
223 2147
223 2148
223 2149
223 2150
223 2151
223 2152
223 2153
223 2154
223 2155
926 1390
926 2039
926 2046
926 2073
926 2083
926 2094
926 2128
926 2139
926 2140
926 2141
926 2142
926 2143
926 2144
926 2145
926 2146
926 2147
926 2148
926 2149
926 2150
926 2151
926 2152
926 2153
926 2154
926 2155
1390 2039
1390 2046
1390 2073
1390 2083
1390 2094
1390 2128
1390 2139
1390 2140
1390 2141
1390 2142
1390 2143
1390 2144
1390 2145
1390 2146
1390 2147
1390 2148
1390 2149
1390 2150
1390 2151
1390 2152
1390 2153
1390 2154
1390 2155
2039 2046
2039 2073
2039 2083
2039 2094
2039 2128
2039 2139
2039 2140
2039 2141
2039 2142
2039 2143
2039 2144
2039 2145
2039 2146
2039 2147
2039 2148
2039 2149
2039 2150
2039 2151
2039 2152
2039 2153
2039 2154
2039 2155
2046 2073
2046 2083
2046 2094
2046 2128
2046 2139
2046 2140
2046 2141
2046 2142
2046 2143
2046 2144
2046 2145
2046 2146
2046 2147
2046 2148
2046 2149
2046 2150
2046 2151
2046 2152
2046 2153
2046 2154
2046 2155
2073 2083
2073 2094
2073 2128
2073 2139
2073 2140
2073 2141
2073 2142
2073 2143
2073 2144
2073 2145
2073 2146
2073 2147
2073 2148
2073 2149
2073 2150
2073 2151
2073 2152
2073 2153
2073 2154
2073 2155
2083 2094
2083 2128
2083 2139
2083 2140
2083 2141
2083 2142
2083 2143
2083 2144
2083 2145
2083 2146
2083 2147
2083 2148
2083 2149
2083 2150
2083 2151
2083 2152
2083 2153
2083 2154
2083 2155
2094 2128
2094 2139
2094 2140
2094 2141
2094 2142
2094 2143
2094 2144
2094 2145
2094 2146
2094 2147
2094 2148
2094 2149
2094 2150
2094 2151
2094 2152
2094 2153
2094 2154
2094 2155
2128 2139
2128 2140
2128 2141
2128 2142
2128 2143
2128 2144
2128 2145
2128 2146
2128 2147
2128 2148
2128 2149
2128 2150
2128 2151
2128 2152
2128 2153
2128 2154
2128 2155
2139 2140
2139 2141
2139 2142
2139 2143
2139 2144
2139 2145
2139 2146
2139 2147
2139 2148
2139 2149
2139 2150
2139 2151
2139 2152
2139 2153
2139 2154
2139 2155
2140 2141
2140 2142
2140 2143
2140 2144
2140 2145
2140 2146
2140 2147
2140 2148
2140 2149
2140 2150
2140 2151
2140 2152
2140 2153
2140 2154
2140 2155
2141 2142
2141 2143
2141 2144
2141 2145
2141 2146
2141 2147
2141 2148
2141 2149
2141 2150
2141 2151
2141 2152
2141 2153
2141 2154
2141 2155
2142 2143
2142 2144
2142 2145
2142 2146
2142 2147
2142 2148
2142 2149
2142 2150
2142 2151
2142 2152
2142 2153
2142 2154
2142 2155
2143 2144
2143 2145
2143 2146
2143 2147
2143 2148
2143 2149
2143 2150
2143 2151
2143 2152
2143 2153
2143 2154
2143 2155
2144 2145
2144 2146
2144 2147
2144 2148
2144 2149
2144 2150
2144 2151
2144 2152
2144 2153
2144 2154
2144 2155
2145 2146
2145 2147
2145 2148
2145 2149
2145 2150
2145 2151
2145 2152
2145 2153
2145 2154
2145 2155
2146 2147
2146 2148
2146 2149
2146 2150
2146 2151
2146 2152
2146 2153
2146 2154
2146 2155
2147 2148
2147 2149
2147 2150
2147 2151
2147 2152
2147 2153
2147 2154
2147 2155
2148 2149
2148 2150
2148 2151
2148 2152
2148 2153
2148 2154
2148 2155
2149 2150
2149 2151
2149 2152
2149 2153
2149 2154
2149 2155
2150 2151
2150 2152
2150 2153
2150 2154
2150 2155
2151 2152
2151 2153
2151 2154
2151 2155
2152 2153
2152 2154
2152 2155
2153 2154
2153 2155
2154 2155
224 551
224 1303
224 1360
224 2040
224 2047
224 2084
224 2095
224 2139
224 2156
224 2157
224 2158
224 2159
224 2160
224 2161
224 2162
224 2163
224 2164
224 2165
224 2166
224 2167
551 1303
551 1360
551 2040
551 2047
551 2084
551 2095
551 2139
551 2156
551 2157
551 2158
551 2159
551 2160
551 2161
551 2162
551 2163
551 2164
551 2165
551 2166
551 2167
1303 1360
1303 2040
1303 2047
1303 2084
1303 2095
1303 2139
1303 2156
1303 2157
1303 2158
1303 2159
1303 2160
1303 2161
1303 2162
1303 2163
1303 2164
1303 2165
1303 2166
1303 2167
1360 2040
1360 2047
1360 2084
1360 2095
1360 2139
1360 2156
1360 2157
1360 2158
1360 2159
1360 2160
1360 2161
1360 2162
1360 2163
1360 2164
1360 2165
1360 2166
1360 2167
2040 2047
2040 2084
2040 2095
2040 2139
2040 2156
2040 2157
2040 2158
2040 2159
2040 2160
2040 2161
2040 2162
2040 2163
2040 2164
2040 2165
2040 2166
2040 2167
2047 2084
2047 2095
2047 2139
2047 2156
2047 2157
2047 2158
2047 2159
2047 2160
2047 2161
2047 2162
2047 2163
2047 2164
2047 2165
2047 2166
2047 2167
2084 2095
2084 2139
2084 2156
2084 2157
2084 2158
2084 2159
2084 2160
2084 2161
2084 2162
2084 2163
2084 2164
2084 2165
2084 2166
2084 2167
2095 2139
2095 2156
2095 2157
2095 2158
2095 2159
2095 2160
2095 2161
2095 2162
2095 2163
2095 2164
2095 2165
2095 2166
2095 2167
2139 2156
2139 2157
2139 2158
2139 2159
2139 2160
2139 2161
2139 2162
2139 2163
2139 2164
2139 2165
2139 2166
2139 2167
2156 2157
2156 2158
2156 2159
2156 2160
2156 2161
2156 2162
2156 2163
2156 2164
2156 2165
2156 2166
2156 2167
2157 2158
2157 2159
2157 2160
2157 2161
2157 2162
2157 2163
2157 2164
2157 2165
2157 2166
2157 2167
2158 2159
2158 2160
2158 2161
2158 2162
2158 2163
2158 2164
2158 2165
2158 2166
2158 2167
2159 2160
2159 2161
2159 2162
2159 2163
2159 2164
2159 2165
2159 2166
2159 2167
2160 2161
2160 2162
2160 2163
2160 2164
2160 2165
2160 2166
2160 2167
2161 2162
2161 2163
2161 2164
2161 2165
2161 2166
2161 2167
2162 2163
2162 2164
2162 2165
2162 2166
2162 2167
2163 2164
2163 2165
2163 2166
2163 2167
2164 2165
2164 2166
2164 2167
2165 2166
2165 2167
2166 2167
225 1298
225 1949
225 2048
225 2085
225 2140
225 2168
225 2169
225 2170
225 2171
225 2172
225 2173
1298 1949
1298 2048
1298 2085
1298 2140
1298 2168
1298 2169
1298 2170
1298 2171
1298 2172
1298 2173
1949 2048
1949 2085
1949 2140
1949 2168
1949 2169
1949 2170
1949 2171
1949 2172
1949 2173
2048 2085
2048 2140
2048 2168
2048 2169
2048 2170
2048 2171
2048 2172
2048 2173
2085 2140
2085 2168
2085 2169
2085 2170
2085 2171
2085 2172
2085 2173
2140 2168
2140 2169
2140 2170
2140 2171
2140 2172
2140 2173
2168 2169
2168 2170
2168 2171
2168 2172
2168 2173
2169 2170
2169 2171
2169 2172
2169 2173
2170 2171
2170 2172
2170 2173
2171 2172
2171 2173
2172 2173
226 2049
226 2141
226 2174
226 2175
226 2176
226 2177
226 2178
226 2179
226 2180
226 2181
226 2182
226 2183
2049 2141
2049 2174
2049 2175
2049 2176
2049 2177
2049 2178
2049 2179
2049 2180
2049 2181
2049 2182
2049 2183
2141 2174
2141 2175
2141 2176
2141 2177
2141 2178
2141 2179
2141 2180
2141 2181
2141 2182
2141 2183
2174 2175
2174 2176
2174 2177
2174 2178
2174 2179
2174 2180
2174 2181
2174 2182
2174 2183
2175 2176
2175 2177
2175 2178
2175 2179
2175 2180
2175 2181
2175 2182
2175 2183
2176 2177
2176 2178
2176 2179
2176 2180
2176 2181
2176 2182
2176 2183
2177 2178
2177 2179
2177 2180
2177 2181
2177 2182
2177 2183
2178 2179
2178 2180
2178 2181
2178 2182
2178 2183
2179 2180
2179 2181
2179 2182
2179 2183
2180 2181
2180 2182
2180 2183
2181 2182
2181 2183
2182 2183
227 1100
227 1118
227 1304
227 1397
227 2050
227 2076
227 2131
227 2142
227 2167
227 2179
227 2184
227 2185
227 2186
227 2187
227 2188
227 2189
227 2190
227 2191
227 2192
1100 1118
1100 1304
1100 1397
1100 2050
1100 2076
1100 2131
1100 2142
1100 2167
1100 2179
1100 2184
1100 2185
1100 2186
1100 2187
1100 2188
1100 2189
1100 2190
1100 2191
1100 2192
1118 1304
1118 1397
1118 2050
1118 2076
1118 2131
1118 2142
1118 2167
1118 2179
1118 2184
1118 2185
1118 2186
1118 2187
1118 2188
1118 2189
1118 2190
1118 2191
1118 2192
1304 1397
1304 2050
1304 2076
1304 2131
1304 2142
1304 2167
1304 2179
1304 2184
1304 2185
1304 2186
1304 2187
1304 2188
1304 2189
1304 2190
1304 2191
1304 2192
1397 2050
1397 2076
1397 2131
1397 2142
1397 2167
1397 2179
1397 2184
1397 2185
1397 2186
1397 2187
1397 2188
1397 2189
1397 2190
1397 2191
1397 2192
2050 2076
2050 2131
2050 2142
2050 2167
2050 2179
2050 2184
2050 2185
2050 2186
2050 2187
2050 2188
2050 2189
2050 2190
2050 2191
2050 2192
2076 2131
2076 2142
2076 2167
2076 2179
2076 2184
2076 2185
2076 2186
2076 2187
2076 2188
2076 2189
2076 2190
2076 2191
2076 2192
2131 2142
2131 2167
2131 2179
2131 2184
2131 2185
2131 2186
2131 2187
2131 2188
2131 2189
2131 2190
2131 2191
2131 2192
2142 2167
2142 2179
2142 2184
2142 2185
2142 2186
2142 2187
2142 2188
2142 2189
2142 2190
2142 2191
2142 2192
2167 2179
2167 2184
2167 2185
2167 2186
2167 2187
2167 2188
2167 2189
2167 2190
2167 2191
2167 2192
2179 2184
2179 2185
2179 2186
2179 2187
2179 2188
2179 2189
2179 2190
2179 2191
2179 2192
2184 2185
2184 2186
2184 2187
2184 2188
2184 2189
2184 2190
2184 2191
2184 2192
2185 2186
2185 2187
2185 2188
2185 2189
2185 2190
2185 2191
2185 2192
2186 2187
2186 2188
2186 2189
2186 2190
2186 2191
2186 2192
2187 2188
2187 2189
2187 2190
2187 2191
2187 2192
2188 2189
2188 2190
2188 2191
2188 2192
2189 2190
2189 2191
2189 2192
2190 2191
2190 2192
2191 2192
228 2193
229 1299
229 1393
229 2051
229 2075
229 2091
229 2132
229 2143
229 2163
229 2170
229 2180
229 2190
229 2194
229 2195
229 2196
229 2197
229 2198
229 2199
229 2200
229 2201
229 2202
229 2203
229 2204
229 2205
229 2206
229 2207
229 2208
1299 1393
1299 2051
1299 2075
1299 2091
1299 2132
1299 2143
1299 2163
1299 2170
1299 2180
1299 2190
1299 2194
1299 2195
1299 2196
1299 2197
1299 2198
1299 2199
1299 2200
1299 2201
1299 2202
1299 2203
1299 2204
1299 2205
1299 2206
1299 2207
1299 2208
1393 2051
1393 2075
1393 2091
1393 2132
1393 2143
1393 2163
1393 2170
1393 2180
1393 2190
1393 2194
1393 2195
1393 2196
1393 2197
1393 2198
1393 2199
1393 2200
1393 2201
1393 2202
1393 2203
1393 2204
1393 2205
1393 2206
1393 2207
1393 2208
2051 2075
2051 2091
2051 2132
2051 2143
2051 2163
2051 2170
2051 2180
2051 2190
2051 2194
2051 2195
2051 2196
2051 2197
2051 2198
2051 2199
2051 2200
2051 2201
2051 2202
2051 2203
2051 2204
2051 2205
2051 2206
2051 2207
2051 2208
2075 2091
2075 2132
2075 2143
2075 2163
2075 2170
2075 2180
2075 2190
2075 2194
2075 2195
2075 2196
2075 2197
2075 2198
2075 2199
2075 2200
2075 2201
2075 2202
2075 2203
2075 2204
2075 2205
2075 2206
2075 2207
2075 2208
2091 2132
2091 2143
2091 2163
2091 2170
2091 2180
2091 2190
2091 2194
2091 2195
2091 2196
2091 2197
2091 2198
2091 2199
2091 2200
2091 2201
2091 2202
2091 2203
2091 2204
2091 2205
2091 2206
2091 2207
2091 2208
2132 2143
2132 2163
2132 2170
2132 2180
2132 2190
2132 2194
2132 2195
2132 2196
2132 2197
2132 2198
2132 2199
2132 2200
2132 2201
2132 2202
2132 2203
2132 2204
2132 2205
2132 2206
2132 2207
2132 2208
2143 2163
2143 2170
2143 2180
2143 2190
2143 2194
2143 2195
2143 2196
2143 2197
2143 2198
2143 2199
2143 2200
2143 2201
2143 2202
2143 2203
2143 2204
2143 2205
2143 2206
2143 2207
2143 2208
2163 2170
2163 2180
2163 2190
2163 2194
2163 2195
2163 2196
2163 2197
2163 2198
2163 2199
2163 2200
2163 2201
2163 2202
2163 2203
2163 2204
2163 2205
2163 2206
2163 2207
2163 2208
2170 2180
2170 2190
2170 2194
2170 2195
2170 2196
2170 2197
2170 2198
2170 2199
2170 2200
2170 2201
2170 2202
2170 2203
2170 2204
2170 2205
2170 2206
2170 2207
2170 2208
2180 2190
2180 2194
2180 2195
2180 2196
2180 2197
2180 2198
2180 2199
2180 2200
2180 2201
2180 2202
2180 2203
2180 2204
2180 2205
2180 2206
2180 2207
2180 2208
2190 2194
2190 2195
2190 2196
2190 2197
2190 2198
2190 2199
2190 2200
2190 2201
2190 2202
2190 2203
2190 2204
2190 2205
2190 2206
2190 2207
2190 2208
2194 2195
2194 2196
2194 2197
2194 2198
2194 2199
2194 2200
2194 2201
2194 2202
2194 2203
2194 2204
2194 2205
2194 2206
2194 2207
2194 2208
2195 2196
2195 2197
2195 2198
2195 2199
2195 2200
2195 2201
2195 2202
2195 2203
2195 2204
2195 2205
2195 2206
2195 2207
2195 2208
2196 2197
2196 2198
2196 2199
2196 2200
2196 2201
2196 2202
2196 2203
2196 2204
2196 2205
2196 2206
2196 2207
2196 2208
2197 2198
2197 2199
2197 2200
2197 2201
2197 2202
2197 2203
2197 2204
2197 2205
2197 2206
2197 2207
2197 2208
2198 2199
2198 2200
2198 2201
2198 2202
2198 2203
2198 2204
2198 2205
2198 2206
2198 2207
2198 2208
2199 2200
2199 2201
2199 2202
2199 2203
2199 2204
2199 2205
2199 2206
2199 2207
2199 2208
2200 2201
2200 2202
2200 2203
2200 2204
2200 2205
2200 2206
2200 2207
2200 2208
2201 2202
2201 2203
2201 2204
2201 2205
2201 2206
2201 2207
2201 2208
2202 2203
2202 2204
2202 2205
2202 2206
2202 2207
2202 2208
2203 2204
2203 2205
2203 2206
2203 2207
2203 2208
2204 2205
2204 2206
2204 2207
2204 2208
2205 2206
2205 2207
2205 2208
2206 2207
2206 2208
2207 2208
231 237
231 1394
231 2209
231 2210
231 2211
231 2212
231 2213
231 2214
231 2215
231 2216
231 2217
231 2218
231 2219
237 1394
237 2209
237 2210
237 2211
237 2212
237 2213
237 2214
237 2215
237 2216
237 2217
237 2218
237 2219
1394 2209
1394 2210
1394 2211
1394 2212
1394 2213
1394 2214
1394 2215
1394 2216
1394 2217
1394 2218
1394 2219
2209 2210
2209 2211
2209 2212
2209 2213
2209 2214
2209 2215
2209 2216
2209 2217
2209 2218
2209 2219
2210 2211
2210 2212
2210 2213
2210 2214
2210 2215
2210 2216
2210 2217
2210 2218
2210 2219
2211 2212
2211 2213
2211 2214
2211 2215
2211 2216
2211 2217
2211 2218
2211 2219
2212 2213
2212 2214
2212 2215
2212 2216
2212 2217
2212 2218
2212 2219
2213 2214
2213 2215
2213 2216
2213 2217
2213 2218
2213 2219
2214 2215
2214 2216
2214 2217
2214 2218
2214 2219
2215 2216
2215 2217
2215 2218
2215 2219
2216 2217
2216 2218
2216 2219
2217 2218
2217 2219
2218 2219
238 1598
238 2220
1598 2220
239 1367
239 1920
239 1950
239 2001
239 2221
239 2222
239 2223
239 2224
239 2225
239 2226
239 2227
239 2228
239 2229
239 2230
239 2231
239 2232
239 2233
1367 1920
1367 1950
1367 2001
1367 2221
1367 2222
1367 2223
1367 2224
1367 2225
1367 2226
1367 2227
1367 2228
1367 2229
1367 2230
1367 2231
1367 2232
1367 2233
1920 1950
1920 2001
1920 2221
1920 2222
1920 2223
1920 2224
1920 2225
1920 2226
1920 2227
1920 2228
1920 2229
1920 2230
1920 2231
1920 2232
1920 2233
1950 2001
1950 2221
1950 2222
1950 2223
1950 2224
1950 2225
1950 2226
1950 2227
1950 2228
1950 2229
1950 2230
1950 2231
1950 2232
1950 2233
2001 2221
2001 2222
2001 2223
2001 2224
2001 2225
2001 2226
2001 2227
2001 2228
2001 2229
2001 2230
2001 2231
2001 2232
2001 2233
2221 2222
2221 2223
2221 2224
2221 2225
2221 2226
2221 2227
2221 2228
2221 2229
2221 2230
2221 2231
2221 2232
2221 2233
2222 2223
2222 2224
2222 2225
2222 2226
2222 2227
2222 2228
2222 2229
2222 2230
2222 2231
2222 2232
2222 2233
2223 2224
2223 2225
2223 2226
2223 2227
2223 2228
2223 2229
2223 2230
2223 2231
2223 2232
2223 2233
2224 2225
2224 2226
2224 2227
2224 2228
2224 2229
2224 2230
2224 2231
2224 2232
2224 2233
2225 2226
2225 2227
2225 2228
2225 2229
2225 2230
2225 2231
2225 2232
2225 2233
2226 2227
2226 2228
2226 2229
2226 2230
2226 2231
2226 2232
2226 2233
2227 2228
2227 2229
2227 2230
2227 2231
2227 2232
2227 2233
2228 2229
2228 2230
2228 2231
2228 2232
2228 2233
2229 2230
2229 2231
2229 2232
2229 2233
2230 2231
2230 2232
2230 2233
2231 2232
2231 2233
2232 2233
240 2234
240 2235
240 2236
240 2237
240 2238
2234 2235
2234 2236
2234 2237
2234 2238
2235 2236
2235 2237
2235 2238
2236 2237
2236 2238
2237 2238
241 401
241 581
241 655
241 741
241 929
241 1523
241 2239
241 2240
241 2241
241 2242
241 2243
241 2244
401 581
401 655
401 741
401 929
401 1523
401 2239
401 2240
401 2241
401 2242
401 2243
401 2244
581 655
581 741
581 929
581 1523
581 2239
581 2240
581 2241
581 2242
581 2243
581 2244
655 741
655 929
655 1523
655 2239
655 2240
655 2241
655 2242
655 2243
655 2244
741 929
741 1523
741 2239
741 2240
741 2241
741 2242
741 2243
741 2244
929 1523
929 2239
929 2240
929 2241
929 2242
929 2243
929 2244
1523 2239
1523 2240
1523 2241
1523 2242
1523 2243
1523 2244
2239 2240
2239 2241
2239 2242
2239 2243
2239 2244
2240 2241
2240 2242
2240 2243
2240 2244
2241 2242
2241 2243
2241 2244
2242 2243
2242 2244
2243 2244
242 2245
242 2246
242 2247
242 2248
242 2249
242 2250
242 2251
242 2252
242 2253
242 2254
242 2255
2245 2246
2245 2247
2245 2248
2245 2249
2245 2250
2245 2251
2245 2252
2245 2253
2245 2254
2245 2255
2246 2247
2246 2248
2246 2249
2246 2250
2246 2251
2246 2252
2246 2253
2246 2254
2246 2255
2247 2248
2247 2249
2247 2250
2247 2251
2247 2252
2247 2253
2247 2254
2247 2255
2248 2249
2248 2250
2248 2251
2248 2252
2248 2253
2248 2254
2248 2255
2249 2250
2249 2251
2249 2252
2249 2253
2249 2254
2249 2255
2250 2251
2250 2252
2250 2253
2250 2254
2250 2255
2251 2252
2251 2253
2251 2254
2251 2255
2252 2253
2252 2254
2252 2255
2253 2254
2253 2255
2254 2255
243 2256
243 2257
2256 2257
244 2258
244 2259
244 2260
2258 2259
2258 2260
2259 2260
254 1337
254 1435
254 1792
254 1831
254 2261
254 2262
254 2263
254 2264
1337 1435
1337 1792
1337 1831
1337 2261
1337 2262
1337 2263
1337 2264
1435 1792
1435 1831
1435 2261
1435 2262
1435 2263
1435 2264
1792 1831
1792 2261
1792 2262
1792 2263
1792 2264
1831 2261
1831 2262
1831 2263
1831 2264
2261 2262
2261 2263
2261 2264
2262 2263
2262 2264
2263 2264
255 1338
255 1735
255 2265
255 2266
255 2267
255 2268
255 2269
255 2270
255 2271
255 2272
255 2273
1338 1735
1338 2265
1338 2266
1338 2267
1338 2268
1338 2269
1338 2270
1338 2271
1338 2272
1338 2273
1735 2265
1735 2266
1735 2267
1735 2268
1735 2269
1735 2270
1735 2271
1735 2272
1735 2273
2265 2266
2265 2267
2265 2268
2265 2269
2265 2270
2265 2271
2265 2272
2265 2273
2266 2267
2266 2268
2266 2269
2266 2270
2266 2271
2266 2272
2266 2273
2267 2268
2267 2269
2267 2270
2267 2271
2267 2272
2267 2273
2268 2269
2268 2270
2268 2271
2268 2272
2268 2273
2269 2270
2269 2271
2269 2272
2269 2273
2270 2271
2270 2272
2270 2273
2271 2272
2271 2273
2272 2273
256 1720
256 1736
256 1816
256 1836
256 2274
256 2275
256 2276
256 2277
256 2278
1720 1736
1720 1816
1720 1836
1720 2274
1720 2275
1720 2276
1720 2277
1720 2278
1736 1816
1736 1836
1736 2274
1736 2275
1736 2276
1736 2277
1736 2278
1816 1836
1816 2274
1816 2275
1816 2276
1816 2277
1816 2278
1836 2274
1836 2275
1836 2276
1836 2277
1836 2278
2274 2275
2274 2276
2274 2277
2274 2278
2275 2276
2275 2277
2275 2278
2276 2277
2276 2278
2277 2278
257 2279
257 2280
257 2281
257 2282
257 2283
257 2284
2279 2280
2279 2281
2279 2282
2279 2283
2279 2284
2280 2281
2280 2282
2280 2283
2280 2284
2281 2282
2281 2283
2281 2284
2282 2283
2282 2284
2283 2284
258 1721
258 1817
258 1837
258 2280
258 2285
258 2286
258 2287
258 2288
258 2289
258 2290
258 2291
258 2292
1721 1817
1721 1837
1721 2280
1721 2285
1721 2286
1721 2287
1721 2288
1721 2289
1721 2290
1721 2291
1721 2292
1817 1837
1817 2280
1817 2285
1817 2286
1817 2287
1817 2288
1817 2289
1817 2290
1817 2291
1817 2292
1837 2280
1837 2285
1837 2286
1837 2287
1837 2288
1837 2289
1837 2290
1837 2291
1837 2292
2280 2285
2280 2286
2280 2287
2280 2288
2280 2289
2280 2290
2280 2291
2280 2292
2285 2286
2285 2287
2285 2288
2285 2289
2285 2290
2285 2291
2285 2292
2286 2287
2286 2288
2286 2289
2286 2290
2286 2291
2286 2292
2287 2288
2287 2289
2287 2290
2287 2291
2287 2292
2288 2289
2288 2290
2288 2291
2288 2292
2289 2290
2289 2291
2289 2292
2290 2291
2290 2292
2291 2292
259 1818
259 1838
259 2285
259 2293
259 2294
259 2295
259 2296
259 2297
1818 1838
1818 2285
1818 2293
1818 2294
1818 2295
1818 2296
1818 2297
1838 2285
1838 2293
1838 2294
1838 2295
1838 2296
1838 2297
2285 2293
2285 2294
2285 2295
2285 2296
2285 2297
2293 2294
2293 2295
2293 2296
2293 2297
2294 2295
2294 2296
2294 2297
2295 2296
2295 2297
2296 2297
260 495
260 1722
260 1802
260 2281
260 2286
260 2298
260 2299
495 1722
495 1802
495 2281
495 2286
495 2298
495 2299
1722 1802
1722 2281
1722 2286
1722 2298
1722 2299
1802 2281
1802 2286
1802 2298
1802 2299
2281 2286
2281 2298
2281 2299
2286 2298
2286 2299
2298 2299
261 289
261 496
261 1723
261 1738
261 1819
261 1839
261 2282
261 2287
261 2293
261 2300
261 2301
261 2302
261 2303
261 2304
289 496
289 1723
289 1738
289 1819
289 1839
289 2282
289 2287
289 2293
289 2300
289 2301
289 2302
289 2303
289 2304
496 1723
496 1738
496 1819
496 1839
496 2282
496 2287
496 2293
496 2300
496 2301
496 2302
496 2303
496 2304
1723 1738
1723 1819
1723 1839
1723 2282
1723 2287
1723 2293
1723 2300
1723 2301
1723 2302
1723 2303
1723 2304
1738 1819
1738 1839
1738 2282
1738 2287
1738 2293
1738 2300
1738 2301
1738 2302
1738 2303
1738 2304
1819 1839
1819 2282
1819 2287
1819 2293
1819 2300
1819 2301
1819 2302
1819 2303
1819 2304
1839 2282
1839 2287
1839 2293
1839 2300
1839 2301
1839 2302
1839 2303
1839 2304
2282 2287
2282 2293
2282 2300
2282 2301
2282 2302
2282 2303
2282 2304
2287 2293
2287 2300
2287 2301
2287 2302
2287 2303
2287 2304
2293 2300
2293 2301
2293 2302
2293 2303
2293 2304
2300 2301
2300 2302
2300 2303
2300 2304
2301 2302
2301 2303
2301 2304
2302 2303
2302 2304
2303 2304
262 603
262 1206
262 1810
262 1820
262 1840
603 1206
603 1810
603 1820
603 1840
1206 1810
1206 1820
1206 1840
1810 1820
1810 1840
1820 1840
263 1207
263 1734
263 1821
263 2305
1207 1734
1207 1821
1207 2305
1734 1821
1734 2305
1821 2305
264 2306
264 2307
2306 2307
265 1822
265 1841
265 2289
265 2308
265 2309
1822 1841
1822 2289
1822 2308
1822 2309
1841 2289
1841 2308
1841 2309
2289 2308
2289 2309
2308 2309
266 2283
267 498
267 1824
267 1842
267 2291
498 1824
498 1842
498 2291
1824 1842
1824 2291
1842 2291
269 484
269 1340
269 1436
269 1455
269 1739
269 1825
269 1863
269 2273
269 2310
269 2311
269 2312
269 2313
269 2314
269 2315
269 2316
269 2317
269 2318
269 2319
484 1340
484 1436
484 1455
484 1739
484 1825
484 1863
484 2273
484 2310
484 2311
484 2312
484 2313
484 2314
484 2315
484 2316
484 2317
484 2318
484 2319
1340 1436
1340 1455
1340 1739
1340 1825
1340 1863
1340 2273
1340 2310
1340 2311
1340 2312
1340 2313
1340 2314
1340 2315
1340 2316
1340 2317
1340 2318
1340 2319
1436 1455
1436 1739
1436 1825
1436 1863
1436 2273
1436 2310
1436 2311
1436 2312
1436 2313
1436 2314
1436 2315
1436 2316
1436 2317
1436 2318
1436 2319
1455 1739
1455 1825
1455 1863
1455 2273
1455 2310
1455 2311
1455 2312
1455 2313
1455 2314
1455 2315
1455 2316
1455 2317
1455 2318
1455 2319
1739 1825
1739 1863
1739 2273
1739 2310
1739 2311
1739 2312
1739 2313
1739 2314
1739 2315
1739 2316
1739 2317
1739 2318
1739 2319
1825 1863
1825 2273
1825 2310
1825 2311
1825 2312
1825 2313
1825 2314
1825 2315
1825 2316
1825 2317
1825 2318
1825 2319
1863 2273
1863 2310
1863 2311
1863 2312
1863 2313
1863 2314
1863 2315
1863 2316
1863 2317
1863 2318
1863 2319
2273 2310
2273 2311
2273 2312
2273 2313
2273 2314
2273 2315
2273 2316
2273 2317
2273 2318
2273 2319
2310 2311
2310 2312
2310 2313
2310 2314
2310 2315
2310 2316
2310 2317
2310 2318
2310 2319
2311 2312
2311 2313
2311 2314
2311 2315
2311 2316
2311 2317
2311 2318
2311 2319
2312 2313
2312 2314
2312 2315
2312 2316
2312 2317
2312 2318
2312 2319
2313 2314
2313 2315
2313 2316
2313 2317
2313 2318
2313 2319
2314 2315
2314 2316
2314 2317
2314 2318
2314 2319
2315 2316
2315 2317
2315 2318
2315 2319
2316 2317
2316 2318
2316 2319
2317 2318
2317 2319
2318 2319
270 2320
270 2321
2320 2321
271 564
271 1826
271 1843
271 2296
271 2322
564 1826
564 1843
564 2296
564 2322
1826 1843
1826 2296
1826 2322
1843 2296
1843 2322
2296 2322
272 1728
272 1745
272 1827
272 2323
272 2324
1728 1745
1728 1827
1728 2323
1728 2324
1745 1827
1745 2323
1745 2324
1827 2323
1827 2324
2323 2324
273 1457
274 1342
274 1729
274 1741
274 1828
274 2316
274 2325
274 2326
274 2327
274 2328
1342 1729
1342 1741
1342 1828
1342 2316
1342 2325
1342 2326
1342 2327
1342 2328
1729 1741
1729 1828
1729 2316
1729 2325
1729 2326
1729 2327
1729 2328
1741 1828
1741 2316
1741 2325
1741 2326
1741 2327
1741 2328
1828 2316
1828 2325
1828 2326
1828 2327
1828 2328
2316 2325
2316 2326
2316 2327
2316 2328
2325 2326
2325 2327
2325 2328
2326 2327
2326 2328
2327 2328
275 466
275 500
275 549
275 606
275 930
275 1208
275 1458
275 1635
275 1715
275 1829
275 1871
275 1896
275 2022
275 2297
275 2317
275 2321
275 2329
275 2330
275 2331
275 2332
275 2333
275 2334
275 2335
275 2336
275 2337
275 2338
275 2339
275 2340
466 500
466 549
466 606
466 930
466 1208
466 1458
466 1635
466 1715
466 1829
466 1871
466 1896
466 2022
466 2297
466 2317
466 2321
466 2329
466 2330
466 2331
466 2332
466 2333
466 2334
466 2335
466 2336
466 2337
466 2338
466 2339
466 2340
500 549
500 606
500 930
500 1208
500 1458
500 1635
500 1715
500 1829
500 1871
500 1896
500 2022
500 2297
500 2317
500 2321
500 2329
500 2330
500 2331
500 2332
500 2333
500 2334
500 2335
500 2336
500 2337
500 2338
500 2339
500 2340
549 606
549 930
549 1208
549 1458
549 1635
549 1715
549 1829
549 1871
549 1896
549 2022
549 2297
549 2317
549 2321
549 2329
549 2330
549 2331
549 2332
549 2333
549 2334
549 2335
549 2336
549 2337
549 2338
549 2339
549 2340
606 930
606 1208
606 1458
606 1635
606 1715
606 1829
606 1871
606 1896
606 2022
606 2297
606 2317
606 2321
606 2329
606 2330
606 2331
606 2332
606 2333
606 2334
606 2335
606 2336
606 2337
606 2338
606 2339
606 2340
930 1208
930 1458
930 1635
930 1715
930 1829
930 1871
930 1896
930 2022
930 2297
930 2317
930 2321
930 2329
930 2330
930 2331
930 2332
930 2333
930 2334
930 2335
930 2336
930 2337
930 2338
930 2339
930 2340
1208 1458
1208 1635
1208 1715
1208 1829
1208 1871
1208 1896
1208 2022
1208 2297
1208 2317
1208 2321
1208 2329
1208 2330
1208 2331
1208 2332
1208 2333
1208 2334
1208 2335
1208 2336
1208 2337
1208 2338
1208 2339
1208 2340
1458 1635
1458 1715
1458 1829
1458 1871
1458 1896
1458 2022
1458 2297
1458 2317
1458 2321
1458 2329
1458 2330
1458 2331
1458 2332
1458 2333
1458 2334
1458 2335
1458 2336
1458 2337
1458 2338
1458 2339
1458 2340
1635 1715
1635 1829
1635 1871
1635 1896
1635 2022
1635 2297
1635 2317
1635 2321
1635 2329
1635 2330
1635 2331
1635 2332
1635 2333
1635 2334
1635 2335
1635 2336
1635 2337
1635 2338
1635 2339
1635 2340
1715 1829
1715 1871
1715 1896
1715 2022
1715 2297
1715 2317
1715 2321
1715 2329
1715 2330
1715 2331
1715 2332
1715 2333
1715 2334
1715 2335
1715 2336
1715 2337
1715 2338
1715 2339
1715 2340
1829 1871
1829 1896
1829 2022
1829 2297
1829 2317
1829 2321
1829 2329
1829 2330
1829 2331
1829 2332
1829 2333
1829 2334
1829 2335
1829 2336
1829 2337
1829 2338
1829 2339
1829 2340
1871 1896
1871 2022
1871 2297
1871 2317
1871 2321
1871 2329
1871 2330
1871 2331
1871 2332
1871 2333
1871 2334
1871 2335
1871 2336
1871 2337
1871 2338
1871 2339
1871 2340
1896 2022
1896 2297
1896 2317
1896 2321
1896 2329
1896 2330
1896 2331
1896 2332
1896 2333
1896 2334
1896 2335
1896 2336
1896 2337
1896 2338
1896 2339
1896 2340
2022 2297
2022 2317
2022 2321
2022 2329
2022 2330
2022 2331
2022 2332
2022 2333
2022 2334
2022 2335
2022 2336
2022 2337
2022 2338
2022 2339
2022 2340
2297 2317
2297 2321
2297 2329
2297 2330
2297 2331
2297 2332
2297 2333
2297 2334
2297 2335
2297 2336
2297 2337
2297 2338
2297 2339
2297 2340
2317 2321
2317 2329
2317 2330
2317 2331
2317 2332
2317 2333
2317 2334
2317 2335
2317 2336
2317 2337
2317 2338
2317 2339
2317 2340
2321 2329
2321 2330
2321 2331
2321 2332
2321 2333
2321 2334
2321 2335
2321 2336
2321 2337
2321 2338
2321 2339
2321 2340
2329 2330
2329 2331
2329 2332
2329 2333
2329 2334
2329 2335
2329 2336
2329 2337
2329 2338
2329 2339
2329 2340
2330 2331
2330 2332
2330 2333
2330 2334
2330 2335
2330 2336
2330 2337
2330 2338
2330 2339
2330 2340
2331 2332
2331 2333
2331 2334
2331 2335
2331 2336
2331 2337
2331 2338
2331 2339
2331 2340
2332 2333
2332 2334
2332 2335
2332 2336
2332 2337
2332 2338
2332 2339
2332 2340
2333 2334
2333 2335
2333 2336
2333 2337
2333 2338
2333 2339
2333 2340
2334 2335
2334 2336
2334 2337
2334 2338
2334 2339
2334 2340
2335 2336
2335 2337
2335 2338
2335 2339
2335 2340
2336 2337
2336 2338
2336 2339
2336 2340
2337 2338
2337 2339
2337 2340
2338 2339
2338 2340
2339 2340
286 958
286 1310
286 1343
286 1429
286 1688
286 1858
286 2162
286 2189
286 2255
286 2262
286 2341
286 2342
286 2343
286 2344
286 2345
286 2346
286 2347
286 2348
286 2349
286 2350
286 2351
286 2352
286 2353
286 2354
286 2355
286 2356
286 2357
286 2358
286 2359
286 2360
286 2361
286 2362
286 2363
286 2364
958 1310
958 1343
958 1429
958 1688
958 1858
958 2162
958 2189
958 2255
958 2262
958 2341
958 2342
958 2343
958 2344
958 2345
958 2346
958 2347
958 2348
958 2349
958 2350
958 2351
958 2352
958 2353
958 2354
958 2355
958 2356
958 2357
958 2358
958 2359
958 2360
958 2361
958 2362
958 2363
958 2364
1310 1343
1310 1429
1310 1688
1310 1858
1310 2162
1310 2189
1310 2255
1310 2262
1310 2341
1310 2342
1310 2343
1310 2344
1310 2345
1310 2346
1310 2347
1310 2348
1310 2349
1310 2350
1310 2351
1310 2352
1310 2353
1310 2354
1310 2355
1310 2356
1310 2357
1310 2358
1310 2359
1310 2360
1310 2361
1310 2362
1310 2363
1310 2364
1343 1429
1343 1688
1343 1858
1343 2162
1343 2189
1343 2255
1343 2262
1343 2341
1343 2342
1343 2343
1343 2344
1343 2345
1343 2346
1343 2347
1343 2348
1343 2349
1343 2350
1343 2351
1343 2352
1343 2353
1343 2354
1343 2355
1343 2356
1343 2357
1343 2358
1343 2359
1343 2360
1343 2361
1343 2362
1343 2363
1343 2364
1429 1688
1429 1858
1429 2162
1429 2189
1429 2255
1429 2262
1429 2341
1429 2342
1429 2343
1429 2344
1429 2345
1429 2346
1429 2347
1429 2348
1429 2349
1429 2350
1429 2351
1429 2352
1429 2353
1429 2354
1429 2355
1429 2356
1429 2357
1429 2358
1429 2359
1429 2360
1429 2361
1429 2362
1429 2363
1429 2364
1688 1858
1688 2162
1688 2189
1688 2255
1688 2262
1688 2341
1688 2342
1688 2343
1688 2344
1688 2345
1688 2346
1688 2347
1688 2348
1688 2349
1688 2350
1688 2351
1688 2352
1688 2353
1688 2354
1688 2355
1688 2356
1688 2357
1688 2358
1688 2359
1688 2360
1688 2361
1688 2362
1688 2363
1688 2364
1858 2162
1858 2189
1858 2255
1858 2262
1858 2341
1858 2342
1858 2343
1858 2344
1858 2345
1858 2346
1858 2347
1858 2348
1858 2349
1858 2350
1858 2351
1858 2352
1858 2353
1858 2354
1858 2355
1858 2356
1858 2357
1858 2358
1858 2359
1858 2360
1858 2361
1858 2362
1858 2363
1858 2364
2162 2189
2162 2255
2162 2262
2162 2341
2162 2342
2162 2343
2162 2344
2162 2345
2162 2346
2162 2347
2162 2348
2162 2349
2162 2350
2162 2351
2162 2352
2162 2353
2162 2354
2162 2355
2162 2356
2162 2357
2162 2358
2162 2359
2162 2360
2162 2361
2162 2362
2162 2363
2162 2364
2189 2255
2189 2262
2189 2341
2189 2342
2189 2343
2189 2344
2189 2345
2189 2346
2189 2347
2189 2348
2189 2349
2189 2350
2189 2351
2189 2352
2189 2353
2189 2354
2189 2355
2189 2356
2189 2357
2189 2358
2189 2359
2189 2360
2189 2361
2189 2362
2189 2363
2189 2364
2255 2262
2255 2341
2255 2342
2255 2343
2255 2344
2255 2345
2255 2346
2255 2347
2255 2348
2255 2349
2255 2350
2255 2351
2255 2352
2255 2353
2255 2354
2255 2355
2255 2356
2255 2357
2255 2358
2255 2359
2255 2360
2255 2361
2255 2362
2255 2363
2255 2364
2262 2341
2262 2342
2262 2343
2262 2344
2262 2345
2262 2346
2262 2347
2262 2348
2262 2349
2262 2350
2262 2351
2262 2352
2262 2353
2262 2354
2262 2355
2262 2356
2262 2357
2262 2358
2262 2359
2262 2360
2262 2361
2262 2362
2262 2363
2262 2364
2341 2342
2341 2343
2341 2344
2341 2345
2341 2346
2341 2347
2341 2348
2341 2349
2341 2350
2341 2351
2341 2352
2341 2353
2341 2354
2341 2355
2341 2356
2341 2357
2341 2358
2341 2359
2341 2360
2341 2361
2341 2362
2341 2363
2341 2364
2342 2343
2342 2344
2342 2345
2342 2346
2342 2347
2342 2348
2342 2349
2342 2350
2342 2351
2342 2352
2342 2353
2342 2354
2342 2355
2342 2356
2342 2357
2342 2358
2342 2359
2342 2360
2342 2361
2342 2362
2342 2363
2342 2364
2343 2344
2343 2345
2343 2346
2343 2347
2343 2348
2343 2349
2343 2350
2343 2351
2343 2352
2343 2353
2343 2354
2343 2355
2343 2356
2343 2357
2343 2358
2343 2359
2343 2360
2343 2361
2343 2362
2343 2363
2343 2364
2344 2345
2344 2346
2344 2347
2344 2348
2344 2349
2344 2350
2344 2351
2344 2352
2344 2353
2344 2354
2344 2355
2344 2356
2344 2357
2344 2358
2344 2359
2344 2360
2344 2361
2344 2362
2344 2363
2344 2364
2345 2346
2345 2347
2345 2348
2345 2349
2345 2350
2345 2351
2345 2352
2345 2353
2345 2354
2345 2355
2345 2356
2345 2357
2345 2358
2345 2359
2345 2360
2345 2361
2345 2362
2345 2363
2345 2364
2346 2347
2346 2348
2346 2349
2346 2350
2346 2351
2346 2352
2346 2353
2346 2354
2346 2355
2346 2356
2346 2357
2346 2358
2346 2359
2346 2360
2346 2361
2346 2362
2346 2363
2346 2364
2347 2348
2347 2349
2347 2350
2347 2351
2347 2352
2347 2353
2347 2354
2347 2355
2347 2356
2347 2357
2347 2358
2347 2359
2347 2360
2347 2361
2347 2362
2347 2363
2347 2364
2348 2349
2348 2350
2348 2351
2348 2352
2348 2353
2348 2354
2348 2355
2348 2356
2348 2357
2348 2358
2348 2359
2348 2360
2348 2361
2348 2362
2348 2363
2348 2364
2349 2350
2349 2351
2349 2352
2349 2353
2349 2354
2349 2355
2349 2356
2349 2357
2349 2358
2349 2359
2349 2360
2349 2361
2349 2362
2349 2363
2349 2364
2350 2351
2350 2352
2350 2353
2350 2354
2350 2355
2350 2356
2350 2357
2350 2358
2350 2359
2350 2360
2350 2361
2350 2362
2350 2363
2350 2364
2351 2352
2351 2353
2351 2354
2351 2355
2351 2356
2351 2357
2351 2358
2351 2359
2351 2360
2351 2361
2351 2362
2351 2363
2351 2364
2352 2353
2352 2354
2352 2355
2352 2356
2352 2357
2352 2358
2352 2359
2352 2360
2352 2361
2352 2362
2352 2363
2352 2364
2353 2354
2353 2355
2353 2356
2353 2357
2353 2358
2353 2359
2353 2360
2353 2361
2353 2362
2353 2363
2353 2364
2354 2355
2354 2356
2354 2357
2354 2358
2354 2359
2354 2360
2354 2361
2354 2362
2354 2363
2354 2364
2355 2356
2355 2357
2355 2358
2355 2359
2355 2360
2355 2361
2355 2362
2355 2363
2355 2364
2356 2357
2356 2358
2356 2359
2356 2360
2356 2361
2356 2362
2356 2363
2356 2364
2357 2358
2357 2359
2357 2360
2357 2361
2357 2362
2357 2363
2357 2364
2358 2359
2358 2360
2358 2361
2358 2362
2358 2363
2358 2364
2359 2360
2359 2361
2359 2362
2359 2363
2359 2364
2360 2361
2360 2362
2360 2363
2360 2364
2361 2362
2361 2363
2361 2364
2362 2363
2362 2364
2363 2364
288 962
288 1316
288 1538
288 1573
288 2348
288 2365
288 2366
288 2367
288 2368
288 2369
288 2370
288 2371
288 2372
288 2373
288 2374
962 1316
962 1538
962 1573
962 2348
962 2365
962 2366
962 2367
962 2368
962 2369
962 2370
962 2371
962 2372
962 2373
962 2374
1316 1538
1316 1573
1316 2348
1316 2365
1316 2366
1316 2367
1316 2368
1316 2369
1316 2370
1316 2371
1316 2372
1316 2373
1316 2374
1538 1573
1538 2348
1538 2365
1538 2366
1538 2367
1538 2368
1538 2369
1538 2370
1538 2371
1538 2372
1538 2373
1538 2374
1573 2348
1573 2365
1573 2366
1573 2367
1573 2368
1573 2369
1573 2370
1573 2371
1573 2372
1573 2373
1573 2374
2348 2365
2348 2366
2348 2367
2348 2368
2348 2369
2348 2370
2348 2371
2348 2372
2348 2373
2348 2374
2365 2366
2365 2367
2365 2368
2365 2369
2365 2370
2365 2371
2365 2372
2365 2373
2365 2374
2366 2367
2366 2368
2366 2369
2366 2370
2366 2371
2366 2372
2366 2373
2366 2374
2367 2368
2367 2369
2367 2370
2367 2371
2367 2372
2367 2373
2367 2374
2368 2369
2368 2370
2368 2371
2368 2372
2368 2373
2368 2374
2369 2370
2369 2371
2369 2372
2369 2373
2369 2374
2370 2371
2370 2372
2370 2373
2370 2374
2371 2372
2371 2373
2371 2374
2372 2373
2372 2374
2373 2374
292 1437
292 1965
292 2365
292 2375
292 2376
292 2377
292 2378
292 2379
292 2380
1437 1965
1437 2365
1437 2375
1437 2376
1437 2377
1437 2378
1437 2379
1437 2380
1965 2365
1965 2375
1965 2376
1965 2377
1965 2378
1965 2379
1965 2380
2365 2375
2365 2376
2365 2377
2365 2378
2365 2379
2365 2380
2375 2376
2375 2377
2375 2378
2375 2379
2375 2380
2376 2377
2376 2378
2376 2379
2376 2380
2377 2378
2377 2379
2377 2380
2378 2379
2378 2380
2379 2380
293 860
293 959
293 1108
293 1322
293 1801
293 2133
293 2145
293 2182
293 2199
293 2263
293 2345
293 2378
293 2381
293 2382
293 2383
293 2384
293 2385
293 2386
293 2387
293 2388
293 2389
293 2390
293 2391
293 2392
293 2393
293 2394
293 2395
293 2396
293 2397
860 959
860 1108
860 1322
860 1801
860 2133
860 2145
860 2182
860 2199
860 2263
860 2345
860 2378
860 2381
860 2382
860 2383
860 2384
860 2385
860 2386
860 2387
860 2388
860 2389
860 2390
860 2391
860 2392
860 2393
860 2394
860 2395
860 2396
860 2397
959 1108
959 1322
959 1801
959 2133
959 2145
959 2182
959 2199
959 2263
959 2345
959 2378
959 2381
959 2382
959 2383
959 2384
959 2385
959 2386
959 2387
959 2388
959 2389
959 2390
959 2391
959 2392
959 2393
959 2394
959 2395
959 2396
959 2397
1108 1322
1108 1801
1108 2133
1108 2145
1108 2182
1108 2199
1108 2263
1108 2345
1108 2378
1108 2381
1108 2382
1108 2383
1108 2384
1108 2385
1108 2386
1108 2387
1108 2388
1108 2389
1108 2390
1108 2391
1108 2392
1108 2393
1108 2394
1108 2395
1108 2396
1108 2397
1322 1801
1322 2133
1322 2145
1322 2182
1322 2199
1322 2263
1322 2345
1322 2378
1322 2381
1322 2382
1322 2383
1322 2384
1322 2385
1322 2386
1322 2387
1322 2388
1322 2389
1322 2390
1322 2391
1322 2392
1322 2393
1322 2394
1322 2395
1322 2396
1322 2397
1801 2133
1801 2145
1801 2182
1801 2199
1801 2263
1801 2345
1801 2378
1801 2381
1801 2382
1801 2383
1801 2384
1801 2385
1801 2386
1801 2387
1801 2388
1801 2389
1801 2390
1801 2391
1801 2392
1801 2393
1801 2394
1801 2395
1801 2396
1801 2397
2133 2145
2133 2182
2133 2199
2133 2263
2133 2345
2133 2378
2133 2381
2133 2382
2133 2383
2133 2384
2133 2385
2133 2386
2133 2387
2133 2388
2133 2389
2133 2390
2133 2391
2133 2392
2133 2393
2133 2394
2133 2395
2133 2396
2133 2397
2145 2182
2145 2199
2145 2263
2145 2345
2145 2378
2145 2381
2145 2382
2145 2383
2145 2384
2145 2385
2145 2386
2145 2387
2145 2388
2145 2389
2145 2390
2145 2391
2145 2392
2145 2393
2145 2394
2145 2395
2145 2396
2145 2397
2182 2199
2182 2263
2182 2345
2182 2378
2182 2381
2182 2382
2182 2383
2182 2384
2182 2385
2182 2386
2182 2387
2182 2388
2182 2389
2182 2390
2182 2391
2182 2392
2182 2393
2182 2394
2182 2395
2182 2396
2182 2397
2199 2263
2199 2345
2199 2378
2199 2381
2199 2382
2199 2383
2199 2384
2199 2385
2199 2386
2199 2387
2199 2388
2199 2389
2199 2390
2199 2391
2199 2392
2199 2393
2199 2394
2199 2395
2199 2396
2199 2397
2263 2345
2263 2378
2263 2381
2263 2382
2263 2383
2263 2384
2263 2385
2263 2386
2263 2387
2263 2388
2263 2389
2263 2390
2263 2391
2263 2392
2263 2393
2263 2394
2263 2395
2263 2396
2263 2397
2345 2378
2345 2381
2345 2382
2345 2383
2345 2384
2345 2385
2345 2386
2345 2387
2345 2388
2345 2389
2345 2390
2345 2391
2345 2392
2345 2393
2345 2394
2345 2395
2345 2396
2345 2397
2378 2381
2378 2382
2378 2383
2378 2384
2378 2385
2378 2386
2378 2387
2378 2388
2378 2389
2378 2390
2378 2391
2378 2392
2378 2393
2378 2394
2378 2395
2378 2396
2378 2397
2381 2382
2381 2383
2381 2384
2381 2385
2381 2386
2381 2387
2381 2388
2381 2389
2381 2390
2381 2391
2381 2392
2381 2393
2381 2394
2381 2395
2381 2396
2381 2397
2382 2383
2382 2384
2382 2385
2382 2386
2382 2387
2382 2388
2382 2389
2382 2390
2382 2391
2382 2392
2382 2393
2382 2394
2382 2395
2382 2396
2382 2397
2383 2384
2383 2385
2383 2386
2383 2387
2383 2388
2383 2389
2383 2390
2383 2391
2383 2392
2383 2393
2383 2394
2383 2395
2383 2396
2383 2397
2384 2385
2384 2386
2384 2387
2384 2388
2384 2389
2384 2390
2384 2391
2384 2392
2384 2393
2384 2394
2384 2395
2384 2396
2384 2397
2385 2386
2385 2387
2385 2388
2385 2389
2385 2390
2385 2391
2385 2392
2385 2393
2385 2394
2385 2395
2385 2396
2385 2397
2386 2387
2386 2388
2386 2389
2386 2390
2386 2391
2386 2392
2386 2393
2386 2394
2386 2395
2386 2396
2386 2397
2387 2388
2387 2389
2387 2390
2387 2391
2387 2392
2387 2393
2387 2394
2387 2395
2387 2396
2387 2397
2388 2389
2388 2390
2388 2391
2388 2392
2388 2393
2388 2394
2388 2395
2388 2396
2388 2397
2389 2390
2389 2391
2389 2392
2389 2393
2389 2394
2389 2395
2389 2396
2389 2397
2390 2391
2390 2392
2390 2393
2390 2394
2390 2395
2390 2396
2390 2397
2391 2392
2391 2393
2391 2394
2391 2395
2391 2396
2391 2397
2392 2393
2392 2394
2392 2395
2392 2396
2392 2397
2393 2394
2393 2395
2393 2396
2393 2397
2394 2395
2394 2396
2394 2397
2395 2396
2395 2397
2396 2397
294 365
294 540
294 1282
294 1313
294 2398
294 2399
294 2400
294 2401
294 2402
294 2403
294 2404
294 2405
294 2406
365 540
365 1282
365 1313
365 2398
365 2399
365 2400
365 2401
365 2402
365 2403
365 2404
365 2405
365 2406
540 1282
540 1313
540 2398
540 2399
540 2400
540 2401
540 2402
540 2403
540 2404
540 2405
540 2406
1282 1313
1282 2398
1282 2399
1282 2400
1282 2401
1282 2402
1282 2403
1282 2404
1282 2405
1282 2406
1313 2398
1313 2399
1313 2400
1313 2401
1313 2402
1313 2403
1313 2404
1313 2405
1313 2406
2398 2399
2398 2400
2398 2401
2398 2402
2398 2403
2398 2404
2398 2405
2398 2406
2399 2400
2399 2401
2399 2402
2399 2403
2399 2404
2399 2405
2399 2406
2400 2401
2400 2402
2400 2403
2400 2404
2400 2405
2400 2406
2401 2402
2401 2403
2401 2404
2401 2405
2401 2406
2402 2403
2402 2404
2402 2405
2402 2406
2403 2404
2403 2405
2403 2406
2404 2405
2404 2406
2405 2406
295 960
295 1314
295 2346
295 2407
295 2408
295 2409
295 2410
295 2411
960 1314
960 2346
960 2407
960 2408
960 2409
960 2410
960 2411
1314 2346
1314 2407
1314 2408
1314 2409
1314 2410
1314 2411
2346 2407
2346 2408
2346 2409
2346 2410
2346 2411
2407 2408
2407 2409
2407 2410
2407 2411
2408 2409
2408 2410
2408 2411
2409 2410
2409 2411
2410 2411
296 2412
296 2413
296 2414
296 2415
296 2416
296 2417
296 2418
296 2419
296 2420
296 2421
296 2422
296 2423
2412 2413
2412 2414
2412 2415
2412 2416
2412 2417
2412 2418
2412 2419
2412 2420
2412 2421
2412 2422
2412 2423
2413 2414
2413 2415
2413 2416
2413 2417
2413 2418
2413 2419
2413 2420
2413 2421
2413 2422
2413 2423
2414 2415
2414 2416
2414 2417
2414 2418
2414 2419
2414 2420
2414 2421
2414 2422
2414 2423
2415 2416
2415 2417
2415 2418
2415 2419
2415 2420
2415 2421
2415 2422
2415 2423
2416 2417
2416 2418
2416 2419
2416 2420
2416 2421
2416 2422
2416 2423
2417 2418
2417 2419
2417 2420
2417 2421
2417 2422
2417 2423
2418 2419
2418 2420
2418 2421
2418 2422
2418 2423
2419 2420
2419 2421
2419 2422
2419 2423
2420 2421
2420 2422
2420 2423
2421 2422
2421 2423
2422 2423
298 1317
298 2264
298 2349
298 2395
298 2424
298 2425
298 2426
1317 2264
1317 2349
1317 2395
1317 2424
1317 2425
1317 2426
2264 2349
2264 2395
2264 2424
2264 2425
2264 2426
2349 2395
2349 2424
2349 2425
2349 2426
2395 2424
2395 2425
2395 2426
2424 2425
2424 2426
2425 2426
299 692
299 804
299 892
299 963
299 1539
299 2350
299 2373
299 2380
299 2427
299 2428
299 2429
299 2430
692 804
692 892
692 963
692 1539
692 2350
692 2373
692 2380
692 2427
692 2428
692 2429
692 2430
804 892
804 963
804 1539
804 2350
804 2373
804 2380
804 2427
804 2428
804 2429
804 2430
892 963
892 1539
892 2350
892 2373
892 2380
892 2427
892 2428
892 2429
892 2430
963 1539
963 2350
963 2373
963 2380
963 2427
963 2428
963 2429
963 2430
1539 2350
1539 2373
1539 2380
1539 2427
1539 2428
1539 2429
1539 2430
2350 2373
2350 2380
2350 2427
2350 2428
2350 2429
2350 2430
2373 2380
2373 2427
2373 2428
2373 2429
2373 2430
2380 2427
2380 2428
2380 2429
2380 2430
2427 2428
2427 2429
2427 2430
2428 2429
2428 2430
2429 2430
306 1053
306 2431
306 2432
306 2433
306 2434
306 2435
306 2436
306 2437
306 2438
306 2439
306 2440
1053 2431
1053 2432
1053 2433
1053 2434
1053 2435
1053 2436
1053 2437
1053 2438
1053 2439
1053 2440
2431 2432
2431 2433
2431 2434
2431 2435
2431 2436
2431 2437
2431 2438
2431 2439
2431 2440
2432 2433
2432 2434
2432 2435
2432 2436
2432 2437
2432 2438
2432 2439
2432 2440
2433 2434
2433 2435
2433 2436
2433 2437
2433 2438
2433 2439
2433 2440
2434 2435
2434 2436
2434 2437
2434 2438
2434 2439
2434 2440
2435 2436
2435 2437
2435 2438
2435 2439
2435 2440
2436 2437
2436 2438
2436 2439
2436 2440
2437 2438
2437 2439
2437 2440
2438 2439
2438 2440
2439 2440
307 1404
307 1471
307 2441
307 2442
307 2443
307 2444
307 2445
307 2446
307 2447
307 2448
307 2449
307 2450
307 2451
307 2452
307 2453
307 2454
307 2455
307 2456
307 2457
307 2458
1404 1471
1404 2441
1404 2442
1404 2443
1404 2444
1404 2445
1404 2446
1404 2447
1404 2448
1404 2449
1404 2450
1404 2451
1404 2452
1404 2453
1404 2454
1404 2455
1404 2456
1404 2457
1404 2458
1471 2441
1471 2442
1471 2443
1471 2444
1471 2445
1471 2446
1471 2447
1471 2448
1471 2449
1471 2450
1471 2451
1471 2452
1471 2453
1471 2454
1471 2455
1471 2456
1471 2457
1471 2458
2441 2442
2441 2443
2441 2444
2441 2445
2441 2446
2441 2447
2441 2448
2441 2449
2441 2450
2441 2451
2441 2452
2441 2453
2441 2454
2441 2455
2441 2456
2441 2457
2441 2458
2442 2443
2442 2444
2442 2445
2442 2446
2442 2447
2442 2448
2442 2449
2442 2450
2442 2451
2442 2452
2442 2453
2442 2454
2442 2455
2442 2456
2442 2457
2442 2458
2443 2444
2443 2445
2443 2446
2443 2447
2443 2448
2443 2449
2443 2450
2443 2451
2443 2452
2443 2453
2443 2454
2443 2455
2443 2456
2443 2457
2443 2458
2444 2445
2444 2446
2444 2447
2444 2448
2444 2449
2444 2450
2444 2451
2444 2452
2444 2453
2444 2454
2444 2455
2444 2456
2444 2457
2444 2458
2445 2446
2445 2447
2445 2448
2445 2449
2445 2450
2445 2451
2445 2452
2445 2453
2445 2454
2445 2455
2445 2456
2445 2457
2445 2458
2446 2447
2446 2448
2446 2449
2446 2450
2446 2451
2446 2452
2446 2453
2446 2454
2446 2455
2446 2456
2446 2457
2446 2458
2447 2448
2447 2449
2447 2450
2447 2451
2447 2452
2447 2453
2447 2454
2447 2455
2447 2456
2447 2457
2447 2458
2448 2449
2448 2450
2448 2451
2448 2452
2448 2453
2448 2454
2448 2455
2448 2456
2448 2457
2448 2458
2449 2450
2449 2451
2449 2452
2449 2453
2449 2454
2449 2455
2449 2456
2449 2457
2449 2458
2450 2451
2450 2452
2450 2453
2450 2454
2450 2455
2450 2456
2450 2457
2450 2458
2451 2452
2451 2453
2451 2454
2451 2455
2451 2456
2451 2457
2451 2458
2452 2453
2452 2454
2452 2455
2452 2456
2452 2457
2452 2458
2453 2454
2453 2455
2453 2456
2453 2457
2453 2458
2454 2455
2454 2456
2454 2457
2454 2458
2455 2456
2455 2457
2455 2458
2456 2457
2456 2458
2457 2458
308 570
308 694
308 998
308 1269
308 1439
308 1698
308 1776
308 1899
308 2459
308 2460
308 2461
308 2462
308 2463
308 2464
308 2465
308 2466
308 2467
308 2468
308 2469
308 2470
308 2471
308 2472
570 694
570 998
570 1269
570 1439
570 1698
570 1776
570 1899
570 2459
570 2460
570 2461
570 2462
570 2463
570 2464
570 2465
570 2466
570 2467
570 2468
570 2469
570 2470
570 2471
570 2472
694 998
694 1269
694 1439
694 1698
694 1776
694 1899
694 2459
694 2460
694 2461
694 2462
694 2463
694 2464
694 2465
694 2466
694 2467
694 2468
694 2469
694 2470
694 2471
694 2472
998 1269
998 1439
998 1698
998 1776
998 1899
998 2459
998 2460
998 2461
998 2462
998 2463
998 2464
998 2465
998 2466
998 2467
998 2468
998 2469
998 2470
998 2471
998 2472
1269 1439
1269 1698
1269 1776
1269 1899
1269 2459
1269 2460
1269 2461
1269 2462
1269 2463
1269 2464
1269 2465
1269 2466
1269 2467
1269 2468
1269 2469
1269 2470
1269 2471
1269 2472
1439 1698
1439 1776
1439 1899
1439 2459
1439 2460
1439 2461
1439 2462
1439 2463
1439 2464
1439 2465
1439 2466
1439 2467
1439 2468
1439 2469
1439 2470
1439 2471
1439 2472
1698 1776
1698 1899
1698 2459
1698 2460
1698 2461
1698 2462
1698 2463
1698 2464
1698 2465
1698 2466
1698 2467
1698 2468
1698 2469
1698 2470
1698 2471
1698 2472
1776 1899
1776 2459
1776 2460
1776 2461
1776 2462
1776 2463
1776 2464
1776 2465
1776 2466
1776 2467
1776 2468
1776 2469
1776 2470
1776 2471
1776 2472
1899 2459
1899 2460
1899 2461
1899 2462
1899 2463
1899 2464
1899 2465
1899 2466
1899 2467
1899 2468
1899 2469
1899 2470
1899 2471
1899 2472
2459 2460
2459 2461
2459 2462
2459 2463
2459 2464
2459 2465
2459 2466
2459 2467
2459 2468
2459 2469
2459 2470
2459 2471
2459 2472
2460 2461
2460 2462
2460 2463
2460 2464
2460 2465
2460 2466
2460 2467
2460 2468
2460 2469
2460 2470
2460 2471
2460 2472
2461 2462
2461 2463
2461 2464
2461 2465
2461 2466
2461 2467
2461 2468
2461 2469
2461 2470
2461 2471
2461 2472
2462 2463
2462 2464
2462 2465
2462 2466
2462 2467
2462 2468
2462 2469
2462 2470
2462 2471
2462 2472
2463 2464
2463 2465
2463 2466
2463 2467
2463 2468
2463 2469
2463 2470
2463 2471
2463 2472
2464 2465
2464 2466
2464 2467
2464 2468
2464 2469
2464 2470
2464 2471
2464 2472
2465 2466
2465 2467
2465 2468
2465 2469
2465 2470
2465 2471
2465 2472
2466 2467
2466 2468
2466 2469
2466 2470
2466 2471
2466 2472
2467 2468
2467 2469
2467 2470
2467 2471
2467 2472
2468 2469
2468 2470
2468 2471
2468 2472
2469 2470
2469 2471
2469 2472
2470 2471
2470 2472
2471 2472
309 2473
309 2474
309 2475
309 2476
309 2477
309 2478
2473 2474
2473 2475
2473 2476
2473 2477
2473 2478
2474 2475
2474 2476
2474 2477
2474 2478
2475 2476
2475 2477
2475 2478
2476 2477
2476 2478
2477 2478
310 468
310 572
310 999
310 1271
310 1361
310 1576
310 1630
310 1670
310 1900
310 1958
310 2266
310 2315
310 2442
310 2468
310 2479
310 2480
310 2481
310 2482
310 2483
310 2484
310 2485
310 2486
310 2487
310 2488
310 2489
310 2490
310 2491
310 2492
310 2493
310 2494
310 2495
310 2496
310 2497
310 2498
310 2499
310 2500
310 2501
310 2502
310 2503
310 2504
310 2505
310 2506
310 2507
310 2508
310 2509
310 2510
468 572
468 999
468 1271
468 1361
468 1576
468 1630
468 1670
468 1900
468 1958
468 2266
468 2315
468 2442
468 2468
468 2479
468 2480
468 2481
468 2482
468 2483
468 2484
468 2485
468 2486
468 2487
468 2488
468 2489
468 2490
468 2491
468 2492
468 2493
468 2494
468 2495
468 2496
468 2497
468 2498
468 2499
468 2500
468 2501
468 2502
468 2503
468 2504
468 2505
468 2506
468 2507
468 2508
468 2509
468 2510
572 999
572 1271
572 1361
572 1576
572 1630
572 1670
572 1900
572 1958
572 2266
572 2315
572 2442
572 2468
572 2479
572 2480
572 2481
572 2482
572 2483
572 2484
572 2485
572 2486
572 2487
572 2488
572 2489
572 2490
572 2491
572 2492
572 2493
572 2494
572 2495
572 2496
572 2497
572 2498
572 2499
572 2500
572 2501
572 2502
572 2503
572 2504
572 2505
572 2506
572 2507
572 2508
572 2509
572 2510
999 1271
999 1361
999 1576
999 1630
999 1670
999 1900
999 1958
999 2266
999 2315
999 2442
999 2468
999 2479
999 2480
999 2481
999 2482
999 2483
999 2484
999 2485
999 2486
999 2487
999 2488
999 2489
999 2490
999 2491
999 2492
999 2493
999 2494
999 2495
999 2496
999 2497
999 2498
999 2499
999 2500
999 2501
999 2502
999 2503
999 2504
999 2505
999 2506
999 2507
999 2508
999 2509
999 2510
1271 1361
1271 1576
1271 1630
1271 1670
1271 1900
1271 1958
1271 2266
1271 2315
1271 2442
1271 2468
1271 2479
1271 2480
1271 2481
1271 2482
1271 2483
1271 2484
1271 2485
1271 2486
1271 2487
1271 2488
1271 2489
1271 2490
1271 2491
1271 2492
1271 2493
1271 2494
1271 2495
1271 2496
1271 2497
1271 2498
1271 2499
1271 2500
1271 2501
1271 2502
1271 2503
1271 2504
1271 2505
1271 2506
1271 2507
1271 2508
1271 2509
1271 2510
1361 1576
1361 1630
1361 1670
1361 1900
1361 1958
1361 2266
1361 2315
1361 2442
1361 2468
1361 2479
1361 2480
1361 2481
1361 2482
1361 2483
1361 2484
1361 2485
1361 2486
1361 2487
1361 2488
1361 2489
1361 2490
1361 2491
1361 2492
1361 2493
1361 2494
1361 2495
1361 2496
1361 2497
1361 2498
1361 2499
1361 2500
1361 2501
1361 2502
1361 2503
1361 2504
1361 2505
1361 2506
1361 2507
1361 2508
1361 2509
1361 2510
1576 1630
1576 1670
1576 1900
1576 1958
1576 2266
1576 2315
1576 2442
1576 2468
1576 2479
1576 2480
1576 2481
1576 2482
1576 2483
1576 2484
1576 2485
1576 2486
1576 2487
1576 2488
1576 2489
1576 2490
1576 2491
1576 2492
1576 2493
1576 2494
1576 2495
1576 2496
1576 2497
1576 2498
1576 2499
1576 2500
1576 2501
1576 2502
1576 2503
1576 2504
1576 2505
1576 2506
1576 2507
1576 2508
1576 2509
1576 2510
1630 1670
1630 1900
1630 1958
1630 2266
1630 2315
1630 2442
1630 2468
1630 2479
1630 2480
1630 2481
1630 2482
1630 2483
1630 2484
1630 2485
1630 2486
1630 2487
1630 2488
1630 2489
1630 2490
1630 2491
1630 2492
1630 2493
1630 2494
1630 2495
1630 2496
1630 2497
1630 2498
1630 2499
1630 2500
1630 2501
1630 2502
1630 2503
1630 2504
1630 2505
1630 2506
1630 2507
1630 2508
1630 2509
1630 2510
1670 1900
1670 1958
1670 2266
1670 2315
1670 2442
1670 2468
1670 2479
1670 2480
1670 2481
1670 2482
1670 2483
1670 2484
1670 2485
1670 2486
1670 2487
1670 2488
1670 2489
1670 2490
1670 2491
1670 2492
1670 2493
1670 2494
1670 2495
1670 2496
1670 2497
1670 2498
1670 2499
1670 2500
1670 2501
1670 2502
1670 2503
1670 2504
1670 2505
1670 2506
1670 2507
1670 2508
1670 2509
1670 2510
1900 1958
1900 2266
1900 2315
1900 2442
1900 2468
1900 2479
1900 2480
1900 2481
1900 2482
1900 2483
1900 2484
1900 2485
1900 2486
1900 2487
1900 2488
1900 2489
1900 2490
1900 2491
1900 2492
1900 2493
1900 2494
1900 2495
1900 2496
1900 2497
1900 2498
1900 2499
1900 2500
1900 2501
1900 2502
1900 2503
1900 2504
1900 2505
1900 2506
1900 2507
1900 2508
1900 2509
1900 2510
1958 2266
1958 2315
1958 2442
1958 2468
1958 2479
1958 2480
1958 2481
1958 2482
1958 2483
1958 2484
1958 2485
1958 2486
1958 2487
1958 2488
1958 2489
1958 2490
1958 2491
1958 2492
1958 2493
1958 2494
1958 2495
1958 2496
1958 2497
1958 2498
1958 2499
1958 2500
1958 2501
1958 2502
1958 2503
1958 2504
1958 2505
1958 2506
1958 2507
1958 2508
1958 2509
1958 2510
2266 2315
2266 2442
2266 2468
2266 2479
2266 2480
2266 2481
2266 2482
2266 2483
2266 2484
2266 2485
2266 2486
2266 2487
2266 2488
2266 2489
2266 2490
2266 2491
2266 2492
2266 2493
2266 2494
2266 2495
2266 2496
2266 2497
2266 2498
2266 2499
2266 2500
2266 2501
2266 2502
2266 2503
2266 2504
2266 2505
2266 2506
2266 2507
2266 2508
2266 2509
2266 2510
2315 2442
2315 2468
2315 2479
2315 2480
2315 2481
2315 2482
2315 2483
2315 2484
2315 2485
2315 2486
2315 2487
2315 2488
2315 2489
2315 2490
2315 2491
2315 2492
2315 2493
2315 2494
2315 2495
2315 2496
2315 2497
2315 2498
2315 2499
2315 2500
2315 2501
2315 2502
2315 2503
2315 2504
2315 2505
2315 2506
2315 2507
2315 2508
2315 2509
2315 2510
2442 2468
2442 2479
2442 2480
2442 2481
2442 2482
2442 2483
2442 2484
2442 2485
2442 2486
2442 2487
2442 2488
2442 2489
2442 2490
2442 2491
2442 2492
2442 2493
2442 2494
2442 2495
2442 2496
2442 2497
2442 2498
2442 2499
2442 2500
2442 2501
2442 2502
2442 2503
2442 2504
2442 2505
2442 2506
2442 2507
2442 2508
2442 2509
2442 2510
2468 2479
2468 2480
2468 2481
2468 2482
2468 2483
2468 2484
2468 2485
2468 2486
2468 2487
2468 2488
2468 2489
2468 2490
2468 2491
2468 2492
2468 2493
2468 2494
2468 2495
2468 2496
2468 2497
2468 2498
2468 2499
2468 2500
2468 2501
2468 2502
2468 2503
2468 2504
2468 2505
2468 2506
2468 2507
2468 2508
2468 2509
2468 2510
2479 2480
2479 2481
2479 2482
2479 2483
2479 2484
2479 2485
2479 2486
2479 2487
2479 2488
2479 2489
2479 2490
2479 2491
2479 2492
2479 2493
2479 2494
2479 2495
2479 2496
2479 2497
2479 2498
2479 2499
2479 2500
2479 2501
2479 2502
2479 2503
2479 2504
2479 2505
2479 2506
2479 2507
2479 2508
2479 2509
2479 2510
2480 2481
2480 2482
2480 2483
2480 2484
2480 2485
2480 2486
2480 2487
2480 2488
2480 2489
2480 2490
2480 2491
2480 2492
2480 2493
2480 2494
2480 2495
2480 2496
2480 2497
2480 2498
2480 2499
2480 2500
2480 2501
2480 2502
2480 2503
2480 2504
2480 2505
2480 2506
2480 2507
2480 2508
2480 2509
2480 2510
2481 2482
2481 2483
2481 2484
2481 2485
2481 2486
2481 2487
2481 2488
2481 2489
2481 2490
2481 2491
2481 2492
2481 2493
2481 2494
2481 2495
2481 2496
2481 2497
2481 2498
2481 2499
2481 2500
2481 2501
2481 2502
2481 2503
2481 2504
2481 2505
2481 2506
2481 2507
2481 2508
2481 2509
2481 2510
2482 2483
2482 2484
2482 2485
2482 2486
2482 2487
2482 2488
2482 2489
2482 2490
2482 2491
2482 2492
2482 2493
2482 2494
2482 2495
2482 2496
2482 2497
2482 2498
2482 2499
2482 2500
2482 2501
2482 2502
2482 2503
2482 2504
2482 2505
2482 2506
2482 2507
2482 2508
2482 2509
2482 2510
2483 2484
2483 2485
2483 2486
2483 2487
2483 2488
2483 2489
2483 2490
2483 2491
2483 2492
2483 2493
2483 2494
2483 2495
2483 2496
2483 2497
2483 2498
2483 2499
2483 2500
2483 2501
2483 2502
2483 2503
2483 2504
2483 2505
2483 2506
2483 2507
2483 2508
2483 2509
2483 2510
2484 2485
2484 2486
2484 2487
2484 2488
2484 2489
2484 2490
2484 2491
2484 2492
2484 2493
2484 2494
2484 2495
2484 2496
2484 2497
2484 2498
2484 2499
2484 2500
2484 2501
2484 2502
2484 2503
2484 2504
2484 2505
2484 2506
2484 2507
2484 2508
2484 2509
2484 2510
2485 2486
2485 2487
2485 2488
2485 2489
2485 2490
2485 2491
2485 2492
2485 2493
2485 2494
2485 2495
2485 2496
2485 2497
2485 2498
2485 2499
2485 2500
2485 2501
2485 2502
2485 2503
2485 2504
2485 2505
2485 2506
2485 2507
2485 2508
2485 2509
2485 2510
2486 2487
2486 2488
2486 2489
2486 2490
2486 2491
2486 2492
2486 2493
2486 2494
2486 2495
2486 2496
2486 2497
2486 2498
2486 2499
2486 2500
2486 2501
2486 2502
2486 2503
2486 2504
2486 2505
2486 2506
2486 2507
2486 2508
2486 2509
2486 2510
2487 2488
2487 2489
2487 2490
2487 2491
2487 2492
2487 2493
2487 2494
2487 2495
2487 2496
2487 2497
2487 2498
2487 2499
2487 2500
2487 2501
2487 2502
2487 2503
2487 2504
2487 2505
2487 2506
2487 2507
2487 2508
2487 2509
2487 2510
2488 2489
2488 2490
2488 2491
2488 2492
2488 2493
2488 2494
2488 2495
2488 2496
2488 2497
2488 2498
2488 2499
2488 2500
2488 2501
2488 2502
2488 2503
2488 2504
2488 2505
2488 2506
2488 2507
2488 2508
2488 2509
2488 2510
2489 2490
2489 2491
2489 2492
2489 2493
2489 2494
2489 2495
2489 2496
2489 2497
2489 2498
2489 2499
2489 2500
2489 2501
2489 2502
2489 2503
2489 2504
2489 2505
2489 2506
2489 2507
2489 2508
2489 2509
2489 2510
2490 2491
2490 2492
2490 2493
2490 2494
2490 2495
2490 2496
2490 2497
2490 2498
2490 2499
2490 2500
2490 2501
2490 2502
2490 2503
2490 2504
2490 2505
2490 2506
2490 2507
2490 2508
2490 2509
2490 2510
2491 2492
2491 2493
2491 2494
2491 2495
2491 2496
2491 2497
2491 2498
2491 2499
2491 2500
2491 2501
2491 2502
2491 2503
2491 2504
2491 2505
2491 2506
2491 2507
2491 2508
2491 2509
2491 2510
2492 2493
2492 2494
2492 2495
2492 2496
2492 2497
2492 2498
2492 2499
2492 2500
2492 2501
2492 2502
2492 2503
2492 2504
2492 2505
2492 2506
2492 2507
2492 2508
2492 2509
2492 2510
2493 2494
2493 2495
2493 2496
2493 2497
2493 2498
2493 2499
2493 2500
2493 2501
2493 2502
2493 2503
2493 2504
2493 2505
2493 2506
2493 2507
2493 2508
2493 2509
2493 2510
2494 2495
2494 2496
2494 2497
2494 2498
2494 2499
2494 2500
2494 2501
2494 2502
2494 2503
2494 2504
2494 2505
2494 2506
2494 2507
2494 2508
2494 2509
2494 2510
2495 2496
2495 2497
2495 2498
2495 2499
2495 2500
2495 2501
2495 2502
2495 2503
2495 2504
2495 2505
2495 2506
2495 2507
2495 2508
2495 2509
2495 2510
2496 2497
2496 2498
2496 2499
2496 2500
2496 2501
2496 2502
2496 2503
2496 2504
2496 2505
2496 2506
2496 2507
2496 2508
2496 2509
2496 2510
2497 2498
2497 2499
2497 2500
2497 2501
2497 2502
2497 2503
2497 2504
2497 2505
2497 2506
2497 2507
2497 2508
2497 2509
2497 2510
2498 2499
2498 2500
2498 2501
2498 2502
2498 2503
2498 2504
2498 2505
2498 2506
2498 2507
2498 2508
2498 2509
2498 2510
2499 2500
2499 2501
2499 2502
2499 2503
2499 2504
2499 2505
2499 2506
2499 2507
2499 2508
2499 2509
2499 2510
2500 2501
2500 2502
2500 2503
2500 2504
2500 2505
2500 2506
2500 2507
2500 2508
2500 2509
2500 2510
2501 2502
2501 2503
2501 2504
2501 2505
2501 2506
2501 2507
2501 2508
2501 2509
2501 2510
2502 2503
2502 2504
2502 2505
2502 2506
2502 2507
2502 2508
2502 2509
2502 2510
2503 2504
2503 2505
2503 2506
2503 2507
2503 2508
2503 2509
2503 2510
2504 2505
2504 2506
2504 2507
2504 2508
2504 2509
2504 2510
2505 2506
2505 2507
2505 2508
2505 2509
2505 2510
2506 2507
2506 2508
2506 2509
2506 2510
2507 2508
2507 2509
2507 2510
2508 2509
2508 2510
2509 2510
311 1346
311 2267
311 2311
311 2327
311 2493
311 2511
311 2512
311 2513
311 2514
311 2515
311 2516
311 2517
311 2518
1346 2267
1346 2311
1346 2327
1346 2493
1346 2511
1346 2512
1346 2513
1346 2514
1346 2515
1346 2516
1346 2517
1346 2518
2267 2311
2267 2327
2267 2493
2267 2511
2267 2512
2267 2513
2267 2514
2267 2515
2267 2516
2267 2517
2267 2518
2311 2327
2311 2493
2311 2511
2311 2512
2311 2513
2311 2514
2311 2515
2311 2516
2311 2517
2311 2518
2327 2493
2327 2511
2327 2512
2327 2513
2327 2514
2327 2515
2327 2516
2327 2517
2327 2518
2493 2511
2493 2512
2493 2513
2493 2514
2493 2515
2493 2516
2493 2517
2493 2518
2511 2512
2511 2513
2511 2514
2511 2515
2511 2516
2511 2517
2511 2518
2512 2513
2512 2514
2512 2515
2512 2516
2512 2517
2512 2518
2513 2514
2513 2515
2513 2516
2513 2517
2513 2518
2514 2515
2514 2516
2514 2517
2514 2518
2515 2516
2515 2517
2515 2518
2516 2517
2516 2518
2517 2518
312 1405
312 1481
312 1660
312 1777
312 2268
312 2319
312 2519
312 2520
312 2521
312 2522
312 2523
312 2524
312 2525
312 2526
312 2527
312 2528
312 2529
312 2530
312 2531
312 2532
312 2533
312 2534
312 2535
312 2536
312 2537
312 2538
312 2539
312 2540
1405 1481
1405 1660
1405 1777
1405 2268
1405 2319
1405 2519
1405 2520
1405 2521
1405 2522
1405 2523
1405 2524
1405 2525
1405 2526
1405 2527
1405 2528
1405 2529
1405 2530
1405 2531
1405 2532
1405 2533
1405 2534
1405 2535
1405 2536
1405 2537
1405 2538
1405 2539
1405 2540
1481 1660
1481 1777
1481 2268
1481 2319
1481 2519
1481 2520
1481 2521
1481 2522
1481 2523
1481 2524
1481 2525
1481 2526
1481 2527
1481 2528
1481 2529
1481 2530
1481 2531
1481 2532
1481 2533
1481 2534
1481 2535
1481 2536
1481 2537
1481 2538
1481 2539
1481 2540
1660 1777
1660 2268
1660 2319
1660 2519
1660 2520
1660 2521
1660 2522
1660 2523
1660 2524
1660 2525
1660 2526
1660 2527
1660 2528
1660 2529
1660 2530
1660 2531
1660 2532
1660 2533
1660 2534
1660 2535
1660 2536
1660 2537
1660 2538
1660 2539
1660 2540
1777 2268
1777 2319
1777 2519
1777 2520
1777 2521
1777 2522
1777 2523
1777 2524
1777 2525
1777 2526
1777 2527
1777 2528
1777 2529
1777 2530
1777 2531
1777 2532
1777 2533
1777 2534
1777 2535
1777 2536
1777 2537
1777 2538
1777 2539
1777 2540
2268 2319
2268 2519
2268 2520
2268 2521
2268 2522
2268 2523
2268 2524
2268 2525
2268 2526
2268 2527
2268 2528
2268 2529
2268 2530
2268 2531
2268 2532
2268 2533
2268 2534
2268 2535
2268 2536
2268 2537
2268 2538
2268 2539
2268 2540
2319 2519
2319 2520
2319 2521
2319 2522
2319 2523
2319 2524
2319 2525
2319 2526
2319 2527
2319 2528
2319 2529
2319 2530
2319 2531
2319 2532
2319 2533
2319 2534
2319 2535
2319 2536
2319 2537
2319 2538
2319 2539
2319 2540
2519 2520
2519 2521
2519 2522
2519 2523
2519 2524
2519 2525
2519 2526
2519 2527
2519 2528
2519 2529
2519 2530
2519 2531
2519 2532
2519 2533
2519 2534
2519 2535
2519 2536
2519 2537
2519 2538
2519 2539
2519 2540
2520 2521
2520 2522
2520 2523
2520 2524
2520 2525
2520 2526
2520 2527
2520 2528
2520 2529
2520 2530
2520 2531
2520 2532
2520 2533
2520 2534
2520 2535
2520 2536
2520 2537
2520 2538
2520 2539
2520 2540
2521 2522
2521 2523
2521 2524
2521 2525
2521 2526
2521 2527
2521 2528
2521 2529
2521 2530
2521 2531
2521 2532
2521 2533
2521 2534
2521 2535
2521 2536
2521 2537
2521 2538
2521 2539
2521 2540
2522 2523
2522 2524
2522 2525
2522 2526
2522 2527
2522 2528
2522 2529
2522 2530
2522 2531
2522 2532
2522 2533
2522 2534
2522 2535
2522 2536
2522 2537
2522 2538
2522 2539
2522 2540
2523 2524
2523 2525
2523 2526
2523 2527
2523 2528
2523 2529
2523 2530
2523 2531
2523 2532
2523 2533
2523 2534
2523 2535
2523 2536
2523 2537
2523 2538
2523 2539
2523 2540
2524 2525
2524 2526
2524 2527
2524 2528
2524 2529
2524 2530
2524 2531
2524 2532
2524 2533
2524 2534
2524 2535
2524 2536
2524 2537
2524 2538
2524 2539
2524 2540
2525 2526
2525 2527
2525 2528
2525 2529
2525 2530
2525 2531
2525 2532
2525 2533
2525 2534
2525 2535
2525 2536
2525 2537
2525 2538
2525 2539
2525 2540
2526 2527
2526 2528
2526 2529
2526 2530
2526 2531
2526 2532
2526 2533
2526 2534
2526 2535
2526 2536
2526 2537
2526 2538
2526 2539
2526 2540
2527 2528
2527 2529
2527 2530
2527 2531
2527 2532
2527 2533
2527 2534
2527 2535
2527 2536
2527 2537
2527 2538
2527 2539
2527 2540
2528 2529
2528 2530
2528 2531
2528 2532
2528 2533
2528 2534
2528 2535
2528 2536
2528 2537
2528 2538
2528 2539
2528 2540
2529 2530
2529 2531
2529 2532
2529 2533
2529 2534
2529 2535
2529 2536
2529 2537
2529 2538
2529 2539
2529 2540
2530 2531
2530 2532
2530 2533
2530 2534
2530 2535
2530 2536
2530 2537
2530 2538
2530 2539
2530 2540
2531 2532
2531 2533
2531 2534
2531 2535
2531 2536
2531 2537
2531 2538
2531 2539
2531 2540
2532 2533
2532 2534
2532 2535
2532 2536
2532 2537
2532 2538
2532 2539
2532 2540
2533 2534
2533 2535
2533 2536
2533 2537
2533 2538
2533 2539
2533 2540
2534 2535
2534 2536
2534 2537
2534 2538
2534 2539
2534 2540
2535 2536
2535 2537
2535 2538
2535 2539
2535 2540
2536 2537
2536 2538
2536 2539
2536 2540
2537 2538
2537 2539
2537 2540
2538 2539
2538 2540
2539 2540
313 1875
313 2541
313 2542
313 2543
313 2544
313 2545
313 2546
313 2547
313 2548
313 2549
313 2550
313 2551
313 2552
313 2553
313 2554
1875 2541
1875 2542
1875 2543
1875 2544
1875 2545
1875 2546
1875 2547
1875 2548
1875 2549
1875 2550
1875 2551
1875 2552
1875 2553
1875 2554
2541 2542
2541 2543
2541 2544
2541 2545
2541 2546
2541 2547
2541 2548
2541 2549
2541 2550
2541 2551
2541 2552
2541 2553
2541 2554
2542 2543
2542 2544
2542 2545
2542 2546
2542 2547
2542 2548
2542 2549
2542 2550
2542 2551
2542 2552
2542 2553
2542 2554
2543 2544
2543 2545
2543 2546
2543 2547
2543 2548
2543 2549
2543 2550
2543 2551
2543 2552
2543 2553
2543 2554
2544 2545
2544 2546
2544 2547
2544 2548
2544 2549
2544 2550
2544 2551
2544 2552
2544 2553
2544 2554
2545 2546
2545 2547
2545 2548
2545 2549
2545 2550
2545 2551
2545 2552
2545 2553
2545 2554
2546 2547
2546 2548
2546 2549
2546 2550
2546 2551
2546 2552
2546 2553
2546 2554
2547 2548
2547 2549
2547 2550
2547 2551
2547 2552
2547 2553
2547 2554
2548 2549
2548 2550
2548 2551
2548 2552
2548 2553
2548 2554
2549 2550
2549 2551
2549 2552
2549 2553
2549 2554
2550 2551
2550 2552
2550 2553
2550 2554
2551 2552
2551 2553
2551 2554
2552 2553
2552 2554
2553 2554
314 576
314 1632
314 1672
314 1709
314 2555
314 2556
314 2557
314 2558
314 2559
314 2560
314 2561
314 2562
314 2563
314 2564
314 2565
314 2566
314 2567
314 2568
314 2569
314 2570
314 2571
314 2572
314 2573
576 1632
576 1672
576 1709
576 2555
576 2556
576 2557
576 2558
576 2559
576 2560
576 2561
576 2562
576 2563
576 2564
576 2565
576 2566
576 2567
576 2568
576 2569
576 2570
576 2571
576 2572
576 2573
1632 1672
1632 1709
1632 2555
1632 2556
1632 2557
1632 2558
1632 2559
1632 2560
1632 2561
1632 2562
1632 2563
1632 2564
1632 2565
1632 2566
1632 2567
1632 2568
1632 2569
1632 2570
1632 2571
1632 2572
1632 2573
1672 1709
1672 2555
1672 2556
1672 2557
1672 2558
1672 2559
1672 2560
1672 2561
1672 2562
1672 2563
1672 2564
1672 2565
1672 2566
1672 2567
1672 2568
1672 2569
1672 2570
1672 2571
1672 2572
1672 2573
1709 2555
1709 2556
1709 2557
1709 2558
1709 2559
1709 2560
1709 2561
1709 2562
1709 2563
1709 2564
1709 2565
1709 2566
1709 2567
1709 2568
1709 2569
1709 2570
1709 2571
1709 2572
1709 2573
2555 2556
2555 2557
2555 2558
2555 2559
2555 2560
2555 2561
2555 2562
2555 2563
2555 2564
2555 2565
2555 2566
2555 2567
2555 2568
2555 2569
2555 2570
2555 2571
2555 2572
2555 2573
2556 2557
2556 2558
2556 2559
2556 2560
2556 2561
2556 2562
2556 2563
2556 2564
2556 2565
2556 2566
2556 2567
2556 2568
2556 2569
2556 2570
2556 2571
2556 2572
2556 2573
2557 2558
2557 2559
2557 2560
2557 2561
2557 2562
2557 2563
2557 2564
2557 2565
2557 2566
2557 2567
2557 2568
2557 2569
2557 2570
2557 2571
2557 2572
2557 2573
2558 2559
2558 2560
2558 2561
2558 2562
2558 2563
2558 2564
2558 2565
2558 2566
2558 2567
2558 2568
2558 2569
2558 2570
2558 2571
2558 2572
2558 2573
2559 2560
2559 2561
2559 2562
2559 2563
2559 2564
2559 2565
2559 2566
2559 2567
2559 2568
2559 2569
2559 2570
2559 2571
2559 2572
2559 2573
2560 2561
2560 2562
2560 2563
2560 2564
2560 2565
2560 2566
2560 2567
2560 2568
2560 2569
2560 2570
2560 2571
2560 2572
2560 2573
2561 2562
2561 2563
2561 2564
2561 2565
2561 2566
2561 2567
2561 2568
2561 2569
2561 2570
2561 2571
2561 2572
2561 2573
2562 2563
2562 2564
2562 2565
2562 2566
2562 2567
2562 2568
2562 2569
2562 2570
2562 2571
2562 2572
2562 2573
2563 2564
2563 2565
2563 2566
2563 2567
2563 2568
2563 2569
2563 2570
2563 2571
2563 2572
2563 2573
2564 2565
2564 2566
2564 2567
2564 2568
2564 2569
2564 2570
2564 2571
2564 2572
2564 2573
2565 2566
2565 2567
2565 2568
2565 2569
2565 2570
2565 2571
2565 2572
2565 2573
2566 2567
2566 2568
2566 2569
2566 2570
2566 2571
2566 2572
2566 2573
2567 2568
2567 2569
2567 2570
2567 2571
2567 2572
2567 2573
2568 2569
2568 2570
2568 2571
2568 2572
2568 2573
2569 2570
2569 2571
2569 2572
2569 2573
2570 2571
2570 2572
2570 2573
2571 2572
2571 2573
2572 2573
315 577
315 870
315 984
315 1001
315 1352
315 1460
315 1521
315 1595
315 1673
315 1778
315 1903
315 2496
315 2574
315 2575
315 2576
315 2577
315 2578
315 2579
315 2580
315 2581
315 2582
315 2583
315 2584
315 2585
315 2586
315 2587
315 2588
577 870
577 984
577 1001
577 1352
577 1460
577 1521
577 1595
577 1673
577 1778
577 1903
577 2496
577 2574
577 2575
577 2576
577 2577
577 2578
577 2579
577 2580
577 2581
577 2582
577 2583
577 2584
577 2585
577 2586
577 2587
577 2588
870 984
870 1001
870 1352
870 1460
870 1521
870 1595
870 1673
870 1778
870 1903
870 2496
870 2574
870 2575
870 2576
870 2577
870 2578
870 2579
870 2580
870 2581
870 2582
870 2583
870 2584
870 2585
870 2586
870 2587
870 2588
984 1001
984 1352
984 1460
984 1521
984 1595
984 1673
984 1778
984 1903
984 2496
984 2574
984 2575
984 2576
984 2577
984 2578
984 2579
984 2580
984 2581
984 2582
984 2583
984 2584
984 2585
984 2586
984 2587
984 2588
1001 1352
1001 1460
1001 1521
1001 1595
1001 1673
1001 1778
1001 1903
1001 2496
1001 2574
1001 2575
1001 2576
1001 2577
1001 2578
1001 2579
1001 2580
1001 2581
1001 2582
1001 2583
1001 2584
1001 2585
1001 2586
1001 2587
1001 2588
1352 1460
1352 1521
1352 1595
1352 1673
1352 1778
1352 1903
1352 2496
1352 2574
1352 2575
1352 2576
1352 2577
1352 2578
1352 2579
1352 2580
1352 2581
1352 2582
1352 2583
1352 2584
1352 2585
1352 2586
1352 2587
1352 2588
1460 1521
1460 1595
1460 1673
1460 1778
1460 1903
1460 2496
1460 2574
1460 2575
1460 2576
1460 2577
1460 2578
1460 2579
1460 2580
1460 2581
1460 2582
1460 2583
1460 2584
1460 2585
1460 2586
1460 2587
1460 2588
1521 1595
1521 1673
1521 1778
1521 1903
1521 2496
1521 2574
1521 2575
1521 2576
1521 2577
1521 2578
1521 2579
1521 2580
1521 2581
1521 2582
1521 2583
1521 2584
1521 2585
1521 2586
1521 2587
1521 2588
1595 1673
1595 1778
1595 1903
1595 2496
1595 2574
1595 2575
1595 2576
1595 2577
1595 2578
1595 2579
1595 2580
1595 2581
1595 2582
1595 2583
1595 2584
1595 2585
1595 2586
1595 2587
1595 2588
1673 1778
1673 1903
1673 2496
1673 2574
1673 2575
1673 2576
1673 2577
1673 2578
1673 2579
1673 2580
1673 2581
1673 2582
1673 2583
1673 2584
1673 2585
1673 2586
1673 2587
1673 2588
1778 1903
1778 2496
1778 2574
1778 2575
1778 2576
1778 2577
1778 2578
1778 2579
1778 2580
1778 2581
1778 2582
1778 2583
1778 2584
1778 2585
1778 2586
1778 2587
1778 2588
1903 2496
1903 2574
1903 2575
1903 2576
1903 2577
1903 2578
1903 2579
1903 2580
1903 2581
1903 2582
1903 2583
1903 2584
1903 2585
1903 2586
1903 2587
1903 2588
2496 2574
2496 2575
2496 2576
2496 2577
2496 2578
2496 2579
2496 2580
2496 2581
2496 2582
2496 2583
2496 2584
2496 2585
2496 2586
2496 2587
2496 2588
2574 2575
2574 2576
2574 2577
2574 2578
2574 2579
2574 2580
2574 2581
2574 2582
2574 2583
2574 2584
2574 2585
2574 2586
2574 2587
2574 2588
2575 2576
2575 2577
2575 2578
2575 2579
2575 2580
2575 2581
2575 2582
2575 2583
2575 2584
2575 2585
2575 2586
2575 2587
2575 2588
2576 2577
2576 2578
2576 2579
2576 2580
2576 2581
2576 2582
2576 2583
2576 2584
2576 2585
2576 2586
2576 2587
2576 2588
2577 2578
2577 2579
2577 2580
2577 2581
2577 2582
2577 2583
2577 2584
2577 2585
2577 2586
2577 2587
2577 2588
2578 2579
2578 2580
2578 2581
2578 2582
2578 2583
2578 2584
2578 2585
2578 2586
2578 2587
2578 2588
2579 2580
2579 2581
2579 2582
2579 2583
2579 2584
2579 2585
2579 2586
2579 2587
2579 2588
2580 2581
2580 2582
2580 2583
2580 2584
2580 2585
2580 2586
2580 2587
2580 2588
2581 2582
2581 2583
2581 2584
2581 2585
2581 2586
2581 2587
2581 2588
2582 2583
2582 2584
2582 2585
2582 2586
2582 2587
2582 2588
2583 2584
2583 2585
2583 2586
2583 2587
2583 2588
2584 2585
2584 2586
2584 2587
2584 2588
2585 2586
2585 2587
2585 2588
2586 2587
2586 2588
2587 2588
316 586
316 871
316 1002
316 1674
316 2583
316 2589
316 2590
316 2591
316 2592
316 2593
316 2594
316 2595
316 2596
316 2597
586 871
586 1002
586 1674
586 2583
586 2589
586 2590
586 2591
586 2592
586 2593
586 2594
586 2595
586 2596
586 2597
871 1002
871 1674
871 2583
871 2589
871 2590
871 2591
871 2592
871 2593
871 2594
871 2595
871 2596
871 2597
1002 1674
1002 2583
1002 2589
1002 2590
1002 2591
1002 2592
1002 2593
1002 2594
1002 2595
1002 2596
1002 2597
1674 2583
1674 2589
1674 2590
1674 2591
1674 2592
1674 2593
1674 2594
1674 2595
1674 2596
1674 2597
2583 2589
2583 2590
2583 2591
2583 2592
2583 2593
2583 2594
2583 2595
2583 2596
2583 2597
2589 2590
2589 2591
2589 2592
2589 2593
2589 2594
2589 2595
2589 2596
2589 2597
2590 2591
2590 2592
2590 2593
2590 2594
2590 2595
2590 2596
2590 2597
2591 2592
2591 2593
2591 2594
2591 2595
2591 2596
2591 2597
2592 2593
2592 2594
2592 2595
2592 2596
2592 2597
2593 2594
2593 2595
2593 2596
2593 2597
2594 2595
2594 2596
2594 2597
2595 2596
2595 2597
2596 2597
317 469
317 665
317 1107
317 1675
317 2598
317 2599
317 2600
317 2601
317 2602
317 2603
317 2604
317 2605
317 2606
317 2607
469 665
469 1107
469 1675
469 2598
469 2599
469 2600
469 2601
469 2602
469 2603
469 2604
469 2605
469 2606
469 2607
665 1107
665 1675
665 2598
665 2599
665 2600
665 2601
665 2602
665 2603
665 2604
665 2605
665 2606
665 2607
1107 1675
1107 2598
1107 2599
1107 2600
1107 2601
1107 2602
1107 2603
1107 2604
1107 2605
1107 2606
1107 2607
1675 2598
1675 2599
1675 2600
1675 2601
1675 2602
1675 2603
1675 2604
1675 2605
1675 2606
1675 2607
2598 2599
2598 2600
2598 2601
2598 2602
2598 2603
2598 2604
2598 2605
2598 2606
2598 2607
2599 2600
2599 2601
2599 2602
2599 2603
2599 2604
2599 2605
2599 2606
2599 2607
2600 2601
2600 2602
2600 2603
2600 2604
2600 2605
2600 2606
2600 2607
2601 2602
2601 2603
2601 2604
2601 2605
2601 2606
2601 2607
2602 2603
2602 2604
2602 2605
2602 2606
2602 2607
2603 2604
2603 2605
2603 2606
2603 2607
2604 2605
2604 2606
2604 2607
2605 2606
2605 2607
2606 2607
318 1377
318 1474
318 1683
318 1779
318 2449
318 2470
318 2497
318 2518
318 2530
318 2608
318 2609
318 2610
318 2611
318 2612
318 2613
318 2614
318 2615
318 2616
318 2617
318 2618
318 2619
318 2620
318 2621
318 2622
318 2623
318 2624
318 2625
318 2626
318 2627
318 2628
318 2629
318 2630
318 2631
318 2632
318 2633
318 2634
318 2635
318 2636
1377 1474
1377 1683
1377 1779
1377 2449
1377 2470
1377 2497
1377 2518
1377 2530
1377 2608
1377 2609
1377 2610
1377 2611
1377 2612
1377 2613
1377 2614
1377 2615
1377 2616
1377 2617
1377 2618
1377 2619
1377 2620
1377 2621
1377 2622
1377 2623
1377 2624
1377 2625
1377 2626
1377 2627
1377 2628
1377 2629
1377 2630
1377 2631
1377 2632
1377 2633
1377 2634
1377 2635
1377 2636
1474 1683
1474 1779
1474 2449
1474 2470
1474 2497
1474 2518
1474 2530
1474 2608
1474 2609
1474 2610
1474 2611
1474 2612
1474 2613
1474 2614
1474 2615
1474 2616
1474 2617
1474 2618
1474 2619
1474 2620
1474 2621
1474 2622
1474 2623
1474 2624
1474 2625
1474 2626
1474 2627
1474 2628
1474 2629
1474 2630
1474 2631
1474 2632
1474 2633
1474 2634
1474 2635
1474 2636
1683 1779
1683 2449
1683 2470
1683 2497
1683 2518
1683 2530
1683 2608
1683 2609
1683 2610
1683 2611
1683 2612
1683 2613
1683 2614
1683 2615
1683 2616
1683 2617
1683 2618
1683 2619
1683 2620
1683 2621
1683 2622
1683 2623
1683 2624
1683 2625
1683 2626
1683 2627
1683 2628
1683 2629
1683 2630
1683 2631
1683 2632
1683 2633
1683 2634
1683 2635
1683 2636
1779 2449
1779 2470
1779 2497
1779 2518
1779 2530
1779 2608
1779 2609
1779 2610
1779 2611
1779 2612
1779 2613
1779 2614
1779 2615
1779 2616
1779 2617
1779 2618
1779 2619
1779 2620
1779 2621
1779 2622
1779 2623
1779 2624
1779 2625
1779 2626
1779 2627
1779 2628
1779 2629
1779 2630
1779 2631
1779 2632
1779 2633
1779 2634
1779 2635
1779 2636
2449 2470
2449 2497
2449 2518
2449 2530
2449 2608
2449 2609
2449 2610
2449 2611
2449 2612
2449 2613
2449 2614
2449 2615
2449 2616
2449 2617
2449 2618
2449 2619
2449 2620
2449 2621
2449 2622
2449 2623
2449 2624
2449 2625
2449 2626
2449 2627
2449 2628
2449 2629
2449 2630
2449 2631
2449 2632
2449 2633
2449 2634
2449 2635
2449 2636
2470 2497
2470 2518
2470 2530
2470 2608
2470 2609
2470 2610
2470 2611
2470 2612
2470 2613
2470 2614
2470 2615
2470 2616
2470 2617
2470 2618
2470 2619
2470 2620
2470 2621
2470 2622
2470 2623
2470 2624
2470 2625
2470 2626
2470 2627
2470 2628
2470 2629
2470 2630
2470 2631
2470 2632
2470 2633
2470 2634
2470 2635
2470 2636
2497 2518
2497 2530
2497 2608
2497 2609
2497 2610
2497 2611
2497 2612
2497 2613
2497 2614
2497 2615
2497 2616
2497 2617
2497 2618
2497 2619
2497 2620
2497 2621
2497 2622
2497 2623
2497 2624
2497 2625
2497 2626
2497 2627
2497 2628
2497 2629
2497 2630
2497 2631
2497 2632
2497 2633
2497 2634
2497 2635
2497 2636
2518 2530
2518 2608
2518 2609
2518 2610
2518 2611
2518 2612
2518 2613
2518 2614
2518 2615
2518 2616
2518 2617
2518 2618
2518 2619
2518 2620
2518 2621
2518 2622
2518 2623
2518 2624
2518 2625
2518 2626
2518 2627
2518 2628
2518 2629
2518 2630
2518 2631
2518 2632
2518 2633
2518 2634
2518 2635
2518 2636
2530 2608
2530 2609
2530 2610
2530 2611
2530 2612
2530 2613
2530 2614
2530 2615
2530 2616
2530 2617
2530 2618
2530 2619
2530 2620
2530 2621
2530 2622
2530 2623
2530 2624
2530 2625
2530 2626
2530 2627
2530 2628
2530 2629
2530 2630
2530 2631
2530 2632
2530 2633
2530 2634
2530 2635
2530 2636
2608 2609
2608 2610
2608 2611
2608 2612
2608 2613
2608 2614
2608 2615
2608 2616
2608 2617
2608 2618
2608 2619
2608 2620
2608 2621
2608 2622
2608 2623
2608 2624
2608 2625
2608 2626
2608 2627
2608 2628
2608 2629
2608 2630
2608 2631
2608 2632
2608 2633
2608 2634
2608 2635
2608 2636
2609 2610
2609 2611
2609 2612
2609 2613
2609 2614
2609 2615
2609 2616
2609 2617
2609 2618
2609 2619
2609 2620
2609 2621
2609 2622
2609 2623
2609 2624
2609 2625
2609 2626
2609 2627
2609 2628
2609 2629
2609 2630
2609 2631
2609 2632
2609 2633
2609 2634
2609 2635
2609 2636
2610 2611
2610 2612
2610 2613
2610 2614
2610 2615
2610 2616
2610 2617
2610 2618
2610 2619
2610 2620
2610 2621
2610 2622
2610 2623
2610 2624
2610 2625
2610 2626
2610 2627
2610 2628
2610 2629
2610 2630
2610 2631
2610 2632
2610 2633
2610 2634
2610 2635
2610 2636
2611 2612
2611 2613
2611 2614
2611 2615
2611 2616
2611 2617
2611 2618
2611 2619
2611 2620
2611 2621
2611 2622
2611 2623
2611 2624
2611 2625
2611 2626
2611 2627
2611 2628
2611 2629
2611 2630
2611 2631
2611 2632
2611 2633
2611 2634
2611 2635
2611 2636
2612 2613
2612 2614
2612 2615
2612 2616
2612 2617
2612 2618
2612 2619
2612 2620
2612 2621
2612 2622
2612 2623
2612 2624
2612 2625
2612 2626
2612 2627
2612 2628
2612 2629
2612 2630
2612 2631
2612 2632
2612 2633
2612 2634
2612 2635
2612 2636
2613 2614
2613 2615
2613 2616
2613 2617
2613 2618
2613 2619
2613 2620
2613 2621
2613 2622
2613 2623
2613 2624
2613 2625
2613 2626
2613 2627
2613 2628
2613 2629
2613 2630
2613 2631
2613 2632
2613 2633
2613 2634
2613 2635
2613 2636
2614 2615
2614 2616
2614 2617
2614 2618
2614 2619
2614 2620
2614 2621
2614 2622
2614 2623
2614 2624
2614 2625
2614 2626
2614 2627
2614 2628
2614 2629
2614 2630
2614 2631
2614 2632
2614 2633
2614 2634
2614 2635
2614 2636
2615 2616
2615 2617
2615 2618
2615 2619
2615 2620
2615 2621
2615 2622
2615 2623
2615 2624
2615 2625
2615 2626
2615 2627
2615 2628
2615 2629
2615 2630
2615 2631
2615 2632
2615 2633
2615 2634
2615 2635
2615 2636
2616 2617
2616 2618
2616 2619
2616 2620
2616 2621
2616 2622
2616 2623
2616 2624
2616 2625
2616 2626
2616 2627
2616 2628
2616 2629
2616 2630
2616 2631
2616 2632
2616 2633
2616 2634
2616 2635
2616 2636
2617 2618
2617 2619
2617 2620
2617 2621
2617 2622
2617 2623
2617 2624
2617 2625
2617 2626
2617 2627
2617 2628
2617 2629
2617 2630
2617 2631
2617 2632
2617 2633
2617 2634
2617 2635
2617 2636
2618 2619
2618 2620
2618 2621
2618 2622
2618 2623
2618 2624
2618 2625
2618 2626
2618 2627
2618 2628
2618 2629
2618 2630
2618 2631
2618 2632
2618 2633
2618 2634
2618 2635
2618 2636
2619 2620
2619 2621
2619 2622
2619 2623
2619 2624
2619 2625
2619 2626
2619 2627
2619 2628
2619 2629
2619 2630
2619 2631
2619 2632
2619 2633
2619 2634
2619 2635
2619 2636
2620 2621
2620 2622
2620 2623
2620 2624
2620 2625
2620 2626
2620 2627
2620 2628
2620 2629
2620 2630
2620 2631
2620 2632
2620 2633
2620 2634
2620 2635
2620 2636
2621 2622
2621 2623
2621 2624
2621 2625
2621 2626
2621 2627
2621 2628
2621 2629
2621 2630
2621 2631
2621 2632
2621 2633
2621 2634
2621 2635
2621 2636
2622 2623
2622 2624
2622 2625
2622 2626
2622 2627
2622 2628
2622 2629
2622 2630
2622 2631
2622 2632
2622 2633
2622 2634
2622 2635
2622 2636
2623 2624
2623 2625
2623 2626
2623 2627
2623 2628
2623 2629
2623 2630
2623 2631
2623 2632
2623 2633
2623 2634
2623 2635
2623 2636
2624 2625
2624 2626
2624 2627
2624 2628
2624 2629
2624 2630
2624 2631
2624 2632
2624 2633
2624 2634
2624 2635
2624 2636
2625 2626
2625 2627
2625 2628
2625 2629
2625 2630
2625 2631
2625 2632
2625 2633
2625 2634
2625 2635
2625 2636
2626 2627
2626 2628
2626 2629
2626 2630
2626 2631
2626 2632
2626 2633
2626 2634
2626 2635
2626 2636
2627 2628
2627 2629
2627 2630
2627 2631
2627 2632
2627 2633
2627 2634
2627 2635
2627 2636
2628 2629
2628 2630
2628 2631
2628 2632
2628 2633
2628 2634
2628 2635
2628 2636
2629 2630
2629 2631
2629 2632
2629 2633
2629 2634
2629 2635
2629 2636
2630 2631
2630 2632
2630 2633
2630 2634
2630 2635
2630 2636
2631 2632
2631 2633
2631 2634
2631 2635
2631 2636
2632 2633
2632 2634
2632 2635
2632 2636
2633 2634
2633 2635
2633 2636
2634 2635
2634 2636
2635 2636
320 411
320 873
320 1058
320 1279
320 1633
320 1677
320 1781
320 1904
320 2169
320 2377
320 2435
320 2532
320 2584
320 2603
320 2637
320 2638
320 2639
320 2640
320 2641
320 2642
320 2643
320 2644
320 2645
320 2646
320 2647
320 2648
320 2649
411 873
411 1058
411 1279
411 1633
411 1677
411 1781
411 1904
411 2169
411 2377
411 2435
411 2532
411 2584
411 2603
411 2637
411 2638
411 2639
411 2640
411 2641
411 2642
411 2643
411 2644
411 2645
411 2646
411 2647
411 2648
411 2649
873 1058
873 1279
873 1633
873 1677
873 1781
873 1904
873 2169
873 2377
873 2435
873 2532
873 2584
873 2603
873 2637
873 2638
873 2639
873 2640
873 2641
873 2642
873 2643
873 2644
873 2645
873 2646
873 2647
873 2648
873 2649
1058 1279
1058 1633
1058 1677
1058 1781
1058 1904
1058 2169
1058 2377
1058 2435
1058 2532
1058 2584
1058 2603
1058 2637
1058 2638
1058 2639
1058 2640
1058 2641
1058 2642
1058 2643
1058 2644
1058 2645
1058 2646
1058 2647
1058 2648
1058 2649
1279 1633
1279 1677
1279 1781
1279 1904
1279 2169
1279 2377
1279 2435
1279 2532
1279 2584
1279 2603
1279 2637
1279 2638
1279 2639
1279 2640
1279 2641
1279 2642
1279 2643
1279 2644
1279 2645
1279 2646
1279 2647
1279 2648
1279 2649
1633 1677
1633 1781
1633 1904
1633 2169
1633 2377
1633 2435
1633 2532
1633 2584
1633 2603
1633 2637
1633 2638
1633 2639
1633 2640
1633 2641
1633 2642
1633 2643
1633 2644
1633 2645
1633 2646
1633 2647
1633 2648
1633 2649
1677 1781
1677 1904
1677 2169
1677 2377
1677 2435
1677 2532
1677 2584
1677 2603
1677 2637
1677 2638
1677 2639
1677 2640
1677 2641
1677 2642
1677 2643
1677 2644
1677 2645
1677 2646
1677 2647
1677 2648
1677 2649
1781 1904
1781 2169
1781 2377
1781 2435
1781 2532
1781 2584
1781 2603
1781 2637
1781 2638
1781 2639
1781 2640
1781 2641
1781 2642
1781 2643
1781 2644
1781 2645
1781 2646
1781 2647
1781 2648
1781 2649
1904 2169
1904 2377
1904 2435
1904 2532
1904 2584
1904 2603
1904 2637
1904 2638
1904 2639
1904 2640
1904 2641
1904 2642
1904 2643
1904 2644
1904 2645
1904 2646
1904 2647
1904 2648
1904 2649
2169 2377
2169 2435
2169 2532
2169 2584
2169 2603
2169 2637
2169 2638
2169 2639
2169 2640
2169 2641
2169 2642
2169 2643
2169 2644
2169 2645
2169 2646
2169 2647
2169 2648
2169 2649
2377 2435
2377 2532
2377 2584
2377 2603
2377 2637
2377 2638
2377 2639
2377 2640
2377 2641
2377 2642
2377 2643
2377 2644
2377 2645
2377 2646
2377 2647
2377 2648
2377 2649
2435 2532
2435 2584
2435 2603
2435 2637
2435 2638
2435 2639
2435 2640
2435 2641
2435 2642
2435 2643
2435 2644
2435 2645
2435 2646
2435 2647
2435 2648
2435 2649
2532 2584
2532 2603
2532 2637
2532 2638
2532 2639
2532 2640
2532 2641
2532 2642
2532 2643
2532 2644
2532 2645
2532 2646
2532 2647
2532 2648
2532 2649
2584 2603
2584 2637
2584 2638
2584 2639
2584 2640
2584 2641
2584 2642
2584 2643
2584 2644
2584 2645
2584 2646
2584 2647
2584 2648
2584 2649
2603 2637
2603 2638
2603 2639
2603 2640
2603 2641
2603 2642
2603 2643
2603 2644
2603 2645
2603 2646
2603 2647
2603 2648
2603 2649
2637 2638
2637 2639
2637 2640
2637 2641
2637 2642
2637 2643
2637 2644
2637 2645
2637 2646
2637 2647
2637 2648
2637 2649
2638 2639
2638 2640
2638 2641
2638 2642
2638 2643
2638 2644
2638 2645
2638 2646
2638 2647
2638 2648
2638 2649
2639 2640
2639 2641
2639 2642
2639 2643
2639 2644
2639 2645
2639 2646
2639 2647
2639 2648
2639 2649
2640 2641
2640 2642
2640 2643
2640 2644
2640 2645
2640 2646
2640 2647
2640 2648
2640 2649
2641 2642
2641 2643
2641 2644
2641 2645
2641 2646
2641 2647
2641 2648
2641 2649
2642 2643
2642 2644
2642 2645
2642 2646
2642 2647
2642 2648
2642 2649
2643 2644
2643 2645
2643 2646
2643 2647
2643 2648
2643 2649
2644 2645
2644 2646
2644 2647
2644 2648
2644 2649
2645 2646
2645 2647
2645 2648
2645 2649
2646 2647
2646 2648
2646 2649
2647 2648
2647 2649
2648 2649
321 1005
321 1905
321 2498
321 2533
321 2624
321 2650
321 2651
321 2652
321 2653
321 2654
321 2655
321 2656
321 2657
321 2658
321 2659
1005 1905
1005 2498
1005 2533
1005 2624
1005 2650
1005 2651
1005 2652
1005 2653
1005 2654
1005 2655
1005 2656
1005 2657
1005 2658
1005 2659
1905 2498
1905 2533
1905 2624
1905 2650
1905 2651
1905 2652
1905 2653
1905 2654
1905 2655
1905 2656
1905 2657
1905 2658
1905 2659
2498 2533
2498 2624
2498 2650
2498 2651
2498 2652
2498 2653
2498 2654
2498 2655
2498 2656
2498 2657
2498 2658
2498 2659
2533 2624
2533 2650
2533 2651
2533 2652
2533 2653
2533 2654
2533 2655
2533 2656
2533 2657
2533 2658
2533 2659
2624 2650
2624 2651
2624 2652
2624 2653
2624 2654
2624 2655
2624 2656
2624 2657
2624 2658
2624 2659
2650 2651
2650 2652
2650 2653
2650 2654
2650 2655
2650 2656
2650 2657
2650 2658
2650 2659
2651 2652
2651 2653
2651 2654
2651 2655
2651 2656
2651 2657
2651 2658
2651 2659
2652 2653
2652 2654
2652 2655
2652 2656
2652 2657
2652 2658
2652 2659
2653 2654
2653 2655
2653 2656
2653 2657
2653 2658
2653 2659
2654 2655
2654 2656
2654 2657
2654 2658
2654 2659
2655 2656
2655 2657
2655 2658
2655 2659
2656 2657
2656 2658
2656 2659
2657 2658
2657 2659
2658 2659
322 1880
322 2660
322 2661
322 2662
322 2663
322 2664
322 2665
322 2666
322 2667
322 2668
322 2669
1880 2660
1880 2661
1880 2662
1880 2663
1880 2664
1880 2665
1880 2666
1880 2667
1880 2668
1880 2669
2660 2661
2660 2662
2660 2663
2660 2664
2660 2665
2660 2666
2660 2667
2660 2668
2660 2669
2661 2662
2661 2663
2661 2664
2661 2665
2661 2666
2661 2667
2661 2668
2661 2669
2662 2663
2662 2664
2662 2665
2662 2666
2662 2667
2662 2668
2662 2669
2663 2664
2663 2665
2663 2666
2663 2667
2663 2668
2663 2669
2664 2665
2664 2666
2664 2667
2664 2668
2664 2669
2665 2666
2665 2667
2665 2668
2665 2669
2666 2667
2666 2668
2666 2669
2667 2668
2667 2669
2668 2669
323 2630
323 2670
323 2671
323 2672
323 2673
2630 2670
2630 2671
2630 2672
2630 2673
2670 2671
2670 2672
2670 2673
2671 2672
2671 2673
2672 2673
324 412
324 698
324 1006
324 1678
324 1783
324 2471
324 2499
324 2621
324 2642
324 2674
324 2675
324 2676
324 2677
324 2678
324 2679
324 2680
324 2681
324 2682
324 2683
324 2684
324 2685
324 2686
324 2687
324 2688
412 698
412 1006
412 1678
412 1783
412 2471
412 2499
412 2621
412 2642
412 2674
412 2675
412 2676
412 2677
412 2678
412 2679
412 2680
412 2681
412 2682
412 2683
412 2684
412 2685
412 2686
412 2687
412 2688
698 1006
698 1678
698 1783
698 2471
698 2499
698 2621
698 2642
698 2674
698 2675
698 2676
698 2677
698 2678
698 2679
698 2680
698 2681
698 2682
698 2683
698 2684
698 2685
698 2686
698 2687
698 2688
1006 1678
1006 1783
1006 2471
1006 2499
1006 2621
1006 2642
1006 2674
1006 2675
1006 2676
1006 2677
1006 2678
1006 2679
1006 2680
1006 2681
1006 2682
1006 2683
1006 2684
1006 2685
1006 2686
1006 2687
1006 2688
1678 1783
1678 2471
1678 2499
1678 2621
1678 2642
1678 2674
1678 2675
1678 2676
1678 2677
1678 2678
1678 2679
1678 2680
1678 2681
1678 2682
1678 2683
1678 2684
1678 2685
1678 2686
1678 2687
1678 2688
1783 2471
1783 2499
1783 2621
1783 2642
1783 2674
1783 2675
1783 2676
1783 2677
1783 2678
1783 2679
1783 2680
1783 2681
1783 2682
1783 2683
1783 2684
1783 2685
1783 2686
1783 2687
1783 2688
2471 2499
2471 2621
2471 2642
2471 2674
2471 2675
2471 2676
2471 2677
2471 2678
2471 2679
2471 2680
2471 2681
2471 2682
2471 2683
2471 2684
2471 2685
2471 2686
2471 2687
2471 2688
2499 2621
2499 2642
2499 2674
2499 2675
2499 2676
2499 2677
2499 2678
2499 2679
2499 2680
2499 2681
2499 2682
2499 2683
2499 2684
2499 2685
2499 2686
2499 2687
2499 2688
2621 2642
2621 2674
2621 2675
2621 2676
2621 2677
2621 2678
2621 2679
2621 2680
2621 2681
2621 2682
2621 2683
2621 2684
2621 2685
2621 2686
2621 2687
2621 2688
2642 2674
2642 2675
2642 2676
2642 2677
2642 2678
2642 2679
2642 2680
2642 2681
2642 2682
2642 2683
2642 2684
2642 2685
2642 2686
2642 2687
2642 2688
2674 2675
2674 2676
2674 2677
2674 2678
2674 2679
2674 2680
2674 2681
2674 2682
2674 2683
2674 2684
2674 2685
2674 2686
2674 2687
2674 2688
2675 2676
2675 2677
2675 2678
2675 2679
2675 2680
2675 2681
2675 2682
2675 2683
2675 2684
2675 2685
2675 2686
2675 2687
2675 2688
2676 2677
2676 2678
2676 2679
2676 2680
2676 2681
2676 2682
2676 2683
2676 2684
2676 2685
2676 2686
2676 2687
2676 2688
2677 2678
2677 2679
2677 2680
2677 2681
2677 2682
2677 2683
2677 2684
2677 2685
2677 2686
2677 2687
2677 2688
2678 2679
2678 2680
2678 2681
2678 2682
2678 2683
2678 2684
2678 2685
2678 2686
2678 2687
2678 2688
2679 2680
2679 2681
2679 2682
2679 2683
2679 2684
2679 2685
2679 2686
2679 2687
2679 2688
2680 2681
2680 2682
2680 2683
2680 2684
2680 2685
2680 2686
2680 2687
2680 2688
2681 2682
2681 2683
2681 2684
2681 2685
2681 2686
2681 2687
2681 2688
2682 2683
2682 2684
2682 2685
2682 2686
2682 2687
2682 2688
2683 2684
2683 2685
2683 2686
2683 2687
2683 2688
2684 2685
2684 2686
2684 2687
2684 2688
2685 2686
2685 2687
2685 2688
2686 2687
2686 2688
2687 2688
325 578
325 2622
325 2689
325 2690
325 2691
325 2692
325 2693
325 2694
325 2695
325 2696
325 2697
325 2698
325 2699
578 2622
578 2689
578 2690
578 2691
578 2692
578 2693
578 2694
578 2695
578 2696
578 2697
578 2698
578 2699
2622 2689
2622 2690
2622 2691
2622 2692
2622 2693
2622 2694
2622 2695
2622 2696
2622 2697
2622 2698
2622 2699
2689 2690
2689 2691
2689 2692
2689 2693
2689 2694
2689 2695
2689 2696
2689 2697
2689 2698
2689 2699
2690 2691
2690 2692
2690 2693
2690 2694
2690 2695
2690 2696
2690 2697
2690 2698
2690 2699
2691 2692
2691 2693
2691 2694
2691 2695
2691 2696
2691 2697
2691 2698
2691 2699
2692 2693
2692 2694
2692 2695
2692 2696
2692 2697
2692 2698
2692 2699
2693 2694
2693 2695
2693 2696
2693 2697
2693 2698
2693 2699
2694 2695
2694 2696
2694 2697
2694 2698
2694 2699
2695 2696
2695 2697
2695 2698
2695 2699
2696 2697
2696 2698
2696 2699
2697 2698
2697 2699
2698 2699
326 1007
326 1417
326 2453
326 2500
326 2517
326 2535
326 2654
326 2665
326 2695
326 2700
326 2701
326 2702
326 2703
326 2704
326 2705
326 2706
326 2707
326 2708
326 2709
326 2710
326 2711
326 2712
326 2713
326 2714
326 2715
326 2716
1007 1417
1007 2453
1007 2500
1007 2517
1007 2535
1007 2654
1007 2665
1007 2695
1007 2700
1007 2701
1007 2702
1007 2703
1007 2704
1007 2705
1007 2706
1007 2707
1007 2708
1007 2709
1007 2710
1007 2711
1007 2712
1007 2713
1007 2714
1007 2715
1007 2716
1417 2453
1417 2500
1417 2517
1417 2535
1417 2654
1417 2665
1417 2695
1417 2700
1417 2701
1417 2702
1417 2703
1417 2704
1417 2705
1417 2706
1417 2707
1417 2708
1417 2709
1417 2710
1417 2711
1417 2712
1417 2713
1417 2714
1417 2715
1417 2716
2453 2500
2453 2517
2453 2535
2453 2654
2453 2665
2453 2695
2453 2700
2453 2701
2453 2702
2453 2703
2453 2704
2453 2705
2453 2706
2453 2707
2453 2708
2453 2709
2453 2710
2453 2711
2453 2712
2453 2713
2453 2714
2453 2715
2453 2716
2500 2517
2500 2535
2500 2654
2500 2665
2500 2695
2500 2700
2500 2701
2500 2702
2500 2703
2500 2704
2500 2705
2500 2706
2500 2707
2500 2708
2500 2709
2500 2710
2500 2711
2500 2712
2500 2713
2500 2714
2500 2715
2500 2716
2517 2535
2517 2654
2517 2665
2517 2695
2517 2700
2517 2701
2517 2702
2517 2703
2517 2704
2517 2705
2517 2706
2517 2707
2517 2708
2517 2709
2517 2710
2517 2711
2517 2712
2517 2713
2517 2714
2517 2715
2517 2716
2535 2654
2535 2665
2535 2695
2535 2700
2535 2701
2535 2702
2535 2703
2535 2704
2535 2705
2535 2706
2535 2707
2535 2708
2535 2709
2535 2710
2535 2711
2535 2712
2535 2713
2535 2714
2535 2715
2535 2716
2654 2665
2654 2695
2654 2700
2654 2701
2654 2702
2654 2703
2654 2704
2654 2705
2654 2706
2654 2707
2654 2708
2654 2709
2654 2710
2654 2711
2654 2712
2654 2713
2654 2714
2654 2715
2654 2716
2665 2695
2665 2700
2665 2701
2665 2702
2665 2703
2665 2704
2665 2705
2665 2706
2665 2707
2665 2708
2665 2709
2665 2710
2665 2711
2665 2712
2665 2713
2665 2714
2665 2715
2665 2716
2695 2700
2695 2701
2695 2702
2695 2703
2695 2704
2695 2705
2695 2706
2695 2707
2695 2708
2695 2709
2695 2710
2695 2711
2695 2712
2695 2713
2695 2714
2695 2715
2695 2716
2700 2701
2700 2702
2700 2703
2700 2704
2700 2705
2700 2706
2700 2707
2700 2708
2700 2709
2700 2710
2700 2711
2700 2712
2700 2713
2700 2714
2700 2715
2700 2716
2701 2702
2701 2703
2701 2704
2701 2705
2701 2706
2701 2707
2701 2708
2701 2709
2701 2710
2701 2711
2701 2712
2701 2713
2701 2714
2701 2715
2701 2716
2702 2703
2702 2704
2702 2705
2702 2706
2702 2707
2702 2708
2702 2709
2702 2710
2702 2711
2702 2712
2702 2713
2702 2714
2702 2715
2702 2716
2703 2704
2703 2705
2703 2706
2703 2707
2703 2708
2703 2709
2703 2710
2703 2711
2703 2712
2703 2713
2703 2714
2703 2715
2703 2716
2704 2705
2704 2706
2704 2707
2704 2708
2704 2709
2704 2710
2704 2711
2704 2712
2704 2713
2704 2714
2704 2715
2704 2716
2705 2706
2705 2707
2705 2708
2705 2709
2705 2710
2705 2711
2705 2712
2705 2713
2705 2714
2705 2715
2705 2716
2706 2707
2706 2708
2706 2709
2706 2710
2706 2711
2706 2712
2706 2713
2706 2714
2706 2715
2706 2716
2707 2708
2707 2709
2707 2710
2707 2711
2707 2712
2707 2713
2707 2714
2707 2715
2707 2716
2708 2709
2708 2710
2708 2711
2708 2712
2708 2713
2708 2714
2708 2715
2708 2716
2709 2710
2709 2711
2709 2712
2709 2713
2709 2714
2709 2715
2709 2716
2710 2711
2710 2712
2710 2713
2710 2714
2710 2715
2710 2716
2711 2712
2711 2713
2711 2714
2711 2715
2711 2716
2712 2713
2712 2714
2712 2715
2712 2716
2713 2714
2713 2715
2713 2716
2714 2715
2714 2716
2715 2716
327 876
327 1008
327 1681
327 1785
327 1912
327 1981
327 2623
327 2643
327 2655
327 2716
327 2717
327 2718
327 2719
327 2720
327 2721
327 2722
327 2723
327 2724
327 2725
327 2726
327 2727
327 2728
876 1008
876 1681
876 1785
876 1912
876 1981
876 2623
876 2643
876 2655
876 2716
876 2717
876 2718
876 2719
876 2720
876 2721
876 2722
876 2723
876 2724
876 2725
876 2726
876 2727
876 2728
1008 1681
1008 1785
1008 1912
1008 1981
1008 2623
1008 2643
1008 2655
1008 2716
1008 2717
1008 2718
1008 2719
1008 2720
1008 2721
1008 2722
1008 2723
1008 2724
1008 2725
1008 2726
1008 2727
1008 2728
1681 1785
1681 1912
1681 1981
1681 2623
1681 2643
1681 2655
1681 2716
1681 2717
1681 2718
1681 2719
1681 2720
1681 2721
1681 2722
1681 2723
1681 2724
1681 2725
1681 2726
1681 2727
1681 2728
1785 1912
1785 1981
1785 2623
1785 2643
1785 2655
1785 2716
1785 2717
1785 2718
1785 2719
1785 2720
1785 2721
1785 2722
1785 2723
1785 2724
1785 2725
1785 2726
1785 2727
1785 2728
1912 1981
1912 2623
1912 2643
1912 2655
1912 2716
1912 2717
1912 2718
1912 2719
1912 2720
1912 2721
1912 2722
1912 2723
1912 2724
1912 2725
1912 2726
1912 2727
1912 2728
1981 2623
1981 2643
1981 2655
1981 2716
1981 2717
1981 2718
1981 2719
1981 2720
1981 2721
1981 2722
1981 2723
1981 2724
1981 2725
1981 2726
1981 2727
1981 2728
2623 2643
2623 2655
2623 2716
2623 2717
2623 2718
2623 2719
2623 2720
2623 2721
2623 2722
2623 2723
2623 2724
2623 2725
2623 2726
2623 2727
2623 2728
2643 2655
2643 2716
2643 2717
2643 2718
2643 2719
2643 2720
2643 2721
2643 2722
2643 2723
2643 2724
2643 2725
2643 2726
2643 2727
2643 2728
2655 2716
2655 2717
2655 2718
2655 2719
2655 2720
2655 2721
2655 2722
2655 2723
2655 2724
2655 2725
2655 2726
2655 2727
2655 2728
2716 2717
2716 2718
2716 2719
2716 2720
2716 2721
2716 2722
2716 2723
2716 2724
2716 2725
2716 2726
2716 2727
2716 2728
2717 2718
2717 2719
2717 2720
2717 2721
2717 2722
2717 2723
2717 2724
2717 2725
2717 2726
2717 2727
2717 2728
2718 2719
2718 2720
2718 2721
2718 2722
2718 2723
2718 2724
2718 2725
2718 2726
2718 2727
2718 2728
2719 2720
2719 2721
2719 2722
2719 2723
2719 2724
2719 2725
2719 2726
2719 2727
2719 2728
2720 2721
2720 2722
2720 2723
2720 2724
2720 2725
2720 2726
2720 2727
2720 2728
2721 2722
2721 2723
2721 2724
2721 2725
2721 2726
2721 2727
2721 2728
2722 2723
2722 2724
2722 2725
2722 2726
2722 2727
2722 2728
2723 2724
2723 2725
2723 2726
2723 2727
2723 2728
2724 2725
2724 2726
2724 2727
2724 2728
2725 2726
2725 2727
2725 2728
2726 2727
2726 2728
2727 2728
328 413
328 1009
328 1665
328 1786
328 2031
328 2501
328 2597
328 2636
328 2644
328 2687
328 2729
328 2730
328 2731
328 2732
328 2733
328 2734
328 2735
328 2736
328 2737
328 2738
328 2739
413 1009
413 1665
413 1786
413 2031
413 2501
413 2597
413 2636
413 2644
413 2687
413 2729
413 2730
413 2731
413 2732
413 2733
413 2734
413 2735
413 2736
413 2737
413 2738
413 2739
1009 1665
1009 1786
1009 2031
1009 2501
1009 2597
1009 2636
1009 2644
1009 2687
1009 2729
1009 2730
1009 2731
1009 2732
1009 2733
1009 2734
1009 2735
1009 2736
1009 2737
1009 2738
1009 2739
1665 1786
1665 2031
1665 2501
1665 2597
1665 2636
1665 2644
1665 2687
1665 2729
1665 2730
1665 2731
1665 2732
1665 2733
1665 2734
1665 2735
1665 2736
1665 2737
1665 2738
1665 2739
1786 2031
1786 2501
1786 2597
1786 2636
1786 2644
1786 2687
1786 2729
1786 2730
1786 2731
1786 2732
1786 2733
1786 2734
1786 2735
1786 2736
1786 2737
1786 2738
1786 2739
2031 2501
2031 2597
2031 2636
2031 2644
2031 2687
2031 2729
2031 2730
2031 2731
2031 2732
2031 2733
2031 2734
2031 2735
2031 2736
2031 2737
2031 2738
2031 2739
2501 2597
2501 2636
2501 2644
2501 2687
2501 2729
2501 2730
2501 2731
2501 2732
2501 2733
2501 2734
2501 2735
2501 2736
2501 2737
2501 2738
2501 2739
2597 2636
2597 2644
2597 2687
2597 2729
2597 2730
2597 2731
2597 2732
2597 2733
2597 2734
2597 2735
2597 2736
2597 2737
2597 2738
2597 2739
2636 2644
2636 2687
2636 2729
2636 2730
2636 2731
2636 2732
2636 2733
2636 2734
2636 2735
2636 2736
2636 2737
2636 2738
2636 2739
2644 2687
2644 2729
2644 2730
2644 2731
2644 2732
2644 2733
2644 2734
2644 2735
2644 2736
2644 2737
2644 2738
2644 2739
2687 2729
2687 2730
2687 2731
2687 2732
2687 2733
2687 2734
2687 2735
2687 2736
2687 2737
2687 2738
2687 2739
2729 2730
2729 2731
2729 2732
2729 2733
2729 2734
2729 2735
2729 2736
2729 2737
2729 2738
2729 2739
2730 2731
2730 2732
2730 2733
2730 2734
2730 2735
2730 2736
2730 2737
2730 2738
2730 2739
2731 2732
2731 2733
2731 2734
2731 2735
2731 2736
2731 2737
2731 2738
2731 2739
2732 2733
2732 2734
2732 2735
2732 2736
2732 2737
2732 2738
2732 2739
2733 2734
2733 2735
2733 2736
2733 2737
2733 2738
2733 2739
2734 2735
2734 2736
2734 2737
2734 2738
2734 2739
2735 2736
2735 2737
2735 2738
2735 2739
2736 2737
2736 2738
2736 2739
2737 2738
2737 2739
2738 2739
329 1413
329 1787
329 2441
329 2536
329 2549
329 2645
329 2672
329 2696
329 2712
329 2740
329 2741
329 2742
329 2743
329 2744
329 2745
329 2746
329 2747
329 2748
329 2749
329 2750
329 2751
329 2752
329 2753
329 2754
329 2755
1413 1787
1413 2441
1413 2536
1413 2549
1413 2645
1413 2672
1413 2696
1413 2712
1413 2740
1413 2741
1413 2742
1413 2743
1413 2744
1413 2745
1413 2746
1413 2747
1413 2748
1413 2749
1413 2750
1413 2751
1413 2752
1413 2753
1413 2754
1413 2755
1787 2441
1787 2536
1787 2549
1787 2645
1787 2672
1787 2696
1787 2712
1787 2740
1787 2741
1787 2742
1787 2743
1787 2744
1787 2745
1787 2746
1787 2747
1787 2748
1787 2749
1787 2750
1787 2751
1787 2752
1787 2753
1787 2754
1787 2755
2441 2536
2441 2549
2441 2645
2441 2672
2441 2696
2441 2712
2441 2740
2441 2741
2441 2742
2441 2743
2441 2744
2441 2745
2441 2746
2441 2747
2441 2748
2441 2749
2441 2750
2441 2751
2441 2752
2441 2753
2441 2754
2441 2755
2536 2549
2536 2645
2536 2672
2536 2696
2536 2712
2536 2740
2536 2741
2536 2742
2536 2743
2536 2744
2536 2745
2536 2746
2536 2747
2536 2748
2536 2749
2536 2750
2536 2751
2536 2752
2536 2753
2536 2754
2536 2755
2549 2645
2549 2672
2549 2696
2549 2712
2549 2740
2549 2741
2549 2742
2549 2743
2549 2744
2549 2745
2549 2746
2549 2747
2549 2748
2549 2749
2549 2750
2549 2751
2549 2752
2549 2753
2549 2754
2549 2755
2645 2672
2645 2696
2645 2712
2645 2740
2645 2741
2645 2742
2645 2743
2645 2744
2645 2745
2645 2746
2645 2747
2645 2748
2645 2749
2645 2750
2645 2751
2645 2752
2645 2753
2645 2754
2645 2755
2672 2696
2672 2712
2672 2740
2672 2741
2672 2742
2672 2743
2672 2744
2672 2745
2672 2746
2672 2747
2672 2748
2672 2749
2672 2750
2672 2751
2672 2752
2672 2753
2672 2754
2672 2755
2696 2712
2696 2740
2696 2741
2696 2742
2696 2743
2696 2744
2696 2745
2696 2746
2696 2747
2696 2748
2696 2749
2696 2750
2696 2751
2696 2752
2696 2753
2696 2754
2696 2755
2712 2740
2712 2741
2712 2742
2712 2743
2712 2744
2712 2745
2712 2746
2712 2747
2712 2748
2712 2749
2712 2750
2712 2751
2712 2752
2712 2753
2712 2754
2712 2755
2740 2741
2740 2742
2740 2743
2740 2744
2740 2745
2740 2746
2740 2747
2740 2748
2740 2749
2740 2750
2740 2751
2740 2752
2740 2753
2740 2754
2740 2755
2741 2742
2741 2743
2741 2744
2741 2745
2741 2746
2741 2747
2741 2748
2741 2749
2741 2750
2741 2751
2741 2752
2741 2753
2741 2754
2741 2755
2742 2743
2742 2744
2742 2745
2742 2746
2742 2747
2742 2748
2742 2749
2742 2750
2742 2751
2742 2752
2742 2753
2742 2754
2742 2755
2743 2744
2743 2745
2743 2746
2743 2747
2743 2748
2743 2749
2743 2750
2743 2751
2743 2752
2743 2753
2743 2754
2743 2755
2744 2745
2744 2746
2744 2747
2744 2748
2744 2749
2744 2750
2744 2751
2744 2752
2744 2753
2744 2754
2744 2755
2745 2746
2745 2747
2745 2748
2745 2749
2745 2750
2745 2751
2745 2752
2745 2753
2745 2754
2745 2755
2746 2747
2746 2748
2746 2749
2746 2750
2746 2751
2746 2752
2746 2753
2746 2754
2746 2755
2747 2748
2747 2749
2747 2750
2747 2751
2747 2752
2747 2753
2747 2754
2747 2755
2748 2749
2748 2750
2748 2751
2748 2752
2748 2753
2748 2754
2748 2755
2749 2750
2749 2751
2749 2752
2749 2753
2749 2754
2749 2755
2750 2751
2750 2752
2750 2753
2750 2754
2750 2755
2751 2752
2751 2753
2751 2754
2751 2755
2752 2753
2752 2754
2752 2755
2753 2754
2753 2755
2754 2755
330 1684
330 2550
330 2625
330 2659
330 2701
330 2750
330 2756
330 2757
330 2758
330 2759
330 2760
330 2761
330 2762
330 2763
330 2764
330 2765
330 2766
330 2767
330 2768
1684 2550
1684 2625
1684 2659
1684 2701
1684 2750
1684 2756
1684 2757
1684 2758
1684 2759
1684 2760
1684 2761
1684 2762
1684 2763
1684 2764
1684 2765
1684 2766
1684 2767
1684 2768
2550 2625
2550 2659
2550 2701
2550 2750
2550 2756
2550 2757
2550 2758
2550 2759
2550 2760
2550 2761
2550 2762
2550 2763
2550 2764
2550 2765
2550 2766
2550 2767
2550 2768
2625 2659
2625 2701
2625 2750
2625 2756
2625 2757
2625 2758
2625 2759
2625 2760
2625 2761
2625 2762
2625 2763
2625 2764
2625 2765
2625 2766
2625 2767
2625 2768
2659 2701
2659 2750
2659 2756
2659 2757
2659 2758
2659 2759
2659 2760
2659 2761
2659 2762
2659 2763
2659 2764
2659 2765
2659 2766
2659 2767
2659 2768
2701 2750
2701 2756
2701 2757
2701 2758
2701 2759
2701 2760
2701 2761
2701 2762
2701 2763
2701 2764
2701 2765
2701 2766
2701 2767
2701 2768
2750 2756
2750 2757
2750 2758
2750 2759
2750 2760
2750 2761
2750 2762
2750 2763
2750 2764
2750 2765
2750 2766
2750 2767
2750 2768
2756 2757
2756 2758
2756 2759
2756 2760
2756 2761
2756 2762
2756 2763
2756 2764
2756 2765
2756 2766
2756 2767
2756 2768
2757 2758
2757 2759
2757 2760
2757 2761
2757 2762
2757 2763
2757 2764
2757 2765
2757 2766
2757 2767
2757 2768
2758 2759
2758 2760
2758 2761
2758 2762
2758 2763
2758 2764
2758 2765
2758 2766
2758 2767
2758 2768
2759 2760
2759 2761
2759 2762
2759 2763
2759 2764
2759 2765
2759 2766
2759 2767
2759 2768
2760 2761
2760 2762
2760 2763
2760 2764
2760 2765
2760 2766
2760 2767
2760 2768
2761 2762
2761 2763
2761 2764
2761 2765
2761 2766
2761 2767
2761 2768
2762 2763
2762 2764
2762 2765
2762 2766
2762 2767
2762 2768
2763 2764
2763 2765
2763 2766
2763 2767
2763 2768
2764 2765
2764 2766
2764 2767
2764 2768
2765 2766
2765 2767
2765 2768
2766 2767
2766 2768
2767 2768
331 1637
331 1685
331 1906
331 2626
331 2769
331 2770
331 2771
331 2772
331 2773
331 2774
331 2775
331 2776
1637 1685
1637 1906
1637 2626
1637 2769
1637 2770
1637 2771
1637 2772
1637 2773
1637 2774
1637 2775
1637 2776
1685 1906
1685 2626
1685 2769
1685 2770
1685 2771
1685 2772
1685 2773
1685 2774
1685 2775
1685 2776
1906 2626
1906 2769
1906 2770
1906 2771
1906 2772
1906 2773
1906 2774
1906 2775
1906 2776
2626 2769
2626 2770
2626 2771
2626 2772
2626 2773
2626 2774
2626 2775
2626 2776
2769 2770
2769 2771
2769 2772
2769 2773
2769 2774
2769 2775
2769 2776
2770 2771
2770 2772
2770 2773
2770 2774
2770 2775
2770 2776
2771 2772
2771 2773
2771 2774
2771 2775
2771 2776
2772 2773
2772 2774
2772 2775
2772 2776
2773 2774
2773 2775
2773 2776
2774 2775
2774 2776
2775 2776
332 579
332 1597
332 1686
332 2220
332 2505
332 2551
332 2577
332 2627
332 2673
332 2751
332 2764
332 2777
332 2778
332 2779
332 2780
332 2781
332 2782
332 2783
332 2784
332 2785
332 2786
332 2787
579 1597
579 1686
579 2220
579 2505
579 2551
579 2577
579 2627
579 2673
579 2751
579 2764
579 2777
579 2778
579 2779
579 2780
579 2781
579 2782
579 2783
579 2784
579 2785
579 2786
579 2787
1597 1686
1597 2220
1597 2505
1597 2551
1597 2577
1597 2627
1597 2673
1597 2751
1597 2764
1597 2777
1597 2778
1597 2779
1597 2780
1597 2781
1597 2782
1597 2783
1597 2784
1597 2785
1597 2786
1597 2787
1686 2220
1686 2505
1686 2551
1686 2577
1686 2627
1686 2673
1686 2751
1686 2764
1686 2777
1686 2778
1686 2779
1686 2780
1686 2781
1686 2782
1686 2783
1686 2784
1686 2785
1686 2786
1686 2787
2220 2505
2220 2551
2220 2577
2220 2627
2220 2673
2220 2751
2220 2764
2220 2777
2220 2778
2220 2779
2220 2780
2220 2781
2220 2782
2220 2783
2220 2784
2220 2785
2220 2786
2220 2787
2505 2551
2505 2577
2505 2627
2505 2673
2505 2751
2505 2764
2505 2777
2505 2778
2505 2779
2505 2780
2505 2781
2505 2782
2505 2783
2505 2784
2505 2785
2505 2786
2505 2787
2551 2577
2551 2627
2551 2673
2551 2751
2551 2764
2551 2777
2551 2778
2551 2779
2551 2780
2551 2781
2551 2782
2551 2783
2551 2784
2551 2785
2551 2786
2551 2787
2577 2627
2577 2673
2577 2751
2577 2764
2577 2777
2577 2778
2577 2779
2577 2780
2577 2781
2577 2782
2577 2783
2577 2784
2577 2785
2577 2786
2577 2787
2627 2673
2627 2751
2627 2764
2627 2777
2627 2778
2627 2779
2627 2780
2627 2781
2627 2782
2627 2783
2627 2784
2627 2785
2627 2786
2627 2787
2673 2751
2673 2764
2673 2777
2673 2778
2673 2779
2673 2780
2673 2781
2673 2782
2673 2783
2673 2784
2673 2785
2673 2786
2673 2787
2751 2764
2751 2777
2751 2778
2751 2779
2751 2780
2751 2781
2751 2782
2751 2783
2751 2784
2751 2785
2751 2786
2751 2787
2764 2777
2764 2778
2764 2779
2764 2780
2764 2781
2764 2782
2764 2783
2764 2784
2764 2785
2764 2786
2764 2787
2777 2778
2777 2779
2777 2780
2777 2781
2777 2782
2777 2783
2777 2784
2777 2785
2777 2786
2777 2787
2778 2779
2778 2780
2778 2781
2778 2782
2778 2783
2778 2784
2778 2785
2778 2786
2778 2787
2779 2780
2779 2781
2779 2782
2779 2783
2779 2784
2779 2785
2779 2786
2779 2787
2780 2781
2780 2782
2780 2783
2780 2784
2780 2785
2780 2786
2780 2787
2781 2782
2781 2783
2781 2784
2781 2785
2781 2786
2781 2787
2782 2783
2782 2784
2782 2785
2782 2786
2782 2787
2783 2784
2783 2785
2783 2786
2783 2787
2784 2785
2784 2786
2784 2787
2785 2786
2785 2787
2786 2787
333 1194
333 1414
333 1479
333 1884
333 2456
333 2537
333 2572
333 2668
333 2699
333 2714
333 2752
333 2765
333 2788
333 2789
333 2790
333 2791
333 2792
333 2793
333 2794
333 2795
333 2796
333 2797
333 2798
333 2799
333 2800
333 2801
333 2802
333 2803
333 2804
1194 1414
1194 1479
1194 1884
1194 2456
1194 2537
1194 2572
1194 2668
1194 2699
1194 2714
1194 2752
1194 2765
1194 2788
1194 2789
1194 2790
1194 2791
1194 2792
1194 2793
1194 2794
1194 2795
1194 2796
1194 2797
1194 2798
1194 2799
1194 2800
1194 2801
1194 2802
1194 2803
1194 2804
1414 1479
1414 1884
1414 2456
1414 2537
1414 2572
1414 2668
1414 2699
1414 2714
1414 2752
1414 2765
1414 2788
1414 2789
1414 2790
1414 2791
1414 2792
1414 2793
1414 2794
1414 2795
1414 2796
1414 2797
1414 2798
1414 2799
1414 2800
1414 2801
1414 2802
1414 2803
1414 2804
1479 1884
1479 2456
1479 2537
1479 2572
1479 2668
1479 2699
1479 2714
1479 2752
1479 2765
1479 2788
1479 2789
1479 2790
1479 2791
1479 2792
1479 2793
1479 2794
1479 2795
1479 2796
1479 2797
1479 2798
1479 2799
1479 2800
1479 2801
1479 2802
1479 2803
1479 2804
1884 2456
1884 2537
1884 2572
1884 2668
1884 2699
1884 2714
1884 2752
1884 2765
1884 2788
1884 2789
1884 2790
1884 2791
1884 2792
1884 2793
1884 2794
1884 2795
1884 2796
1884 2797
1884 2798
1884 2799
1884 2800
1884 2801
1884 2802
1884 2803
1884 2804
2456 2537
2456 2572
2456 2668
2456 2699
2456 2714
2456 2752
2456 2765
2456 2788
2456 2789
2456 2790
2456 2791
2456 2792
2456 2793
2456 2794
2456 2795
2456 2796
2456 2797
2456 2798
2456 2799
2456 2800
2456 2801
2456 2802
2456 2803
2456 2804
2537 2572
2537 2668
2537 2699
2537 2714
2537 2752
2537 2765
2537 2788
2537 2789
2537 2790
2537 2791
2537 2792
2537 2793
2537 2794
2537 2795
2537 2796
2537 2797
2537 2798
2537 2799
2537 2800
2537 2801
2537 2802
2537 2803
2537 2804
2572 2668
2572 2699
2572 2714
2572 2752
2572 2765
2572 2788
2572 2789
2572 2790
2572 2791
2572 2792
2572 2793
2572 2794
2572 2795
2572 2796
2572 2797
2572 2798
2572 2799
2572 2800
2572 2801
2572 2802
2572 2803
2572 2804
2668 2699
2668 2714
2668 2752
2668 2765
2668 2788
2668 2789
2668 2790
2668 2791
2668 2792
2668 2793
2668 2794
2668 2795
2668 2796
2668 2797
2668 2798
2668 2799
2668 2800
2668 2801
2668 2802
2668 2803
2668 2804
2699 2714
2699 2752
2699 2765
2699 2788
2699 2789
2699 2790
2699 2791
2699 2792
2699 2793
2699 2794
2699 2795
2699 2796
2699 2797
2699 2798
2699 2799
2699 2800
2699 2801
2699 2802
2699 2803
2699 2804
2714 2752
2714 2765
2714 2788
2714 2789
2714 2790
2714 2791
2714 2792
2714 2793
2714 2794
2714 2795
2714 2796
2714 2797
2714 2798
2714 2799
2714 2800
2714 2801
2714 2802
2714 2803
2714 2804
2752 2765
2752 2788
2752 2789
2752 2790
2752 2791
2752 2792
2752 2793
2752 2794
2752 2795
2752 2796
2752 2797
2752 2798
2752 2799
2752 2800
2752 2801
2752 2802
2752 2803
2752 2804
2765 2788
2765 2789
2765 2790
2765 2791
2765 2792
2765 2793
2765 2794
2765 2795
2765 2796
2765 2797
2765 2798
2765 2799
2765 2800
2765 2801
2765 2802
2765 2803
2765 2804
2788 2789
2788 2790
2788 2791
2788 2792
2788 2793
2788 2794
2788 2795
2788 2796
2788 2797
2788 2798
2788 2799
2788 2800
2788 2801
2788 2802
2788 2803
2788 2804
2789 2790
2789 2791
2789 2792
2789 2793
2789 2794
2789 2795
2789 2796
2789 2797
2789 2798
2789 2799
2789 2800
2789 2801
2789 2802
2789 2803
2789 2804
2790 2791
2790 2792
2790 2793
2790 2794
2790 2795
2790 2796
2790 2797
2790 2798
2790 2799
2790 2800
2790 2801
2790 2802
2790 2803
2790 2804
2791 2792
2791 2793
2791 2794
2791 2795
2791 2796
2791 2797
2791 2798
2791 2799
2791 2800
2791 2801
2791 2802
2791 2803
2791 2804
2792 2793
2792 2794
2792 2795
2792 2796
2792 2797
2792 2798
2792 2799
2792 2800
2792 2801
2792 2802
2792 2803
2792 2804
2793 2794
2793 2795
2793 2796
2793 2797
2793 2798
2793 2799
2793 2800
2793 2801
2793 2802
2793 2803
2793 2804
2794 2795
2794 2796
2794 2797
2794 2798
2794 2799
2794 2800
2794 2801
2794 2802
2794 2803
2794 2804
2795 2796
2795 2797
2795 2798
2795 2799
2795 2800
2795 2801
2795 2802
2795 2803
2795 2804
2796 2797
2796 2798
2796 2799
2796 2800
2796 2801
2796 2802
2796 2803
2796 2804
2797 2798
2797 2799
2797 2800
2797 2801
2797 2802
2797 2803
2797 2804
2798 2799
2798 2800
2798 2801
2798 2802
2798 2803
2798 2804
2799 2800
2799 2801
2799 2802
2799 2803
2799 2804
2800 2801
2800 2802
2800 2803
2800 2804
2801 2802
2801 2803
2801 2804
2802 2803
2802 2804
2803 2804
334 2310
334 2506
334 2516
334 2805
334 2806
2310 2506
2310 2516
2310 2805
2310 2806
2506 2516
2506 2805
2506 2806
2516 2805
2516 2806
2805 2806
335 2553
335 2753
335 2766
335 2776
335 2807
335 2808
335 2809
335 2810
335 2811
335 2812
335 2813
2553 2753
2553 2766
2553 2776
2553 2807
2553 2808
2553 2809
2553 2810
2553 2811
2553 2812
2553 2813
2753 2766
2753 2776
2753 2807
2753 2808
2753 2809
2753 2810
2753 2811
2753 2812
2753 2813
2766 2776
2766 2807
2766 2808
2766 2809
2766 2810
2766 2811
2766 2812
2766 2813
2776 2807
2776 2808
2776 2809
2776 2810
2776 2811
2776 2812
2776 2813
2807 2808
2807 2809
2807 2810
2807 2811
2807 2812
2807 2813
2808 2809
2808 2810
2808 2811
2808 2812
2808 2813
2809 2810
2809 2811
2809 2812
2809 2813
2810 2811
2810 2812
2810 2813
2811 2812
2811 2813
2812 2813
336 1416
336 2452
336 2538
336 2647
336 2715
336 2754
336 2802
336 2814
336 2815
336 2816
336 2817
336 2818
336 2819
1416 2452
1416 2538
1416 2647
1416 2715
1416 2754
1416 2802
1416 2814
1416 2815
1416 2816
1416 2817
1416 2818
1416 2819
2452 2538
2452 2647
2452 2715
2452 2754
2452 2802
2452 2814
2452 2815
2452 2816
2452 2817
2452 2818
2452 2819
2538 2647
2538 2715
2538 2754
2538 2802
2538 2814
2538 2815
2538 2816
2538 2817
2538 2818
2538 2819
2647 2715
2647 2754
2647 2802
2647 2814
2647 2815
2647 2816
2647 2817
2647 2818
2647 2819
2715 2754
2715 2802
2715 2814
2715 2815
2715 2816
2715 2817
2715 2818
2715 2819
2754 2802
2754 2814
2754 2815
2754 2816
2754 2817
2754 2818
2754 2819
2802 2814
2802 2815
2802 2816
2802 2817
2802 2818
2802 2819
2814 2815
2814 2816
2814 2817
2814 2818
2814 2819
2815 2816
2815 2817
2815 2818
2815 2819
2816 2817
2816 2818
2816 2819
2817 2818
2817 2819
2818 2819
339 1408
339 1676
339 1700
339 1780
339 1806
339 2531
339 2568
339 2619
339 2650
339 2660
339 2674
339 2689
339 2700
339 2740
339 2756
339 2769
339 2788
339 2814
339 2820
339 2821
339 2822
339 2823
339 2824
339 2825
339 2826
339 2827
339 2828
339 2829
339 2830
339 2831
1408 1676
1408 1700
1408 1780
1408 1806
1408 2531
1408 2568
1408 2619
1408 2650
1408 2660
1408 2674
1408 2689
1408 2700
1408 2740
1408 2756
1408 2769
1408 2788
1408 2814
1408 2820
1408 2821
1408 2822
1408 2823
1408 2824
1408 2825
1408 2826
1408 2827
1408 2828
1408 2829
1408 2830
1408 2831
1676 1700
1676 1780
1676 1806
1676 2531
1676 2568
1676 2619
1676 2650
1676 2660
1676 2674
1676 2689
1676 2700
1676 2740
1676 2756
1676 2769
1676 2788
1676 2814
1676 2820
1676 2821
1676 2822
1676 2823
1676 2824
1676 2825
1676 2826
1676 2827
1676 2828
1676 2829
1676 2830
1676 2831
1700 1780
1700 1806
1700 2531
1700 2568
1700 2619
1700 2650
1700 2660
1700 2674
1700 2689
1700 2700
1700 2740
1700 2756
1700 2769
1700 2788
1700 2814
1700 2820
1700 2821
1700 2822
1700 2823
1700 2824
1700 2825
1700 2826
1700 2827
1700 2828
1700 2829
1700 2830
1700 2831
1780 1806
1780 2531
1780 2568
1780 2619
1780 2650
1780 2660
1780 2674
1780 2689
1780 2700
1780 2740
1780 2756
1780 2769
1780 2788
1780 2814
1780 2820
1780 2821
1780 2822
1780 2823
1780 2824
1780 2825
1780 2826
1780 2827
1780 2828
1780 2829
1780 2830
1780 2831
1806 2531
1806 2568
1806 2619
1806 2650
1806 2660
1806 2674
1806 2689
1806 2700
1806 2740
1806 2756
1806 2769
1806 2788
1806 2814
1806 2820
1806 2821
1806 2822
1806 2823
1806 2824
1806 2825
1806 2826
1806 2827
1806 2828
1806 2829
1806 2830
1806 2831
2531 2568
2531 2619
2531 2650
2531 2660
2531 2674
2531 2689
2531 2700
2531 2740
2531 2756
2531 2769
2531 2788
2531 2814
2531 2820
2531 2821
2531 2822
2531 2823
2531 2824
2531 2825
2531 2826
2531 2827
2531 2828
2531 2829
2531 2830
2531 2831
2568 2619
2568 2650
2568 2660
2568 2674
2568 2689
2568 2700
2568 2740
2568 2756
2568 2769
2568 2788
2568 2814
2568 2820
2568 2821
2568 2822
2568 2823
2568 2824
2568 2825
2568 2826
2568 2827
2568 2828
2568 2829
2568 2830
2568 2831
2619 2650
2619 2660
2619 2674
2619 2689
2619 2700
2619 2740
2619 2756
2619 2769
2619 2788
2619 2814
2619 2820
2619 2821
2619 2822
2619 2823
2619 2824
2619 2825
2619 2826
2619 2827
2619 2828
2619 2829
2619 2830
2619 2831
2650 2660
2650 2674
2650 2689
2650 2700
2650 2740
2650 2756
2650 2769
2650 2788
2650 2814
2650 2820
2650 2821
2650 2822
2650 2823
2650 2824
2650 2825
2650 2826
2650 2827
2650 2828
2650 2829
2650 2830
2650 2831
2660 2674
2660 2689
2660 2700
2660 2740
2660 2756
2660 2769
2660 2788
2660 2814
2660 2820
2660 2821
2660 2822
2660 2823
2660 2824
2660 2825
2660 2826
2660 2827
2660 2828
2660 2829
2660 2830
2660 2831
2674 2689
2674 2700
2674 2740
2674 2756
2674 2769
2674 2788
2674 2814
2674 2820
2674 2821
2674 2822
2674 2823
2674 2824
2674 2825
2674 2826
2674 2827
2674 2828
2674 2829
2674 2830
2674 2831
2689 2700
2689 2740
2689 2756
2689 2769
2689 2788
2689 2814
2689 2820
2689 2821
2689 2822
2689 2823
2689 2824
2689 2825
2689 2826
2689 2827
2689 2828
2689 2829
2689 2830
2689 2831
2700 2740
2700 2756
2700 2769
2700 2788
2700 2814
2700 2820
2700 2821
2700 2822
2700 2823
2700 2824
2700 2825
2700 2826
2700 2827
2700 2828
2700 2829
2700 2830
2700 2831
2740 2756
2740 2769
2740 2788
2740 2814
2740 2820
2740 2821
2740 2822
2740 2823
2740 2824
2740 2825
2740 2826
2740 2827
2740 2828
2740 2829
2740 2830
2740 2831
2756 2769
2756 2788
2756 2814
2756 2820
2756 2821
2756 2822
2756 2823
2756 2824
2756 2825
2756 2826
2756 2827
2756 2828
2756 2829
2756 2830
2756 2831
2769 2788
2769 2814
2769 2820
2769 2821
2769 2822
2769 2823
2769 2824
2769 2825
2769 2826
2769 2827
2769 2828
2769 2829
2769 2830
2769 2831
2788 2814
2788 2820
2788 2821
2788 2822
2788 2823
2788 2824
2788 2825
2788 2826
2788 2827
2788 2828
2788 2829
2788 2830
2788 2831
2814 2820
2814 2821
2814 2822
2814 2823
2814 2824
2814 2825
2814 2826
2814 2827
2814 2828
2814 2829
2814 2830
2814 2831
2820 2821
2820 2822
2820 2823
2820 2824
2820 2825
2820 2826
2820 2827
2820 2828
2820 2829
2820 2830
2820 2831
2821 2822
2821 2823
2821 2824
2821 2825
2821 2826
2821 2827
2821 2828
2821 2829
2821 2830
2821 2831
2822 2823
2822 2824
2822 2825
2822 2826
2822 2827
2822 2828
2822 2829
2822 2830
2822 2831
2823 2824
2823 2825
2823 2826
2823 2827
2823 2828
2823 2829
2823 2830
2823 2831
2824 2825
2824 2826
2824 2827
2824 2828
2824 2829
2824 2830
2824 2831
2825 2826
2825 2827
2825 2828
2825 2829
2825 2830
2825 2831
2826 2827
2826 2828
2826 2829
2826 2830
2826 2831
2827 2828
2827 2829
2827 2830
2827 2831
2828 2829
2828 2830
2828 2831
2829 2830
2829 2831
2830 2831
343 1750
343 2832
1750 2832
346 415
346 2833
346 2834
346 2835
346 2836
415 2833
415 2834
415 2835
415 2836
2833 2834
2833 2835
2833 2836
2834 2835
2834 2836
2835 2836
347 1758
347 2440
347 2837
347 2838
347 2839
347 2840
347 2841
1758 2440
1758 2837
1758 2838
1758 2839
1758 2840
1758 2841
2440 2837
2440 2838
2440 2839
2440 2840
2440 2841
2837 2838
2837 2839
2837 2840
2837 2841
2838 2839
2838 2840
2838 2841
2839 2840
2839 2841
2840 2841
348 382
348 898
348 946
348 1379
348 2842
348 2843
348 2844
348 2845
348 2846
348 2847
348 2848
382 898
382 946
382 1379
382 2842
382 2843
382 2844
382 2845
382 2846
382 2847
382 2848
898 946
898 1379
898 2842
898 2843
898 2844
898 2845
898 2846
898 2847
898 2848
946 1379
946 2842
946 2843
946 2844
946 2845
946 2846
946 2847
946 2848
1379 2842
1379 2843
1379 2844
1379 2845
1379 2846
1379 2847
1379 2848
2842 2843
2842 2844
2842 2845
2842 2846
2842 2847
2842 2848
2843 2844
2843 2845
2843 2846
2843 2847
2843 2848
2844 2845
2844 2846
2844 2847
2844 2848
2845 2846
2845 2847
2845 2848
2846 2847
2846 2848
2847 2848
350 2849
351 475
351 516
351 644
351 808
351 1689
351 1938
351 1966
351 2850
351 2851
351 2852
351 2853
351 2854
351 2855
351 2856
351 2857
475 516
475 644
475 808
475 1689
475 1938
475 1966
475 2850
475 2851
475 2852
475 2853
475 2854
475 2855
475 2856
475 2857
516 644
516 808
516 1689
516 1938
516 1966
516 2850
516 2851
516 2852
516 2853
516 2854
516 2855
516 2856
516 2857
644 808
644 1689
644 1938
644 1966
644 2850
644 2851
644 2852
644 2853
644 2854
644 2855
644 2856
644 2857
808 1689
808 1938
808 1966
808 2850
808 2851
808 2852
808 2853
808 2854
808 2855
808 2856
808 2857
1689 1938
1689 1966
1689 2850
1689 2851
1689 2852
1689 2853
1689 2854
1689 2855
1689 2856
1689 2857
1938 1966
1938 2850
1938 2851
1938 2852
1938 2853
1938 2854
1938 2855
1938 2856
1938 2857
1966 2850
1966 2851
1966 2852
1966 2853
1966 2854
1966 2855
1966 2856
1966 2857
2850 2851
2850 2852
2850 2853
2850 2854
2850 2855
2850 2856
2850 2857
2851 2852
2851 2853
2851 2854
2851 2855
2851 2856
2851 2857
2852 2853
2852 2854
2852 2855
2852 2856
2852 2857
2853 2854
2853 2855
2853 2856
2853 2857
2854 2855
2854 2856
2854 2857
2855 2856
2855 2857
2856 2857
369 2151
369 2858
2151 2858
370 476
370 544
370 769
370 1987
370 2033
370 2859
370 2860
370 2861
370 2862
370 2863
370 2864
370 2865
370 2866
476 544
476 769
476 1987
476 2033
476 2859
476 2860
476 2861
476 2862
476 2863
476 2864
476 2865
476 2866
544 769
544 1987
544 2033
544 2859
544 2860
544 2861
544 2862
544 2863
544 2864
544 2865
544 2866
769 1987
769 2033
769 2859
769 2860
769 2861
769 2862
769 2863
769 2864
769 2865
769 2866
1987 2033
1987 2859
1987 2860
1987 2861
1987 2862
1987 2863
1987 2864
1987 2865
1987 2866
2033 2859
2033 2860
2033 2861
2033 2862
2033 2863
2033 2864
2033 2865
2033 2866
2859 2860
2859 2861
2859 2862
2859 2863
2859 2864
2859 2865
2859 2866
2860 2861
2860 2862
2860 2863
2860 2864
2860 2865
2860 2866
2861 2862
2861 2863
2861 2864
2861 2865
2861 2866
2862 2863
2862 2864
2862 2865
2862 2866
2863 2864
2863 2865
2863 2866
2864 2865
2864 2866
2865 2866
371 626
371 1019
371 1551
371 1907
371 2335
371 2867
371 2868
371 2869
371 2870
371 2871
371 2872
626 1019
626 1551
626 1907
626 2335
626 2867
626 2868
626 2869
626 2870
626 2871
626 2872
1019 1551
1019 1907
1019 2335
1019 2867
1019 2868
1019 2869
1019 2870
1019 2871
1019 2872
1551 1907
1551 2335
1551 2867
1551 2868
1551 2869
1551 2870
1551 2871
1551 2872
1907 2335
1907 2867
1907 2868
1907 2869
1907 2870
1907 2871
1907 2872
2335 2867
2335 2868
2335 2869
2335 2870
2335 2871
2335 2872
2867 2868
2867 2869
2867 2870
2867 2871
2867 2872
2868 2869
2868 2870
2868 2871
2868 2872
2869 2870
2869 2871
2869 2872
2870 2871
2870 2872
2871 2872
372 531
373 384
373 546
373 627
373 1213
373 1218
373 1275
373 1333
373 1419
373 1464
373 1509
373 1552
373 1833
373 2034
373 2588
373 2632
373 2688
373 2865
373 2873
373 2874
373 2875
373 2876
373 2877
373 2878
373 2879
373 2880
373 2881
373 2882
373 2883
373 2884
373 2885
373 2886
373 2887
373 2888
373 2889
373 2890
373 2891
373 2892
373 2893
373 2894
373 2895
373 2896
373 2897
373 2898
373 2899
384 546
384 627
384 1213
384 1218
384 1275
384 1333
384 1419
384 1464
384 1509
384 1552
384 1833
384 2034
384 2588
384 2632
384 2688
384 2865
384 2873
384 2874
384 2875
384 2876
384 2877
384 2878
384 2879
384 2880
384 2881
384 2882
384 2883
384 2884
384 2885
384 2886
384 2887
384 2888
384 2889
384 2890
384 2891
384 2892
384 2893
384 2894
384 2895
384 2896
384 2897
384 2898
384 2899
546 627
546 1213
546 1218
546 1275
546 1333
546 1419
546 1464
546 1509
546 1552
546 1833
546 2034
546 2588
546 2632
546 2688
546 2865
546 2873
546 2874
546 2875
546 2876
546 2877
546 2878
546 2879
546 2880
546 2881
546 2882
546 2883
546 2884
546 2885
546 2886
546 2887
546 2888
546 2889
546 2890
546 2891
546 2892
546 2893
546 2894
546 2895
546 2896
546 2897
546 2898
546 2899
627 1213
627 1218
627 1275
627 1333
627 1419
627 1464
627 1509
627 1552
627 1833
627 2034
627 2588
627 2632
627 2688
627 2865
627 2873
627 2874
627 2875
627 2876
627 2877
627 2878
627 2879
627 2880
627 2881
627 2882
627 2883
627 2884
627 2885
627 2886
627 2887
627 2888
627 2889
627 2890
627 2891
627 2892
627 2893
627 2894
627 2895
627 2896
627 2897
627 2898
627 2899
1213 1218
1213 1275
1213 1333
1213 1419
1213 1464
1213 1509
1213 1552
1213 1833
1213 2034
1213 2588
1213 2632
1213 2688
1213 2865
1213 2873
1213 2874
1213 2875
1213 2876
1213 2877
1213 2878
1213 2879
1213 2880
1213 2881
1213 2882
1213 2883
1213 2884
1213 2885
1213 2886
1213 2887
1213 2888
1213 2889
1213 2890
1213 2891
1213 2892
1213 2893
1213 2894
1213 2895
1213 2896
1213 2897
1213 2898
1213 2899
1218 1275
1218 1333
1218 1419
1218 1464
1218 1509
1218 1552
1218 1833
1218 2034
1218 2588
1218 2632
1218 2688
1218 2865
1218 2873
1218 2874
1218 2875
1218 2876
1218 2877
1218 2878
1218 2879
1218 2880
1218 2881
1218 2882
1218 2883
1218 2884
1218 2885
1218 2886
1218 2887
1218 2888
1218 2889
1218 2890
1218 2891
1218 2892
1218 2893
1218 2894
1218 2895
1218 2896
1218 2897
1218 2898
1218 2899
1275 1333
1275 1419
1275 1464
1275 1509
1275 1552
1275 1833
1275 2034
1275 2588
1275 2632
1275 2688
1275 2865
1275 2873
1275 2874
1275 2875
1275 2876
1275 2877
1275 2878
1275 2879
1275 2880
1275 2881
1275 2882
1275 2883
1275 2884
1275 2885
1275 2886
1275 2887
1275 2888
1275 2889
1275 2890
1275 2891
1275 2892
1275 2893
1275 2894
1275 2895
1275 2896
1275 2897
1275 2898
1275 2899
1333 1419
1333 1464
1333 1509
1333 1552
1333 1833
1333 2034
1333 2588
1333 2632
1333 2688
1333 2865
1333 2873
1333 2874
1333 2875
1333 2876
1333 2877
1333 2878
1333 2879
1333 2880
1333 2881
1333 2882
1333 2883
1333 2884
1333 2885
1333 2886
1333 2887
1333 2888
1333 2889
1333 2890
1333 2891
1333 2892
1333 2893
1333 2894
1333 2895
1333 2896
1333 2897
1333 2898
1333 2899
1419 1464
1419 1509
1419 1552
1419 1833
1419 2034
1419 2588
1419 2632
1419 2688
1419 2865
1419 2873
1419 2874
1419 2875
1419 2876
1419 2877
1419 2878
1419 2879
1419 2880
1419 2881
1419 2882
1419 2883
1419 2884
1419 2885
1419 2886
1419 2887
1419 2888
1419 2889
1419 2890
1419 2891
1419 2892
1419 2893
1419 2894
1419 2895
1419 2896
1419 2897
1419 2898
1419 2899
1464 1509
1464 1552
1464 1833
1464 2034
1464 2588
1464 2632
1464 2688
1464 2865
1464 2873
1464 2874
1464 2875
1464 2876
1464 2877
1464 2878
1464 2879
1464 2880
1464 2881
1464 2882
1464 2883
1464 2884
1464 2885
1464 2886
1464 2887
1464 2888
1464 2889
1464 2890
1464 2891
1464 2892
1464 2893
1464 2894
1464 2895
1464 2896
1464 2897
1464 2898
1464 2899
1509 1552
1509 1833
1509 2034
1509 2588
1509 2632
1509 2688
1509 2865
1509 2873
1509 2874
1509 2875
1509 2876
1509 2877
1509 2878
1509 2879
1509 2880
1509 2881
1509 2882
1509 2883
1509 2884
1509 2885
1509 2886
1509 2887
1509 2888
1509 2889
1509 2890
1509 2891
1509 2892
1509 2893
1509 2894
1509 2895
1509 2896
1509 2897
1509 2898
1509 2899
1552 1833
1552 2034
1552 2588
1552 2632
1552 2688
1552 2865
1552 2873
1552 2874
1552 2875
1552 2876
1552 2877
1552 2878
1552 2879
1552 2880
1552 2881
1552 2882
1552 2883
1552 2884
1552 2885
1552 2886
1552 2887
1552 2888
1552 2889
1552 2890
1552 2891
1552 2892
1552 2893
1552 2894
1552 2895
1552 2896
1552 2897
1552 2898
1552 2899
1833 2034
1833 2588
1833 2632
1833 2688
1833 2865
1833 2873
1833 2874
1833 2875
1833 2876
1833 2877
1833 2878
1833 2879
1833 2880
1833 2881
1833 2882
1833 2883
1833 2884
1833 2885
1833 2886
1833 2887
1833 2888
1833 2889
1833 2890
1833 2891
1833 2892
1833 2893
1833 2894
1833 2895
1833 2896
1833 2897
1833 2898
1833 2899
2034 2588
2034 2632
2034 2688
2034 2865
2034 2873
2034 2874
2034 2875
2034 2876
2034 2877
2034 2878
2034 2879
2034 2880
2034 2881
2034 2882
2034 2883
2034 2884
2034 2885
2034 2886
2034 2887
2034 2888
2034 2889
2034 2890
2034 2891
2034 2892
2034 2893
2034 2894
2034 2895
2034 2896
2034 2897
2034 2898
2034 2899
2588 2632
2588 2688
2588 2865
2588 2873
2588 2874
2588 2875
2588 2876
2588 2877
2588 2878
2588 2879
2588 2880
2588 2881
2588 2882
2588 2883
2588 2884
2588 2885
2588 2886
2588 2887
2588 2888
2588 2889
2588 2890
2588 2891
2588 2892
2588 2893
2588 2894
2588 2895
2588 2896
2588 2897
2588 2898
2588 2899
2632 2688
2632 2865
2632 2873
2632 2874
2632 2875
2632 2876
2632 2877
2632 2878
2632 2879
2632 2880
2632 2881
2632 2882
2632 2883
2632 2884
2632 2885
2632 2886
2632 2887
2632 2888
2632 2889
2632 2890
2632 2891
2632 2892
2632 2893
2632 2894
2632 2895
2632 2896
2632 2897
2632 2898
2632 2899
2688 2865
2688 2873
2688 2874
2688 2875
2688 2876
2688 2877
2688 2878
2688 2879
2688 2880
2688 2881
2688 2882
2688 2883
2688 2884
2688 2885
2688 2886
2688 2887
2688 2888
2688 2889
2688 2890
2688 2891
2688 2892
2688 2893
2688 2894
2688 2895
2688 2896
2688 2897
2688 2898
2688 2899
2865 2873
2865 2874
2865 2875
2865 2876
2865 2877
2865 2878
2865 2879
2865 2880
2865 2881
2865 2882
2865 2883
2865 2884
2865 2885
2865 2886
2865 2887
2865 2888
2865 2889
2865 2890
2865 2891
2865 2892
2865 2893
2865 2894
2865 2895
2865 2896
2865 2897
2865 2898
2865 2899
2873 2874
2873 2875
2873 2876
2873 2877
2873 2878
2873 2879
2873 2880
2873 2881
2873 2882
2873 2883
2873 2884
2873 2885
2873 2886
2873 2887
2873 2888
2873 2889
2873 2890
2873 2891
2873 2892
2873 2893
2873 2894
2873 2895
2873 2896
2873 2897
2873 2898
2873 2899
2874 2875
2874 2876
2874 2877
2874 2878
2874 2879
2874 2880
2874 2881
2874 2882
2874 2883
2874 2884
2874 2885
2874 2886
2874 2887
2874 2888
2874 2889
2874 2890
2874 2891
2874 2892
2874 2893
2874 2894
2874 2895
2874 2896
2874 2897
2874 2898
2874 2899
2875 2876
2875 2877
2875 2878
2875 2879
2875 2880
2875 2881
2875 2882
2875 2883
2875 2884
2875 2885
2875 2886
2875 2887
2875 2888
2875 2889
2875 2890
2875 2891
2875 2892
2875 2893
2875 2894
2875 2895
2875 2896
2875 2897
2875 2898
2875 2899
2876 2877
2876 2878
2876 2879
2876 2880
2876 2881
2876 2882
2876 2883
2876 2884
2876 2885
2876 2886
2876 2887
2876 2888
2876 2889
2876 2890
2876 2891
2876 2892
2876 2893
2876 2894
2876 2895
2876 2896
2876 2897
2876 2898
2876 2899
2877 2878
2877 2879
2877 2880
2877 2881
2877 2882
2877 2883
2877 2884
2877 2885
2877 2886
2877 2887
2877 2888
2877 2889
2877 2890
2877 2891
2877 2892
2877 2893
2877 2894
2877 2895
2877 2896
2877 2897
2877 2898
2877 2899
2878 2879
2878 2880
2878 2881
2878 2882
2878 2883
2878 2884
2878 2885
2878 2886
2878 2887
2878 2888
2878 2889
2878 2890
2878 2891
2878 2892
2878 2893
2878 2894
2878 2895
2878 2896
2878 2897
2878 2898
2878 2899
2879 2880
2879 2881
2879 2882
2879 2883
2879 2884
2879 2885
2879 2886
2879 2887
2879 2888
2879 2889
2879 2890
2879 2891
2879 2892
2879 2893
2879 2894
2879 2895
2879 2896
2879 2897
2879 2898
2879 2899
2880 2881
2880 2882
2880 2883
2880 2884
2880 2885
2880 2886
2880 2887
2880 2888
2880 2889
2880 2890
2880 2891
2880 2892
2880 2893
2880 2894
2880 2895
2880 2896
2880 2897
2880 2898
2880 2899
2881 2882
2881 2883
2881 2884
2881 2885
2881 2886
2881 2887
2881 2888
2881 2889
2881 2890
2881 2891
2881 2892
2881 2893
2881 2894
2881 2895
2881 2896
2881 2897
2881 2898
2881 2899
2882 2883
2882 2884
2882 2885
2882 2886
2882 2887
2882 2888
2882 2889
2882 2890
2882 2891
2882 2892
2882 2893
2882 2894
2882 2895
2882 2896
2882 2897
2882 2898
2882 2899
2883 2884
2883 2885
2883 2886
2883 2887
2883 2888
2883 2889
2883 2890
2883 2891
2883 2892
2883 2893
2883 2894
2883 2895
2883 2896
2883 2897
2883 2898
2883 2899
2884 2885
2884 2886
2884 2887
2884 2888
2884 2889
2884 2890
2884 2891
2884 2892
2884 2893
2884 2894
2884 2895
2884 2896
2884 2897
2884 2898
2884 2899
2885 2886
2885 2887
2885 2888
2885 2889
2885 2890
2885 2891
2885 2892
2885 2893
2885 2894
2885 2895
2885 2896
2885 2897
2885 2898
2885 2899
2886 2887
2886 2888
2886 2889
2886 2890
2886 2891
2886 2892
2886 2893
2886 2894
2886 2895
2886 2896
2886 2897
2886 2898
2886 2899
2887 2888
2887 2889
2887 2890
2887 2891
2887 2892
2887 2893
2887 2894
2887 2895
2887 2896
2887 2897
2887 2898
2887 2899
2888 2889
2888 2890
2888 2891
2888 2892
2888 2893
2888 2894
2888 2895
2888 2896
2888 2897
2888 2898
2888 2899
2889 2890
2889 2891
2889 2892
2889 2893
2889 2894
2889 2895
2889 2896
2889 2897
2889 2898
2889 2899
2890 2891
2890 2892
2890 2893
2890 2894
2890 2895
2890 2896
2890 2897
2890 2898
2890 2899
2891 2892
2891 2893
2891 2894
2891 2895
2891 2896
2891 2897
2891 2898
2891 2899
2892 2893
2892 2894
2892 2895
2892 2896
2892 2897
2892 2898
2892 2899
2893 2894
2893 2895
2893 2896
2893 2897
2893 2898
2893 2899
2894 2895
2894 2896
2894 2897
2894 2898
2894 2899
2895 2896
2895 2897
2895 2898
2895 2899
2896 2897
2896 2898
2896 2899
2897 2898
2897 2899
2898 2899
374 1465
374 1910
374 2000
374 2336
374 2900
374 2901
1465 1910
1465 2000
1465 2336
1465 2900
1465 2901
1910 2000
1910 2336
1910 2900
1910 2901
2000 2336
2000 2900
2000 2901
2336 2900
2336 2901
2900 2901
375 539
375 708
375 2890
375 2902
375 2903
375 2904
375 2905
375 2906
375 2907
375 2908
375 2909
375 2910
375 2911
539 708
539 2890
539 2902
539 2903
539 2904
539 2905
539 2906
539 2907
539 2908
539 2909
539 2910
539 2911
708 2890
708 2902
708 2903
708 2904
708 2905
708 2906
708 2907
708 2908
708 2909
708 2910
708 2911
2890 2902
2890 2903
2890 2904
2890 2905
2890 2906
2890 2907
2890 2908
2890 2909
2890 2910
2890 2911
2902 2903
2902 2904
2902 2905
2902 2906
2902 2907
2902 2908
2902 2909
2902 2910
2902 2911
2903 2904
2903 2905
2903 2906
2903 2907
2903 2908
2903 2909
2903 2910
2903 2911
2904 2905
2904 2906
2904 2907
2904 2908
2904 2909
2904 2910
2904 2911
2905 2906
2905 2907
2905 2908
2905 2909
2905 2910
2905 2911
2906 2907
2906 2908
2906 2909
2906 2910
2906 2911
2907 2908
2907 2909
2907 2910
2907 2911
2908 2909
2908 2910
2908 2911
2909 2910
2909 2911
2910 2911
376 1691
377 628
377 1466
377 1553
377 2126
377 2224
377 2298
377 2301
377 2337
377 2508
377 2912
377 2913
377 2914
377 2915
377 2916
377 2917
377 2918
377 2919
377 2920
377 2921
377 2922
377 2923
377 2924
377 2925
377 2926
377 2927
377 2928
377 2929
377 2930
377 2931
628 1466
628 1553
628 2126
628 2224
628 2298
628 2301
628 2337
628 2508
628 2912
628 2913
628 2914
628 2915
628 2916
628 2917
628 2918
628 2919
628 2920
628 2921
628 2922
628 2923
628 2924
628 2925
628 2926
628 2927
628 2928
628 2929
628 2930
628 2931
1466 1553
1466 2126
1466 2224
1466 2298
1466 2301
1466 2337
1466 2508
1466 2912
1466 2913
1466 2914
1466 2915
1466 2916
1466 2917
1466 2918
1466 2919
1466 2920
1466 2921
1466 2922
1466 2923
1466 2924
1466 2925
1466 2926
1466 2927
1466 2928
1466 2929
1466 2930
1466 2931
1553 2126
1553 2224
1553 2298
1553 2301
1553 2337
1553 2508
1553 2912
1553 2913
1553 2914
1553 2915
1553 2916
1553 2917
1553 2918
1553 2919
1553 2920
1553 2921
1553 2922
1553 2923
1553 2924
1553 2925
1553 2926
1553 2927
1553 2928
1553 2929
1553 2930
1553 2931
2126 2224
2126 2298
2126 2301
2126 2337
2126 2508
2126 2912
2126 2913
2126 2914
2126 2915
2126 2916
2126 2917
2126 2918
2126 2919
2126 2920
2126 2921
2126 2922
2126 2923
2126 2924
2126 2925
2126 2926
2126 2927
2126 2928
2126 2929
2126 2930
2126 2931
2224 2298
2224 2301
2224 2337
2224 2508
2224 2912
2224 2913
2224 2914
2224 2915
2224 2916
2224 2917
2224 2918
2224 2919
2224 2920
2224 2921
2224 2922
2224 2923
2224 2924
2224 2925
2224 2926
2224 2927
2224 2928
2224 2929
2224 2930
2224 2931
2298 2301
2298 2337
2298 2508
2298 2912
2298 2913
2298 2914
2298 2915
2298 2916
2298 2917
2298 2918
2298 2919
2298 2920
2298 2921
2298 2922
2298 2923
2298 2924
2298 2925
2298 2926
2298 2927
2298 2928
2298 2929
2298 2930
2298 2931
2301 2337
2301 2508
2301 2912
2301 2913
2301 2914
2301 2915
2301 2916
2301 2917
2301 2918
2301 2919
2301 2920
2301 2921
2301 2922
2301 2923
2301 2924
2301 2925
2301 2926
2301 2927
2301 2928
2301 2929
2301 2930
2301 2931
2337 2508
2337 2912
2337 2913
2337 2914
2337 2915
2337 2916
2337 2917
2337 2918
2337 2919
2337 2920
2337 2921
2337 2922
2337 2923
2337 2924
2337 2925
2337 2926
2337 2927
2337 2928
2337 2929
2337 2930
2337 2931
2508 2912
2508 2913
2508 2914
2508 2915
2508 2916
2508 2917
2508 2918
2508 2919
2508 2920
2508 2921
2508 2922
2508 2923
2508 2924
2508 2925
2508 2926
2508 2927
2508 2928
2508 2929
2508 2930
2508 2931
2912 2913
2912 2914
2912 2915
2912 2916
2912 2917
2912 2918
2912 2919
2912 2920
2912 2921
2912 2922
2912 2923
2912 2924
2912 2925
2912 2926
2912 2927
2912 2928
2912 2929
2912 2930
2912 2931
2913 2914
2913 2915
2913 2916
2913 2917
2913 2918
2913 2919
2913 2920
2913 2921
2913 2922
2913 2923
2913 2924
2913 2925
2913 2926
2913 2927
2913 2928
2913 2929
2913 2930
2913 2931
2914 2915
2914 2916
2914 2917
2914 2918
2914 2919
2914 2920
2914 2921
2914 2922
2914 2923
2914 2924
2914 2925
2914 2926
2914 2927
2914 2928
2914 2929
2914 2930
2914 2931
2915 2916
2915 2917
2915 2918
2915 2919
2915 2920
2915 2921
2915 2922
2915 2923
2915 2924
2915 2925
2915 2926
2915 2927
2915 2928
2915 2929
2915 2930
2915 2931
2916 2917
2916 2918
2916 2919
2916 2920
2916 2921
2916 2922
2916 2923
2916 2924
2916 2925
2916 2926
2916 2927
2916 2928
2916 2929
2916 2930
2916 2931
2917 2918
2917 2919
2917 2920
2917 2921
2917 2922
2917 2923
2917 2924
2917 2925
2917 2926
2917 2927
2917 2928
2917 2929
2917 2930
2917 2931
2918 2919
2918 2920
2918 2921
2918 2922
2918 2923
2918 2924
2918 2925
2918 2926
2918 2927
2918 2928
2918 2929
2918 2930
2918 2931
2919 2920
2919 2921
2919 2922
2919 2923
2919 2924
2919 2925
2919 2926
2919 2927
2919 2928
2919 2929
2919 2930
2919 2931
2920 2921
2920 2922
2920 2923
2920 2924
2920 2925
2920 2926
2920 2927
2920 2928
2920 2929
2920 2930
2920 2931
2921 2922
2921 2923
2921 2924
2921 2925
2921 2926
2921 2927
2921 2928
2921 2929
2921 2930
2921 2931
2922 2923
2922 2924
2922 2925
2922 2926
2922 2927
2922 2928
2922 2929
2922 2930
2922 2931
2923 2924
2923 2925
2923 2926
2923 2927
2923 2928
2923 2929
2923 2930
2923 2931
2924 2925
2924 2926
2924 2927
2924 2928
2924 2929
2924 2930
2924 2931
2925 2926
2925 2927
2925 2928
2925 2929
2925 2930
2925 2931
2926 2927
2926 2928
2926 2929
2926 2930
2926 2931
2927 2928
2927 2929
2927 2930
2927 2931
2928 2929
2928 2930
2928 2931
2929 2930
2929 2931
2930 2931
378 526
378 535
378 709
378 1163
378 2035
378 2891
378 2932
378 2933
378 2934
378 2935
378 2936
378 2937
378 2938
378 2939
378 2940
378 2941
526 535
526 709
526 1163
526 2035
526 2891
526 2932
526 2933
526 2934
526 2935
526 2936
526 2937
526 2938
526 2939
526 2940
526 2941
535 709
535 1163
535 2035
535 2891
535 2932
535 2933
535 2934
535 2935
535 2936
535 2937
535 2938
535 2939
535 2940
535 2941
709 1163
709 2035
709 2891
709 2932
709 2933
709 2934
709 2935
709 2936
709 2937
709 2938
709 2939
709 2940
709 2941
1163 2035
1163 2891
1163 2932
1163 2933
1163 2934
1163 2935
1163 2936
1163 2937
1163 2938
1163 2939
1163 2940
1163 2941
2035 2891
2035 2932
2035 2933
2035 2934
2035 2935
2035 2936
2035 2937
2035 2938
2035 2939
2035 2940
2035 2941
2891 2932
2891 2933
2891 2934
2891 2935
2891 2936
2891 2937
2891 2938
2891 2939
2891 2940
2891 2941
2932 2933
2932 2934
2932 2935
2932 2936
2932 2937
2932 2938
2932 2939
2932 2940
2932 2941
2933 2934
2933 2935
2933 2936
2933 2937
2933 2938
2933 2939
2933 2940
2933 2941
2934 2935
2934 2936
2934 2937
2934 2938
2934 2939
2934 2940
2934 2941
2935 2936
2935 2937
2935 2938
2935 2939
2935 2940
2935 2941
2936 2937
2936 2938
2936 2939
2936 2940
2936 2941
2937 2938
2937 2939
2937 2940
2937 2941
2938 2939
2938 2940
2938 2941
2939 2940
2939 2941
2940 2941
379 420
379 1203
379 1384
379 2036
379 2113
379 2153
379 2161
379 2290
379 2861
379 2892
379 2942
379 2943
379 2944
379 2945
379 2946
379 2947
379 2948
379 2949
379 2950
379 2951
420 1203
420 1384
420 2036
420 2113
420 2153
420 2161
420 2290
420 2861
420 2892
420 2942
420 2943
420 2944
420 2945
420 2946
420 2947
420 2948
420 2949
420 2950
420 2951
1203 1384
1203 2036
1203 2113
1203 2153
1203 2161
1203 2290
1203 2861
1203 2892
1203 2942
1203 2943
1203 2944
1203 2945
1203 2946
1203 2947
1203 2948
1203 2949
1203 2950
1203 2951
1384 2036
1384 2113
1384 2153
1384 2161
1384 2290
1384 2861
1384 2892
1384 2942
1384 2943
1384 2944
1384 2945
1384 2946
1384 2947
1384 2948
1384 2949
1384 2950
1384 2951
2036 2113
2036 2153
2036 2161
2036 2290
2036 2861
2036 2892
2036 2942
2036 2943
2036 2944
2036 2945
2036 2946
2036 2947
2036 2948
2036 2949
2036 2950
2036 2951
2113 2153
2113 2161
2113 2290
2113 2861
2113 2892
2113 2942
2113 2943
2113 2944
2113 2945
2113 2946
2113 2947
2113 2948
2113 2949
2113 2950
2113 2951
2153 2161
2153 2290
2153 2861
2153 2892
2153 2942
2153 2943
2153 2944
2153 2945
2153 2946
2153 2947
2153 2948
2153 2949
2153 2950
2153 2951
2161 2290
2161 2861
2161 2892
2161 2942
2161 2943
2161 2944
2161 2945
2161 2946
2161 2947
2161 2948
2161 2949
2161 2950
2161 2951
2290 2861
2290 2892
2290 2942
2290 2943
2290 2944
2290 2945
2290 2946
2290 2947
2290 2948
2290 2949
2290 2950
2290 2951
2861 2892
2861 2942
2861 2943
2861 2944
2861 2945
2861 2946
2861 2947
2861 2948
2861 2949
2861 2950
2861 2951
2892 2942
2892 2943
2892 2944
2892 2945
2892 2946
2892 2947
2892 2948
2892 2949
2892 2950
2892 2951
2942 2943
2942 2944
2942 2945
2942 2946
2942 2947
2942 2948
2942 2949
2942 2950
2942 2951
2943 2944
2943 2945
2943 2946
2943 2947
2943 2948
2943 2949
2943 2950
2943 2951
2944 2945
2944 2946
2944 2947
2944 2948
2944 2949
2944 2950
2944 2951
2945 2946
2945 2947
2945 2948
2945 2949
2945 2950
2945 2951
2946 2947
2946 2948
2946 2949
2946 2950
2946 2951
2947 2948
2947 2949
2947 2950
2947 2951
2948 2949
2948 2950
2948 2951
2949 2950
2949 2951
2950 2951
380 478
380 650
380 772
380 1940
380 1988
380 2862
380 2869
380 2893
380 2952
380 2953
380 2954
380 2955
380 2956
380 2957
380 2958
380 2959
478 650
478 772
478 1940
478 1988
478 2862
478 2869
478 2893
478 2952
478 2953
478 2954
478 2955
478 2956
478 2957
478 2958
478 2959
650 772
650 1940
650 1988
650 2862
650 2869
650 2893
650 2952
650 2953
650 2954
650 2955
650 2956
650 2957
650 2958
650 2959
772 1940
772 1988
772 2862
772 2869
772 2893
772 2952
772 2953
772 2954
772 2955
772 2956
772 2957
772 2958
772 2959
1940 1988
1940 2862
1940 2869
1940 2893
1940 2952
1940 2953
1940 2954
1940 2955
1940 2956
1940 2957
1940 2958
1940 2959
1988 2862
1988 2869
1988 2893
1988 2952
1988 2953
1988 2954
1988 2955
1988 2956
1988 2957
1988 2958
1988 2959
2862 2869
2862 2893
2862 2952
2862 2953
2862 2954
2862 2955
2862 2956
2862 2957
2862 2958
2862 2959
2869 2893
2869 2952
2869 2953
2869 2954
2869 2955
2869 2956
2869 2957
2869 2958
2869 2959
2893 2952
2893 2953
2893 2954
2893 2955
2893 2956
2893 2957
2893 2958
2893 2959
2952 2953
2952 2954
2952 2955
2952 2956
2952 2957
2952 2958
2952 2959
2953 2954
2953 2955
2953 2956
2953 2957
2953 2958
2953 2959
2954 2955
2954 2956
2954 2957
2954 2958
2954 2959
2955 2956
2955 2957
2955 2958
2955 2959
2956 2957
2956 2958
2956 2959
2957 2958
2957 2959
2958 2959
386 1381
386 1385
386 1908
386 2037
386 2187
386 2197
386 2738
386 2773
386 2868
386 2894
386 2943
386 2960
386 2961
386 2962
386 2963
386 2964
386 2965
386 2966
386 2967
386 2968
386 2969
386 2970
386 2971
386 2972
386 2973
386 2974
1381 1385
1381 1908
1381 2037
1381 2187
1381 2197
1381 2738
1381 2773
1381 2868
1381 2894
1381 2943
1381 2960
1381 2961
1381 2962
1381 2963
1381 2964
1381 2965
1381 2966
1381 2967
1381 2968
1381 2969
1381 2970
1381 2971
1381 2972
1381 2973
1381 2974
1385 1908
1385 2037
1385 2187
1385 2197
1385 2738
1385 2773
1385 2868
1385 2894
1385 2943
1385 2960
1385 2961
1385 2962
1385 2963
1385 2964
1385 2965
1385 2966
1385 2967
1385 2968
1385 2969
1385 2970
1385 2971
1385 2972
1385 2973
1385 2974
1908 2037
1908 2187
1908 2197
1908 2738
1908 2773
1908 2868
1908 2894
1908 2943
1908 2960
1908 2961
1908 2962
1908 2963
1908 2964
1908 2965
1908 2966
1908 2967
1908 2968
1908 2969
1908 2970
1908 2971
1908 2972
1908 2973
1908 2974
2037 2187
2037 2197
2037 2738
2037 2773
2037 2868
2037 2894
2037 2943
2037 2960
2037 2961
2037 2962
2037 2963
2037 2964
2037 2965
2037 2966
2037 2967
2037 2968
2037 2969
2037 2970
2037 2971
2037 2972
2037 2973
2037 2974
2187 2197
2187 2738
2187 2773
2187 2868
2187 2894
2187 2943
2187 2960
2187 2961
2187 2962
2187 2963
2187 2964
2187 2965
2187 2966
2187 2967
2187 2968
2187 2969
2187 2970
2187 2971
2187 2972
2187 2973
2187 2974
2197 2738
2197 2773
2197 2868
2197 2894
2197 2943
2197 2960
2197 2961
2197 2962
2197 2963
2197 2964
2197 2965
2197 2966
2197 2967
2197 2968
2197 2969
2197 2970
2197 2971
2197 2972
2197 2973
2197 2974
2738 2773
2738 2868
2738 2894
2738 2943
2738 2960
2738 2961
2738 2962
2738 2963
2738 2964
2738 2965
2738 2966
2738 2967
2738 2968
2738 2969
2738 2970
2738 2971
2738 2972
2738 2973
2738 2974
2773 2868
2773 2894
2773 2943
2773 2960
2773 2961
2773 2962
2773 2963
2773 2964
2773 2965
2773 2966
2773 2967
2773 2968
2773 2969
2773 2970
2773 2971
2773 2972
2773 2973
2773 2974
2868 2894
2868 2943
2868 2960
2868 2961
2868 2962
2868 2963
2868 2964
2868 2965
2868 2966
2868 2967
2868 2968
2868 2969
2868 2970
2868 2971
2868 2972
2868 2973
2868 2974
2894 2943
2894 2960
2894 2961
2894 2962
2894 2963
2894 2964
2894 2965
2894 2966
2894 2967
2894 2968
2894 2969
2894 2970
2894 2971
2894 2972
2894 2973
2894 2974
2943 2960
2943 2961
2943 2962
2943 2963
2943 2964
2943 2965
2943 2966
2943 2967
2943 2968
2943 2969
2943 2970
2943 2971
2943 2972
2943 2973
2943 2974
2960 2961
2960 2962
2960 2963
2960 2964
2960 2965
2960 2966
2960 2967
2960 2968
2960 2969
2960 2970
2960 2971
2960 2972
2960 2973
2960 2974
2961 2962
2961 2963
2961 2964
2961 2965
2961 2966
2961 2967
2961 2968
2961 2969
2961 2970
2961 2971
2961 2972
2961 2973
2961 2974
2962 2963
2962 2964
2962 2965
2962 2966
2962 2967
2962 2968
2962 2969
2962 2970
2962 2971
2962 2972
2962 2973
2962 2974
2963 2964
2963 2965
2963 2966
2963 2967
2963 2968
2963 2969
2963 2970
2963 2971
2963 2972
2963 2973
2963 2974
2964 2965
2964 2966
2964 2967
2964 2968
2964 2969
2964 2970
2964 2971
2964 2972
2964 2973
2964 2974
2965 2966
2965 2967
2965 2968
2965 2969
2965 2970
2965 2971
2965 2972
2965 2973
2965 2974
2966 2967
2966 2968
2966 2969
2966 2970
2966 2971
2966 2972
2966 2973
2966 2974
2967 2968
2967 2969
2967 2970
2967 2971
2967 2972
2967 2973
2967 2974
2968 2969
2968 2970
2968 2971
2968 2972
2968 2973
2968 2974
2969 2970
2969 2971
2969 2972
2969 2973
2969 2974
2970 2971
2970 2972
2970 2973
2970 2974
2971 2972
2971 2973
2971 2974
2972 2973
2972 2974
2973 2974
388 598
388 629
388 838
388 881
388 901
388 951
388 1380
388 1554
388 2127
388 2185
388 2193
388 2338
388 2845
388 2960
388 2975
388 2976
388 2977
388 2978
388 2979
388 2980
388 2981
388 2982
388 2983
388 2984
388 2985
388 2986
388 2987
388 2988
598 629
598 838
598 881
598 901
598 951
598 1380
598 1554
598 2127
598 2185
598 2193
598 2338
598 2845
598 2960
598 2975
598 2976
598 2977
598 2978
598 2979
598 2980
598 2981
598 2982
598 2983
598 2984
598 2985
598 2986
598 2987
598 2988
629 838
629 881
629 901
629 951
629 1380
629 1554
629 2127
629 2185
629 2193
629 2338
629 2845
629 2960
629 2975
629 2976
629 2977
629 2978
629 2979
629 2980
629 2981
629 2982
629 2983
629 2984
629 2985
629 2986
629 2987
629 2988
838 881
838 901
838 951
838 1380
838 1554
838 2127
838 2185
838 2193
838 2338
838 2845
838 2960
838 2975
838 2976
838 2977
838 2978
838 2979
838 2980
838 2981
838 2982
838 2983
838 2984
838 2985
838 2986
838 2987
838 2988
881 901
881 951
881 1380
881 1554
881 2127
881 2185
881 2193
881 2338
881 2845
881 2960
881 2975
881 2976
881 2977
881 2978
881 2979
881 2980
881 2981
881 2982
881 2983
881 2984
881 2985
881 2986
881 2987
881 2988
901 951
901 1380
901 1554
901 2127
901 2185
901 2193
901 2338
901 2845
901 2960
901 2975
901 2976
901 2977
901 2978
901 2979
901 2980
901 2981
901 2982
901 2983
901 2984
901 2985
901 2986
901 2987
901 2988
951 1380
951 1554
951 2127
951 2185
951 2193
951 2338
951 2845
951 2960
951 2975
951 2976
951 2977
951 2978
951 2979
951 2980
951 2981
951 2982
951 2983
951 2984
951 2985
951 2986
951 2987
951 2988
1380 1554
1380 2127
1380 2185
1380 2193
1380 2338
1380 2845
1380 2960
1380 2975
1380 2976
1380 2977
1380 2978
1380 2979
1380 2980
1380 2981
1380 2982
1380 2983
1380 2984
1380 2985
1380 2986
1380 2987
1380 2988
1554 2127
1554 2185
1554 2193
1554 2338
1554 2845
1554 2960
1554 2975
1554 2976
1554 2977
1554 2978
1554 2979
1554 2980
1554 2981
1554 2982
1554 2983
1554 2984
1554 2985
1554 2986
1554 2987
1554 2988
2127 2185
2127 2193
2127 2338
2127 2845
2127 2960
2127 2975
2127 2976
2127 2977
2127 2978
2127 2979
2127 2980
2127 2981
2127 2982
2127 2983
2127 2984
2127 2985
2127 2986
2127 2987
2127 2988
2185 2193
2185 2338
2185 2845
2185 2960
2185 2975
2185 2976
2185 2977
2185 2978
2185 2979
2185 2980
2185 2981
2185 2982
2185 2983
2185 2984
2185 2985
2185 2986
2185 2987
2185 2988
2193 2338
2193 2845
2193 2960
2193 2975
2193 2976
2193 2977
2193 2978
2193 2979
2193 2980
2193 2981
2193 2982
2193 2983
2193 2984
2193 2985
2193 2986
2193 2987
2193 2988
2338 2845
2338 2960
2338 2975
2338 2976
2338 2977
2338 2978
2338 2979
2338 2980
2338 2981
2338 2982
2338 2983
2338 2984
2338 2985
2338 2986
2338 2987
2338 2988
2845 2960
2845 2975
2845 2976
2845 2977
2845 2978
2845 2979
2845 2980
2845 2981
2845 2982
2845 2983
2845 2984
2845 2985
2845 2986
2845 2987
2845 2988
2960 2975
2960 2976
2960 2977
2960 2978
2960 2979
2960 2980
2960 2981
2960 2982
2960 2983
2960 2984
2960 2985
2960 2986
2960 2987
2960 2988
2975 2976
2975 2977
2975 2978
2975 2979
2975 2980
2975 2981
2975 2982
2975 2983
2975 2984
2975 2985
2975 2986
2975 2987
2975 2988
2976 2977
2976 2978
2976 2979
2976 2980
2976 2981
2976 2982
2976 2983
2976 2984
2976 2985
2976 2986
2976 2987
2976 2988
2977 2978
2977 2979
2977 2980
2977 2981
2977 2982
2977 2983
2977 2984
2977 2985
2977 2986
2977 2987
2977 2988
2978 2979
2978 2980
2978 2981
2978 2982
2978 2983
2978 2984
2978 2985
2978 2986
2978 2987
2978 2988
2979 2980
2979 2981
2979 2982
2979 2983
2979 2984
2979 2985
2979 2986
2979 2987
2979 2988
2980 2981
2980 2982
2980 2983
2980 2984
2980 2985
2980 2986
2980 2987
2980 2988
2981 2982
2981 2983
2981 2984
2981 2985
2981 2986
2981 2987
2981 2988
2982 2983
2982 2984
2982 2985
2982 2986
2982 2987
2982 2988
2983 2984
2983 2985
2983 2986
2983 2987
2983 2988
2984 2985
2984 2986
2984 2987
2984 2988
2985 2986
2985 2987
2985 2988
2986 2987
2986 2988
2987 2988
389 2989
389 2990
389 2991
2989 2990
2989 2991
2990 2991
390 1090
390 2010
390 2322
390 2992
390 2993
390 2994
390 2995
1090 2010
1090 2322
1090 2992
1090 2993
1090 2994
1090 2995
2010 2322
2010 2992
2010 2993
2010 2994
2010 2995
2322 2992
2322 2993
2322 2994
2322 2995
2992 2993
2992 2994
2992 2995
2993 2994
2993 2995
2994 2995
394 904
394 2902
394 2996
394 2997
394 2998
394 2999
394 3000
394 3001
394 3002
394 3003
394 3004
904 2902
904 2996
904 2997
904 2998
904 2999
904 3000
904 3001
904 3002
904 3003
904 3004
2902 2996
2902 2997
2902 2998
2902 2999
2902 3000
2902 3001
2902 3002
2902 3003
2902 3004
2996 2997
2996 2998
2996 2999
2996 3000
2996 3001
2996 3002
2996 3003
2996 3004
2997 2998
2997 2999
2997 3000
2997 3001
2997 3002
2997 3003
2997 3004
2998 2999
2998 3000
2998 3001
2998 3002
2998 3003
2998 3004
2999 3000
2999 3001
2999 3002
2999 3003
2999 3004
3000 3001
3000 3002
3000 3003
3000 3004
3001 3002
3001 3003
3001 3004
3002 3003
3002 3004
3003 3004
395 679
395 1256
395 1363
395 3005
395 3006
395 3007
395 3008
395 3009
395 3010
679 1256
679 1363
679 3005
679 3006
679 3007
679 3008
679 3009
679 3010
1256 1363
1256 3005
1256 3006
1256 3007
1256 3008
1256 3009
1256 3010
1363 3005
1363 3006
1363 3007
1363 3008
1363 3009
1363 3010
3005 3006
3005 3007
3005 3008
3005 3009
3005 3010
3006 3007
3006 3008
3006 3009
3006 3010
3007 3008
3007 3009
3007 3010
3008 3009
3008 3010
3009 3010
397 2574
397 2590
397 3011
397 3012
2574 2590
2574 3011
2574 3012
2590 3011
2590 3012
3011 3012
398 580
398 791
398 886
398 983
398 1472
398 1515
398 1652
398 2008
398 2561
398 3013
398 3014
398 3015
398 3016
398 3017
398 3018
398 3019
398 3020
580 791
580 886
580 983
580 1472
580 1515
580 1652
580 2008
580 2561
580 3013
580 3014
580 3015
580 3016
580 3017
580 3018
580 3019
580 3020
791 886
791 983
791 1472
791 1515
791 1652
791 2008
791 2561
791 3013
791 3014
791 3015
791 3016
791 3017
791 3018
791 3019
791 3020
886 983
886 1472
886 1515
886 1652
886 2008
886 2561
886 3013
886 3014
886 3015
886 3016
886 3017
886 3018
886 3019
886 3020
983 1472
983 1515
983 1652
983 2008
983 2561
983 3013
983 3014
983 3015
983 3016
983 3017
983 3018
983 3019
983 3020
1472 1515
1472 1652
1472 2008
1472 2561
1472 3013
1472 3014
1472 3015
1472 3016
1472 3017
1472 3018
1472 3019
1472 3020
1515 1652
1515 2008
1515 2561
1515 3013
1515 3014
1515 3015
1515 3016
1515 3017
1515 3018
1515 3019
1515 3020
1652 2008
1652 2561
1652 3013
1652 3014
1652 3015
1652 3016
1652 3017
1652 3018
1652 3019
1652 3020
2008 2561
2008 3013
2008 3014
2008 3015
2008 3016
2008 3017
2008 3018
2008 3019
2008 3020
2561 3013
2561 3014
2561 3015
2561 3016
2561 3017
2561 3018
2561 3019
2561 3020
3013 3014
3013 3015
3013 3016
3013 3017
3013 3018
3013 3019
3013 3020
3014 3015
3014 3016
3014 3017
3014 3018
3014 3019
3014 3020
3015 3016
3015 3017
3015 3018
3015 3019
3015 3020
3016 3017
3016 3018
3016 3019
3016 3020
3017 3018
3017 3019
3017 3020
3018 3019
3018 3020
3019 3020
421 599
421 651
421 690
421 762
421 903
421 3021
421 3022
421 3023
421 3024
421 3025
599 651
599 690
599 762
599 903
599 3021
599 3022
599 3023
599 3024
599 3025
651 690
651 762
651 903
651 3021
651 3022
651 3023
651 3024
651 3025
690 762
690 903
690 3021
690 3022
690 3023
690 3024
690 3025
762 903
762 3021
762 3022
762 3023
762 3024
762 3025
903 3021
903 3022
903 3023
903 3024
903 3025
3021 3022
3021 3023
3021 3024
3021 3025
3022 3023
3022 3024
3022 3025
3023 3024
3023 3025
3024 3025
422 479
422 652
422 693
422 840
422 1590
422 2243
422 3023
422 3026
422 3027
422 3028
422 3029
479 652
479 693
479 840
479 1590
479 2243
479 3023
479 3026
479 3027
479 3028
479 3029
652 693
652 840
652 1590
652 2243
652 3023
652 3026
652 3027
652 3028
652 3029
693 840
693 1590
693 2243
693 3023
693 3026
693 3027
693 3028
693 3029
840 1590
840 2243
840 3023
840 3026
840 3027
840 3028
840 3029
1590 2243
1590 3023
1590 3026
1590 3027
1590 3028
1590 3029
2243 3023
2243 3026
2243 3027
2243 3028
2243 3029
3023 3026
3023 3027
3023 3028
3023 3029
3026 3027
3026 3028
3026 3029
3027 3028
3027 3029
3028 3029
423 717
424 952
424 2434
424 2956
424 3024
424 3030
424 3031
424 3032
424 3033
424 3034
424 3035
424 3036
424 3037
424 3038
424 3039
952 2434
952 2956
952 3024
952 3030
952 3031
952 3032
952 3033
952 3034
952 3035
952 3036
952 3037
952 3038
952 3039
2434 2956
2434 3024
2434 3030
2434 3031
2434 3032
2434 3033
2434 3034
2434 3035
2434 3036
2434 3037
2434 3038
2434 3039
2956 3024
2956 3030
2956 3031
2956 3032
2956 3033
2956 3034
2956 3035
2956 3036
2956 3037
2956 3038
2956 3039
3024 3030
3024 3031
3024 3032
3024 3033
3024 3034
3024 3035
3024 3036
3024 3037
3024 3038
3024 3039
3030 3031
3030 3032
3030 3033
3030 3034
3030 3035
3030 3036
3030 3037
3030 3038
3030 3039
3031 3032
3031 3033
3031 3034
3031 3035
3031 3036
3031 3037
3031 3038
3031 3039
3032 3033
3032 3034
3032 3035
3032 3036
3032 3037
3032 3038
3032 3039
3033 3034
3033 3035
3033 3036
3033 3037
3033 3038
3033 3039
3034 3035
3034 3036
3034 3037
3034 3038
3034 3039
3035 3036
3035 3037
3035 3038
3035 3039
3036 3037
3036 3038
3036 3039
3037 3038
3037 3039
3038 3039
425 3040
426 653
426 700
426 3025
426 3029
426 3041
426 3042
426 3043
426 3044
426 3045
426 3046
653 700
653 3025
653 3029
653 3041
653 3042
653 3043
653 3044
653 3045
653 3046
700 3025
700 3029
700 3041
700 3042
700 3043
700 3044
700 3045
700 3046
3025 3029
3025 3041
3025 3042
3025 3043
3025 3044
3025 3045
3025 3046
3029 3041
3029 3042
3029 3043
3029 3044
3029 3045
3029 3046
3041 3042
3041 3043
3041 3044
3041 3045
3041 3046
3042 3043
3042 3044
3042 3045
3042 3046
3043 3044
3043 3045
3043 3046
3044 3045
3044 3046
3045 3046
427 600
427 813
427 1017
427 1696
427 2595
427 2635
427 3011
427 3047
427 3048
427 3049
427 3050
427 3051
427 3052
600 813
600 1017
600 1696
600 2595
600 2635
600 3011
600 3047
600 3048
600 3049
600 3050
600 3051
600 3052
813 1017
813 1696
813 2595
813 2635
813 3011
813 3047
813 3048
813 3049
813 3050
813 3051
813 3052
1017 1696
1017 2595
1017 2635
1017 3011
1017 3047
1017 3048
1017 3049
1017 3050
1017 3051
1017 3052
1696 2595
1696 2635
1696 3011
1696 3047
1696 3048
1696 3049
1696 3050
1696 3051
1696 3052
2595 2635
2595 3011
2595 3047
2595 3048
2595 3049
2595 3050
2595 3051
2595 3052
2635 3011
2635 3047
2635 3048
2635 3049
2635 3050
2635 3051
2635 3052
3011 3047
3011 3048
3011 3049
3011 3050
3011 3051
3011 3052
3047 3048
3047 3049
3047 3050
3047 3051
3047 3052
3048 3049
3048 3050
3048 3051
3048 3052
3049 3050
3049 3051
3049 3052
3050 3051
3050 3052
3051 3052
428 1634
428 1856
428 3041
428 3053
428 3054
428 3055
428 3056
1634 1856
1634 3041
1634 3053
1634 3054
1634 3055
1634 3056
1856 3041
1856 3053
1856 3054
1856 3055
1856 3056
3041 3053
3041 3054
3041 3055
3041 3056
3053 3054
3053 3055
3053 3056
3054 3055
3054 3056
3055 3056
430 630
430 954
430 1286
430 1943
430 2870
430 2898
430 3013
430 3057
430 3058
430 3059
430 3060
430 3061
430 3062
430 3063
630 954
630 1286
630 1943
630 2870
630 2898
630 3013
630 3057
630 3058
630 3059
630 3060
630 3061
630 3062
630 3063
954 1286
954 1943
954 2870
954 2898
954 3013
954 3057
954 3058
954 3059
954 3060
954 3061
954 3062
954 3063
1286 1943
1286 2870
1286 2898
1286 3013
1286 3057
1286 3058
1286 3059
1286 3060
1286 3061
1286 3062
1286 3063
1943 2870
1943 2898
1943 3013
1943 3057
1943 3058
1943 3059
1943 3060
1943 3061
1943 3062
1943 3063
2870 2898
2870 3013
2870 3057
2870 3058
2870 3059
2870 3060
2870 3061
2870 3062
2870 3063
2898 3013
2898 3057
2898 3058
2898 3059
2898 3060
2898 3061
2898 3062
2898 3063
3013 3057
3013 3058
3013 3059
3013 3060
3013 3061
3013 3062
3013 3063
3057 3058
3057 3059
3057 3060
3057 3061
3057 3062
3057 3063
3058 3059
3058 3060
3058 3061
3058 3062
3058 3063
3059 3060
3059 3061
3059 3062
3059 3063
3060 3061
3060 3062
3060 3063
3061 3062
3061 3063
3062 3063
431 481
431 1072
431 1757
431 1872
431 2476
431 2899
431 3064
431 3065
431 3066
431 3067
431 3068
431 3069
431 3070
431 3071
431 3072
431 3073
431 3074
481 1072
481 1757
481 1872
481 2476
481 2899
481 3064
481 3065
481 3066
481 3067
481 3068
481 3069
481 3070
481 3071
481 3072
481 3073
481 3074
1072 1757
1072 1872
1072 2476
1072 2899
1072 3064
1072 3065
1072 3066
1072 3067
1072 3068
1072 3069
1072 3070
1072 3071
1072 3072
1072 3073
1072 3074
1757 1872
1757 2476
1757 2899
1757 3064
1757 3065
1757 3066
1757 3067
1757 3068
1757 3069
1757 3070
1757 3071
1757 3072
1757 3073
1757 3074
1872 2476
1872 2899
1872 3064
1872 3065
1872 3066
1872 3067
1872 3068
1872 3069
1872 3070
1872 3071
1872 3072
1872 3073
1872 3074
2476 2899
2476 3064
2476 3065
2476 3066
2476 3067
2476 3068
2476 3069
2476 3070
2476 3071
2476 3072
2476 3073
2476 3074
2899 3064
2899 3065
2899 3066
2899 3067
2899 3068
2899 3069
2899 3070
2899 3071
2899 3072
2899 3073
2899 3074
3064 3065
3064 3066
3064 3067
3064 3068
3064 3069
3064 3070
3064 3071
3064 3072
3064 3073
3064 3074
3065 3066
3065 3067
3065 3068
3065 3069
3065 3070
3065 3071
3065 3072
3065 3073
3065 3074
3066 3067
3066 3068
3066 3069
3066 3070
3066 3071
3066 3072
3066 3073
3066 3074
3067 3068
3067 3069
3067 3070
3067 3071
3067 3072
3067 3073
3067 3074
3068 3069
3068 3070
3068 3071
3068 3072
3068 3073
3068 3074
3069 3070
3069 3071
3069 3072
3069 3073
3069 3074
3070 3071
3070 3072
3070 3073
3070 3074
3071 3072
3071 3073
3071 3074
3072 3073
3072 3074
3073 3074
432 1086
432 1514
432 3075
432 3076
432 3077
432 3078
432 3079
432 3080
432 3081
432 3082
432 3083
432 3084
432 3085
1086 1514
1086 3075
1086 3076
1086 3077
1086 3078
1086 3079
1086 3080
1086 3081
1086 3082
1086 3083
1086 3084
1086 3085
1514 3075
1514 3076
1514 3077
1514 3078
1514 3079
1514 3080
1514 3081
1514 3082
1514 3083
1514 3084
1514 3085
3075 3076
3075 3077
3075 3078
3075 3079
3075 3080
3075 3081
3075 3082
3075 3083
3075 3084
3075 3085
3076 3077
3076 3078
3076 3079
3076 3080
3076 3081
3076 3082
3076 3083
3076 3084
3076 3085
3077 3078
3077 3079
3077 3080
3077 3081
3077 3082
3077 3083
3077 3084
3077 3085
3078 3079
3078 3080
3078 3081
3078 3082
3078 3083
3078 3084
3078 3085
3079 3080
3079 3081
3079 3082
3079 3083
3079 3084
3079 3085
3080 3081
3080 3082
3080 3083
3080 3084
3080 3085
3081 3082
3081 3083
3081 3084
3081 3085
3082 3083
3082 3084
3082 3085
3083 3084
3083 3085
3084 3085
436 680
436 3086
436 3087
680 3086
680 3087
3086 3087
437 483
437 1631
437 2460
437 2492
437 2600
437 2609
437 2637
437 2729
437 3088
437 3089
437 3090
437 3091
483 1631
483 2460
483 2492
483 2600
483 2609
483 2637
483 2729
483 3088
483 3089
483 3090
483 3091
1631 2460
1631 2492
1631 2600
1631 2609
1631 2637
1631 2729
1631 3088
1631 3089
1631 3090
1631 3091
2460 2492
2460 2600
2460 2609
2460 2637
2460 2729
2460 3088
2460 3089
2460 3090
2460 3091
2492 2600
2492 2609
2492 2637
2492 2729
2492 3088
2492 3089
2492 3090
2492 3091
2600 2609
2600 2637
2600 2729
2600 3088
2600 3089
2600 3090
2600 3091
2609 2637
2609 2729
2609 3088
2609 3089
2609 3090
2609 3091
2637 2729
2637 3088
2637 3089
2637 3090
2637 3091
2729 3088
2729 3089
2729 3090
2729 3091
3088 3089
3088 3090
3088 3091
3089 3090
3089 3091
3090 3091
438 3092
438 3093
438 3094
438 3095
438 3096
3092 3093
3092 3094
3092 3095
3092 3096
3093 3094
3093 3095
3093 3096
3094 3095
3094 3096
3095 3096
439 519
439 631
439 1579
439 3097
439 3098
439 3099
439 3100
519 631
519 1579
519 3097
519 3098
519 3099
519 3100
631 1579
631 3097
631 3098
631 3099
631 3100
1579 3097
1579 3098
1579 3099
1579 3100
3097 3098
3097 3099
3097 3100
3098 3099
3098 3100
3099 3100
440 1543
440 3101
440 3102
1543 3101
1543 3102
3101 3102
441 1097
441 1290
441 1300
441 2042
441 2134
441 2175
441 2194
441 2382
441 3103
441 3104
441 3105
441 3106
441 3107
441 3108
441 3109
441 3110
441 3111
441 3112
1097 1290
1097 1300
1097 2042
1097 2134
1097 2175
1097 2194
1097 2382
1097 3103
1097 3104
1097 3105
1097 3106
1097 3107
1097 3108
1097 3109
1097 3110
1097 3111
1097 3112
1290 1300
1290 2042
1290 2134
1290 2175
1290 2194
1290 2382
1290 3103
1290 3104
1290 3105
1290 3106
1290 3107
1290 3108
1290 3109
1290 3110
1290 3111
1290 3112
1300 2042
1300 2134
1300 2175
1300 2194
1300 2382
1300 3103
1300 3104
1300 3105
1300 3106
1300 3107
1300 3108
1300 3109
1300 3110
1300 3111
1300 3112
2042 2134
2042 2175
2042 2194
2042 2382
2042 3103
2042 3104
2042 3105
2042 3106
2042 3107
2042 3108
2042 3109
2042 3110
2042 3111
2042 3112
2134 2175
2134 2194
2134 2382
2134 3103
2134 3104
2134 3105
2134 3106
2134 3107
2134 3108
2134 3109
2134 3110
2134 3111
2134 3112
2175 2194
2175 2382
2175 3103
2175 3104
2175 3105
2175 3106
2175 3107
2175 3108
2175 3109
2175 3110
2175 3111
2175 3112
2194 2382
2194 3103
2194 3104
2194 3105
2194 3106
2194 3107
2194 3108
2194 3109
2194 3110
2194 3111
2194 3112
2382 3103
2382 3104
2382 3105
2382 3106
2382 3107
2382 3108
2382 3109
2382 3110
2382 3111
2382 3112
3103 3104
3103 3105
3103 3106
3103 3107
3103 3108
3103 3109
3103 3110
3103 3111
3103 3112
3104 3105
3104 3106
3104 3107
3104 3108
3104 3109
3104 3110
3104 3111
3104 3112
3105 3106
3105 3107
3105 3108
3105 3109
3105 3110
3105 3111
3105 3112
3106 3107
3106 3108
3106 3109
3106 3110
3106 3111
3106 3112
3107 3108
3107 3109
3107 3110
3107 3111
3107 3112
3108 3109
3108 3110
3108 3111
3108 3112
3109 3110
3109 3111
3109 3112
3110 3111
3110 3112
3111 3112
442 654
442 957
442 1236
442 1626
442 2234
442 3113
442 3114
442 3115
442 3116
442 3117
442 3118
442 3119
442 3120
442 3121
442 3122
442 3123
442 3124
442 3125
442 3126
442 3127
442 3128
442 3129
442 3130
654 957
654 1236
654 1626
654 2234
654 3113
654 3114
654 3115
654 3116
654 3117
654 3118
654 3119
654 3120
654 3121
654 3122
654 3123
654 3124
654 3125
654 3126
654 3127
654 3128
654 3129
654 3130
957 1236
957 1626
957 2234
957 3113
957 3114
957 3115
957 3116
957 3117
957 3118
957 3119
957 3120
957 3121
957 3122
957 3123
957 3124
957 3125
957 3126
957 3127
957 3128
957 3129
957 3130
1236 1626
1236 2234
1236 3113
1236 3114
1236 3115
1236 3116
1236 3117
1236 3118
1236 3119
1236 3120
1236 3121
1236 3122
1236 3123
1236 3124
1236 3125
1236 3126
1236 3127
1236 3128
1236 3129
1236 3130
1626 2234
1626 3113
1626 3114
1626 3115
1626 3116
1626 3117
1626 3118
1626 3119
1626 3120
1626 3121
1626 3122
1626 3123
1626 3124
1626 3125
1626 3126
1626 3127
1626 3128
1626 3129
1626 3130
2234 3113
2234 3114
2234 3115
2234 3116
2234 3117
2234 3118
2234 3119
2234 3120
2234 3121
2234 3122
2234 3123
2234 3124
2234 3125
2234 3126
2234 3127
2234 3128
2234 3129
2234 3130
3113 3114
3113 3115
3113 3116
3113 3117
3113 3118
3113 3119
3113 3120
3113 3121
3113 3122
3113 3123
3113 3124
3113 3125
3113 3126
3113 3127
3113 3128
3113 3129
3113 3130
3114 3115
3114 3116
3114 3117
3114 3118
3114 3119
3114 3120
3114 3121
3114 3122
3114 3123
3114 3124
3114 3125
3114 3126
3114 3127
3114 3128
3114 3129
3114 3130
3115 3116
3115 3117
3115 3118
3115 3119
3115 3120
3115 3121
3115 3122
3115 3123
3115 3124
3115 3125
3115 3126
3115 3127
3115 3128
3115 3129
3115 3130
3116 3117
3116 3118
3116 3119
3116 3120
3116 3121
3116 3122
3116 3123
3116 3124
3116 3125
3116 3126
3116 3127
3116 3128
3116 3129
3116 3130
3117 3118
3117 3119
3117 3120
3117 3121
3117 3122
3117 3123
3117 3124
3117 3125
3117 3126
3117 3127
3117 3128
3117 3129
3117 3130
3118 3119
3118 3120
3118 3121
3118 3122
3118 3123
3118 3124
3118 3125
3118 3126
3118 3127
3118 3128
3118 3129
3118 3130
3119 3120
3119 3121
3119 3122
3119 3123
3119 3124
3119 3125
3119 3126
3119 3127
3119 3128
3119 3129
3119 3130
3120 3121
3120 3122
3120 3123
3120 3124
3120 3125
3120 3126
3120 3127
3120 3128
3120 3129
3120 3130
3121 3122
3121 3123
3121 3124
3121 3125
3121 3126
3121 3127
3121 3128
3121 3129
3121 3130
3122 3123
3122 3124
3122 3125
3122 3126
3122 3127
3122 3128
3122 3129
3122 3130
3123 3124
3123 3125
3123 3126
3123 3127
3123 3128
3123 3129
3123 3130
3124 3125
3124 3126
3124 3127
3124 3128
3124 3129
3124 3130
3125 3126
3125 3127
3125 3128
3125 3129
3125 3130
3126 3127
3126 3128
3126 3129
3126 3130
3127 3128
3127 3129
3127 3130
3128 3129
3128 3130
3129 3130
443 770
443 850
443 905
443 925
443 1302
443 1431
443 1452
443 1510
443 1762
443 2017
443 2235
443 2376
443 2483
443 2912
443 2976
443 3058
443 3082
443 3131
443 3132
443 3133
443 3134
443 3135
443 3136
443 3137
770 850
770 905
770 925
770 1302
770 1431
770 1452
770 1510
770 1762
770 2017
770 2235
770 2376
770 2483
770 2912
770 2976
770 3058
770 3082
770 3131
770 3132
770 3133
770 3134
770 3135
770 3136
770 3137
850 905
850 925
850 1302
850 1431
850 1452
850 1510
850 1762
850 2017
850 2235
850 2376
850 2483
850 2912
850 2976
850 3058
850 3082
850 3131
850 3132
850 3133
850 3134
850 3135
850 3136
850 3137
905 925
905 1302
905 1431
905 1452
905 1510
905 1762
905 2017
905 2235
905 2376
905 2483
905 2912
905 2976
905 3058
905 3082
905 3131
905 3132
905 3133
905 3134
905 3135
905 3136
905 3137
925 1302
925 1431
925 1452
925 1510
925 1762
925 2017
925 2235
925 2376
925 2483
925 2912
925 2976
925 3058
925 3082
925 3131
925 3132
925 3133
925 3134
925 3135
925 3136
925 3137
1302 1431
1302 1452
1302 1510
1302 1762
1302 2017
1302 2235
1302 2376
1302 2483
1302 2912
1302 2976
1302 3058
1302 3082
1302 3131
1302 3132
1302 3133
1302 3134
1302 3135
1302 3136
1302 3137
1431 1452
1431 1510
1431 1762
1431 2017
1431 2235
1431 2376
1431 2483
1431 2912
1431 2976
1431 3058
1431 3082
1431 3131
1431 3132
1431 3133
1431 3134
1431 3135
1431 3136
1431 3137
1452 1510
1452 1762
1452 2017
1452 2235
1452 2376
1452 2483
1452 2912
1452 2976
1452 3058
1452 3082
1452 3131
1452 3132
1452 3133
1452 3134
1452 3135
1452 3136
1452 3137
1510 1762
1510 2017
1510 2235
1510 2376
1510 2483
1510 2912
1510 2976
1510 3058
1510 3082
1510 3131
1510 3132
1510 3133
1510 3134
1510 3135
1510 3136
1510 3137
1762 2017
1762 2235
1762 2376
1762 2483
1762 2912
1762 2976
1762 3058
1762 3082
1762 3131
1762 3132
1762 3133
1762 3134
1762 3135
1762 3136
1762 3137
2017 2235
2017 2376
2017 2483
2017 2912
2017 2976
2017 3058
2017 3082
2017 3131
2017 3132
2017 3133
2017 3134
2017 3135
2017 3136
2017 3137
2235 2376
2235 2483
2235 2912
2235 2976
2235 3058
2235 3082
2235 3131
2235 3132
2235 3133
2235 3134
2235 3135
2235 3136
2235 3137
2376 2483
2376 2912
2376 2976
2376 3058
2376 3082
2376 3131
2376 3132
2376 3133
2376 3134
2376 3135
2376 3136
2376 3137
2483 2912
2483 2976
2483 3058
2483 3082
2483 3131
2483 3132
2483 3133
2483 3134
2483 3135
2483 3136
2483 3137
2912 2976
2912 3058
2912 3082
2912 3131
2912 3132
2912 3133
2912 3134
2912 3135
2912 3136
2912 3137
2976 3058
2976 3082
2976 3131
2976 3132
2976 3133
2976 3134
2976 3135
2976 3136
2976 3137
3058 3082
3058 3131
3058 3132
3058 3133
3058 3134
3058 3135
3058 3136
3058 3137
3082 3131
3082 3132
3082 3133
3082 3134
3082 3135
3082 3136
3082 3137
3131 3132
3131 3133
3131 3134
3131 3135
3131 3136
3131 3137
3132 3133
3132 3134
3132 3135
3132 3136
3132 3137
3133 3134
3133 3135
3133 3136
3133 3137
3134 3135
3134 3136
3134 3137
3135 3136
3135 3137
3136 3137
444 612
444 682
444 1257
444 3138
444 3139
444 3140
444 3141
444 3142
444 3143
444 3144
444 3145
444 3146
444 3147
444 3148
444 3149
612 682
612 1257
612 3138
612 3139
612 3140
612 3141
612 3142
612 3143
612 3144
612 3145
612 3146
612 3147
612 3148
612 3149
682 1257
682 3138
682 3139
682 3140
682 3141
682 3142
682 3143
682 3144
682 3145
682 3146
682 3147
682 3148
682 3149
1257 3138
1257 3139
1257 3140
1257 3141
1257 3142
1257 3143
1257 3144
1257 3145
1257 3146
1257 3147
1257 3148
1257 3149
3138 3139
3138 3140
3138 3141
3138 3142
3138 3143
3138 3144
3138 3145
3138 3146
3138 3147
3138 3148
3138 3149
3139 3140
3139 3141
3139 3142
3139 3143
3139 3144
3139 3145
3139 3146
3139 3147
3139 3148
3139 3149
3140 3141
3140 3142
3140 3143
3140 3144
3140 3145
3140 3146
3140 3147
3140 3148
3140 3149
3141 3142
3141 3143
3141 3144
3141 3145
3141 3146
3141 3147
3141 3148
3141 3149
3142 3143
3142 3144
3142 3145
3142 3146
3142 3147
3142 3148
3142 3149
3143 3144
3143 3145
3143 3146
3143 3147
3143 3148
3143 3149
3144 3145
3144 3146
3144 3147
3144 3148
3144 3149
3145 3146
3145 3147
3145 3148
3145 3149
3146 3147
3146 3148
3146 3149
3147 3148
3147 3149
3148 3149
445 2628
445 3097
2628 3097
446 3150
446 3151
446 3152
446 3153
3150 3151
3150 3152
3150 3153
3151 3152
3151 3153
3152 3153
447 537
447 613
447 1467
447 3154
447 3155
447 3156
447 3157
447 3158
447 3159
447 3160
537 613
537 1467
537 3154
537 3155
537 3156
537 3157
537 3158
537 3159
537 3160
613 1467
613 3154
613 3155
613 3156
613 3157
613 3158
613 3159
613 3160
1467 3154
1467 3155
1467 3156
1467 3157
1467 3158
1467 3159
1467 3160
3154 3155
3154 3156
3154 3157
3154 3158
3154 3159
3154 3160
3155 3156
3155 3157
3155 3158
3155 3159
3155 3160
3156 3157
3156 3158
3156 3159
3156 3160
3157 3158
3157 3159
3157 3160
3158 3159
3158 3160
3159 3160
448 2096
448 3161
448 3162
448 3163
448 3164
448 3165
448 3166
448 3167
448 3168
448 3169
448 3170
448 3171
448 3172
2096 3161
2096 3162
2096 3163
2096 3164
2096 3165
2096 3166
2096 3167
2096 3168
2096 3169
2096 3170
2096 3171
2096 3172
3161 3162
3161 3163
3161 3164
3161 3165
3161 3166
3161 3167
3161 3168
3161 3169
3161 3170
3161 3171
3161 3172
3162 3163
3162 3164
3162 3165
3162 3166
3162 3167
3162 3168
3162 3169
3162 3170
3162 3171
3162 3172
3163 3164
3163 3165
3163 3166
3163 3167
3163 3168
3163 3169
3163 3170
3163 3171
3163 3172
3164 3165
3164 3166
3164 3167
3164 3168
3164 3169
3164 3170
3164 3171
3164 3172
3165 3166
3165 3167
3165 3168
3165 3169
3165 3170
3165 3171
3165 3172
3166 3167
3166 3168
3166 3169
3166 3170
3166 3171
3166 3172
3167 3168
3167 3169
3167 3170
3167 3171
3167 3172
3168 3169
3168 3170
3168 3171
3168 3172
3169 3170
3169 3171
3169 3172
3170 3171
3170 3172
3171 3172
449 906
449 3173
449 3174
449 3175
449 3176
449 3177
449 3178
449 3179
449 3180
449 3181
906 3173
906 3174
906 3175
906 3176
906 3177
906 3178
906 3179
906 3180
906 3181
3173 3174
3173 3175
3173 3176
3173 3177
3173 3178
3173 3179
3173 3180
3173 3181
3174 3175
3174 3176
3174 3177
3174 3178
3174 3179
3174 3180
3174 3181
3175 3176
3175 3177
3175 3178
3175 3179
3175 3180
3175 3181
3176 3177
3176 3178
3176 3179
3176 3180
3176 3181
3177 3178
3177 3179
3177 3180
3177 3181
3178 3179
3178 3180
3178 3181
3179 3180
3179 3181
3180 3181
450 3157
450 3182
450 3183
450 3184
450 3185
450 3186
450 3187
450 3188
450 3189
3157 3182
3157 3183
3157 3184
3157 3185
3157 3186
3157 3187
3157 3188
3157 3189
3182 3183
3182 3184
3182 3185
3182 3186
3182 3187
3182 3188
3182 3189
3183 3184
3183 3185
3183 3186
3183 3187
3183 3188
3183 3189
3184 3185
3184 3186
3184 3187
3184 3188
3184 3189
3185 3186
3185 3187
3185 3188
3185 3189
3186 3187
3186 3188
3186 3189
3187 3188
3187 3189
3188 3189
451 550
451 1204
451 1724
451 2323
451 3190
451 3191
451 3192
451 3193
451 3194
550 1204
550 1724
550 2323
550 3190
550 3191
550 3192
550 3193
550 3194
1204 1724
1204 2323
1204 3190
1204 3191
1204 3192
1204 3193
1204 3194
1724 2323
1724 3190
1724 3191
1724 3192
1724 3193
1724 3194
2323 3190
2323 3191
2323 3192
2323 3193
2323 3194
3190 3191
3190 3192
3190 3193
3190 3194
3191 3192
3191 3193
3191 3194
3192 3193
3192 3194
3193 3194
453 774
453 815
453 1020
453 1047
453 1083
453 1133
453 1142
453 1155
453 1167
453 1175
453 1248
453 1489
453 1914
453 2874
453 3195
453 3196
453 3197
453 3198
453 3199
453 3200
774 815
774 1020
774 1047
774 1083
774 1133
774 1142
774 1155
774 1167
774 1175
774 1248
774 1489
774 1914
774 2874
774 3195
774 3196
774 3197
774 3198
774 3199
774 3200
815 1020
815 1047
815 1083
815 1133
815 1142
815 1155
815 1167
815 1175
815 1248
815 1489
815 1914
815 2874
815 3195
815 3196
815 3197
815 3198
815 3199
815 3200
1020 1047
1020 1083
1020 1133
1020 1142
1020 1155
1020 1167
1020 1175
1020 1248
1020 1489
1020 1914
1020 2874
1020 3195
1020 3196
1020 3197
1020 3198
1020 3199
1020 3200
1047 1083
1047 1133
1047 1142
1047 1155
1047 1167
1047 1175
1047 1248
1047 1489
1047 1914
1047 2874
1047 3195
1047 3196
1047 3197
1047 3198
1047 3199
1047 3200
1083 1133
1083 1142
1083 1155
1083 1167
1083 1175
1083 1248
1083 1489
1083 1914
1083 2874
1083 3195
1083 3196
1083 3197
1083 3198
1083 3199
1083 3200
1133 1142
1133 1155
1133 1167
1133 1175
1133 1248
1133 1489
1133 1914
1133 2874
1133 3195
1133 3196
1133 3197
1133 3198
1133 3199
1133 3200
1142 1155
1142 1167
1142 1175
1142 1248
1142 1489
1142 1914
1142 2874
1142 3195
1142 3196
1142 3197
1142 3198
1142 3199
1142 3200
1155 1167
1155 1175
1155 1248
1155 1489
1155 1914
1155 2874
1155 3195
1155 3196
1155 3197
1155 3198
1155 3199
1155 3200
1167 1175
1167 1248
1167 1489
1167 1914
1167 2874
1167 3195
1167 3196
1167 3197
1167 3198
1167 3199
1167 3200
1175 1248
1175 1489
1175 1914
1175 2874
1175 3195
1175 3196
1175 3197
1175 3198
1175 3199
1175 3200
1248 1489
1248 1914
1248 2874
1248 3195
1248 3196
1248 3197
1248 3198
1248 3199
1248 3200
1489 1914
1489 2874
1489 3195
1489 3196
1489 3197
1489 3198
1489 3199
1489 3200
1914 2874
1914 3195
1914 3196
1914 3197
1914 3198
1914 3199
1914 3200
2874 3195
2874 3196
2874 3197
2874 3198
2874 3199
2874 3200
3195 3196
3195 3197
3195 3198
3195 3199
3195 3200
3196 3197
3196 3198
3196 3199
3196 3200
3197 3198
3197 3199
3197 3200
3198 3199
3198 3200
3199 3200
454 3201
454 3202
3201 3202
455 1522
455 1654
455 2565
455 2718
455 3044
455 3100
455 3203
455 3204
455 3205
455 3206
455 3207
455 3208
455 3209
455 3210
455 3211
455 3212
455 3213
1522 1654
1522 2565
1522 2718
1522 3044
1522 3100
1522 3203
1522 3204
1522 3205
1522 3206
1522 3207
1522 3208
1522 3209
1522 3210
1522 3211
1522 3212
1522 3213
1654 2565
1654 2718
1654 3044
1654 3100
1654 3203
1654 3204
1654 3205
1654 3206
1654 3207
1654 3208
1654 3209
1654 3210
1654 3211
1654 3212
1654 3213
2565 2718
2565 3044
2565 3100
2565 3203
2565 3204
2565 3205
2565 3206
2565 3207
2565 3208
2565 3209
2565 3210
2565 3211
2565 3212
2565 3213
2718 3044
2718 3100
2718 3203
2718 3204
2718 3205
2718 3206
2718 3207
2718 3208
2718 3209
2718 3210
2718 3211
2718 3212
2718 3213
3044 3100
3044 3203
3044 3204
3044 3205
3044 3206
3044 3207
3044 3208
3044 3209
3044 3210
3044 3211
3044 3212
3044 3213
3100 3203
3100 3204
3100 3205
3100 3206
3100 3207
3100 3208
3100 3209
3100 3210
3100 3211
3100 3212
3100 3213
3203 3204
3203 3205
3203 3206
3203 3207
3203 3208
3203 3209
3203 3210
3203 3211
3203 3212
3203 3213
3204 3205
3204 3206
3204 3207
3204 3208
3204 3209
3204 3210
3204 3211
3204 3212
3204 3213
3205 3206
3205 3207
3205 3208
3205 3209
3205 3210
3205 3211
3205 3212
3205 3213
3206 3207
3206 3208
3206 3209
3206 3210
3206 3211
3206 3212
3206 3213
3207 3208
3207 3209
3207 3210
3207 3211
3207 3212
3207 3213
3208 3209
3208 3210
3208 3211
3208 3212
3208 3213
3209 3210
3209 3211
3209 3212
3209 3213
3210 3211
3210 3212
3210 3213
3211 3212
3211 3213
3212 3213
471 735
471 887
471 1581
471 1726
471 2284
471 2562
471 2847
471 3214
471 3215
471 3216
471 3217
471 3218
471 3219
471 3220
471 3221
471 3222
471 3223
471 3224
471 3225
471 3226
471 3227
735 887
735 1581
735 1726
735 2284
735 2562
735 2847
735 3214
735 3215
735 3216
735 3217
735 3218
735 3219
735 3220
735 3221
735 3222
735 3223
735 3224
735 3225
735 3226
735 3227
887 1581
887 1726
887 2284
887 2562
887 2847
887 3214
887 3215
887 3216
887 3217
887 3218
887 3219
887 3220
887 3221
887 3222
887 3223
887 3224
887 3225
887 3226
887 3227
1581 1726
1581 2284
1581 2562
1581 2847
1581 3214
1581 3215
1581 3216
1581 3217
1581 3218
1581 3219
1581 3220
1581 3221
1581 3222
1581 3223
1581 3224
1581 3225
1581 3226
1581 3227
1726 2284
1726 2562
1726 2847
1726 3214
1726 3215
1726 3216
1726 3217
1726 3218
1726 3219
1726 3220
1726 3221
1726 3222
1726 3223
1726 3224
1726 3225
1726 3226
1726 3227
2284 2562
2284 2847
2284 3214
2284 3215
2284 3216
2284 3217
2284 3218
2284 3219
2284 3220
2284 3221
2284 3222
2284 3223
2284 3224
2284 3225
2284 3226
2284 3227
2562 2847
2562 3214
2562 3215
2562 3216
2562 3217
2562 3218
2562 3219
2562 3220
2562 3221
2562 3222
2562 3223
2562 3224
2562 3225
2562 3226
2562 3227
2847 3214
2847 3215
2847 3216
2847 3217
2847 3218
2847 3219
2847 3220
2847 3221
2847 3222
2847 3223
2847 3224
2847 3225
2847 3226
2847 3227
3214 3215
3214 3216
3214 3217
3214 3218
3214 3219
3214 3220
3214 3221
3214 3222
3214 3223
3214 3224
3214 3225
3214 3226
3214 3227
3215 3216
3215 3217
3215 3218
3215 3219
3215 3220
3215 3221
3215 3222
3215 3223
3215 3224
3215 3225
3215 3226
3215 3227
3216 3217
3216 3218
3216 3219
3216 3220
3216 3221
3216 3222
3216 3223
3216 3224
3216 3225
3216 3226
3216 3227
3217 3218
3217 3219
3217 3220
3217 3221
3217 3222
3217 3223
3217 3224
3217 3225
3217 3226
3217 3227
3218 3219
3218 3220
3218 3221
3218 3222
3218 3223
3218 3224
3218 3225
3218 3226
3218 3227
3219 3220
3219 3221
3219 3222
3219 3223
3219 3224
3219 3225
3219 3226
3219 3227
3220 3221
3220 3222
3220 3223
3220 3224
3220 3225
3220 3226
3220 3227
3221 3222
3221 3223
3221 3224
3221 3225
3221 3226
3221 3227
3222 3223
3222 3224
3222 3225
3222 3226
3222 3227
3223 3224
3223 3225
3223 3226
3223 3227
3224 3225
3224 3226
3224 3227
3225 3226
3225 3227
3226 3227
472 3228
477 851
477 1434
477 1653
477 1763
477 1879
477 1887
477 2484
477 2576
477 2610
477 2663
477 2678
477 2731
477 2778
477 2824
477 3229
477 3230
477 3231
477 3232
477 3233
477 3234
477 3235
477 3236
477 3237
477 3238
477 3239
851 1434
851 1653
851 1763
851 1879
851 1887
851 2484
851 2576
851 2610
851 2663
851 2678
851 2731
851 2778
851 2824
851 3229
851 3230
851 3231
851 3232
851 3233
851 3234
851 3235
851 3236
851 3237
851 3238
851 3239
1434 1653
1434 1763
1434 1879
1434 1887
1434 2484
1434 2576
1434 2610
1434 2663
1434 2678
1434 2731
1434 2778
1434 2824
1434 3229
1434 3230
1434 3231
1434 3232
1434 3233
1434 3234
1434 3235
1434 3236
1434 3237
1434 3238
1434 3239
1653 1763
1653 1879
1653 1887
1653 2484
1653 2576
1653 2610
1653 2663
1653 2678
1653 2731
1653 2778
1653 2824
1653 3229
1653 3230
1653 3231
1653 3232
1653 3233
1653 3234
1653 3235
1653 3236
1653 3237
1653 3238
1653 3239
1763 1879
1763 1887
1763 2484
1763 2576
1763 2610
1763 2663
1763 2678
1763 2731
1763 2778
1763 2824
1763 3229
1763 3230
1763 3231
1763 3232
1763 3233
1763 3234
1763 3235
1763 3236
1763 3237
1763 3238
1763 3239
1879 1887
1879 2484
1879 2576
1879 2610
1879 2663
1879 2678
1879 2731
1879 2778
1879 2824
1879 3229
1879 3230
1879 3231
1879 3232
1879 3233
1879 3234
1879 3235
1879 3236
1879 3237
1879 3238
1879 3239
1887 2484
1887 2576
1887 2610
1887 2663
1887 2678
1887 2731
1887 2778
1887 2824
1887 3229
1887 3230
1887 3231
1887 3232
1887 3233
1887 3234
1887 3235
1887 3236
1887 3237
1887 3238
1887 3239
2484 2576
2484 2610
2484 2663
2484 2678
2484 2731
2484 2778
2484 2824
2484 3229
2484 3230
2484 3231
2484 3232
2484 3233
2484 3234
2484 3235
2484 3236
2484 3237
2484 3238
2484 3239
2576 2610
2576 2663
2576 2678
2576 2731
2576 2778
2576 2824
2576 3229
2576 3230
2576 3231
2576 3232
2576 3233
2576 3234
2576 3235
2576 3236
2576 3237
2576 3238
2576 3239
2610 2663
2610 2678
2610 2731
2610 2778
2610 2824
2610 3229
2610 3230
2610 3231
2610 3232
2610 3233
2610 3234
2610 3235
2610 3236
2610 3237
2610 3238
2610 3239
2663 2678
2663 2731
2663 2778
2663 2824
2663 3229
2663 3230
2663 3231
2663 3232
2663 3233
2663 3234
2663 3235
2663 3236
2663 3237
2663 3238
2663 3239
2678 2731
2678 2778
2678 2824
2678 3229
2678 3230
2678 3231
2678 3232
2678 3233
2678 3234
2678 3235
2678 3236
2678 3237
2678 3238
2678 3239
2731 2778
2731 2824
2731 3229
2731 3230
2731 3231
2731 3232
2731 3233
2731 3234
2731 3235
2731 3236
2731 3237
2731 3238
2731 3239
2778 2824
2778 3229
2778 3230
2778 3231
2778 3232
2778 3233
2778 3234
2778 3235
2778 3236
2778 3237
2778 3238
2778 3239
2824 3229
2824 3230
2824 3231
2824 3232
2824 3233
2824 3234
2824 3235
2824 3236
2824 3237
2824 3238
2824 3239
3229 3230
3229 3231
3229 3232
3229 3233
3229 3234
3229 3235
3229 3236
3229 3237
3229 3238
3229 3239
3230 3231
3230 3232
3230 3233
3230 3234
3230 3235
3230 3236
3230 3237
3230 3238
3230 3239
3231 3232
3231 3233
3231 3234
3231 3235
3231 3236
3231 3237
3231 3238
3231 3239
3232 3233
3232 3234
3232 3235
3232 3236
3232 3237
3232 3238
3232 3239
3233 3234
3233 3235
3233 3236
3233 3237
3233 3238
3233 3239
3234 3235
3234 3236
3234 3237
3234 3238
3234 3239
3235 3236
3235 3237
3235 3238
3235 3239
3236 3237
3236 3238
3236 3239
3237 3238
3237 3239
3238 3239
480 1469
480 2330
480 3074
480 3240
480 3241
480 3242
1469 2330
1469 3074
1469 3240
1469 3241
1469 3242
2330 3074
2330 3240
2330 3241
2330 3242
3074 3240
3074 3241
3074 3242
3240 3241
3240 3242
3241 3242
485 1232
485 1490
485 3243
485 3244
485 3245
485 3246
485 3247
1232 1490
1232 3243
1232 3244
1232 3245
1232 3246
1232 3247
1490 3243
1490 3244
1490 3245
1490 3246
1490 3247
3243 3244
3243 3245
3243 3246
3243 3247
3244 3245
3244 3246
3244 3247
3245 3246
3245 3247
3246 3247
486 1048
486 1166
486 2554
486 2720
486 3248
1048 1166
1048 2554
1048 2720
1048 3248
1166 2554
1166 2720
1166 3248
2554 2720
2554 3248
2720 3248
487 530
487 928
487 1287
487 1755
487 1857
487 1868
487 2331
487 3073
487 3249
487 3250
487 3251
487 3252
487 3253
487 3254
487 3255
487 3256
487 3257
487 3258
487 3259
487 3260
487 3261
530 928
530 1287
530 1755
530 1857
530 1868
530 2331
530 3073
530 3249
530 3250
530 3251
530 3252
530 3253
530 3254
530 3255
530 3256
530 3257
530 3258
530 3259
530 3260
530 3261
928 1287
928 1755
928 1857
928 1868
928 2331
928 3073
928 3249
928 3250
928 3251
928 3252
928 3253
928 3254
928 3255
928 3256
928 3257
928 3258
928 3259
928 3260
928 3261
1287 1755
1287 1857
1287 1868
1287 2331
1287 3073
1287 3249
1287 3250
1287 3251
1287 3252
1287 3253
1287 3254
1287 3255
1287 3256
1287 3257
1287 3258
1287 3259
1287 3260
1287 3261
1755 1857
1755 1868
1755 2331
1755 3073
1755 3249
1755 3250
1755 3251
1755 3252
1755 3253
1755 3254
1755 3255
1755 3256
1755 3257
1755 3258
1755 3259
1755 3260
1755 3261
1857 1868
1857 2331
1857 3073
1857 3249
1857 3250
1857 3251
1857 3252
1857 3253
1857 3254
1857 3255
1857 3256
1857 3257
1857 3258
1857 3259
1857 3260
1857 3261
1868 2331
1868 3073
1868 3249
1868 3250
1868 3251
1868 3252
1868 3253
1868 3254
1868 3255
1868 3256
1868 3257
1868 3258
1868 3259
1868 3260
1868 3261
2331 3073
2331 3249
2331 3250
2331 3251
2331 3252
2331 3253
2331 3254
2331 3255
2331 3256
2331 3257
2331 3258
2331 3259
2331 3260
2331 3261
3073 3249
3073 3250
3073 3251
3073 3252
3073 3253
3073 3254
3073 3255
3073 3256
3073 3257
3073 3258
3073 3259
3073 3260
3073 3261
3249 3250
3249 3251
3249 3252
3249 3253
3249 3254
3249 3255
3249 3256
3249 3257
3249 3258
3249 3259
3249 3260
3249 3261
3250 3251
3250 3252
3250 3253
3250 3254
3250 3255
3250 3256
3250 3257
3250 3258
3250 3259
3250 3260
3250 3261
3251 3252
3251 3253
3251 3254
3251 3255
3251 3256
3251 3257
3251 3258
3251 3259
3251 3260
3251 3261
3252 3253
3252 3254
3252 3255
3252 3256
3252 3257
3252 3258
3252 3259
3252 3260
3252 3261
3253 3254
3253 3255
3253 3256
3253 3257
3253 3258
3253 3259
3253 3260
3253 3261
3254 3255
3254 3256
3254 3257
3254 3258
3254 3259
3254 3260
3254 3261
3255 3256
3255 3257
3255 3258
3255 3259
3255 3260
3255 3261
3256 3257
3256 3258
3256 3259
3256 3260
3256 3261
3257 3258
3257 3259
3257 3260
3257 3261
3258 3259
3258 3260
3258 3261
3259 3260
3259 3261
3260 3261
488 2438
488 3091
2438 3091
489 995
489 1764
489 1889
489 2486
489 2511
489 2541
489 2690
489 2746
489 2757
489 2799
489 2807
489 2826
489 3248
489 3262
489 3263
489 3264
489 3265
489 3266
489 3267
995 1764
995 1889
995 2486
995 2511
995 2541
995 2690
995 2746
995 2757
995 2799
995 2807
995 2826
995 3248
995 3262
995 3263
995 3264
995 3265
995 3266
995 3267
1764 1889
1764 2486
1764 2511
1764 2541
1764 2690
1764 2746
1764 2757
1764 2799
1764 2807
1764 2826
1764 3248
1764 3262
1764 3263
1764 3264
1764 3265
1764 3266
1764 3267
1889 2486
1889 2511
1889 2541
1889 2690
1889 2746
1889 2757
1889 2799
1889 2807
1889 2826
1889 3248
1889 3262
1889 3263
1889 3264
1889 3265
1889 3266
1889 3267
2486 2511
2486 2541
2486 2690
2486 2746
2486 2757
2486 2799
2486 2807
2486 2826
2486 3248
2486 3262
2486 3263
2486 3264
2486 3265
2486 3266
2486 3267
2511 2541
2511 2690
2511 2746
2511 2757
2511 2799
2511 2807
2511 2826
2511 3248
2511 3262
2511 3263
2511 3264
2511 3265
2511 3266
2511 3267
2541 2690
2541 2746
2541 2757
2541 2799
2541 2807
2541 2826
2541 3248
2541 3262
2541 3263
2541 3264
2541 3265
2541 3266
2541 3267
2690 2746
2690 2757
2690 2799
2690 2807
2690 2826
2690 3248
2690 3262
2690 3263
2690 3264
2690 3265
2690 3266
2690 3267
2746 2757
2746 2799
2746 2807
2746 2826
2746 3248
2746 3262
2746 3263
2746 3264
2746 3265
2746 3266
2746 3267
2757 2799
2757 2807
2757 2826
2757 3248
2757 3262
2757 3263
2757 3264
2757 3265
2757 3266
2757 3267
2799 2807
2799 2826
2799 3248
2799 3262
2799 3263
2799 3264
2799 3265
2799 3266
2799 3267
2807 2826
2807 3248
2807 3262
2807 3263
2807 3264
2807 3265
2807 3266
2807 3267
2826 3248
2826 3262
2826 3263
2826 3264
2826 3265
2826 3266
2826 3267
3248 3262
3248 3263
3248 3264
3248 3265
3248 3266
3248 3267
3262 3263
3262 3264
3262 3265
3262 3266
3262 3267
3263 3264
3263 3265
3263 3266
3263 3267
3264 3265
3264 3266
3264 3267
3265 3266
3265 3267
3266 3267
490 1846
490 3268
490 3269
490 3270
490 3271
490 3272
490 3273
490 3274
490 3275
490 3276
1846 3268
1846 3269
1846 3270
1846 3271
1846 3272
1846 3273
1846 3274
1846 3275
1846 3276
3268 3269
3268 3270
3268 3271
3268 3272
3268 3273
3268 3274
3268 3275
3268 3276
3269 3270
3269 3271
3269 3272
3269 3273
3269 3274
3269 3275
3269 3276
3270 3271
3270 3272
3270 3273
3270 3274
3270 3275
3270 3276
3271 3272
3271 3273
3271 3274
3271 3275
3271 3276
3272 3273
3272 3274
3272 3275
3272 3276
3273 3274
3273 3275
3273 3276
3274 3275
3274 3276
3275 3276
491 1403
491 1658
491 2578
491 2598
491 2613
491 2827
491 3277
491 3278
491 3279
491 3280
491 3281
491 3282
1403 1658
1403 2578
1403 2598
1403 2613
1403 2827
1403 3277
1403 3278
1403 3279
1403 3280
1403 3281
1403 3282
1658 2578
1658 2598
1658 2613
1658 2827
1658 3277
1658 3278
1658 3279
1658 3280
1658 3281
1658 3282
2578 2598
2578 2613
2578 2827
2578 3277
2578 3278
2578 3279
2578 3280
2578 3281
2578 3282
2598 2613
2598 2827
2598 3277
2598 3278
2598 3279
2598 3280
2598 3281
2598 3282
2613 2827
2613 3277
2613 3278
2613 3279
2613 3280
2613 3281
2613 3282
2827 3277
2827 3278
2827 3279
2827 3280
2827 3281
2827 3282
3277 3278
3277 3279
3277 3280
3277 3281
3277 3282
3278 3279
3278 3280
3278 3281
3278 3282
3279 3280
3279 3281
3279 3282
3280 3281
3280 3282
3281 3282
492 2332
493 656
493 852
493 996
493 1890
493 2463
493 2579
493 2614
493 2732
493 2771
493 3014
493 3283
493 3284
656 852
656 996
656 1890
656 2463
656 2579
656 2614
656 2732
656 2771
656 3014
656 3283
656 3284
852 996
852 1890
852 2463
852 2579
852 2614
852 2732
852 2771
852 3014
852 3283
852 3284
996 1890
996 2463
996 2579
996 2614
996 2732
996 2771
996 3014
996 3283
996 3284
1890 2463
1890 2579
1890 2614
1890 2732
1890 2771
1890 3014
1890 3283
1890 3284
2463 2579
2463 2614
2463 2732
2463 2771
2463 3014
2463 3283
2463 3284
2579 2614
2579 2732
2579 2771
2579 3014
2579 3283
2579 3284
2614 2732
2614 2771
2614 3014
2614 3283
2614 3284
2732 2771
2732 3014
2732 3283
2732 3284
2771 3014
2771 3283
2771 3284
3014 3283
3014 3284
3283 3284
497 1834
497 1999
497 2271
497 2288
497 2308
497 3285
497 3286
497 3287
497 3288
497 3289
1834 1999
1834 2271
1834 2288
1834 2308
1834 3285
1834 3286
1834 3287
1834 3288
1834 3289
1999 2271
1999 2288
1999 2308
1999 3285
1999 3286
1999 3287
1999 3288
1999 3289
2271 2288
2271 2308
2271 3285
2271 3286
2271 3287
2271 3288
2271 3289
2288 2308
2288 3285
2288 3286
2288 3287
2288 3288
2288 3289
2308 3285
2308 3286
2308 3287
2308 3288
2308 3289
3285 3286
3285 3287
3285 3288
3285 3289
3286 3287
3286 3288
3286 3289
3287 3288
3287 3289
3288 3289
505 3250
505 3290
505 3291
3250 3290
3250 3291
3290 3291
506 845
506 1711
506 2333
506 3292
506 3293
845 1711
845 2333
845 3292
845 3293
1711 2333
1711 3292
1711 3293
2333 3292
2333 3293
3292 3293
518 2052
518 2100
518 3166
518 3294
518 3295
518 3296
518 3297
518 3298
518 3299
518 3300
518 3301
518 3302
518 3303
518 3304
518 3305
518 3306
518 3307
518 3308
518 3309
518 3310
518 3311
518 3312
518 3313
518 3314
518 3315
518 3316
518 3317
518 3318
518 3319
518 3320
518 3321
518 3322
2052 2100
2052 3166
2052 3294
2052 3295
2052 3296
2052 3297
2052 3298
2052 3299
2052 3300
2052 3301
2052 3302
2052 3303
2052 3304
2052 3305
2052 3306
2052 3307
2052 3308
2052 3309
2052 3310
2052 3311
2052 3312
2052 3313
2052 3314
2052 3315
2052 3316
2052 3317
2052 3318
2052 3319
2052 3320
2052 3321
2052 3322
2100 3166
2100 3294
2100 3295
2100 3296
2100 3297
2100 3298
2100 3299
2100 3300
2100 3301
2100 3302
2100 3303
2100 3304
2100 3305
2100 3306
2100 3307
2100 3308
2100 3309
2100 3310
2100 3311
2100 3312
2100 3313
2100 3314
2100 3315
2100 3316
2100 3317
2100 3318
2100 3319
2100 3320
2100 3321
2100 3322
3166 3294
3166 3295
3166 3296
3166 3297
3166 3298
3166 3299
3166 3300
3166 3301
3166 3302
3166 3303
3166 3304
3166 3305
3166 3306
3166 3307
3166 3308
3166 3309
3166 3310
3166 3311
3166 3312
3166 3313
3166 3314
3166 3315
3166 3316
3166 3317
3166 3318
3166 3319
3166 3320
3166 3321
3166 3322
3294 3295
3294 3296
3294 3297
3294 3298
3294 3299
3294 3300
3294 3301
3294 3302
3294 3303
3294 3304
3294 3305
3294 3306
3294 3307
3294 3308
3294 3309
3294 3310
3294 3311
3294 3312
3294 3313
3294 3314
3294 3315
3294 3316
3294 3317
3294 3318
3294 3319
3294 3320
3294 3321
3294 3322
3295 3296
3295 3297
3295 3298
3295 3299
3295 3300
3295 3301
3295 3302
3295 3303
3295 3304
3295 3305
3295 3306
3295 3307
3295 3308
3295 3309
3295 3310
3295 3311
3295 3312
3295 3313
3295 3314
3295 3315
3295 3316
3295 3317
3295 3318
3295 3319
3295 3320
3295 3321
3295 3322
3296 3297
3296 3298
3296 3299
3296 3300
3296 3301
3296 3302
3296 3303
3296 3304
3296 3305
3296 3306
3296 3307
3296 3308
3296 3309
3296 3310
3296 3311
3296 3312
3296 3313
3296 3314
3296 3315
3296 3316
3296 3317
3296 3318
3296 3319
3296 3320
3296 3321
3296 3322
3297 3298
3297 3299
3297 3300
3297 3301
3297 3302
3297 3303
3297 3304
3297 3305
3297 3306
3297 3307
3297 3308
3297 3309
3297 3310
3297 3311
3297 3312
3297 3313
3297 3314
3297 3315
3297 3316
3297 3317
3297 3318
3297 3319
3297 3320
3297 3321
3297 3322
3298 3299
3298 3300
3298 3301
3298 3302
3298 3303
3298 3304
3298 3305
3298 3306
3298 3307
3298 3308
3298 3309
3298 3310
3298 3311
3298 3312
3298 3313
3298 3314
3298 3315
3298 3316
3298 3317
3298 3318
3298 3319
3298 3320
3298 3321
3298 3322
3299 3300
3299 3301
3299 3302
3299 3303
3299 3304
3299 3305
3299 3306
3299 3307
3299 3308
3299 3309
3299 3310
3299 3311
3299 3312
3299 3313
3299 3314
3299 3315
3299 3316
3299 3317
3299 3318
3299 3319
3299 3320
3299 3321
3299 3322
3300 3301
3300 3302
3300 3303
3300 3304
3300 3305
3300 3306
3300 3307
3300 3308
3300 3309
3300 3310
3300 3311
3300 3312
3300 3313
3300 3314
3300 3315
3300 3316
3300 3317
3300 3318
3300 3319
3300 3320
3300 3321
3300 3322
3301 3302
3301 3303
3301 3304
3301 3305
3301 3306
3301 3307
3301 3308
3301 3309
3301 3310
3301 3311
3301 3312
3301 3313
3301 3314
3301 3315
3301 3316
3301 3317
3301 3318
3301 3319
3301 3320
3301 3321
3301 3322
3302 3303
3302 3304
3302 3305
3302 3306
3302 3307
3302 3308
3302 3309
3302 3310
3302 3311
3302 3312
3302 3313
3302 3314
3302 3315
3302 3316
3302 3317
3302 3318
3302 3319
3302 3320
3302 3321
3302 3322
3303 3304
3303 3305
3303 3306
3303 3307
3303 3308
3303 3309
3303 3310
3303 3311
3303 3312
3303 3313
3303 3314
3303 3315
3303 3316
3303 3317
3303 3318
3303 3319
3303 3320
3303 3321
3303 3322
3304 3305
3304 3306
3304 3307
3304 3308
3304 3309
3304 3310
3304 3311
3304 3312
3304 3313
3304 3314
3304 3315
3304 3316
3304 3317
3304 3318
3304 3319
3304 3320
3304 3321
3304 3322
3305 3306
3305 3307
3305 3308
3305 3309
3305 3310
3305 3311
3305 3312
3305 3313
3305 3314
3305 3315
3305 3316
3305 3317
3305 3318
3305 3319
3305 3320
3305 3321
3305 3322
3306 3307
3306 3308
3306 3309
3306 3310
3306 3311
3306 3312
3306 3313
3306 3314
3306 3315
3306 3316
3306 3317
3306 3318
3306 3319
3306 3320
3306 3321
3306 3322
3307 3308
3307 3309
3307 3310
3307 3311
3307 3312
3307 3313
3307 3314
3307 3315
3307 3316
3307 3317
3307 3318
3307 3319
3307 3320
3307 3321
3307 3322
3308 3309
3308 3310
3308 3311
3308 3312
3308 3313
3308 3314
3308 3315
3308 3316
3308 3317
3308 3318
3308 3319
3308 3320
3308 3321
3308 3322
3309 3310
3309 3311
3309 3312
3309 3313
3309 3314
3309 3315
3309 3316
3309 3317
3309 3318
3309 3319
3309 3320
3309 3321
3309 3322
3310 3311
3310 3312
3310 3313
3310 3314
3310 3315
3310 3316
3310 3317
3310 3318
3310 3319
3310 3320
3310 3321
3310 3322
3311 3312
3311 3313
3311 3314
3311 3315
3311 3316
3311 3317
3311 3318
3311 3319
3311 3320
3311 3321
3311 3322
3312 3313
3312 3314
3312 3315
3312 3316
3312 3317
3312 3318
3312 3319
3312 3320
3312 3321
3312 3322
3313 3314
3313 3315
3313 3316
3313 3317
3313 3318
3313 3319
3313 3320
3313 3321
3313 3322
3314 3315
3314 3316
3314 3317
3314 3318
3314 3319
3314 3320
3314 3321
3314 3322
3315 3316
3315 3317
3315 3318
3315 3319
3315 3320
3315 3321
3315 3322
3316 3317
3316 3318
3316 3319
3316 3320
3316 3321
3316 3322
3317 3318
3317 3319
3317 3320
3317 3321
3317 3322
3318 3319
3318 3320
3318 3321
3318 3322
3319 3320
3319 3321
3319 3322
3320 3321
3320 3322
3321 3322
520 2864
520 3323
520 3324
520 3325
520 3326
520 3327
2864 3323
2864 3324
2864 3325
2864 3326
2864 3327
3323 3324
3323 3325
3323 3326
3323 3327
3324 3325
3324 3326
3324 3327
3325 3326
3325 3327
3326 3327
521 2053
521 2195
521 2384
521 3112
521 3328
521 3329
521 3330
521 3331
521 3332
521 3333
2053 2195
2053 2384
2053 3112
2053 3328
2053 3329
2053 3330
2053 3331
2053 3332
2053 3333
2195 2384
2195 3112
2195 3328
2195 3329
2195 3330
2195 3331
2195 3332
2195 3333
2384 3112
2384 3328
2384 3329
2384 3330
2384 3331
2384 3332
2384 3333
3112 3328
3112 3329
3112 3330
3112 3331
3112 3332
3112 3333
3328 3329
3328 3330
3328 3331
3328 3332
3328 3333
3329 3330
3329 3331
3329 3332
3329 3333
3330 3331
3330 3332
3330 3333
3331 3332
3331 3333
3332 3333
522 1454
522 3334
522 3335
522 3336
522 3337
1454 3334
1454 3335
1454 3336
1454 3337
3334 3335
3334 3336
3334 3337
3335 3336
3335 3337
3336 3337
523 1982
523 3338
1982 3338
524 745
524 853
524 1893
524 2963
524 3339
524 3340
524 3341
524 3342
524 3343
524 3344
524 3345
524 3346
524 3347
524 3348
524 3349
524 3350
524 3351
524 3352
524 3353
524 3354
524 3355
524 3356
524 3357
524 3358
524 3359
745 853
745 1893
745 2963
745 3339
745 3340
745 3341
745 3342
745 3343
745 3344
745 3345
745 3346
745 3347
745 3348
745 3349
745 3350
745 3351
745 3352
745 3353
745 3354
745 3355
745 3356
745 3357
745 3358
745 3359
853 1893
853 2963
853 3339
853 3340
853 3341
853 3342
853 3343
853 3344
853 3345
853 3346
853 3347
853 3348
853 3349
853 3350
853 3351
853 3352
853 3353
853 3354
853 3355
853 3356
853 3357
853 3358
853 3359
1893 2963
1893 3339
1893 3340
1893 3341
1893 3342
1893 3343
1893 3344
1893 3345
1893 3346
1893 3347
1893 3348
1893 3349
1893 3350
1893 3351
1893 3352
1893 3353
1893 3354
1893 3355
1893 3356
1893 3357
1893 3358
1893 3359
2963 3339
2963 3340
2963 3341
2963 3342
2963 3343
2963 3344
2963 3345
2963 3346
2963 3347
2963 3348
2963 3349
2963 3350
2963 3351
2963 3352
2963 3353
2963 3354
2963 3355
2963 3356
2963 3357
2963 3358
2963 3359
3339 3340
3339 3341
3339 3342
3339 3343
3339 3344
3339 3345
3339 3346
3339 3347
3339 3348
3339 3349
3339 3350
3339 3351
3339 3352
3339 3353
3339 3354
3339 3355
3339 3356
3339 3357
3339 3358
3339 3359
3340 3341
3340 3342
3340 3343
3340 3344
3340 3345
3340 3346
3340 3347
3340 3348
3340 3349
3340 3350
3340 3351
3340 3352
3340 3353
3340 3354
3340 3355
3340 3356
3340 3357
3340 3358
3340 3359
3341 3342
3341 3343
3341 3344
3341 3345
3341 3346
3341 3347
3341 3348
3341 3349
3341 3350
3341 3351
3341 3352
3341 3353
3341 3354
3341 3355
3341 3356
3341 3357
3341 3358
3341 3359
3342 3343
3342 3344
3342 3345
3342 3346
3342 3347
3342 3348
3342 3349
3342 3350
3342 3351
3342 3352
3342 3353
3342 3354
3342 3355
3342 3356
3342 3357
3342 3358
3342 3359
3343 3344
3343 3345
3343 3346
3343 3347
3343 3348
3343 3349
3343 3350
3343 3351
3343 3352
3343 3353
3343 3354
3343 3355
3343 3356
3343 3357
3343 3358
3343 3359
3344 3345
3344 3346
3344 3347
3344 3348
3344 3349
3344 3350
3344 3351
3344 3352
3344 3353
3344 3354
3344 3355
3344 3356
3344 3357
3344 3358
3344 3359
3345 3346
3345 3347
3345 3348
3345 3349
3345 3350
3345 3351
3345 3352
3345 3353
3345 3354
3345 3355
3345 3356
3345 3357
3345 3358
3345 3359
3346 3347
3346 3348
3346 3349
3346 3350
3346 3351
3346 3352
3346 3353
3346 3354
3346 3355
3346 3356
3346 3357
3346 3358
3346 3359
3347 3348
3347 3349
3347 3350
3347 3351
3347 3352
3347 3353
3347 3354
3347 3355
3347 3356
3347 3357
3347 3358
3347 3359
3348 3349
3348 3350
3348 3351
3348 3352
3348 3353
3348 3354
3348 3355
3348 3356
3348 3357
3348 3358
3348 3359
3349 3350
3349 3351
3349 3352
3349 3353
3349 3354
3349 3355
3349 3356
3349 3357
3349 3358
3349 3359
3350 3351
3350 3352
3350 3353
3350 3354
3350 3355
3350 3356
3350 3357
3350 3358
3350 3359
3351 3352
3351 3353
3351 3354
3351 3355
3351 3356
3351 3357
3351 3358
3351 3359
3352 3353
3352 3354
3352 3355
3352 3356
3352 3357
3352 3358
3352 3359
3353 3354
3353 3355
3353 3356
3353 3357
3353 3358
3353 3359
3354 3355
3354 3356
3354 3357
3354 3358
3354 3359
3355 3356
3355 3357
3355 3358
3355 3359
3356 3357
3356 3358
3356 3359
3357 3358
3357 3359
3358 3359
532 1661
532 1772
532 2723
532 3099
532 3360
532 3361
532 3362
532 3363
1661 1772
1661 2723
1661 3099
1661 3360
1661 3361
1661 3362
1661 3363
1772 2723
1772 3099
1772 3360
1772 3361
1772 3362
1772 3363
2723 3099
2723 3360
2723 3361
2723 3362
2723 3363
3099 3360
3099 3361
3099 3362
3099 3363
3360 3361
3360 3362
3360 3363
3361 3362
3361 3363
3362 3363
534 1456
534 2875
534 2942
534 2954
534 3040
534 3056
534 3364
534 3365
534 3366
534 3367
534 3368
534 3369
1456 2875
1456 2942
1456 2954
1456 3040
1456 3056
1456 3364
1456 3365
1456 3366
1456 3367
1456 3368
1456 3369
2875 2942
2875 2954
2875 3040
2875 3056
2875 3364
2875 3365
2875 3366
2875 3367
2875 3368
2875 3369
2942 2954
2942 3040
2942 3056
2942 3364
2942 3365
2942 3366
2942 3367
2942 3368
2942 3369
2954 3040
2954 3056
2954 3364
2954 3365
2954 3366
2954 3367
2954 3368
2954 3369
3040 3056
3040 3364
3040 3365
3040 3366
3040 3367
3040 3368
3040 3369
3056 3364
3056 3365
3056 3366
3056 3367
3056 3368
3056 3369
3364 3365
3364 3366
3364 3367
3364 3368
3364 3369
3365 3366
3365 3367
3365 3368
3365 3369
3366 3367
3366 3368
3366 3369
3367 3368
3367 3369
3368 3369
536 1765
536 1894
536 2882
536 2906
536 2914
536 3017
536 3360
536 3370
536 3371
536 3372
536 3373
536 3374
536 3375
536 3376
1765 1894
1765 2882
1765 2906
1765 2914
1765 3017
1765 3360
1765 3370
1765 3371
1765 3372
1765 3373
1765 3374
1765 3375
1765 3376
1894 2882
1894 2906
1894 2914
1894 3017
1894 3360
1894 3370
1894 3371
1894 3372
1894 3373
1894 3374
1894 3375
1894 3376
2882 2906
2882 2914
2882 3017
2882 3360
2882 3370
2882 3371
2882 3372
2882 3373
2882 3374
2882 3375
2882 3376
2906 2914
2906 3017
2906 3360
2906 3370
2906 3371
2906 3372
2906 3373
2906 3374
2906 3375
2906 3376
2914 3017
2914 3360
2914 3370
2914 3371
2914 3372
2914 3373
2914 3374
2914 3375
2914 3376
3017 3360
3017 3370
3017 3371
3017 3372
3017 3373
3017 3374
3017 3375
3017 3376
3360 3370
3360 3371
3360 3372
3360 3373
3360 3374
3360 3375
3360 3376
3370 3371
3370 3372
3370 3373
3370 3374
3370 3375
3370 3376
3371 3372
3371 3373
3371 3374
3371 3375
3371 3376
3372 3373
3372 3374
3372 3375
3372 3376
3373 3374
3373 3375
3373 3376
3374 3375
3374 3376
3375 3376
541 3377
541 3378
3377 3378
547 608
547 1364
547 3293
547 3372
547 3379
547 3380
547 3381
547 3382
547 3383
547 3384
547 3385
547 3386
547 3387
547 3388
547 3389
547 3390
547 3391
547 3392
547 3393
608 1364
608 3293
608 3372
608 3379
608 3380
608 3381
608 3382
608 3383
608 3384
608 3385
608 3386
608 3387
608 3388
608 3389
608 3390
608 3391
608 3392
608 3393
1364 3293
1364 3372
1364 3379
1364 3380
1364 3381
1364 3382
1364 3383
1364 3384
1364 3385
1364 3386
1364 3387
1364 3388
1364 3389
1364 3390
1364 3391
1364 3392
1364 3393
3293 3372
3293 3379
3293 3380
3293 3381
3293 3382
3293 3383
3293 3384
3293 3385
3293 3386
3293 3387
3293 3388
3293 3389
3293 3390
3293 3391
3293 3392
3293 3393
3372 3379
3372 3380
3372 3381
3372 3382
3372 3383
3372 3384
3372 3385
3372 3386
3372 3387
3372 3388
3372 3389
3372 3390
3372 3391
3372 3392
3372 3393
3379 3380
3379 3381
3379 3382
3379 3383
3379 3384
3379 3385
3379 3386
3379 3387
3379 3388
3379 3389
3379 3390
3379 3391
3379 3392
3379 3393
3380 3381
3380 3382
3380 3383
3380 3384
3380 3385
3380 3386
3380 3387
3380 3388
3380 3389
3380 3390
3380 3391
3380 3392
3380 3393
3381 3382
3381 3383
3381 3384
3381 3385
3381 3386
3381 3387
3381 3388
3381 3389
3381 3390
3381 3391
3381 3392
3381 3393
3382 3383
3382 3384
3382 3385
3382 3386
3382 3387
3382 3388
3382 3389
3382 3390
3382 3391
3382 3392
3382 3393
3383 3384
3383 3385
3383 3386
3383 3387
3383 3388
3383 3389
3383 3390
3383 3391
3383 3392
3383 3393
3384 3385
3384 3386
3384 3387
3384 3388
3384 3389
3384 3390
3384 3391
3384 3392
3384 3393
3385 3386
3385 3387
3385 3388
3385 3389
3385 3390
3385 3391
3385 3392
3385 3393
3386 3387
3386 3388
3386 3389
3386 3390
3386 3391
3386 3392
3386 3393
3387 3388
3387 3389
3387 3390
3387 3391
3387 3392
3387 3393
3388 3389
3388 3390
3388 3391
3388 3392
3388 3393
3389 3390
3389 3391
3389 3392
3389 3393
3390 3391
3390 3392
3390 3393
3391 3392
3391 3393
3392 3393
548 3394
548 3395
3394 3395
552 3396
552 3397
552 3398
552 3399
3396 3397
3396 3398
3396 3399
3397 3398
3397 3399
3398 3399
553 1956
553 3369
553 3398
553 3400
553 3401
553 3402
553 3403
1956 3369
1956 3398
1956 3400
1956 3401
1956 3402
1956 3403
3369 3398
3369 3400
3369 3401
3369 3402
3369 3403
3398 3400
3398 3401
3398 3402
3398 3403
3400 3401
3400 3402
3400 3403
3401 3402
3401 3403
3402 3403
554 2054
554 3399
554 3402
554 3404
554 3405
554 3406
554 3407
554 3408
554 3409
554 3410
554 3411
2054 3399
2054 3402
2054 3404
2054 3405
2054 3406
2054 3407
2054 3408
2054 3409
2054 3410
2054 3411
3399 3402
3399 3404
3399 3405
3399 3406
3399 3407
3399 3408
3399 3409
3399 3410
3399 3411
3402 3404
3402 3405
3402 3406
3402 3407
3402 3408
3402 3409
3402 3410
3402 3411
3404 3405
3404 3406
3404 3407
3404 3408
3404 3409
3404 3410
3404 3411
3405 3406
3405 3407
3405 3408
3405 3409
3405 3410
3405 3411
3406 3407
3406 3408
3406 3409
3406 3410
3406 3411
3407 3408
3407 3409
3407 3410
3407 3411
3408 3409
3408 3410
3408 3411
3409 3410
3409 3411
3410 3411
555 639
555 1983
555 2013
555 2055
555 2089
555 3412
555 3413
555 3414
555 3415
555 3416
555 3417
555 3418
555 3419
555 3420
555 3421
555 3422
555 3423
555 3424
555 3425
639 1983
639 2013
639 2055
639 2089
639 3412
639 3413
639 3414
639 3415
639 3416
639 3417
639 3418
639 3419
639 3420
639 3421
639 3422
639 3423
639 3424
639 3425
1983 2013
1983 2055
1983 2089
1983 3412
1983 3413
1983 3414
1983 3415
1983 3416
1983 3417
1983 3418
1983 3419
1983 3420
1983 3421
1983 3422
1983 3423
1983 3424
1983 3425
2013 2055
2013 2089
2013 3412
2013 3413
2013 3414
2013 3415
2013 3416
2013 3417
2013 3418
2013 3419
2013 3420
2013 3421
2013 3422
2013 3423
2013 3424
2013 3425
2055 2089
2055 3412
2055 3413
2055 3414
2055 3415
2055 3416
2055 3417
2055 3418
2055 3419
2055 3420
2055 3421
2055 3422
2055 3423
2055 3424
2055 3425
2089 3412
2089 3413
2089 3414
2089 3415
2089 3416
2089 3417
2089 3418
2089 3419
2089 3420
2089 3421
2089 3422
2089 3423
2089 3424
2089 3425
3412 3413
3412 3414
3412 3415
3412 3416
3412 3417
3412 3418
3412 3419
3412 3420
3412 3421
3412 3422
3412 3423
3412 3424
3412 3425
3413 3414
3413 3415
3413 3416
3413 3417
3413 3418
3413 3419
3413 3420
3413 3421
3413 3422
3413 3423
3413 3424
3413 3425
3414 3415
3414 3416
3414 3417
3414 3418
3414 3419
3414 3420
3414 3421
3414 3422
3414 3423
3414 3424
3414 3425
3415 3416
3415 3417
3415 3418
3415 3419
3415 3420
3415 3421
3415 3422
3415 3423
3415 3424
3415 3425
3416 3417
3416 3418
3416 3419
3416 3420
3416 3421
3416 3422
3416 3423
3416 3424
3416 3425
3417 3418
3417 3419
3417 3420
3417 3421
3417 3422
3417 3423
3417 3424
3417 3425
3418 3419
3418 3420
3418 3421
3418 3422
3418 3423
3418 3424
3418 3425
3419 3420
3419 3421
3419 3422
3419 3423
3419 3424
3419 3425
3420 3421
3420 3422
3420 3423
3420 3424
3420 3425
3421 3422
3421 3423
3421 3424
3421 3425
3422 3423
3422 3424
3422 3425
3423 3424
3423 3425
3424 3425
556 640
556 747
556 889
556 1926
556 2056
556 2165
556 2328
556 2848
556 3218
556 3403
556 3426
556 3427
556 3428
556 3429
556 3430
556 3431
556 3432
556 3433
640 747
640 889
640 1926
640 2056
640 2165
640 2328
640 2848
640 3218
640 3403
640 3426
640 3427
640 3428
640 3429
640 3430
640 3431
640 3432
640 3433
747 889
747 1926
747 2056
747 2165
747 2328
747 2848
747 3218
747 3403
747 3426
747 3427
747 3428
747 3429
747 3430
747 3431
747 3432
747 3433
889 1926
889 2056
889 2165
889 2328
889 2848
889 3218
889 3403
889 3426
889 3427
889 3428
889 3429
889 3430
889 3431
889 3432
889 3433
1926 2056
1926 2165
1926 2328
1926 2848
1926 3218
1926 3403
1926 3426
1926 3427
1926 3428
1926 3429
1926 3430
1926 3431
1926 3432
1926 3433
2056 2165
2056 2328
2056 2848
2056 3218
2056 3403
2056 3426
2056 3427
2056 3428
2056 3429
2056 3430
2056 3431
2056 3432
2056 3433
2165 2328
2165 2848
2165 3218
2165 3403
2165 3426
2165 3427
2165 3428
2165 3429
2165 3430
2165 3431
2165 3432
2165 3433
2328 2848
2328 3218
2328 3403
2328 3426
2328 3427
2328 3428
2328 3429
2328 3430
2328 3431
2328 3432
2328 3433
2848 3218
2848 3403
2848 3426
2848 3427
2848 3428
2848 3429
2848 3430
2848 3431
2848 3432
2848 3433
3218 3403
3218 3426
3218 3427
3218 3428
3218 3429
3218 3430
3218 3431
3218 3432
3218 3433
3403 3426
3403 3427
3403 3428
3403 3429
3403 3430
3403 3431
3403 3432
3403 3433
3426 3427
3426 3428
3426 3429
3426 3430
3426 3431
3426 3432
3426 3433
3427 3428
3427 3429
3427 3430
3427 3431
3427 3432
3427 3433
3428 3429
3428 3430
3428 3431
3428 3432
3428 3433
3429 3430
3429 3431
3429 3432
3429 3433
3430 3431
3430 3432
3430 3433
3431 3432
3431 3433
3432 3433
557 3424
557 3434
557 3435
557 3436
557 3437
557 3438
557 3439
557 3440
3424 3434
3424 3435
3424 3436
3424 3437
3424 3438
3424 3439
3424 3440
3434 3435
3434 3436
3434 3437
3434 3438
3434 3439
3434 3440
3435 3436
3435 3437
3435 3438
3435 3439
3435 3440
3436 3437
3436 3438
3436 3439
3436 3440
3437 3438
3437 3439
3437 3440
3438 3439
3438 3440
3439 3440
558 931
558 961
558 1156
558 1315
558 2146
558 2430
558 2918
558 2979
558 3003
558 3120
558 3307
558 3441
558 3442
558 3443
558 3444
558 3445
558 3446
558 3447
558 3448
558 3449
558 3450
558 3451
558 3452
558 3453
558 3454
558 3455
558 3456
558 3457
931 961
931 1156
931 1315
931 2146
931 2430
931 2918
931 2979
931 3003
931 3120
931 3307
931 3441
931 3442
931 3443
931 3444
931 3445
931 3446
931 3447
931 3448
931 3449
931 3450
931 3451
931 3452
931 3453
931 3454
931 3455
931 3456
931 3457
961 1156
961 1315
961 2146
961 2430
961 2918
961 2979
961 3003
961 3120
961 3307
961 3441
961 3442
961 3443
961 3444
961 3445
961 3446
961 3447
961 3448
961 3449
961 3450
961 3451
961 3452
961 3453
961 3454
961 3455
961 3456
961 3457
1156 1315
1156 2146
1156 2430
1156 2918
1156 2979
1156 3003
1156 3120
1156 3307
1156 3441
1156 3442
1156 3443
1156 3444
1156 3445
1156 3446
1156 3447
1156 3448
1156 3449
1156 3450
1156 3451
1156 3452
1156 3453
1156 3454
1156 3455
1156 3456
1156 3457
1315 2146
1315 2430
1315 2918
1315 2979
1315 3003
1315 3120
1315 3307
1315 3441
1315 3442
1315 3443
1315 3444
1315 3445
1315 3446
1315 3447
1315 3448
1315 3449
1315 3450
1315 3451
1315 3452
1315 3453
1315 3454
1315 3455
1315 3456
1315 3457
2146 2430
2146 2918
2146 2979
2146 3003
2146 3120
2146 3307
2146 3441
2146 3442
2146 3443
2146 3444
2146 3445
2146 3446
2146 3447
2146 3448
2146 3449
2146 3450
2146 3451
2146 3452
2146 3453
2146 3454
2146 3455
2146 3456
2146 3457
2430 2918
2430 2979
2430 3003
2430 3120
2430 3307
2430 3441
2430 3442
2430 3443
2430 3444
2430 3445
2430 3446
2430 3447
2430 3448
2430 3449
2430 3450
2430 3451
2430 3452
2430 3453
2430 3454
2430 3455
2430 3456
2430 3457
2918 2979
2918 3003
2918 3120
2918 3307
2918 3441
2918 3442
2918 3443
2918 3444
2918 3445
2918 3446
2918 3447
2918 3448
2918 3449
2918 3450
2918 3451
2918 3452
2918 3453
2918 3454
2918 3455
2918 3456
2918 3457
2979 3003
2979 3120
2979 3307
2979 3441
2979 3442
2979 3443
2979 3444
2979 3445
2979 3446
2979 3447
2979 3448
2979 3449
2979 3450
2979 3451
2979 3452
2979 3453
2979 3454
2979 3455
2979 3456
2979 3457
3003 3120
3003 3307
3003 3441
3003 3442
3003 3443
3003 3444
3003 3445
3003 3446
3003 3447
3003 3448
3003 3449
3003 3450
3003 3451
3003 3452
3003 3453
3003 3454
3003 3455
3003 3456
3003 3457
3120 3307
3120 3441
3120 3442
3120 3443
3120 3444
3120 3445
3120 3446
3120 3447
3120 3448
3120 3449
3120 3450
3120 3451
3120 3452
3120 3453
3120 3454
3120 3455
3120 3456
3120 3457
3307 3441
3307 3442
3307 3443
3307 3444
3307 3445
3307 3446
3307 3447
3307 3448
3307 3449
3307 3450
3307 3451
3307 3452
3307 3453
3307 3454
3307 3455
3307 3456
3307 3457
3441 3442
3441 3443
3441 3444
3441 3445
3441 3446
3441 3447
3441 3448
3441 3449
3441 3450
3441 3451
3441 3452
3441 3453
3441 3454
3441 3455
3441 3456
3441 3457
3442 3443
3442 3444
3442 3445
3442 3446
3442 3447
3442 3448
3442 3449
3442 3450
3442 3451
3442 3452
3442 3453
3442 3454
3442 3455
3442 3456
3442 3457
3443 3444
3443 3445
3443 3446
3443 3447
3443 3448
3443 3449
3443 3450
3443 3451
3443 3452
3443 3453
3443 3454
3443 3455
3443 3456
3443 3457
3444 3445
3444 3446
3444 3447
3444 3448
3444 3449
3444 3450
3444 3451
3444 3452
3444 3453
3444 3454
3444 3455
3444 3456
3444 3457
3445 3446
3445 3447
3445 3448
3445 3449
3445 3450
3445 3451
3445 3452
3445 3453
3445 3454
3445 3455
3445 3456
3445 3457
3446 3447
3446 3448
3446 3449
3446 3450
3446 3451
3446 3452
3446 3453
3446 3454
3446 3455
3446 3456
3446 3457
3447 3448
3447 3449
3447 3450
3447 3451
3447 3452
3447 3453
3447 3454
3447 3455
3447 3456
3447 3457
3448 3449
3448 3450
3448 3451
3448 3452
3448 3453
3448 3454
3448 3455
3448 3456
3448 3457
3449 3450
3449 3451
3449 3452
3449 3453
3449 3454
3449 3455
3449 3456
3449 3457
3450 3451
3450 3452
3450 3453
3450 3454
3450 3455
3450 3456
3450 3457
3451 3452
3451 3453
3451 3454
3451 3455
3451 3456
3451 3457
3452 3453
3452 3454
3452 3455
3452 3456
3452 3457
3453 3454
3453 3455
3453 3456
3453 3457
3454 3455
3454 3456
3454 3457
3455 3456
3455 3457
3456 3457
559 865
559 1349
559 2274
559 2279
559 2300
559 2640
559 2676
559 3277
559 3344
559 3458
559 3459
559 3460
559 3461
559 3462
559 3463
559 3464
559 3465
559 3466
559 3467
559 3468
559 3469
559 3470
865 1349
865 2274
865 2279
865 2300
865 2640
865 2676
865 3277
865 3344
865 3458
865 3459
865 3460
865 3461
865 3462
865 3463
865 3464
865 3465
865 3466
865 3467
865 3468
865 3469
865 3470
1349 2274
1349 2279
1349 2300
1349 2640
1349 2676
1349 3277
1349 3344
1349 3458
1349 3459
1349 3460
1349 3461
1349 3462
1349 3463
1349 3464
1349 3465
1349 3466
1349 3467
1349 3468
1349 3469
1349 3470
2274 2279
2274 2300
2274 2640
2274 2676
2274 3277
2274 3344
2274 3458
2274 3459
2274 3460
2274 3461
2274 3462
2274 3463
2274 3464
2274 3465
2274 3466
2274 3467
2274 3468
2274 3469
2274 3470
2279 2300
2279 2640
2279 2676
2279 3277
2279 3344
2279 3458
2279 3459
2279 3460
2279 3461
2279 3462
2279 3463
2279 3464
2279 3465
2279 3466
2279 3467
2279 3468
2279 3469
2279 3470
2300 2640
2300 2676
2300 3277
2300 3344
2300 3458
2300 3459
2300 3460
2300 3461
2300 3462
2300 3463
2300 3464
2300 3465
2300 3466
2300 3467
2300 3468
2300 3469
2300 3470
2640 2676
2640 3277
2640 3344
2640 3458
2640 3459
2640 3460
2640 3461
2640 3462
2640 3463
2640 3464
2640 3465
2640 3466
2640 3467
2640 3468
2640 3469
2640 3470
2676 3277
2676 3344
2676 3458
2676 3459
2676 3460
2676 3461
2676 3462
2676 3463
2676 3464
2676 3465
2676 3466
2676 3467
2676 3468
2676 3469
2676 3470
3277 3344
3277 3458
3277 3459
3277 3460
3277 3461
3277 3462
3277 3463
3277 3464
3277 3465
3277 3466
3277 3467
3277 3468
3277 3469
3277 3470
3344 3458
3344 3459
3344 3460
3344 3461
3344 3462
3344 3463
3344 3464
3344 3465
3344 3466
3344 3467
3344 3468
3344 3469
3344 3470
3458 3459
3458 3460
3458 3461
3458 3462
3458 3463
3458 3464
3458 3465
3458 3466
3458 3467
3458 3468
3458 3469
3458 3470
3459 3460
3459 3461
3459 3462
3459 3463
3459 3464
3459 3465
3459 3466
3459 3467
3459 3468
3459 3469
3459 3470
3460 3461
3460 3462
3460 3463
3460 3464
3460 3465
3460 3466
3460 3467
3460 3468
3460 3469
3460 3470
3461 3462
3461 3463
3461 3464
3461 3465
3461 3466
3461 3467
3461 3468
3461 3469
3461 3470
3462 3463
3462 3464
3462 3465
3462 3466
3462 3467
3462 3468
3462 3469
3462 3470
3463 3464
3463 3465
3463 3466
3463 3467
3463 3468
3463 3469
3463 3470
3464 3465
3464 3466
3464 3467
3464 3468
3464 3469
3464 3470
3465 3466
3465 3467
3465 3468
3465 3469
3465 3470
3466 3467
3466 3468
3466 3469
3466 3470
3467 3468
3467 3469
3467 3470
3468 3469
3468 3470
3469 3470
560 893
560 980
560 1888
560 2852
560 3471
560 3472
560 3473
560 3474
893 980
893 1888
893 2852
893 3471
893 3472
893 3473
893 3474
980 1888
980 2852
980 3471
980 3472
980 3473
980 3474
1888 2852
1888 3471
1888 3472
1888 3473
1888 3474
2852 3471
2852 3472
2852 3473
2852 3474
3471 3472
3471 3473
3471 3474
3472 3473
3472 3474
3473 3474
562 869
562 1407
562 2445
562 2618
562 2711
562 3475
562 3476
869 1407
869 2445
869 2618
869 2711
869 3475
869 3476
1407 2445
1407 2618
1407 2711
1407 3475
1407 3476
2445 2618
2445 2711
2445 3475
2445 3476
2618 2711
2618 3475
2618 3476
2711 3475
2711 3476
3475 3476
565 862
565 988
565 1710
565 2466
565 2490
565 3458
565 3477
565 3478
565 3479
862 988
862 1710
862 2466
862 2490
862 3458
862 3477
862 3478
862 3479
988 1710
988 2466
988 2490
988 3458
988 3477
988 3478
988 3479
1710 2466
1710 2490
1710 3458
1710 3477
1710 3478
1710 3479
2466 2490
2466 3458
2466 3477
2466 3478
2466 3479
2490 3458
2490 3477
2490 3478
2490 3479
3458 3477
3458 3478
3458 3479
3477 3478
3477 3479
3478 3479
567 3480
568 3481
568 3482
568 3483
568 3484
568 3485
3481 3482
3481 3483
3481 3484
3481 3485
3482 3483
3482 3484
3482 3485
3483 3484
3483 3485
3484 3485
569 864
569 1668
569 1898
569 2024
569 2589
569 3053
569 3459
569 3471
569 3479
569 3481
569 3486
569 3487
569 3488
569 3489
569 3490
569 3491
569 3492
569 3493
569 3494
864 1668
864 1898
864 2024
864 2589
864 3053
864 3459
864 3471
864 3479
864 3481
864 3486
864 3487
864 3488
864 3489
864 3490
864 3491
864 3492
864 3493
864 3494
1668 1898
1668 2024
1668 2589
1668 3053
1668 3459
1668 3471
1668 3479
1668 3481
1668 3486
1668 3487
1668 3488
1668 3489
1668 3490
1668 3491
1668 3492
1668 3493
1668 3494
1898 2024
1898 2589
1898 3053
1898 3459
1898 3471
1898 3479
1898 3481
1898 3486
1898 3487
1898 3488
1898 3489
1898 3490
1898 3491
1898 3492
1898 3493
1898 3494
2024 2589
2024 3053
2024 3459
2024 3471
2024 3479
2024 3481
2024 3486
2024 3487
2024 3488
2024 3489
2024 3490
2024 3491
2024 3492
2024 3493
2024 3494
2589 3053
2589 3459
2589 3471
2589 3479
2589 3481
2589 3486
2589 3487
2589 3488
2589 3489
2589 3490
2589 3491
2589 3492
2589 3493
2589 3494
3053 3459
3053 3471
3053 3479
3053 3481
3053 3486
3053 3487
3053 3488
3053 3489
3053 3490
3053 3491
3053 3492
3053 3493
3053 3494
3459 3471
3459 3479
3459 3481
3459 3486
3459 3487
3459 3488
3459 3489
3459 3490
3459 3491
3459 3492
3459 3493
3459 3494
3471 3479
3471 3481
3471 3486
3471 3487
3471 3488
3471 3489
3471 3490
3471 3491
3471 3492
3471 3493
3471 3494
3479 3481
3479 3486
3479 3487
3479 3488
3479 3489
3479 3490
3479 3491
3479 3492
3479 3493
3479 3494
3481 3486
3481 3487
3481 3488
3481 3489
3481 3490
3481 3491
3481 3492
3481 3493
3481 3494
3486 3487
3486 3488
3486 3489
3486 3490
3486 3491
3486 3492
3486 3493
3486 3494
3487 3488
3487 3489
3487 3490
3487 3491
3487 3492
3487 3493
3487 3494
3488 3489
3488 3490
3488 3491
3488 3492
3488 3493
3488 3494
3489 3490
3489 3491
3489 3492
3489 3493
3489 3494
3490 3491
3490 3492
3490 3493
3490 3494
3491 3492
3491 3493
3491 3494
3492 3493
3492 3494
3493 3494
571 1358
571 2431
571 2602
571 3240
571 3482
571 3486
571 3495
571 3496
571 3497
1358 2431
1358 2602
1358 3240
1358 3482
1358 3486
1358 3495
1358 3496
1358 3497
2431 2602
2431 3240
2431 3482
2431 3486
2431 3495
2431 3496
2431 3497
2602 3240
2602 3482
2602 3486
2602 3495
2602 3496
2602 3497
3240 3482
3240 3486
3240 3495
3240 3496
3240 3497
3482 3486
3482 3495
3482 3496
3482 3497
3486 3495
3486 3496
3486 3497
3495 3496
3495 3497
3496 3497
573 866
573 1901
573 2469
573 2582
573 3469
573 3472
573 3475
573 3487
573 3498
866 1901
866 2469
866 2582
866 3469
866 3472
866 3475
866 3487
866 3498
1901 2469
1901 2582
1901 3469
1901 3472
1901 3475
1901 3487
1901 3498
2469 2582
2469 3469
2469 3472
2469 3475
2469 3487
2469 3498
2582 3469
2582 3472
2582 3475
2582 3487
2582 3498
3469 3472
3469 3475
3469 3487
3469 3498
3472 3475
3472 3487
3472 3498
3475 3487
3475 3498
3487 3498
574 3484
574 3495
574 3499
574 3500
574 3501
3484 3495
3484 3499
3484 3500
3484 3501
3495 3499
3495 3500
3495 3501
3499 3500
3499 3501
3500 3501
575 868
575 1000
575 1406
575 1593
575 1699
575 2269
575 2313
575 2495
575 2514
575 2528
575 2641
575 2651
575 2710
575 3235
575 3262
575 3502
575 3503
575 3504
575 3505
575 3506
575 3507
575 3508
575 3509
868 1000
868 1406
868 1593
868 1699
868 2269
868 2313
868 2495
868 2514
868 2528
868 2641
868 2651
868 2710
868 3235
868 3262
868 3502
868 3503
868 3504
868 3505
868 3506
868 3507
868 3508
868 3509
1000 1406
1000 1593
1000 1699
1000 2269
1000 2313
1000 2495
1000 2514
1000 2528
1000 2641
1000 2651
1000 2710
1000 3235
1000 3262
1000 3502
1000 3503
1000 3504
1000 3505
1000 3506
1000 3507
1000 3508
1000 3509
1406 1593
1406 1699
1406 2269
1406 2313
1406 2495
1406 2514
1406 2528
1406 2641
1406 2651
1406 2710
1406 3235
1406 3262
1406 3502
1406 3503
1406 3504
1406 3505
1406 3506
1406 3507
1406 3508
1406 3509
1593 1699
1593 2269
1593 2313
1593 2495
1593 2514
1593 2528
1593 2641
1593 2651
1593 2710
1593 3235
1593 3262
1593 3502
1593 3503
1593 3504
1593 3505
1593 3506
1593 3507
1593 3508
1593 3509
1699 2269
1699 2313
1699 2495
1699 2514
1699 2528
1699 2641
1699 2651
1699 2710
1699 3235
1699 3262
1699 3502
1699 3503
1699 3504
1699 3505
1699 3506
1699 3507
1699 3508
1699 3509
2269 2313
2269 2495
2269 2514
2269 2528
2269 2641
2269 2651
2269 2710
2269 3235
2269 3262
2269 3502
2269 3503
2269 3504
2269 3505
2269 3506
2269 3507
2269 3508
2269 3509
2313 2495
2313 2514
2313 2528
2313 2641
2313 2651
2313 2710
2313 3235
2313 3262
2313 3502
2313 3503
2313 3504
2313 3505
2313 3506
2313 3507
2313 3508
2313 3509
2495 2514
2495 2528
2495 2641
2495 2651
2495 2710
2495 3235
2495 3262
2495 3502
2495 3503
2495 3504
2495 3505
2495 3506
2495 3507
2495 3508
2495 3509
2514 2528
2514 2641
2514 2651
2514 2710
2514 3235
2514 3262
2514 3502
2514 3503
2514 3504
2514 3505
2514 3506
2514 3507
2514 3508
2514 3509
2528 2641
2528 2651
2528 2710
2528 3235
2528 3262
2528 3502
2528 3503
2528 3504
2528 3505
2528 3506
2528 3507
2528 3508
2528 3509
2641 2651
2641 2710
2641 3235
2641 3262
2641 3502
2641 3503
2641 3504
2641 3505
2641 3506
2641 3507
2641 3508
2641 3509
2651 2710
2651 3235
2651 3262
2651 3502
2651 3503
2651 3504
2651 3505
2651 3506
2651 3507
2651 3508
2651 3509
2710 3235
2710 3262
2710 3502
2710 3503
2710 3504
2710 3505
2710 3506
2710 3507
2710 3508
2710 3509
3235 3262
3235 3502
3235 3503
3235 3504
3235 3505
3235 3506
3235 3507
3235 3508
3235 3509
3262 3502
3262 3503
3262 3504
3262 3505
3262 3506
3262 3507
3262 3508
3262 3509
3502 3503
3502 3504
3502 3505
3502 3506
3502 3507
3502 3508
3502 3509
3503 3504
3503 3505
3503 3506
3503 3507
3503 3508
3503 3509
3504 3505
3504 3506
3504 3507
3504 3508
3504 3509
3505 3506
3505 3507
3505 3508
3505 3509
3506 3507
3506 3508
3506 3509
3507 3508
3507 3509
3508 3509
584 615
584 1210
584 1994
584 2951
584 3375
584 3510
584 3511
584 3512
584 3513
584 3514
584 3515
615 1210
615 1994
615 2951
615 3375
615 3510
615 3511
615 3512
615 3513
615 3514
615 3515
1210 1994
1210 2951
1210 3375
1210 3510
1210 3511
1210 3512
1210 3513
1210 3514
1210 3515
1994 2951
1994 3375
1994 3510
1994 3511
1994 3512
1994 3513
1994 3514
1994 3515
2951 3375
2951 3510
2951 3511
2951 3512
2951 3513
2951 3514
2951 3515
3375 3510
3375 3511
3375 3512
3375 3513
3375 3514
3375 3515
3510 3511
3510 3512
3510 3513
3510 3514
3510 3515
3511 3512
3511 3513
3511 3514
3511 3515
3512 3513
3512 3514
3512 3515
3513 3514
3513 3515
3514 3515
585 965
585 1848
585 1867
585 2059
585 2389
585 3203
585 3378
585 3401
585 3409
585 3516
585 3517
585 3518
585 3519
585 3520
585 3521
585 3522
585 3523
585 3524
585 3525
585 3526
585 3527
585 3528
965 1848
965 1867
965 2059
965 2389
965 3203
965 3378
965 3401
965 3409
965 3516
965 3517
965 3518
965 3519
965 3520
965 3521
965 3522
965 3523
965 3524
965 3525
965 3526
965 3527
965 3528
1848 1867
1848 2059
1848 2389
1848 3203
1848 3378
1848 3401
1848 3409
1848 3516
1848 3517
1848 3518
1848 3519
1848 3520
1848 3521
1848 3522
1848 3523
1848 3524
1848 3525
1848 3526
1848 3527
1848 3528
1867 2059
1867 2389
1867 3203
1867 3378
1867 3401
1867 3409
1867 3516
1867 3517
1867 3518
1867 3519
1867 3520
1867 3521
1867 3522
1867 3523
1867 3524
1867 3525
1867 3526
1867 3527
1867 3528
2059 2389
2059 3203
2059 3378
2059 3401
2059 3409
2059 3516
2059 3517
2059 3518
2059 3519
2059 3520
2059 3521
2059 3522
2059 3523
2059 3524
2059 3525
2059 3526
2059 3527
2059 3528
2389 3203
2389 3378
2389 3401
2389 3409
2389 3516
2389 3517
2389 3518
2389 3519
2389 3520
2389 3521
2389 3522
2389 3523
2389 3524
2389 3525
2389 3526
2389 3527
2389 3528
3203 3378
3203 3401
3203 3409
3203 3516
3203 3517
3203 3518
3203 3519
3203 3520
3203 3521
3203 3522
3203 3523
3203 3524
3203 3525
3203 3526
3203 3527
3203 3528
3378 3401
3378 3409
3378 3516
3378 3517
3378 3518
3378 3519
3378 3520
3378 3521
3378 3522
3378 3523
3378 3524
3378 3525
3378 3526
3378 3527
3378 3528
3401 3409
3401 3516
3401 3517
3401 3518
3401 3519
3401 3520
3401 3521
3401 3522
3401 3523
3401 3524
3401 3525
3401 3526
3401 3527
3401 3528
3409 3516
3409 3517
3409 3518
3409 3519
3409 3520
3409 3521
3409 3522
3409 3523
3409 3524
3409 3525
3409 3526
3409 3527
3409 3528
3516 3517
3516 3518
3516 3519
3516 3520
3516 3521
3516 3522
3516 3523
3516 3524
3516 3525
3516 3526
3516 3527
3516 3528
3517 3518
3517 3519
3517 3520
3517 3521
3517 3522
3517 3523
3517 3524
3517 3525
3517 3526
3517 3527
3517 3528
3518 3519
3518 3520
3518 3521
3518 3522
3518 3523
3518 3524
3518 3525
3518 3526
3518 3527
3518 3528
3519 3520
3519 3521
3519 3522
3519 3523
3519 3524
3519 3525
3519 3526
3519 3527
3519 3528
3520 3521
3520 3522
3520 3523
3520 3524
3520 3525
3520 3526
3520 3527
3520 3528
3521 3522
3521 3523
3521 3524
3521 3525
3521 3526
3521 3527
3521 3528
3522 3523
3522 3524
3522 3525
3522 3526
3522 3527
3522 3528
3523 3524
3523 3525
3523 3526
3523 3527
3523 3528
3524 3525
3524 3526
3524 3527
3524 3528
3525 3526
3525 3527
3525 3528
3526 3527
3526 3528
3527 3528
587 966
587 1666
587 1849
587 2014
587 2125
587 2390
587 3039
587 3049
587 3335
587 3523
587 3529
587 3530
587 3531
587 3532
587 3533
587 3534
587 3535
587 3536
587 3537
587 3538
587 3539
966 1666
966 1849
966 2014
966 2125
966 2390
966 3039
966 3049
966 3335
966 3523
966 3529
966 3530
966 3531
966 3532
966 3533
966 3534
966 3535
966 3536
966 3537
966 3538
966 3539
1666 1849
1666 2014
1666 2125
1666 2390
1666 3039
1666 3049
1666 3335
1666 3523
1666 3529
1666 3530
1666 3531
1666 3532
1666 3533
1666 3534
1666 3535
1666 3536
1666 3537
1666 3538
1666 3539
1849 2014
1849 2125
1849 2390
1849 3039
1849 3049
1849 3335
1849 3523
1849 3529
1849 3530
1849 3531
1849 3532
1849 3533
1849 3534
1849 3535
1849 3536
1849 3537
1849 3538
1849 3539
2014 2125
2014 2390
2014 3039
2014 3049
2014 3335
2014 3523
2014 3529
2014 3530
2014 3531
2014 3532
2014 3533
2014 3534
2014 3535
2014 3536
2014 3537
2014 3538
2014 3539
2125 2390
2125 3039
2125 3049
2125 3335
2125 3523
2125 3529
2125 3530
2125 3531
2125 3532
2125 3533
2125 3534
2125 3535
2125 3536
2125 3537
2125 3538
2125 3539
2390 3039
2390 3049
2390 3335
2390 3523
2390 3529
2390 3530
2390 3531
2390 3532
2390 3533
2390 3534
2390 3535
2390 3536
2390 3537
2390 3538
2390 3539
3039 3049
3039 3335
3039 3523
3039 3529
3039 3530
3039 3531
3039 3532
3039 3533
3039 3534
3039 3535
3039 3536
3039 3537
3039 3538
3039 3539
3049 3335
3049 3523
3049 3529
3049 3530
3049 3531
3049 3532
3049 3533
3049 3534
3049 3535
3049 3536
3049 3537
3049 3538
3049 3539
3335 3523
3335 3529
3335 3530
3335 3531
3335 3532
3335 3533
3335 3534
3335 3535
3335 3536
3335 3537
3335 3538
3335 3539
3523 3529
3523 3530
3523 3531
3523 3532
3523 3533
3523 3534
3523 3535
3523 3536
3523 3537
3523 3538
3523 3539
3529 3530
3529 3531
3529 3532
3529 3533
3529 3534
3529 3535
3529 3536
3529 3537
3529 3538
3529 3539
3530 3531
3530 3532
3530 3533
3530 3534
3530 3535
3530 3536
3530 3537
3530 3538
3530 3539
3531 3532
3531 3533
3531 3534
3531 3535
3531 3536
3531 3537
3531 3538
3531 3539
3532 3533
3532 3534
3532 3535
3532 3536
3532 3537
3532 3538
3532 3539
3533 3534
3533 3535
3533 3536
3533 3537
3533 3538
3533 3539
3534 3535
3534 3536
3534 3537
3534 3538
3534 3539
3535 3536
3535 3537
3535 3538
3535 3539
3536 3537
3536 3538
3536 3539
3537 3538
3537 3539
3538 3539
588 641
588 696
588 748
588 777
588 846
588 1003
588 1395
588 1832
588 1970
588 2032
588 2060
588 2090
588 2101
588 2148
588 2241
588 2601
588 2971
588 3309
588 3524
588 3540
588 3541
588 3542
588 3543
588 3544
588 3545
588 3546
588 3547
588 3548
588 3549
588 3550
588 3551
588 3552
588 3553
588 3554
588 3555
588 3556
588 3557
588 3558
641 696
641 748
641 777
641 846
641 1003
641 1395
641 1832
641 1970
641 2032
641 2060
641 2090
641 2101
641 2148
641 2241
641 2601
641 2971
641 3309
641 3524
641 3540
641 3541
641 3542
641 3543
641 3544
641 3545
641 3546
641 3547
641 3548
641 3549
641 3550
641 3551
641 3552
641 3553
641 3554
641 3555
641 3556
641 3557
641 3558
696 748
696 777
696 846
696 1003
696 1395
696 1832
696 1970
696 2032
696 2060
696 2090
696 2101
696 2148
696 2241
696 2601
696 2971
696 3309
696 3524
696 3540
696 3541
696 3542
696 3543
696 3544
696 3545
696 3546
696 3547
696 3548
696 3549
696 3550
696 3551
696 3552
696 3553
696 3554
696 3555
696 3556
696 3557
696 3558
748 777
748 846
748 1003
748 1395
748 1832
748 1970
748 2032
748 2060
748 2090
748 2101
748 2148
748 2241
748 2601
748 2971
748 3309
748 3524
748 3540
748 3541
748 3542
748 3543
748 3544
748 3545
748 3546
748 3547
748 3548
748 3549
748 3550
748 3551
748 3552
748 3553
748 3554
748 3555
748 3556
748 3557
748 3558
777 846
777 1003
777 1395
777 1832
777 1970
777 2032
777 2060
777 2090
777 2101
777 2148
777 2241
777 2601
777 2971
777 3309
777 3524
777 3540
777 3541
777 3542
777 3543
777 3544
777 3545
777 3546
777 3547
777 3548
777 3549
777 3550
777 3551
777 3552
777 3553
777 3554
777 3555
777 3556
777 3557
777 3558
846 1003
846 1395
846 1832
846 1970
846 2032
846 2060
846 2090
846 2101
846 2148
846 2241
846 2601
846 2971
846 3309
846 3524
846 3540
846 3541
846 3542
846 3543
846 3544
846 3545
846 3546
846 3547
846 3548
846 3549
846 3550
846 3551
846 3552
846 3553
846 3554
846 3555
846 3556
846 3557
846 3558
1003 1395
1003 1832
1003 1970
1003 2032
1003 2060
1003 2090
1003 2101
1003 2148
1003 2241
1003 2601
1003 2971
1003 3309
1003 3524
1003 3540
1003 3541
1003 3542
1003 3543
1003 3544
1003 3545
1003 3546
1003 3547
1003 3548
1003 3549
1003 3550
1003 3551
1003 3552
1003 3553
1003 3554
1003 3555
1003 3556
1003 3557
1003 3558
1395 1832
1395 1970
1395 2032
1395 2060
1395 2090
1395 2101
1395 2148
1395 2241
1395 2601
1395 2971
1395 3309
1395 3524
1395 3540
1395 3541
1395 3542
1395 3543
1395 3544
1395 3545
1395 3546
1395 3547
1395 3548
1395 3549
1395 3550
1395 3551
1395 3552
1395 3553
1395 3554
1395 3555
1395 3556
1395 3557
1395 3558
1832 1970
1832 2032
1832 2060
1832 2090
1832 2101
1832 2148
1832 2241
1832 2601
1832 2971
1832 3309
1832 3524
1832 3540
1832 3541
1832 3542
1832 3543
1832 3544
1832 3545
1832 3546
1832 3547
1832 3548
1832 3549
1832 3550
1832 3551
1832 3552
1832 3553
1832 3554
1832 3555
1832 3556
1832 3557
1832 3558
1970 2032
1970 2060
1970 2090
1970 2101
1970 2148
1970 2241
1970 2601
1970 2971
1970 3309
1970 3524
1970 3540
1970 3541
1970 3542
1970 3543
1970 3544
1970 3545
1970 3546
1970 3547
1970 3548
1970 3549
1970 3550
1970 3551
1970 3552
1970 3553
1970 3554
1970 3555
1970 3556
1970 3557
1970 3558
2032 2060
2032 2090
2032 2101
2032 2148
2032 2241
2032 2601
2032 2971
2032 3309
2032 3524
2032 3540
2032 3541
2032 3542
2032 3543
2032 3544
2032 3545
2032 3546
2032 3547
2032 3548
2032 3549
2032 3550
2032 3551
2032 3552
2032 3553
2032 3554
2032 3555
2032 3556
2032 3557
2032 3558
2060 2090
2060 2101
2060 2148
2060 2241
2060 2601
2060 2971
2060 3309
2060 3524
2060 3540
2060 3541
2060 3542
2060 3543
2060 3544
2060 3545
2060 3546
2060 3547
2060 3548
2060 3549
2060 3550
2060 3551
2060 3552
2060 3553
2060 3554
2060 3555
2060 3556
2060 3557
2060 3558
2090 2101
2090 2148
2090 2241
2090 2601
2090 2971
2090 3309
2090 3524
2090 3540
2090 3541
2090 3542
2090 3543
2090 3544
2090 3545
2090 3546
2090 3547
2090 3548
2090 3549
2090 3550
2090 3551
2090 3552
2090 3553
2090 3554
2090 3555
2090 3556
2090 3557
2090 3558
2101 2148
2101 2241
2101 2601
2101 2971
2101 3309
2101 3524
2101 3540
2101 3541
2101 3542
2101 3543
2101 3544
2101 3545
2101 3546
2101 3547
2101 3548
2101 3549
2101 3550
2101 3551
2101 3552
2101 3553
2101 3554
2101 3555
2101 3556
2101 3557
2101 3558
2148 2241
2148 2601
2148 2971
2148 3309
2148 3524
2148 3540
2148 3541
2148 3542
2148 3543
2148 3544
2148 3545
2148 3546
2148 3547
2148 3548
2148 3549
2148 3550
2148 3551
2148 3552
2148 3553
2148 3554
2148 3555
2148 3556
2148 3557
2148 3558
2241 2601
2241 2971
2241 3309
2241 3524
2241 3540
2241 3541
2241 3542
2241 3543
2241 3544
2241 3545
2241 3546
2241 3547
2241 3548
2241 3549
2241 3550
2241 3551
2241 3552
2241 3553
2241 3554
2241 3555
2241 3556
2241 3557
2241 3558
2601 2971
2601 3309
2601 3524
2601 3540
2601 3541
2601 3542
2601 3543
2601 3544
2601 3545
2601 3546
2601 3547
2601 3548
2601 3549
2601 3550
2601 3551
2601 3552
2601 3553
2601 3554
2601 3555
2601 3556
2601 3557
2601 3558
2971 3309
2971 3524
2971 3540
2971 3541
2971 3542
2971 3543
2971 3544
2971 3545
2971 3546
2971 3547
2971 3548
2971 3549
2971 3550
2971 3551
2971 3552
2971 3553
2971 3554
2971 3555
2971 3556
2971 3557
2971 3558
3309 3524
3309 3540
3309 3541
3309 3542
3309 3543
3309 3544
3309 3545
3309 3546
3309 3547
3309 3548
3309 3549
3309 3550
3309 3551
3309 3552
3309 3553
3309 3554
3309 3555
3309 3556
3309 3557
3309 3558
3524 3540
3524 3541
3524 3542
3524 3543
3524 3544
3524 3545
3524 3546
3524 3547
3524 3548
3524 3549
3524 3550
3524 3551
3524 3552
3524 3553
3524 3554
3524 3555
3524 3556
3524 3557
3524 3558
3540 3541
3540 3542
3540 3543
3540 3544
3540 3545
3540 3546
3540 3547
3540 3548
3540 3549
3540 3550
3540 3551
3540 3552
3540 3553
3540 3554
3540 3555
3540 3556
3540 3557
3540 3558
3541 3542
3541 3543
3541 3544
3541 3545
3541 3546
3541 3547
3541 3548
3541 3549
3541 3550
3541 3551
3541 3552
3541 3553
3541 3554
3541 3555
3541 3556
3541 3557
3541 3558
3542 3543
3542 3544
3542 3545
3542 3546
3542 3547
3542 3548
3542 3549
3542 3550
3542 3551
3542 3552
3542 3553
3542 3554
3542 3555
3542 3556
3542 3557
3542 3558
3543 3544
3543 3545
3543 3546
3543 3547
3543 3548
3543 3549
3543 3550
3543 3551
3543 3552
3543 3553
3543 3554
3543 3555
3543 3556
3543 3557
3543 3558
3544 3545
3544 3546
3544 3547
3544 3548
3544 3549
3544 3550
3544 3551
3544 3552
3544 3553
3544 3554
3544 3555
3544 3556
3544 3557
3544 3558
3545 3546
3545 3547
3545 3548
3545 3549
3545 3550
3545 3551
3545 3552
3545 3553
3545 3554
3545 3555
3545 3556
3545 3557
3545 3558
3546 3547
3546 3548
3546 3549
3546 3550
3546 3551
3546 3552
3546 3553
3546 3554
3546 3555
3546 3556
3546 3557
3546 3558
3547 3548
3547 3549
3547 3550
3547 3551
3547 3552
3547 3553
3547 3554
3547 3555
3547 3556
3547 3557
3547 3558
3548 3549
3548 3550
3548 3551
3548 3552
3548 3553
3548 3554
3548 3555
3548 3556
3548 3557
3548 3558
3549 3550
3549 3551
3549 3552
3549 3553
3549 3554
3549 3555
3549 3556
3549 3557
3549 3558
3550 3551
3550 3552
3550 3553
3550 3554
3550 3555
3550 3556
3550 3557
3550 3558
3551 3552
3551 3553
3551 3554
3551 3555
3551 3556
3551 3557
3551 3558
3552 3553
3552 3554
3552 3555
3552 3556
3552 3557
3552 3558
3553 3554
3553 3555
3553 3556
3553 3557
3553 3558
3554 3555
3554 3556
3554 3557
3554 3558
3555 3556
3555 3557
3555 3558
3556 3557
3556 3558
3557 3558
589 749
589 807
589 894
589 941
589 968
589 1339
589 1376
589 1594
589 1694
589 1725
589 2061
589 2244
589 2510
589 2569
589 3015
589 3051
589 3068
589 3167
589 3220
589 3310
589 3525
589 3536
589 3559
589 3560
589 3561
589 3562
589 3563
589 3564
589 3565
589 3566
589 3567
589 3568
589 3569
589 3570
589 3571
589 3572
589 3573
589 3574
589 3575
589 3576
589 3577
589 3578
589 3579
589 3580
589 3581
589 3582
589 3583
589 3584
589 3585
589 3586
589 3587
749 807
749 894
749 941
749 968
749 1339
749 1376
749 1594
749 1694
749 1725
749 2061
749 2244
749 2510
749 2569
749 3015
749 3051
749 3068
749 3167
749 3220
749 3310
749 3525
749 3536
749 3559
749 3560
749 3561
749 3562
749 3563
749 3564
749 3565
749 3566
749 3567
749 3568
749 3569
749 3570
749 3571
749 3572
749 3573
749 3574
749 3575
749 3576
749 3577
749 3578
749 3579
749 3580
749 3581
749 3582
749 3583
749 3584
749 3585
749 3586
749 3587
807 894
807 941
807 968
807 1339
807 1376
807 1594
807 1694
807 1725
807 2061
807 2244
807 2510
807 2569
807 3015
807 3051
807 3068
807 3167
807 3220
807 3310
807 3525
807 3536
807 3559
807 3560
807 3561
807 3562
807 3563
807 3564
807 3565
807 3566
807 3567
807 3568
807 3569
807 3570
807 3571
807 3572
807 3573
807 3574
807 3575
807 3576
807 3577
807 3578
807 3579
807 3580
807 3581
807 3582
807 3583
807 3584
807 3585
807 3586
807 3587
894 941
894 968
894 1339
894 1376
894 1594
894 1694
894 1725
894 2061
894 2244
894 2510
894 2569
894 3015
894 3051
894 3068
894 3167
894 3220
894 3310
894 3525
894 3536
894 3559
894 3560
894 3561
894 3562
894 3563
894 3564
894 3565
894 3566
894 3567
894 3568
894 3569
894 3570
894 3571
894 3572
894 3573
894 3574
894 3575
894 3576
894 3577
894 3578
894 3579
894 3580
894 3581
894 3582
894 3583
894 3584
894 3585
894 3586
894 3587
941 968
941 1339
941 1376
941 1594
941 1694
941 1725
941 2061
941 2244
941 2510
941 2569
941 3015
941 3051
941 3068
941 3167
941 3220
941 3310
941 3525
941 3536
941 3559
941 3560
941 3561
941 3562
941 3563
941 3564
941 3565
941 3566
941 3567
941 3568
941 3569
941 3570
941 3571
941 3572
941 3573
941 3574
941 3575
941 3576
941 3577
941 3578
941 3579
941 3580
941 3581
941 3582
941 3583
941 3584
941 3585
941 3586
941 3587
968 1339
968 1376
968 1594
968 1694
968 1725
968 2061
968 2244
968 2510
968 2569
968 3015
968 3051
968 3068
968 3167
968 3220
968 3310
968 3525
968 3536
968 3559
968 3560
968 3561
968 3562
968 3563
968 3564
968 3565
968 3566
968 3567
968 3568
968 3569
968 3570
968 3571
968 3572
968 3573
968 3574
968 3575
968 3576
968 3577
968 3578
968 3579
968 3580
968 3581
968 3582
968 3583
968 3584
968 3585
968 3586
968 3587
1339 1376
1339 1594
1339 1694
1339 1725
1339 2061
1339 2244
1339 2510
1339 2569
1339 3015
1339 3051
1339 3068
1339 3167
1339 3220
1339 3310
1339 3525
1339 3536
1339 3559
1339 3560
1339 3561
1339 3562
1339 3563
1339 3564
1339 3565
1339 3566
1339 3567
1339 3568
1339 3569
1339 3570
1339 3571
1339 3572
1339 3573
1339 3574
1339 3575
1339 3576
1339 3577
1339 3578
1339 3579
1339 3580
1339 3581
1339 3582
1339 3583
1339 3584
1339 3585
1339 3586
1339 3587
1376 1594
1376 1694
1376 1725
1376 2061
1376 2244
1376 2510
1376 2569
1376 3015
1376 3051
1376 3068
1376 3167
1376 3220
1376 3310
1376 3525
1376 3536
1376 3559
1376 3560
1376 3561
1376 3562
1376 3563
1376 3564
1376 3565
1376 3566
1376 3567
1376 3568
1376 3569
1376 3570
1376 3571
1376 3572
1376 3573
1376 3574
1376 3575
1376 3576
1376 3577
1376 3578
1376 3579
1376 3580
1376 3581
1376 3582
1376 3583
1376 3584
1376 3585
1376 3586
1376 3587
1594 1694
1594 1725
1594 2061
1594 2244
1594 2510
1594 2569
1594 3015
1594 3051
1594 3068
1594 3167
1594 3220
1594 3310
1594 3525
1594 3536
1594 3559
1594 3560
1594 3561
1594 3562
1594 3563
1594 3564
1594 3565
1594 3566
1594 3567
1594 3568
1594 3569
1594 3570
1594 3571
1594 3572
1594 3573
1594 3574
1594 3575
1594 3576
1594 3577
1594 3578
1594 3579
1594 3580
1594 3581
1594 3582
1594 3583
1594 3584
1594 3585
1594 3586
1594 3587
1694 1725
1694 2061
1694 2244
1694 2510
1694 2569
1694 3015
1694 3051
1694 3068
1694 3167
1694 3220
1694 3310
1694 3525
1694 3536
1694 3559
1694 3560
1694 3561
1694 3562
1694 3563
1694 3564
1694 3565
1694 3566
1694 3567
1694 3568
1694 3569
1694 3570
1694 3571
1694 3572
1694 3573
1694 3574
1694 3575
1694 3576
1694 3577
1694 3578
1694 3579
1694 3580
1694 3581
1694 3582
1694 3583
1694 3584
1694 3585
1694 3586
1694 3587
1725 2061
1725 2244
1725 2510
1725 2569
1725 3015
1725 3051
1725 3068
1725 3167
1725 3220
1725 3310
1725 3525
1725 3536
1725 3559
1725 3560
1725 3561
1725 3562
1725 3563
1725 3564
1725 3565
1725 3566
1725 3567
1725 3568
1725 3569
1725 3570
1725 3571
1725 3572
1725 3573
1725 3574
1725 3575
1725 3576
1725 3577
1725 3578
1725 3579
1725 3580
1725 3581
1725 3582
1725 3583
1725 3584
1725 3585
1725 3586
1725 3587
2061 2244
2061 2510
2061 2569
2061 3015
2061 3051
2061 3068
2061 3167
2061 3220
2061 3310
2061 3525
2061 3536
2061 3559
2061 3560
2061 3561
2061 3562
2061 3563
2061 3564
2061 3565
2061 3566
2061 3567
2061 3568
2061 3569
2061 3570
2061 3571
2061 3572
2061 3573
2061 3574
2061 3575
2061 3576
2061 3577
2061 3578
2061 3579
2061 3580
2061 3581
2061 3582
2061 3583
2061 3584
2061 3585
2061 3586
2061 3587
2244 2510
2244 2569
2244 3015
2244 3051
2244 3068
2244 3167
2244 3220
2244 3310
2244 3525
2244 3536
2244 3559
2244 3560
2244 3561
2244 3562
2244 3563
2244 3564
2244 3565
2244 3566
2244 3567
2244 3568
2244 3569
2244 3570
2244 3571
2244 3572
2244 3573
2244 3574
2244 3575
2244 3576
2244 3577
2244 3578
2244 3579
2244 3580
2244 3581
2244 3582
2244 3583
2244 3584
2244 3585
2244 3586
2244 3587
2510 2569
2510 3015
2510 3051
2510 3068
2510 3167
2510 3220
2510 3310
2510 3525
2510 3536
2510 3559
2510 3560
2510 3561
2510 3562
2510 3563
2510 3564
2510 3565
2510 3566
2510 3567
2510 3568
2510 3569
2510 3570
2510 3571
2510 3572
2510 3573
2510 3574
2510 3575
2510 3576
2510 3577
2510 3578
2510 3579
2510 3580
2510 3581
2510 3582
2510 3583
2510 3584
2510 3585
2510 3586
2510 3587
2569 3015
2569 3051
2569 3068
2569 3167
2569 3220
2569 3310
2569 3525
2569 3536
2569 3559
2569 3560
2569 3561
2569 3562
2569 3563
2569 3564
2569 3565
2569 3566
2569 3567
2569 3568
2569 3569
2569 3570
2569 3571
2569 3572
2569 3573
2569 3574
2569 3575
2569 3576
2569 3577
2569 3578
2569 3579
2569 3580
2569 3581
2569 3582
2569 3583
2569 3584
2569 3585
2569 3586
2569 3587
3015 3051
3015 3068
3015 3167
3015 3220
3015 3310
3015 3525
3015 3536
3015 3559
3015 3560
3015 3561
3015 3562
3015 3563
3015 3564
3015 3565
3015 3566
3015 3567
3015 3568
3015 3569
3015 3570
3015 3571
3015 3572
3015 3573
3015 3574
3015 3575
3015 3576
3015 3577
3015 3578
3015 3579
3015 3580
3015 3581
3015 3582
3015 3583
3015 3584
3015 3585
3015 3586
3015 3587
3051 3068
3051 3167
3051 3220
3051 3310
3051 3525
3051 3536
3051 3559
3051 3560
3051 3561
3051 3562
3051 3563
3051 3564
3051 3565
3051 3566
3051 3567
3051 3568
3051 3569
3051 3570
3051 3571
3051 3572
3051 3573
3051 3574
3051 3575
3051 3576
3051 3577
3051 3578
3051 3579
3051 3580
3051 3581
3051 3582
3051 3583
3051 3584
3051 3585
3051 3586
3051 3587
3068 3167
3068 3220
3068 3310
3068 3525
3068 3536
3068 3559
3068 3560
3068 3561
3068 3562
3068 3563
3068 3564
3068 3565
3068 3566
3068 3567
3068 3568
3068 3569
3068 3570
3068 3571
3068 3572
3068 3573
3068 3574
3068 3575
3068 3576
3068 3577
3068 3578
3068 3579
3068 3580
3068 3581
3068 3582
3068 3583
3068 3584
3068 3585
3068 3586
3068 3587
3167 3220
3167 3310
3167 3525
3167 3536
3167 3559
3167 3560
3167 3561
3167 3562
3167 3563
3167 3564
3167 3565
3167 3566
3167 3567
3167 3568
3167 3569
3167 3570
3167 3571
3167 3572
3167 3573
3167 3574
3167 3575
3167 3576
3167 3577
3167 3578
3167 3579
3167 3580
3167 3581
3167 3582
3167 3583
3167 3584
3167 3585
3167 3586
3167 3587
3220 3310
3220 3525
3220 3536
3220 3559
3220 3560
3220 3561
3220 3562
3220 3563
3220 3564
3220 3565
3220 3566
3220 3567
3220 3568
3220 3569
3220 3570
3220 3571
3220 3572
3220 3573
3220 3574
3220 3575
3220 3576
3220 3577
3220 3578
3220 3579
3220 3580
3220 3581
3220 3582
3220 3583
3220 3584
3220 3585
3220 3586
3220 3587
3310 3525
3310 3536
3310 3559
3310 3560
3310 3561
3310 3562
3310 3563
3310 3564
3310 3565
3310 3566
3310 3567
3310 3568
3310 3569
3310 3570
3310 3571
3310 3572
3310 3573
3310 3574
3310 3575
3310 3576
3310 3577
3310 3578
3310 3579
3310 3580
3310 3581
3310 3582
3310 3583
3310 3584
3310 3585
3310 3586
3310 3587
3525 3536
3525 3559
3525 3560
3525 3561
3525 3562
3525 3563
3525 3564
3525 3565
3525 3566
3525 3567
3525 3568
3525 3569
3525 3570
3525 3571
3525 3572
3525 3573
3525 3574
3525 3575
3525 3576
3525 3577
3525 3578
3525 3579
3525 3580
3525 3581
3525 3582
3525 3583
3525 3584
3525 3585
3525 3586
3525 3587
3536 3559
3536 3560
3536 3561
3536 3562
3536 3563
3536 3564
3536 3565
3536 3566
3536 3567
3536 3568
3536 3569
3536 3570
3536 3571
3536 3572
3536 3573
3536 3574
3536 3575
3536 3576
3536 3577
3536 3578
3536 3579
3536 3580
3536 3581
3536 3582
3536 3583
3536 3584
3536 3585
3536 3586
3536 3587
3559 3560
3559 3561
3559 3562
3559 3563
3559 3564
3559 3565
3559 3566
3559 3567
3559 3568
3559 3569
3559 3570
3559 3571
3559 3572
3559 3573
3559 3574
3559 3575
3559 3576
3559 3577
3559 3578
3559 3579
3559 3580
3559 3581
3559 3582
3559 3583
3559 3584
3559 3585
3559 3586
3559 3587
3560 3561
3560 3562
3560 3563
3560 3564
3560 3565
3560 3566
3560 3567
3560 3568
3560 3569
3560 3570
3560 3571
3560 3572
3560 3573
3560 3574
3560 3575
3560 3576
3560 3577
3560 3578
3560 3579
3560 3580
3560 3581
3560 3582
3560 3583
3560 3584
3560 3585
3560 3586
3560 3587
3561 3562
3561 3563
3561 3564
3561 3565
3561 3566
3561 3567
3561 3568
3561 3569
3561 3570
3561 3571
3561 3572
3561 3573
3561 3574
3561 3575
3561 3576
3561 3577
3561 3578
3561 3579
3561 3580
3561 3581
3561 3582
3561 3583
3561 3584
3561 3585
3561 3586
3561 3587
3562 3563
3562 3564
3562 3565
3562 3566
3562 3567
3562 3568
3562 3569
3562 3570
3562 3571
3562 3572
3562 3573
3562 3574
3562 3575
3562 3576
3562 3577
3562 3578
3562 3579
3562 3580
3562 3581
3562 3582
3562 3583
3562 3584
3562 3585
3562 3586
3562 3587
3563 3564
3563 3565
3563 3566
3563 3567
3563 3568
3563 3569
3563 3570
3563 3571
3563 3572
3563 3573
3563 3574
3563 3575
3563 3576
3563 3577
3563 3578
3563 3579
3563 3580
3563 3581
3563 3582
3563 3583
3563 3584
3563 3585
3563 3586
3563 3587
3564 3565
3564 3566
3564 3567
3564 3568
3564 3569
3564 3570
3564 3571
3564 3572
3564 3573
3564 3574
3564 3575
3564 3576
3564 3577
3564 3578
3564 3579
3564 3580
3564 3581
3564 3582
3564 3583
3564 3584
3564 3585
3564 3586
3564 3587
3565 3566
3565 3567
3565 3568
3565 3569
3565 3570
3565 3571
3565 3572
3565 3573
3565 3574
3565 3575
3565 3576
3565 3577
3565 3578
3565 3579
3565 3580
3565 3581
3565 3582
3565 3583
3565 3584
3565 3585
3565 3586
3565 3587
3566 3567
3566 3568
3566 3569
3566 3570
3566 3571
3566 3572
3566 3573
3566 3574
3566 3575
3566 3576
3566 3577
3566 3578
3566 3579
3566 3580
3566 3581
3566 3582
3566 3583
3566 3584
3566 3585
3566 3586
3566 3587
3567 3568
3567 3569
3567 3570
3567 3571
3567 3572
3567 3573
3567 3574
3567 3575
3567 3576
3567 3577
3567 3578
3567 3579
3567 3580
3567 3581
3567 3582
3567 3583
3567 3584
3567 3585
3567 3586
3567 3587
3568 3569
3568 3570
3568 3571
3568 3572
3568 3573
3568 3574
3568 3575
3568 3576
3568 3577
3568 3578
3568 3579
3568 3580
3568 3581
3568 3582
3568 3583
3568 3584
3568 3585
3568 3586
3568 3587
3569 3570
3569 3571
3569 3572
3569 3573
3569 3574
3569 3575
3569 3576
3569 3577
3569 3578
3569 3579
3569 3580
3569 3581
3569 3582
3569 3583
3569 3584
3569 3585
3569 3586
3569 3587
3570 3571
3570 3572
3570 3573
3570 3574
3570 3575
3570 3576
3570 3577
3570 3578
3570 3579
3570 3580
3570 3581
3570 3582
3570 3583
3570 3584
3570 3585
3570 3586
3570 3587
3571 3572
3571 3573
3571 3574
3571 3575
3571 3576
3571 3577
3571 3578
3571 3579
3571 3580
3571 3581
3571 3582
3571 3583
3571 3584
3571 3585
3571 3586
3571 3587
3572 3573
3572 3574
3572 3575
3572 3576
3572 3577
3572 3578
3572 3579
3572 3580
3572 3581
3572 3582
3572 3583
3572 3584
3572 3585
3572 3586
3572 3587
3573 3574
3573 3575
3573 3576
3573 3577
3573 3578
3573 3579
3573 3580
3573 3581
3573 3582
3573 3583
3573 3584
3573 3585
3573 3586
3573 3587
3574 3575
3574 3576
3574 3577
3574 3578
3574 3579
3574 3580
3574 3581
3574 3582
3574 3583
3574 3584
3574 3585
3574 3586
3574 3587
3575 3576
3575 3577
3575 3578
3575 3579
3575 3580
3575 3581
3575 3582
3575 3583
3575 3584
3575 3585
3575 3586
3575 3587
3576 3577
3576 3578
3576 3579
3576 3580
3576 3581
3576 3582
3576 3583
3576 3584
3576 3585
3576 3586
3576 3587
3577 3578
3577 3579
3577 3580
3577 3581
3577 3582
3577 3583
3577 3584
3577 3585
3577 3586
3577 3587
3578 3579
3578 3580
3578 3581
3578 3582
3578 3583
3578 3584
3578 3585
3578 3586
3578 3587
3579 3580
3579 3581
3579 3582
3579 3583
3579 3584
3579 3585
3579 3586
3579 3587
3580 3581
3580 3582
3580 3583
3580 3584
3580 3585
3580 3586
3580 3587
3581 3582
3581 3583
3581 3584
3581 3585
3581 3586
3581 3587
3582 3583
3582 3584
3582 3585
3582 3586
3582 3587
3583 3584
3583 3585
3583 3586
3583 3587
3584 3585
3584 3586
3584 3587
3585 3586
3585 3587
3586 3587
590 697
590 2871
590 3059
590 3588
590 3589
590 3590
590 3591
590 3592
590 3593
590 3594
590 3595
590 3596
590 3597
590 3598
697 2871
697 3059
697 3588
697 3589
697 3590
697 3591
697 3592
697 3593
697 3594
697 3595
697 3596
697 3597
697 3598
2871 3059
2871 3588
2871 3589
2871 3590
2871 3591
2871 3592
2871 3593
2871 3594
2871 3595
2871 3596
2871 3597
2871 3598
3059 3588
3059 3589
3059 3590
3059 3591
3059 3592
3059 3593
3059 3594
3059 3595
3059 3596
3059 3597
3059 3598
3588 3589
3588 3590
3588 3591
3588 3592
3588 3593
3588 3594
3588 3595
3588 3596
3588 3597
3588 3598
3589 3590
3589 3591
3589 3592
3589 3593
3589 3594
3589 3595
3589 3596
3589 3597
3589 3598
3590 3591
3590 3592
3590 3593
3590 3594
3590 3595
3590 3596
3590 3597
3590 3598
3591 3592
3591 3593
3591 3594
3591 3595
3591 3596
3591 3597
3591 3598
3592 3593
3592 3594
3592 3595
3592 3596
3592 3597
3592 3598
3593 3594
3593 3595
3593 3596
3593 3597
3593 3598
3594 3595
3594 3596
3594 3597
3594 3598
3595 3596
3595 3597
3595 3598
3596 3597
3596 3598
3597 3598
591 750
591 942
591 994
591 1682
591 2242
591 2586
591 2592
591 2620
591 2783
591 3022
591 3050
591 3526
591 3574
591 3599
591 3600
591 3601
591 3602
591 3603
750 942
750 994
750 1682
750 2242
750 2586
750 2592
750 2620
750 2783
750 3022
750 3050
750 3526
750 3574
750 3599
750 3600
750 3601
750 3602
750 3603
942 994
942 1682
942 2242
942 2586
942 2592
942 2620
942 2783
942 3022
942 3050
942 3526
942 3574
942 3599
942 3600
942 3601
942 3602
942 3603
994 1682
994 2242
994 2586
994 2592
994 2620
994 2783
994 3022
994 3050
994 3526
994 3574
994 3599
994 3600
994 3601
994 3602
994 3603
1682 2242
1682 2586
1682 2592
1682 2620
1682 2783
1682 3022
1682 3050
1682 3526
1682 3574
1682 3599
1682 3600
1682 3601
1682 3602
1682 3603
2242 2586
2242 2592
2242 2620
2242 2783
2242 3022
2242 3050
2242 3526
2242 3574
2242 3599
2242 3600
2242 3601
2242 3602
2242 3603
2586 2592
2586 2620
2586 2783
2586 3022
2586 3050
2586 3526
2586 3574
2586 3599
2586 3600
2586 3601
2586 3602
2586 3603
2592 2620
2592 2783
2592 3022
2592 3050
2592 3526
2592 3574
2592 3599
2592 3600
2592 3601
2592 3602
2592 3603
2620 2783
2620 3022
2620 3050
2620 3526
2620 3574
2620 3599
2620 3600
2620 3601
2620 3602
2620 3603
2783 3022
2783 3050
2783 3526
2783 3574
2783 3599
2783 3600
2783 3601
2783 3602
2783 3603
3022 3050
3022 3526
3022 3574
3022 3599
3022 3600
3022 3601
3022 3602
3022 3603
3050 3526
3050 3574
3050 3599
3050 3600
3050 3601
3050 3602
3050 3603
3526 3574
3526 3599
3526 3600
3526 3601
3526 3602
3526 3603
3574 3599
3574 3600
3574 3601
3574 3602
3574 3603
3599 3600
3599 3601
3599 3602
3599 3603
3600 3601
3600 3602
3600 3603
3601 3602
3601 3603
3602 3603
592 666
592 1354
592 2585
592 2830
592 3281
592 3470
592 3537
592 3575
592 3604
592 3605
592 3606
666 1354
666 2585
666 2830
666 3281
666 3470
666 3537
666 3575
666 3604
666 3605
666 3606
1354 2585
1354 2830
1354 3281
1354 3470
1354 3537
1354 3575
1354 3604
1354 3605
1354 3606
2585 2830
2585 3281
2585 3470
2585 3537
2585 3575
2585 3604
2585 3605
2585 3606
2830 3281
2830 3470
2830 3537
2830 3575
2830 3604
2830 3605
2830 3606
3281 3470
3281 3537
3281 3575
3281 3604
3281 3605
3281 3606
3470 3537
3470 3575
3470 3604
3470 3605
3470 3606
3537 3575
3537 3604
3537 3605
3537 3606
3575 3604
3575 3605
3575 3606
3604 3605
3604 3606
3605 3606
593 752
593 844
593 3580
593 3607
593 3608
593 3609
593 3610
593 3611
593 3612
593 3613
593 3614
752 844
752 3580
752 3607
752 3608
752 3609
752 3610
752 3611
752 3612
752 3613
752 3614
844 3580
844 3607
844 3608
844 3609
844 3610
844 3611
844 3612
844 3613
844 3614
3580 3607
3580 3608
3580 3609
3580 3610
3580 3611
3580 3612
3580 3613
3580 3614
3607 3608
3607 3609
3607 3610
3607 3611
3607 3612
3607 3613
3607 3614
3608 3609
3608 3610
3608 3611
3608 3612
3608 3613
3608 3614
3609 3610
3609 3611
3609 3612
3609 3613
3609 3614
3610 3611
3610 3612
3610 3613
3610 3614
3611 3612
3611 3613
3611 3614
3612 3613
3612 3614
3613 3614
594 753
594 896
594 916
594 1935
594 3061
594 3615
594 3616
594 3617
594 3618
594 3619
594 3620
753 896
753 916
753 1935
753 3061
753 3615
753 3616
753 3617
753 3618
753 3619
753 3620
896 916
896 1935
896 3061
896 3615
896 3616
896 3617
896 3618
896 3619
896 3620
916 1935
916 3061
916 3615
916 3616
916 3617
916 3618
916 3619
916 3620
1935 3061
1935 3615
1935 3616
1935 3617
1935 3618
1935 3619
1935 3620
3061 3615
3061 3616
3061 3617
3061 3618
3061 3619
3061 3620
3615 3616
3615 3617
3615 3618
3615 3619
3615 3620
3616 3617
3616 3618
3616 3619
3616 3620
3617 3618
3617 3619
3617 3620
3618 3619
3618 3620
3619 3620
595 1238
595 1588
595 1625
595 3228
595 3387
595 3451
595 3538
595 3621
595 3622
595 3623
595 3624
595 3625
595 3626
595 3627
595 3628
595 3629
595 3630
595 3631
595 3632
595 3633
595 3634
595 3635
595 3636
1238 1588
1238 1625
1238 3228
1238 3387
1238 3451
1238 3538
1238 3621
1238 3622
1238 3623
1238 3624
1238 3625
1238 3626
1238 3627
1238 3628
1238 3629
1238 3630
1238 3631
1238 3632
1238 3633
1238 3634
1238 3635
1238 3636
1588 1625
1588 3228
1588 3387
1588 3451
1588 3538
1588 3621
1588 3622
1588 3623
1588 3624
1588 3625
1588 3626
1588 3627
1588 3628
1588 3629
1588 3630
1588 3631
1588 3632
1588 3633
1588 3634
1588 3635
1588 3636
1625 3228
1625 3387
1625 3451
1625 3538
1625 3621
1625 3622
1625 3623
1625 3624
1625 3625
1625 3626
1625 3627
1625 3628
1625 3629
1625 3630
1625 3631
1625 3632
1625 3633
1625 3634
1625 3635
1625 3636
3228 3387
3228 3451
3228 3538
3228 3621
3228 3622
3228 3623
3228 3624
3228 3625
3228 3626
3228 3627
3228 3628
3228 3629
3228 3630
3228 3631
3228 3632
3228 3633
3228 3634
3228 3635
3228 3636
3387 3451
3387 3538
3387 3621
3387 3622
3387 3623
3387 3624
3387 3625
3387 3626
3387 3627
3387 3628
3387 3629
3387 3630
3387 3631
3387 3632
3387 3633
3387 3634
3387 3635
3387 3636
3451 3538
3451 3621
3451 3622
3451 3623
3451 3624
3451 3625
3451 3626
3451 3627
3451 3628
3451 3629
3451 3630
3451 3631
3451 3632
3451 3633
3451 3634
3451 3635
3451 3636
3538 3621
3538 3622
3538 3623
3538 3624
3538 3625
3538 3626
3538 3627
3538 3628
3538 3629
3538 3630
3538 3631
3538 3632
3538 3633
3538 3634
3538 3635
3538 3636
3621 3622
3621 3623
3621 3624
3621 3625
3621 3626
3621 3627
3621 3628
3621 3629
3621 3630
3621 3631
3621 3632
3621 3633
3621 3634
3621 3635
3621 3636
3622 3623
3622 3624
3622 3625
3622 3626
3622 3627
3622 3628
3622 3629
3622 3630
3622 3631
3622 3632
3622 3633
3622 3634
3622 3635
3622 3636
3623 3624
3623 3625
3623 3626
3623 3627
3623 3628
3623 3629
3623 3630
3623 3631
3623 3632
3623 3633
3623 3634
3623 3635
3623 3636
3624 3625
3624 3626
3624 3627
3624 3628
3624 3629
3624 3630
3624 3631
3624 3632
3624 3633
3624 3634
3624 3635
3624 3636
3625 3626
3625 3627
3625 3628
3625 3629
3625 3630
3625 3631
3625 3632
3625 3633
3625 3634
3625 3635
3625 3636
3626 3627
3626 3628
3626 3629
3626 3630
3626 3631
3626 3632
3626 3633
3626 3634
3626 3635
3626 3636
3627 3628
3627 3629
3627 3630
3627 3631
3627 3632
3627 3633
3627 3634
3627 3635
3627 3636
3628 3629
3628 3630
3628 3631
3628 3632
3628 3633
3628 3634
3628 3635
3628 3636
3629 3630
3629 3631
3629 3632
3629 3633
3629 3634
3629 3635
3629 3636
3630 3631
3630 3632
3630 3633
3630 3634
3630 3635
3630 3636
3631 3632
3631 3633
3631 3634
3631 3635
3631 3636
3632 3633
3632 3634
3632 3635
3632 3636
3633 3634
3633 3635
3633 3636
3634 3635
3634 3636
3635 3636
596 917
596 944
596 1968
596 2843
596 2926
596 2988
596 3122
596 3631
596 3637
596 3638
596 3639
596 3640
596 3641
596 3642
596 3643
596 3644
917 944
917 1968
917 2843
917 2926
917 2988
917 3122
917 3631
917 3637
917 3638
917 3639
917 3640
917 3641
917 3642
917 3643
917 3644
944 1968
944 2843
944 2926
944 2988
944 3122
944 3631
944 3637
944 3638
944 3639
944 3640
944 3641
944 3642
944 3643
944 3644
1968 2843
1968 2926
1968 2988
1968 3122
1968 3631
1968 3637
1968 3638
1968 3639
1968 3640
1968 3641
1968 3642
1968 3643
1968 3644
2843 2926
2843 2988
2843 3122
2843 3631
2843 3637
2843 3638
2843 3639
2843 3640
2843 3641
2843 3642
2843 3643
2843 3644
2926 2988
2926 3122
2926 3631
2926 3637
2926 3638
2926 3639
2926 3640
2926 3641
2926 3642
2926 3643
2926 3644
2988 3122
2988 3631
2988 3637
2988 3638
2988 3639
2988 3640
2988 3641
2988 3642
2988 3643
2988 3644
3122 3631
3122 3637
3122 3638
3122 3639
3122 3640
3122 3641
3122 3642
3122 3643
3122 3644
3631 3637
3631 3638
3631 3639
3631 3640
3631 3641
3631 3642
3631 3643
3631 3644
3637 3638
3637 3639
3637 3640
3637 3641
3637 3642
3637 3643
3637 3644
3638 3639
3638 3640
3638 3641
3638 3642
3638 3643
3638 3644
3639 3640
3639 3641
3639 3642
3639 3643
3639 3644
3640 3641
3640 3642
3640 3643
3640 3644
3641 3642
3641 3643
3641 3644
3642 3643
3642 3644
3643 3644
601 779
601 1109
601 1325
601 2353
601 3110
601 3346
601 3645
601 3646
601 3647
601 3648
601 3649
601 3650
601 3651
601 3652
601 3653
601 3654
601 3655
601 3656
601 3657
601 3658
601 3659
601 3660
601 3661
601 3662
601 3663
601 3664
601 3665
601 3666
601 3667
601 3668
601 3669
601 3670
779 1109
779 1325
779 2353
779 3110
779 3346
779 3645
779 3646
779 3647
779 3648
779 3649
779 3650
779 3651
779 3652
779 3653
779 3654
779 3655
779 3656
779 3657
779 3658
779 3659
779 3660
779 3661
779 3662
779 3663
779 3664
779 3665
779 3666
779 3667
779 3668
779 3669
779 3670
1109 1325
1109 2353
1109 3110
1109 3346
1109 3645
1109 3646
1109 3647
1109 3648
1109 3649
1109 3650
1109 3651
1109 3652
1109 3653
1109 3654
1109 3655
1109 3656
1109 3657
1109 3658
1109 3659
1109 3660
1109 3661
1109 3662
1109 3663
1109 3664
1109 3665
1109 3666
1109 3667
1109 3668
1109 3669
1109 3670
1325 2353
1325 3110
1325 3346
1325 3645
1325 3646
1325 3647
1325 3648
1325 3649
1325 3650
1325 3651
1325 3652
1325 3653
1325 3654
1325 3655
1325 3656
1325 3657
1325 3658
1325 3659
1325 3660
1325 3661
1325 3662
1325 3663
1325 3664
1325 3665
1325 3666
1325 3667
1325 3668
1325 3669
1325 3670
2353 3110
2353 3346
2353 3645
2353 3646
2353 3647
2353 3648
2353 3649
2353 3650
2353 3651
2353 3652
2353 3653
2353 3654
2353 3655
2353 3656
2353 3657
2353 3658
2353 3659
2353 3660
2353 3661
2353 3662
2353 3663
2353 3664
2353 3665
2353 3666
2353 3667
2353 3668
2353 3669
2353 3670
3110 3346
3110 3645
3110 3646
3110 3647
3110 3648
3110 3649
3110 3650
3110 3651
3110 3652
3110 3653
3110 3654
3110 3655
3110 3656
3110 3657
3110 3658
3110 3659
3110 3660
3110 3661
3110 3662
3110 3663
3110 3664
3110 3665
3110 3666
3110 3667
3110 3668
3110 3669
3110 3670
3346 3645
3346 3646
3346 3647
3346 3648
3346 3649
3346 3650
3346 3651
3346 3652
3346 3653
3346 3654
3346 3655
3346 3656
3346 3657
3346 3658
3346 3659
3346 3660
3346 3661
3346 3662
3346 3663
3346 3664
3346 3665
3346 3666
3346 3667
3346 3668
3346 3669
3346 3670
3645 3646
3645 3647
3645 3648
3645 3649
3645 3650
3645 3651
3645 3652
3645 3653
3645 3654
3645 3655
3645 3656
3645 3657
3645 3658
3645 3659
3645 3660
3645 3661
3645 3662
3645 3663
3645 3664
3645 3665
3645 3666
3645 3667
3645 3668
3645 3669
3645 3670
3646 3647
3646 3648
3646 3649
3646 3650
3646 3651
3646 3652
3646 3653
3646 3654
3646 3655
3646 3656
3646 3657
3646 3658
3646 3659
3646 3660
3646 3661
3646 3662
3646 3663
3646 3664
3646 3665
3646 3666
3646 3667
3646 3668
3646 3669
3646 3670
3647 3648
3647 3649
3647 3650
3647 3651
3647 3652
3647 3653
3647 3654
3647 3655
3647 3656
3647 3657
3647 3658
3647 3659
3647 3660
3647 3661
3647 3662
3647 3663
3647 3664
3647 3665
3647 3666
3647 3667
3647 3668
3647 3669
3647 3670
3648 3649
3648 3650
3648 3651
3648 3652
3648 3653
3648 3654
3648 3655
3648 3656
3648 3657
3648 3658
3648 3659
3648 3660
3648 3661
3648 3662
3648 3663
3648 3664
3648 3665
3648 3666
3648 3667
3648 3668
3648 3669
3648 3670
3649 3650
3649 3651
3649 3652
3649 3653
3649 3654
3649 3655
3649 3656
3649 3657
3649 3658
3649 3659
3649 3660
3649 3661
3649 3662
3649 3663
3649 3664
3649 3665
3649 3666
3649 3667
3649 3668
3649 3669
3649 3670
3650 3651
3650 3652
3650 3653
3650 3654
3650 3655
3650 3656
3650 3657
3650 3658
3650 3659
3650 3660
3650 3661
3650 3662
3650 3663
3650 3664
3650 3665
3650 3666
3650 3667
3650 3668
3650 3669
3650 3670
3651 3652
3651 3653
3651 3654
3651 3655
3651 3656
3651 3657
3651 3658
3651 3659
3651 3660
3651 3661
3651 3662
3651 3663
3651 3664
3651 3665
3651 3666
3651 3667
3651 3668
3651 3669
3651 3670
3652 3653
3652 3654
3652 3655
3652 3656
3652 3657
3652 3658
3652 3659
3652 3660
3652 3661
3652 3662
3652 3663
3652 3664
3652 3665
3652 3666
3652 3667
3652 3668
3652 3669
3652 3670
3653 3654
3653 3655
3653 3656
3653 3657
3653 3658
3653 3659
3653 3660
3653 3661
3653 3662
3653 3663
3653 3664
3653 3665
3653 3666
3653 3667
3653 3668
3653 3669
3653 3670
3654 3655
3654 3656
3654 3657
3654 3658
3654 3659
3654 3660
3654 3661
3654 3662
3654 3663
3654 3664
3654 3665
3654 3666
3654 3667
3654 3668
3654 3669
3654 3670
3655 3656
3655 3657
3655 3658
3655 3659
3655 3660
3655 3661
3655 3662
3655 3663
3655 3664
3655 3665
3655 3666
3655 3667
3655 3668
3655 3669
3655 3670
3656 3657
3656 3658
3656 3659
3656 3660
3656 3661
3656 3662
3656 3663
3656 3664
3656 3665
3656 3666
3656 3667
3656 3668
3656 3669
3656 3670
3657 3658
3657 3659
3657 3660
3657 3661
3657 3662
3657 3663
3657 3664
3657 3665
3657 3666
3657 3667
3657 3668
3657 3669
3657 3670
3658 3659
3658 3660
3658 3661
3658 3662
3658 3663
3658 3664
3658 3665
3658 3666
3658 3667
3658 3668
3658 3669
3658 3670
3659 3660
3659 3661
3659 3662
3659 3663
3659 3664
3659 3665
3659 3666
3659 3667
3659 3668
3659 3669
3659 3670
3660 3661
3660 3662
3660 3663
3660 3664
3660 3665
3660 3666
3660 3667
3660 3668
3660 3669
3660 3670
3661 3662
3661 3663
3661 3664
3661 3665
3661 3666
3661 3667
3661 3668
3661 3669
3661 3670
3662 3663
3662 3664
3662 3665
3662 3666
3662 3667
3662 3668
3662 3669
3662 3670
3663 3664
3663 3665
3663 3666
3663 3667
3663 3668
3663 3669
3663 3670
3664 3665
3664 3666
3664 3667
3664 3668
3664 3669
3664 3670
3665 3666
3665 3667
3665 3668
3665 3669
3665 3670
3666 3667
3666 3668
3666 3669
3666 3670
3667 3668
3667 3669
3667 3670
3668 3669
3668 3670
3669 3670
605 2666
605 3671
605 3672
605 3673
2666 3671
2666 3672
2666 3673
3671 3672
3671 3673
3672 3673
609 3674
616 877
616 1788
616 2228
616 2326
616 3632
616 3675
616 3676
616 3677
616 3678
616 3679
616 3680
616 3681
616 3682
616 3683
616 3684
877 1788
877 2228
877 2326
877 3632
877 3675
877 3676
877 3677
877 3678
877 3679
877 3680
877 3681
877 3682
877 3683
877 3684
1788 2228
1788 2326
1788 3632
1788 3675
1788 3676
1788 3677
1788 3678
1788 3679
1788 3680
1788 3681
1788 3682
1788 3683
1788 3684
2228 2326
2228 3632
2228 3675
2228 3676
2228 3677
2228 3678
2228 3679
2228 3680
2228 3681
2228 3682
2228 3683
2228 3684
2326 3632
2326 3675
2326 3676
2326 3677
2326 3678
2326 3679
2326 3680
2326 3681
2326 3682
2326 3683
2326 3684
3632 3675
3632 3676
3632 3677
3632 3678
3632 3679
3632 3680
3632 3681
3632 3682
3632 3683
3632 3684
3675 3676
3675 3677
3675 3678
3675 3679
3675 3680
3675 3681
3675 3682
3675 3683
3675 3684
3676 3677
3676 3678
3676 3679
3676 3680
3676 3681
3676 3682
3676 3683
3676 3684
3677 3678
3677 3679
3677 3680
3677 3681
3677 3682
3677 3683
3677 3684
3678 3679
3678 3680
3678 3681
3678 3682
3678 3683
3678 3684
3679 3680
3679 3681
3679 3682
3679 3683
3679 3684
3680 3681
3680 3682
3680 3683
3680 3684
3681 3682
3681 3683
3681 3684
3682 3683
3682 3684
3683 3684
617 3685
618 976
618 2232
618 2872
618 3063
618 3253
618 3686
618 3687
618 3688
618 3689
618 3690
976 2232
976 2872
976 3063
976 3253
976 3686
976 3687
976 3688
976 3689
976 3690
2232 2872
2232 3063
2232 3253
2232 3686
2232 3687
2232 3688
2232 3689
2232 3690
2872 3063
2872 3253
2872 3686
2872 3687
2872 3688
2872 3689
2872 3690
3063 3253
3063 3686
3063 3687
3063 3688
3063 3689
3063 3690
3253 3686
3253 3687
3253 3688
3253 3689
3253 3690
3686 3687
3686 3688
3686 3689
3686 3690
3687 3688
3687 3689
3687 3690
3688 3689
3688 3690
3689 3690
619 3691
619 3692
619 3693
619 3694
619 3695
619 3696
619 3697
619 3698
619 3699
619 3700
619 3701
619 3702
3691 3692
3691 3693
3691 3694
3691 3695
3691 3696
3691 3697
3691 3698
3691 3699
3691 3700
3691 3701
3691 3702
3692 3693
3692 3694
3692 3695
3692 3696
3692 3697
3692 3698
3692 3699
3692 3700
3692 3701
3692 3702
3693 3694
3693 3695
3693 3696
3693 3697
3693 3698
3693 3699
3693 3700
3693 3701
3693 3702
3694 3695
3694 3696
3694 3697
3694 3698
3694 3699
3694 3700
3694 3701
3694 3702
3695 3696
3695 3697
3695 3698
3695 3699
3695 3700
3695 3701
3695 3702
3696 3697
3696 3698
3696 3699
3696 3700
3696 3701
3696 3702
3697 3698
3697 3699
3697 3700
3697 3701
3697 3702
3698 3699
3698 3700
3698 3701
3698 3702
3699 3700
3699 3701
3699 3702
3700 3701
3700 3702
3701 3702
620 2596
620 3012
620 3440
620 3703
620 3704
620 3705
2596 3012
2596 3440
2596 3703
2596 3704
2596 3705
3012 3440
3012 3703
3012 3704
3012 3705
3440 3703
3440 3704
3440 3705
3703 3704
3703 3705
3704 3705
621 809
621 1195
621 2066
621 3452
621 3706
621 3707
621 3708
809 1195
809 2066
809 3452
809 3706
809 3707
809 3708
1195 2066
1195 3452
1195 3706
1195 3707
1195 3708
2066 3452
2066 3706
2066 3707
2066 3708
3452 3706
3452 3707
3452 3708
3706 3707
3706 3708
3707 3708
622 3425
622 3685
622 3709
622 3710
622 3711
622 3712
3425 3685
3425 3709
3425 3710
3425 3711
3425 3712
3685 3709
3685 3710
3685 3711
3685 3712
3709 3710
3709 3711
3709 3712
3710 3711
3710 3712
3711 3712
623 836
623 945
623 1059
623 1241
623 1549
623 1924
623 2278
623 3148
623 3713
623 3714
623 3715
623 3716
623 3717
623 3718
623 3719
623 3720
623 3721
836 945
836 1059
836 1241
836 1549
836 1924
836 2278
836 3148
836 3713
836 3714
836 3715
836 3716
836 3717
836 3718
836 3719
836 3720
836 3721
945 1059
945 1241
945 1549
945 1924
945 2278
945 3148
945 3713
945 3714
945 3715
945 3716
945 3717
945 3718
945 3719
945 3720
945 3721
1059 1241
1059 1549
1059 1924
1059 2278
1059 3148
1059 3713
1059 3714
1059 3715
1059 3716
1059 3717
1059 3718
1059 3719
1059 3720
1059 3721
1241 1549
1241 1924
1241 2278
1241 3148
1241 3713
1241 3714
1241 3715
1241 3716
1241 3717
1241 3718
1241 3719
1241 3720
1241 3721
1549 1924
1549 2278
1549 3148
1549 3713
1549 3714
1549 3715
1549 3716
1549 3717
1549 3718
1549 3719
1549 3720
1549 3721
1924 2278
1924 3148
1924 3713
1924 3714
1924 3715
1924 3716
1924 3717
1924 3718
1924 3719
1924 3720
1924 3721
2278 3148
2278 3713
2278 3714
2278 3715
2278 3716
2278 3717
2278 3718
2278 3719
2278 3720
2278 3721
3148 3713
3148 3714
3148 3715
3148 3716
3148 3717
3148 3718
3148 3719
3148 3720
3148 3721
3713 3714
3713 3715
3713 3716
3713 3717
3713 3718
3713 3719
3713 3720
3713 3721
3714 3715
3714 3716
3714 3717
3714 3718
3714 3719
3714 3720
3714 3721
3715 3716
3715 3717
3715 3718
3715 3719
3715 3720
3715 3721
3716 3717
3716 3718
3716 3719
3716 3720
3716 3721
3717 3718
3717 3719
3717 3720
3717 3721
3718 3719
3718 3720
3718 3721
3719 3720
3719 3721
3720 3721
624 1328
624 3722
624 3723
624 3724
624 3725
624 3726
624 3727
624 3728
624 3729
624 3730
624 3731
624 3732
624 3733
1328 3722
1328 3723
1328 3724
1328 3725
1328 3726
1328 3727
1328 3728
1328 3729
1328 3730
1328 3731
1328 3732
1328 3733
3722 3723
3722 3724
3722 3725
3722 3726
3722 3727
3722 3728
3722 3729
3722 3730
3722 3731
3722 3732
3722 3733
3723 3724
3723 3725
3723 3726
3723 3727
3723 3728
3723 3729
3723 3730
3723 3731
3723 3732
3723 3733
3724 3725
3724 3726
3724 3727
3724 3728
3724 3729
3724 3730
3724 3731
3724 3732
3724 3733
3725 3726
3725 3727
3725 3728
3725 3729
3725 3730
3725 3731
3725 3732
3725 3733
3726 3727
3726 3728
3726 3729
3726 3730
3726 3731
3726 3732
3726 3733
3727 3728
3727 3729
3727 3730
3727 3731
3727 3732
3727 3733
3728 3729
3728 3730
3728 3731
3728 3732
3728 3733
3729 3730
3729 3731
3729 3732
3729 3733
3730 3731
3730 3732
3730 3733
3731 3732
3731 3733
3732 3733
625 702
625 918
625 1242
625 3154
625 3734
625 3735
625 3736
625 3737
625 3738
625 3739
625 3740
702 918
702 1242
702 3154
702 3734
702 3735
702 3736
702 3737
702 3738
702 3739
702 3740
918 1242
918 3154
918 3734
918 3735
918 3736
918 3737
918 3738
918 3739
918 3740
1242 3154
1242 3734
1242 3735
1242 3736
1242 3737
1242 3738
1242 3739
1242 3740
3154 3734
3154 3735
3154 3736
3154 3737
3154 3738
3154 3739
3154 3740
3734 3735
3734 3736
3734 3737
3734 3738
3734 3739
3734 3740
3735 3736
3735 3737
3735 3738
3735 3739
3735 3740
3736 3737
3736 3738
3736 3739
3736 3740
3737 3738
3737 3739
3737 3740
3738 3739
3738 3740
3739 3740
642 668
642 704
642 757
642 810
642 1212
642 1731
642 1847
642 2078
642 2838
642 2927
642 3069
642 3151
642 3201
642 3225
642 3268
642 3527
642 3741
642 3742
642 3743
642 3744
642 3745
642 3746
642 3747
642 3748
642 3749
642 3750
642 3751
642 3752
642 3753
642 3754
642 3755
642 3756
642 3757
642 3758
642 3759
642 3760
642 3761
642 3762
642 3763
668 704
668 757
668 810
668 1212
668 1731
668 1847
668 2078
668 2838
668 2927
668 3069
668 3151
668 3201
668 3225
668 3268
668 3527
668 3741
668 3742
668 3743
668 3744
668 3745
668 3746
668 3747
668 3748
668 3749
668 3750
668 3751
668 3752
668 3753
668 3754
668 3755
668 3756
668 3757
668 3758
668 3759
668 3760
668 3761
668 3762
668 3763
704 757
704 810
704 1212
704 1731
704 1847
704 2078
704 2838
704 2927
704 3069
704 3151
704 3201
704 3225
704 3268
704 3527
704 3741
704 3742
704 3743
704 3744
704 3745
704 3746
704 3747
704 3748
704 3749
704 3750
704 3751
704 3752
704 3753
704 3754
704 3755
704 3756
704 3757
704 3758
704 3759
704 3760
704 3761
704 3762
704 3763
757 810
757 1212
757 1731
757 1847
757 2078
757 2838
757 2927
757 3069
757 3151
757 3201
757 3225
757 3268
757 3527
757 3741
757 3742
757 3743
757 3744
757 3745
757 3746
757 3747
757 3748
757 3749
757 3750
757 3751
757 3752
757 3753
757 3754
757 3755
757 3756
757 3757
757 3758
757 3759
757 3760
757 3761
757 3762
757 3763
810 1212
810 1731
810 1847
810 2078
810 2838
810 2927
810 3069
810 3151
810 3201
810 3225
810 3268
810 3527
810 3741
810 3742
810 3743
810 3744
810 3745
810 3746
810 3747
810 3748
810 3749
810 3750
810 3751
810 3752
810 3753
810 3754
810 3755
810 3756
810 3757
810 3758
810 3759
810 3760
810 3761
810 3762
810 3763
1212 1731
1212 1847
1212 2078
1212 2838
1212 2927
1212 3069
1212 3151
1212 3201
1212 3225
1212 3268
1212 3527
1212 3741
1212 3742
1212 3743
1212 3744
1212 3745
1212 3746
1212 3747
1212 3748
1212 3749
1212 3750
1212 3751
1212 3752
1212 3753
1212 3754
1212 3755
1212 3756
1212 3757
1212 3758
1212 3759
1212 3760
1212 3761
1212 3762
1212 3763
1731 1847
1731 2078
1731 2838
1731 2927
1731 3069
1731 3151
1731 3201
1731 3225
1731 3268
1731 3527
1731 3741
1731 3742
1731 3743
1731 3744
1731 3745
1731 3746
1731 3747
1731 3748
1731 3749
1731 3750
1731 3751
1731 3752
1731 3753
1731 3754
1731 3755
1731 3756
1731 3757
1731 3758
1731 3759
1731 3760
1731 3761
1731 3762
1731 3763
1847 2078
1847 2838
1847 2927
1847 3069
1847 3151
1847 3201
1847 3225
1847 3268
1847 3527
1847 3741
1847 3742
1847 3743
1847 3744
1847 3745
1847 3746
1847 3747
1847 3748
1847 3749
1847 3750
1847 3751
1847 3752
1847 3753
1847 3754
1847 3755
1847 3756
1847 3757
1847 3758
1847 3759
1847 3760
1847 3761
1847 3762
1847 3763
2078 2838
2078 2927
2078 3069
2078 3151
2078 3201
2078 3225
2078 3268
2078 3527
2078 3741
2078 3742
2078 3743
2078 3744
2078 3745
2078 3746
2078 3747
2078 3748
2078 3749
2078 3750
2078 3751
2078 3752
2078 3753
2078 3754
2078 3755
2078 3756
2078 3757
2078 3758
2078 3759
2078 3760
2078 3761
2078 3762
2078 3763
2838 2927
2838 3069
2838 3151
2838 3201
2838 3225
2838 3268
2838 3527
2838 3741
2838 3742
2838 3743
2838 3744
2838 3745
2838 3746
2838 3747
2838 3748
2838 3749
2838 3750
2838 3751
2838 3752
2838 3753
2838 3754
2838 3755
2838 3756
2838 3757
2838 3758
2838 3759
2838 3760
2838 3761
2838 3762
2838 3763
2927 3069
2927 3151
2927 3201
2927 3225
2927 3268
2927 3527
2927 3741
2927 3742
2927 3743
2927 3744
2927 3745
2927 3746
2927 3747
2927 3748
2927 3749
2927 3750
2927 3751
2927 3752
2927 3753
2927 3754
2927 3755
2927 3756
2927 3757
2927 3758
2927 3759
2927 3760
2927 3761
2927 3762
2927 3763
3069 3151
3069 3201
3069 3225
3069 3268
3069 3527
3069 3741
3069 3742
3069 3743
3069 3744
3069 3745
3069 3746
3069 3747
3069 3748
3069 3749
3069 3750
3069 3751
3069 3752
3069 3753
3069 3754
3069 3755
3069 3756
3069 3757
3069 3758
3069 3759
3069 3760
3069 3761
3069 3762
3069 3763
3151 3201
3151 3225
3151 3268
3151 3527
3151 3741
3151 3742
3151 3743
3151 3744
3151 3745
3151 3746
3151 3747
3151 3748
3151 3749
3151 3750
3151 3751
3151 3752
3151 3753
3151 3754
3151 3755
3151 3756
3151 3757
3151 3758
3151 3759
3151 3760
3151 3761
3151 3762
3151 3763
3201 3225
3201 3268
3201 3527
3201 3741
3201 3742
3201 3743
3201 3744
3201 3745
3201 3746
3201 3747
3201 3748
3201 3749
3201 3750
3201 3751
3201 3752
3201 3753
3201 3754
3201 3755
3201 3756
3201 3757
3201 3758
3201 3759
3201 3760
3201 3761
3201 3762
3201 3763
3225 3268
3225 3527
3225 3741
3225 3742
3225 3743
3225 3744
3225 3745
3225 3746
3225 3747
3225 3748
3225 3749
3225 3750
3225 3751
3225 3752
3225 3753
3225 3754
3225 3755
3225 3756
3225 3757
3225 3758
3225 3759
3225 3760
3225 3761
3225 3762
3225 3763
3268 3527
3268 3741
3268 3742
3268 3743
3268 3744
3268 3745
3268 3746
3268 3747
3268 3748
3268 3749
3268 3750
3268 3751
3268 3752
3268 3753
3268 3754
3268 3755
3268 3756
3268 3757
3268 3758
3268 3759
3268 3760
3268 3761
3268 3762
3268 3763
3527 3741
3527 3742
3527 3743
3527 3744
3527 3745
3527 3746
3527 3747
3527 3748
3527 3749
3527 3750
3527 3751
3527 3752
3527 3753
3527 3754
3527 3755
3527 3756
3527 3757
3527 3758
3527 3759
3527 3760
3527 3761
3527 3762
3527 3763
3741 3742
3741 3743
3741 3744
3741 3745
3741 3746
3741 3747
3741 3748
3741 3749
3741 3750
3741 3751
3741 3752
3741 3753
3741 3754
3741 3755
3741 3756
3741 3757
3741 3758
3741 3759
3741 3760
3741 3761
3741 3762
3741 3763
3742 3743
3742 3744
3742 3745
3742 3746
3742 3747
3742 3748
3742 3749
3742 3750
3742 3751
3742 3752
3742 3753
3742 3754
3742 3755
3742 3756
3742 3757
3742 3758
3742 3759
3742 3760
3742 3761
3742 3762
3742 3763
3743 3744
3743 3745
3743 3746
3743 3747
3743 3748
3743 3749
3743 3750
3743 3751
3743 3752
3743 3753
3743 3754
3743 3755
3743 3756
3743 3757
3743 3758
3743 3759
3743 3760
3743 3761
3743 3762
3743 3763
3744 3745
3744 3746
3744 3747
3744 3748
3744 3749
3744 3750
3744 3751
3744 3752
3744 3753
3744 3754
3744 3755
3744 3756
3744 3757
3744 3758
3744 3759
3744 3760
3744 3761
3744 3762
3744 3763
3745 3746
3745 3747
3745 3748
3745 3749
3745 3750
3745 3751
3745 3752
3745 3753
3745 3754
3745 3755
3745 3756
3745 3757
3745 3758
3745 3759
3745 3760
3745 3761
3745 3762
3745 3763
3746 3747
3746 3748
3746 3749
3746 3750
3746 3751
3746 3752
3746 3753
3746 3754
3746 3755
3746 3756
3746 3757
3746 3758
3746 3759
3746 3760
3746 3761
3746 3762
3746 3763
3747 3748
3747 3749
3747 3750
3747 3751
3747 3752
3747 3753
3747 3754
3747 3755
3747 3756
3747 3757
3747 3758
3747 3759
3747 3760
3747 3761
3747 3762
3747 3763
3748 3749
3748 3750
3748 3751
3748 3752
3748 3753
3748 3754
3748 3755
3748 3756
3748 3757
3748 3758
3748 3759
3748 3760
3748 3761
3748 3762
3748 3763
3749 3750
3749 3751
3749 3752
3749 3753
3749 3754
3749 3755
3749 3756
3749 3757
3749 3758
3749 3759
3749 3760
3749 3761
3749 3762
3749 3763
3750 3751
3750 3752
3750 3753
3750 3754
3750 3755
3750 3756
3750 3757
3750 3758
3750 3759
3750 3760
3750 3761
3750 3762
3750 3763
3751 3752
3751 3753
3751 3754
3751 3755
3751 3756
3751 3757
3751 3758
3751 3759
3751 3760
3751 3761
3751 3762
3751 3763
3752 3753
3752 3754
3752 3755
3752 3756
3752 3757
3752 3758
3752 3759
3752 3760
3752 3761
3752 3762
3752 3763
3753 3754
3753 3755
3753 3756
3753 3757
3753 3758
3753 3759
3753 3760
3753 3761
3753 3762
3753 3763
3754 3755
3754 3756
3754 3757
3754 3758
3754 3759
3754 3760
3754 3761
3754 3762
3754 3763
3755 3756
3755 3757
3755 3758
3755 3759
3755 3760
3755 3761
3755 3762
3755 3763
3756 3757
3756 3758
3756 3759
3756 3760
3756 3761
3756 3762
3756 3763
3757 3758
3757 3759
3757 3760
3757 3761
3757 3762
3757 3763
3758 3759
3758 3760
3758 3761
3758 3762
3758 3763
3759 3760
3759 3761
3759 3762
3759 3763
3760 3761
3760 3762
3760 3763
3761 3762
3761 3763
3762 3763
643 667
643 703
643 756
643 837
643 897
643 919
643 977
643 1289
643 1387
643 2067
643 2070
643 2077
643 2124
643 2150
643 2158
643 2184
643 2392
643 2996
643 3021
643 3124
643 3453
643 3588
643 3615
643 3633
643 3637
643 3764
643 3765
643 3766
643 3767
643 3768
643 3769
643 3770
643 3771
643 3772
643 3773
643 3774
643 3775
643 3776
643 3777
667 703
667 756
667 837
667 897
667 919
667 977
667 1289
667 1387
667 2067
667 2070
667 2077
667 2124
667 2150
667 2158
667 2184
667 2392
667 2996
667 3021
667 3124
667 3453
667 3588
667 3615
667 3633
667 3637
667 3764
667 3765
667 3766
667 3767
667 3768
667 3769
667 3770
667 3771
667 3772
667 3773
667 3774
667 3775
667 3776
667 3777
703 756
703 837
703 897
703 919
703 977
703 1289
703 1387
703 2067
703 2070
703 2077
703 2124
703 2150
703 2158
703 2184
703 2392
703 2996
703 3021
703 3124
703 3453
703 3588
703 3615
703 3633
703 3637
703 3764
703 3765
703 3766
703 3767
703 3768
703 3769
703 3770
703 3771
703 3772
703 3773
703 3774
703 3775
703 3776
703 3777
756 837
756 897
756 919
756 977
756 1289
756 1387
756 2067
756 2070
756 2077
756 2124
756 2150
756 2158
756 2184
756 2392
756 2996
756 3021
756 3124
756 3453
756 3588
756 3615
756 3633
756 3637
756 3764
756 3765
756 3766
756 3767
756 3768
756 3769
756 3770
756 3771
756 3772
756 3773
756 3774
756 3775
756 3776
756 3777
837 897
837 919
837 977
837 1289
837 1387
837 2067
837 2070
837 2077
837 2124
837 2150
837 2158
837 2184
837 2392
837 2996
837 3021
837 3124
837 3453
837 3588
837 3615
837 3633
837 3637
837 3764
837 3765
837 3766
837 3767
837 3768
837 3769
837 3770
837 3771
837 3772
837 3773
837 3774
837 3775
837 3776
837 3777
897 919
897 977
897 1289
897 1387
897 2067
897 2070
897 2077
897 2124
897 2150
897 2158
897 2184
897 2392
897 2996
897 3021
897 3124
897 3453
897 3588
897 3615
897 3633
897 3637
897 3764
897 3765
897 3766
897 3767
897 3768
897 3769
897 3770
897 3771
897 3772
897 3773
897 3774
897 3775
897 3776
897 3777
919 977
919 1289
919 1387
919 2067
919 2070
919 2077
919 2124
919 2150
919 2158
919 2184
919 2392
919 2996
919 3021
919 3124
919 3453
919 3588
919 3615
919 3633
919 3637
919 3764
919 3765
919 3766
919 3767
919 3768
919 3769
919 3770
919 3771
919 3772
919 3773
919 3774
919 3775
919 3776
919 3777
977 1289
977 1387
977 2067
977 2070
977 2077
977 2124
977 2150
977 2158
977 2184
977 2392
977 2996
977 3021
977 3124
977 3453
977 3588
977 3615
977 3633
977 3637
977 3764
977 3765
977 3766
977 3767
977 3768
977 3769
977 3770
977 3771
977 3772
977 3773
977 3774
977 3775
977 3776
977 3777
1289 1387
1289 2067
1289 2070
1289 2077
1289 2124
1289 2150
1289 2158
1289 2184
1289 2392
1289 2996
1289 3021
1289 3124
1289 3453
1289 3588
1289 3615
1289 3633
1289 3637
1289 3764
1289 3765
1289 3766
1289 3767
1289 3768
1289 3769
1289 3770
1289 3771
1289 3772
1289 3773
1289 3774
1289 3775
1289 3776
1289 3777
1387 2067
1387 2070
1387 2077
1387 2124
1387 2150
1387 2158
1387 2184
1387 2392
1387 2996
1387 3021
1387 3124
1387 3453
1387 3588
1387 3615
1387 3633
1387 3637
1387 3764
1387 3765
1387 3766
1387 3767
1387 3768
1387 3769
1387 3770
1387 3771
1387 3772
1387 3773
1387 3774
1387 3775
1387 3776
1387 3777
2067 2070
2067 2077
2067 2124
2067 2150
2067 2158
2067 2184
2067 2392
2067 2996
2067 3021
2067 3124
2067 3453
2067 3588
2067 3615
2067 3633
2067 3637
2067 3764
2067 3765
2067 3766
2067 3767
2067 3768
2067 3769
2067 3770
2067 3771
2067 3772
2067 3773
2067 3774
2067 3775
2067 3776
2067 3777
2070 2077
2070 2124
2070 2150
2070 2158
2070 2184
2070 2392
2070 2996
2070 3021
2070 3124
2070 3453
2070 3588
2070 3615
2070 3633
2070 3637
2070 3764
2070 3765
2070 3766
2070 3767
2070 3768
2070 3769
2070 3770
2070 3771
2070 3772
2070 3773
2070 3774
2070 3775
2070 3776
2070 3777
2077 2124
2077 2150
2077 2158
2077 2184
2077 2392
2077 2996
2077 3021
2077 3124
2077 3453
2077 3588
2077 3615
2077 3633
2077 3637
2077 3764
2077 3765
2077 3766
2077 3767
2077 3768
2077 3769
2077 3770
2077 3771
2077 3772
2077 3773
2077 3774
2077 3775
2077 3776
2077 3777
2124 2150
2124 2158
2124 2184
2124 2392
2124 2996
2124 3021
2124 3124
2124 3453
2124 3588
2124 3615
2124 3633
2124 3637
2124 3764
2124 3765
2124 3766
2124 3767
2124 3768
2124 3769
2124 3770
2124 3771
2124 3772
2124 3773
2124 3774
2124 3775
2124 3776
2124 3777
2150 2158
2150 2184
2150 2392
2150 2996
2150 3021
2150 3124
2150 3453
2150 3588
2150 3615
2150 3633
2150 3637
2150 3764
2150 3765
2150 3766
2150 3767
2150 3768
2150 3769
2150 3770
2150 3771
2150 3772
2150 3773
2150 3774
2150 3775
2150 3776
2150 3777
2158 2184
2158 2392
2158 2996
2158 3021
2158 3124
2158 3453
2158 3588
2158 3615
2158 3633
2158 3637
2158 3764
2158 3765
2158 3766
2158 3767
2158 3768
2158 3769
2158 3770
2158 3771
2158 3772
2158 3773
2158 3774
2158 3775
2158 3776
2158 3777
2184 2392
2184 2996
2184 3021
2184 3124
2184 3453
2184 3588
2184 3615
2184 3633
2184 3637
2184 3764
2184 3765
2184 3766
2184 3767
2184 3768
2184 3769
2184 3770
2184 3771
2184 3772
2184 3773
2184 3774
2184 3775
2184 3776
2184 3777
2392 2996
2392 3021
2392 3124
2392 3453
2392 3588
2392 3615
2392 3633
2392 3637
2392 3764
2392 3765
2392 3766
2392 3767
2392 3768
2392 3769
2392 3770
2392 3771
2392 3772
2392 3773
2392 3774
2392 3775
2392 3776
2392 3777
2996 3021
2996 3124
2996 3453
2996 3588
2996 3615
2996 3633
2996 3637
2996 3764
2996 3765
2996 3766
2996 3767
2996 3768
2996 3769
2996 3770
2996 3771
2996 3772
2996 3773
2996 3774
2996 3775
2996 3776
2996 3777
3021 3124
3021 3453
3021 3588
3021 3615
3021 3633
3021 3637
3021 3764
3021 3765
3021 3766
3021 3767
3021 3768
3021 3769
3021 3770
3021 3771
3021 3772
3021 3773
3021 3774
3021 3775
3021 3776
3021 3777
3124 3453
3124 3588
3124 3615
3124 3633
3124 3637
3124 3764
3124 3765
3124 3766
3124 3767
3124 3768
3124 3769
3124 3770
3124 3771
3124 3772
3124 3773
3124 3774
3124 3775
3124 3776
3124 3777
3453 3588
3453 3615
3453 3633
3453 3637
3453 3764
3453 3765
3453 3766
3453 3767
3453 3768
3453 3769
3453 3770
3453 3771
3453 3772
3453 3773
3453 3774
3453 3775
3453 3776
3453 3777
3588 3615
3588 3633
3588 3637
3588 3764
3588 3765
3588 3766
3588 3767
3588 3768
3588 3769
3588 3770
3588 3771
3588 3772
3588 3773
3588 3774
3588 3775
3588 3776
3588 3777
3615 3633
3615 3637
3615 3764
3615 3765
3615 3766
3615 3767
3615 3768
3615 3769
3615 3770
3615 3771
3615 3772
3615 3773
3615 3774
3615 3775
3615 3776
3615 3777
3633 3637
3633 3764
3633 3765
3633 3766
3633 3767
3633 3768
3633 3769
3633 3770
3633 3771
3633 3772
3633 3773
3633 3774
3633 3775
3633 3776
3633 3777
3637 3764
3637 3765
3637 3766
3637 3767
3637 3768
3637 3769
3637 3770
3637 3771
3637 3772
3637 3773
3637 3774
3637 3775
3637 3776
3637 3777
3764 3765
3764 3766
3764 3767
3764 3768
3764 3769
3764 3770
3764 3771
3764 3772
3764 3773
3764 3774
3764 3775
3764 3776
3764 3777
3765 3766
3765 3767
3765 3768
3765 3769
3765 3770
3765 3771
3765 3772
3765 3773
3765 3774
3765 3775
3765 3776
3765 3777
3766 3767
3766 3768
3766 3769
3766 3770
3766 3771
3766 3772
3766 3773
3766 3774
3766 3775
3766 3776
3766 3777
3767 3768
3767 3769
3767 3770
3767 3771
3767 3772
3767 3773
3767 3774
3767 3775
3767 3776
3767 3777
3768 3769
3768 3770
3768 3771
3768 3772
3768 3773
3768 3774
3768 3775
3768 3776
3768 3777
3769 3770
3769 3771
3769 3772
3769 3773
3769 3774
3769 3775
3769 3776
3769 3777
3770 3771
3770 3772
3770 3773
3770 3774
3770 3775
3770 3776
3770 3777
3771 3772
3771 3773
3771 3774
3771 3775
3771 3776
3771 3777
3772 3773
3772 3774
3772 3775
3772 3776
3772 3777
3773 3774
3773 3775
3773 3776
3773 3777
3774 3775
3774 3776
3774 3777
3775 3776
3775 3777
3776 3777
645 758
645 1243
645 2218
645 3221
645 3607
645 3691
645 3758
645 3771
645 3778
645 3779
645 3780
645 3781
645 3782
645 3783
645 3784
645 3785
645 3786
645 3787
645 3788
645 3789
645 3790
645 3791
645 3792
645 3793
645 3794
645 3795
645 3796
645 3797
645 3798
645 3799
645 3800
645 3801
758 1243
758 2218
758 3221
758 3607
758 3691
758 3758
758 3771
758 3778
758 3779
758 3780
758 3781
758 3782
758 3783
758 3784
758 3785
758 3786
758 3787
758 3788
758 3789
758 3790
758 3791
758 3792
758 3793
758 3794
758 3795
758 3796
758 3797
758 3798
758 3799
758 3800
758 3801
1243 2218
1243 3221
1243 3607
1243 3691
1243 3758
1243 3771
1243 3778
1243 3779
1243 3780
1243 3781
1243 3782
1243 3783
1243 3784
1243 3785
1243 3786
1243 3787
1243 3788
1243 3789
1243 3790
1243 3791
1243 3792
1243 3793
1243 3794
1243 3795
1243 3796
1243 3797
1243 3798
1243 3799
1243 3800
1243 3801
2218 3221
2218 3607
2218 3691
2218 3758
2218 3771
2218 3778
2218 3779
2218 3780
2218 3781
2218 3782
2218 3783
2218 3784
2218 3785
2218 3786
2218 3787
2218 3788
2218 3789
2218 3790
2218 3791
2218 3792
2218 3793
2218 3794
2218 3795
2218 3796
2218 3797
2218 3798
2218 3799
2218 3800
2218 3801
3221 3607
3221 3691
3221 3758
3221 3771
3221 3778
3221 3779
3221 3780
3221 3781
3221 3782
3221 3783
3221 3784
3221 3785
3221 3786
3221 3787
3221 3788
3221 3789
3221 3790
3221 3791
3221 3792
3221 3793
3221 3794
3221 3795
3221 3796
3221 3797
3221 3798
3221 3799
3221 3800
3221 3801
3607 3691
3607 3758
3607 3771
3607 3778
3607 3779
3607 3780
3607 3781
3607 3782
3607 3783
3607 3784
3607 3785
3607 3786
3607 3787
3607 3788
3607 3789
3607 3790
3607 3791
3607 3792
3607 3793
3607 3794
3607 3795
3607 3796
3607 3797
3607 3798
3607 3799
3607 3800
3607 3801
3691 3758
3691 3771
3691 3778
3691 3779
3691 3780
3691 3781
3691 3782
3691 3783
3691 3784
3691 3785
3691 3786
3691 3787
3691 3788
3691 3789
3691 3790
3691 3791
3691 3792
3691 3793
3691 3794
3691 3795
3691 3796
3691 3797
3691 3798
3691 3799
3691 3800
3691 3801
3758 3771
3758 3778
3758 3779
3758 3780
3758 3781
3758 3782
3758 3783
3758 3784
3758 3785
3758 3786
3758 3787
3758 3788
3758 3789
3758 3790
3758 3791
3758 3792
3758 3793
3758 3794
3758 3795
3758 3796
3758 3797
3758 3798
3758 3799
3758 3800
3758 3801
3771 3778
3771 3779
3771 3780
3771 3781
3771 3782
3771 3783
3771 3784
3771 3785
3771 3786
3771 3787
3771 3788
3771 3789
3771 3790
3771 3791
3771 3792
3771 3793
3771 3794
3771 3795
3771 3796
3771 3797
3771 3798
3771 3799
3771 3800
3771 3801
3778 3779
3778 3780
3778 3781
3778 3782
3778 3783
3778 3784
3778 3785
3778 3786
3778 3787
3778 3788
3778 3789
3778 3790
3778 3791
3778 3792
3778 3793
3778 3794
3778 3795
3778 3796
3778 3797
3778 3798
3778 3799
3778 3800
3778 3801
3779 3780
3779 3781
3779 3782
3779 3783
3779 3784
3779 3785
3779 3786
3779 3787
3779 3788
3779 3789
3779 3790
3779 3791
3779 3792
3779 3793
3779 3794
3779 3795
3779 3796
3779 3797
3779 3798
3779 3799
3779 3800
3779 3801
3780 3781
3780 3782
3780 3783
3780 3784
3780 3785
3780 3786
3780 3787
3780 3788
3780 3789
3780 3790
3780 3791
3780 3792
3780 3793
3780 3794
3780 3795
3780 3796
3780 3797
3780 3798
3780 3799
3780 3800
3780 3801
3781 3782
3781 3783
3781 3784
3781 3785
3781 3786
3781 3787
3781 3788
3781 3789
3781 3790
3781 3791
3781 3792
3781 3793
3781 3794
3781 3795
3781 3796
3781 3797
3781 3798
3781 3799
3781 3800
3781 3801
3782 3783
3782 3784
3782 3785
3782 3786
3782 3787
3782 3788
3782 3789
3782 3790
3782 3791
3782 3792
3782 3793
3782 3794
3782 3795
3782 3796
3782 3797
3782 3798
3782 3799
3782 3800
3782 3801
3783 3784
3783 3785
3783 3786
3783 3787
3783 3788
3783 3789
3783 3790
3783 3791
3783 3792
3783 3793
3783 3794
3783 3795
3783 3796
3783 3797
3783 3798
3783 3799
3783 3800
3783 3801
3784 3785
3784 3786
3784 3787
3784 3788
3784 3789
3784 3790
3784 3791
3784 3792
3784 3793
3784 3794
3784 3795
3784 3796
3784 3797
3784 3798
3784 3799
3784 3800
3784 3801
3785 3786
3785 3787
3785 3788
3785 3789
3785 3790
3785 3791
3785 3792
3785 3793
3785 3794
3785 3795
3785 3796
3785 3797
3785 3798
3785 3799
3785 3800
3785 3801
3786 3787
3786 3788
3786 3789
3786 3790
3786 3791
3786 3792
3786 3793
3786 3794
3786 3795
3786 3796
3786 3797
3786 3798
3786 3799
3786 3800
3786 3801
3787 3788
3787 3789
3787 3790
3787 3791
3787 3792
3787 3793
3787 3794
3787 3795
3787 3796
3787 3797
3787 3798
3787 3799
3787 3800
3787 3801
3788 3789
3788 3790
3788 3791
3788 3792
3788 3793
3788 3794
3788 3795
3788 3796
3788 3797
3788 3798
3788 3799
3788 3800
3788 3801
3789 3790
3789 3791
3789 3792
3789 3793
3789 3794
3789 3795
3789 3796
3789 3797
3789 3798
3789 3799
3789 3800
3789 3801
3790 3791
3790 3792
3790 3793
3790 3794
3790 3795
3790 3796
3790 3797
3790 3798
3790 3799
3790 3800
3790 3801
3791 3792
3791 3793
3791 3794
3791 3795
3791 3796
3791 3797
3791 3798
3791 3799
3791 3800
3791 3801
3792 3793
3792 3794
3792 3795
3792 3796
3792 3797
3792 3798
3792 3799
3792 3800
3792 3801
3793 3794
3793 3795
3793 3796
3793 3797
3793 3798
3793 3799
3793 3800
3793 3801
3794 3795
3794 3796
3794 3797
3794 3798
3794 3799
3794 3800
3794 3801
3795 3796
3795 3797
3795 3798
3795 3799
3795 3800
3795 3801
3796 3797
3796 3798
3796 3799
3796 3800
3796 3801
3797 3798
3797 3799
3797 3800
3797 3801
3798 3799
3798 3800
3798 3801
3799 3800
3799 3801
3800 3801
646 3660
646 3759
646 3802
646 3803
646 3804
646 3805
646 3806
3660 3759
3660 3802
3660 3803
3660 3804
3660 3805
3660 3806
3759 3802
3759 3803
3759 3804
3759 3805
3759 3806
3802 3803
3802 3804
3802 3805
3802 3806
3803 3804
3803 3805
3803 3806
3804 3805
3804 3806
3805 3806
647 705
647 1627
647 3125
647 3380
647 3454
647 3772
647 3807
647 3808
647 3809
647 3810
647 3811
647 3812
647 3813
647 3814
647 3815
647 3816
647 3817
705 1627
705 3125
705 3380
705 3454
705 3772
705 3807
705 3808
705 3809
705 3810
705 3811
705 3812
705 3813
705 3814
705 3815
705 3816
705 3817
1627 3125
1627 3380
1627 3454
1627 3772
1627 3807
1627 3808
1627 3809
1627 3810
1627 3811
1627 3812
1627 3813
1627 3814
1627 3815
1627 3816
1627 3817
3125 3380
3125 3454
3125 3772
3125 3807
3125 3808
3125 3809
3125 3810
3125 3811
3125 3812
3125 3813
3125 3814
3125 3815
3125 3816
3125 3817
3380 3454
3380 3772
3380 3807
3380 3808
3380 3809
3380 3810
3380 3811
3380 3812
3380 3813
3380 3814
3380 3815
3380 3816
3380 3817
3454 3772
3454 3807
3454 3808
3454 3809
3454 3810
3454 3811
3454 3812
3454 3813
3454 3814
3454 3815
3454 3816
3454 3817
3772 3807
3772 3808
3772 3809
3772 3810
3772 3811
3772 3812
3772 3813
3772 3814
3772 3815
3772 3816
3772 3817
3807 3808
3807 3809
3807 3810
3807 3811
3807 3812
3807 3813
3807 3814
3807 3815
3807 3816
3807 3817
3808 3809
3808 3810
3808 3811
3808 3812
3808 3813
3808 3814
3808 3815
3808 3816
3808 3817
3809 3810
3809 3811
3809 3812
3809 3813
3809 3814
3809 3815
3809 3816
3809 3817
3810 3811
3810 3812
3810 3813
3810 3814
3810 3815
3810 3816
3810 3817
3811 3812
3811 3813
3811 3814
3811 3815
3811 3816
3811 3817
3812 3813
3812 3814
3812 3815
3812 3816
3812 3817
3813 3814
3813 3815
3813 3816
3813 3817
3814 3815
3814 3816
3814 3817
3815 3816
3815 3817
3816 3817
669 2358
669 3818
669 3819
669 3820
2358 3818
2358 3819
2358 3820
3818 3819
3818 3820
3819 3820
670 982
670 1014
670 3821
670 3822
982 1014
982 3821
982 3822
1014 3821
1014 3822
3821 3822
671 882
671 1447
671 1690
671 2294
671 2446
671 2472
671 2509
671 2581
671 2629
671 2649
671 2685
671 2737
671 3821
671 3823
671 3824
671 3825
882 1447
882 1690
882 2294
882 2446
882 2472
882 2509
882 2581
882 2629
882 2649
882 2685
882 2737
882 3821
882 3823
882 3824
882 3825
1447 1690
1447 2294
1447 2446
1447 2472
1447 2509
1447 2581
1447 2629
1447 2649
1447 2685
1447 2737
1447 3821
1447 3823
1447 3824
1447 3825
1690 2294
1690 2446
1690 2472
1690 2509
1690 2581
1690 2629
1690 2649
1690 2685
1690 2737
1690 3821
1690 3823
1690 3824
1690 3825
2294 2446
2294 2472
2294 2509
2294 2581
2294 2629
2294 2649
2294 2685
2294 2737
2294 3821
2294 3823
2294 3824
2294 3825
2446 2472
2446 2509
2446 2581
2446 2629
2446 2649
2446 2685
2446 2737
2446 3821
2446 3823
2446 3824
2446 3825
2472 2509
2472 2581
2472 2629
2472 2649
2472 2685
2472 2737
2472 3821
2472 3823
2472 3824
2472 3825
2509 2581
2509 2629
2509 2649
2509 2685
2509 2737
2509 3821
2509 3823
2509 3824
2509 3825
2581 2629
2581 2649
2581 2685
2581 2737
2581 3821
2581 3823
2581 3824
2581 3825
2629 2649
2629 2685
2629 2737
2629 3821
2629 3823
2629 3824
2629 3825
2649 2685
2649 2737
2649 3821
2649 3823
2649 3824
2649 3825
2685 2737
2685 3821
2685 3823
2685 3824
2685 3825
2737 3821
2737 3823
2737 3824
2737 3825
3821 3823
3821 3824
3821 3825
3823 3824
3823 3825
3824 3825
672 812
672 948
672 1196
672 2038
672 2152
672 2233
672 3026
672 3129
672 3639
672 3706
672 3826
672 3827
672 3828
672 3829
672 3830
812 948
812 1196
812 2038
812 2152
812 2233
812 3026
812 3129
812 3639
812 3706
812 3826
812 3827
812 3828
812 3829
812 3830
948 1196
948 2038
948 2152
948 2233
948 3026
948 3129
948 3639
948 3706
948 3826
948 3827
948 3828
948 3829
948 3830
1196 2038
1196 2152
1196 2233
1196 3026
1196 3129
1196 3639
1196 3706
1196 3826
1196 3827
1196 3828
1196 3829
1196 3830
2038 2152
2038 2233
2038 3026
2038 3129
2038 3639
2038 3706
2038 3826
2038 3827
2038 3828
2038 3829
2038 3830
2152 2233
2152 3026
2152 3129
2152 3639
2152 3706
2152 3826
2152 3827
2152 3828
2152 3829
2152 3830
2233 3026
2233 3129
2233 3639
2233 3706
2233 3826
2233 3827
2233 3828
2233 3829
2233 3830
3026 3129
3026 3639
3026 3706
3026 3826
3026 3827
3026 3828
3026 3829
3026 3830
3129 3639
3129 3706
3129 3826
3129 3827
3129 3828
3129 3829
3129 3830
3639 3706
3639 3826
3639 3827
3639 3828
3639 3829
3639 3830
3706 3826
3706 3827
3706 3828
3706 3829
3706 3830
3826 3827
3826 3828
3826 3829
3826 3830
3827 3828
3827 3829
3827 3830
3828 3829
3828 3830
3829 3830
673 880
673 2447
673 2543
673 2755
673 2785
673 2813
673 3476
673 3488
673 3498
673 3831
673 3832
880 2447
880 2543
880 2755
880 2785
880 2813
880 3476
880 3488
880 3498
880 3831
880 3832
2447 2543
2447 2755
2447 2785
2447 2813
2447 3476
2447 3488
2447 3498
2447 3831
2447 3832
2543 2755
2543 2785
2543 2813
2543 3476
2543 3488
2543 3498
2543 3831
2543 3832
2755 2785
2755 2813
2755 3476
2755 3488
2755 3498
2755 3831
2755 3832
2785 2813
2785 3476
2785 3488
2785 3498
2785 3831
2785 3832
2813 3476
2813 3488
2813 3498
2813 3831
2813 3832
3476 3488
3476 3498
3476 3831
3476 3832
3488 3498
3488 3831
3488 3832
3498 3831
3498 3832
3831 3832
674 1016
674 2119
674 2172
674 2394
674 2507
674 2658
674 2727
674 3583
674 3661
674 3833
1016 2119
1016 2172
1016 2394
1016 2507
1016 2658
1016 2727
1016 3583
1016 3661
1016 3833
2119 2172
2119 2394
2119 2507
2119 2658
2119 2727
2119 3583
2119 3661
2119 3833
2172 2394
2172 2507
2172 2658
2172 2727
2172 3583
2172 3661
2172 3833
2394 2507
2394 2658
2394 2727
2394 3583
2394 3661
2394 3833
2507 2658
2507 2727
2507 3583
2507 3661
2507 3833
2658 2727
2658 3583
2658 3661
2658 3833
2727 3583
2727 3661
2727 3833
3583 3661
3583 3833
3661 3833
675 949
675 3126
675 3644
675 3773
675 3834
675 3835
675 3836
675 3837
949 3126
949 3644
949 3773
949 3834
949 3835
949 3836
949 3837
3126 3644
3126 3773
3126 3834
3126 3835
3126 3836
3126 3837
3644 3773
3644 3834
3644 3835
3644 3836
3644 3837
3773 3834
3773 3835
3773 3836
3773 3837
3834 3835
3834 3836
3834 3837
3835 3836
3835 3837
3836 3837
676 921
676 2728
676 3710
921 2728
921 3710
2728 3710
677 847
677 899
677 950
677 1754
677 1866
677 1973
677 2360
677 2987
677 3043
677 3070
677 3260
677 3762
677 3838
677 3839
677 3840
677 3841
677 3842
677 3843
677 3844
677 3845
677 3846
677 3847
677 3848
677 3849
677 3850
677 3851
677 3852
677 3853
847 899
847 950
847 1754
847 1866
847 1973
847 2360
847 2987
847 3043
847 3070
847 3260
847 3762
847 3838
847 3839
847 3840
847 3841
847 3842
847 3843
847 3844
847 3845
847 3846
847 3847
847 3848
847 3849
847 3850
847 3851
847 3852
847 3853
899 950
899 1754
899 1866
899 1973
899 2360
899 2987
899 3043
899 3070
899 3260
899 3762
899 3838
899 3839
899 3840
899 3841
899 3842
899 3843
899 3844
899 3845
899 3846
899 3847
899 3848
899 3849
899 3850
899 3851
899 3852
899 3853
950 1754
950 1866
950 1973
950 2360
950 2987
950 3043
950 3070
950 3260
950 3762
950 3838
950 3839
950 3840
950 3841
950 3842
950 3843
950 3844
950 3845
950 3846
950 3847
950 3848
950 3849
950 3850
950 3851
950 3852
950 3853
1754 1866
1754 1973
1754 2360
1754 2987
1754 3043
1754 3070
1754 3260
1754 3762
1754 3838
1754 3839
1754 3840
1754 3841
1754 3842
1754 3843
1754 3844
1754 3845
1754 3846
1754 3847
1754 3848
1754 3849
1754 3850
1754 3851
1754 3852
1754 3853
1866 1973
1866 2360
1866 2987
1866 3043
1866 3070
1866 3260
1866 3762
1866 3838
1866 3839
1866 3840
1866 3841
1866 3842
1866 3843
1866 3844
1866 3845
1866 3846
1866 3847
1866 3848
1866 3849
1866 3850
1866 3851
1866 3852
1866 3853
1973 2360
1973 2987
1973 3043
1973 3070
1973 3260
1973 3762
1973 3838
1973 3839
1973 3840
1973 3841
1973 3842
1973 3843
1973 3844
1973 3845
1973 3846
1973 3847
1973 3848
1973 3849
1973 3850
1973 3851
1973 3852
1973 3853
2360 2987
2360 3043
2360 3070
2360 3260
2360 3762
2360 3838
2360 3839
2360 3840
2360 3841
2360 3842
2360 3843
2360 3844
2360 3845
2360 3846
2360 3847
2360 3848
2360 3849
2360 3850
2360 3851
2360 3852
2360 3853
2987 3043
2987 3070
2987 3260
2987 3762
2987 3838
2987 3839
2987 3840
2987 3841
2987 3842
2987 3843
2987 3844
2987 3845
2987 3846
2987 3847
2987 3848
2987 3849
2987 3850
2987 3851
2987 3852
2987 3853
3043 3070
3043 3260
3043 3762
3043 3838
3043 3839
3043 3840
3043 3841
3043 3842
3043 3843
3043 3844
3043 3845
3043 3846
3043 3847
3043 3848
3043 3849
3043 3850
3043 3851
3043 3852
3043 3853
3070 3260
3070 3762
3070 3838
3070 3839
3070 3840
3070 3841
3070 3842
3070 3843
3070 3844
3070 3845
3070 3846
3070 3847
3070 3848
3070 3849
3070 3850
3070 3851
3070 3852
3070 3853
3260 3762
3260 3838
3260 3839
3260 3840
3260 3841
3260 3842
3260 3843
3260 3844
3260 3845
3260 3846
3260 3847
3260 3848
3260 3849
3260 3850
3260 3851
3260 3852
3260 3853
3762 3838
3762 3839
3762 3840
3762 3841
3762 3842
3762 3843
3762 3844
3762 3845
3762 3846
3762 3847
3762 3848
3762 3849
3762 3850
3762 3851
3762 3852
3762 3853
3838 3839
3838 3840
3838 3841
3838 3842
3838 3843
3838 3844
3838 3845
3838 3846
3838 3847
3838 3848
3838 3849
3838 3850
3838 3851
3838 3852
3838 3853
3839 3840
3839 3841
3839 3842
3839 3843
3839 3844
3839 3845
3839 3846
3839 3847
3839 3848
3839 3849
3839 3850
3839 3851
3839 3852
3839 3853
3840 3841
3840 3842
3840 3843
3840 3844
3840 3845
3840 3846
3840 3847
3840 3848
3840 3849
3840 3850
3840 3851
3840 3852
3840 3853
3841 3842
3841 3843
3841 3844
3841 3845
3841 3846
3841 3847
3841 3848
3841 3849
3841 3850
3841 3851
3841 3852
3841 3853
3842 3843
3842 3844
3842 3845
3842 3846
3842 3847
3842 3848
3842 3849
3842 3850
3842 3851
3842 3852
3842 3853
3843 3844
3843 3845
3843 3846
3843 3847
3843 3848
3843 3849
3843 3850
3843 3851
3843 3852
3843 3853
3844 3845
3844 3846
3844 3847
3844 3848
3844 3849
3844 3850
3844 3851
3844 3852
3844 3853
3845 3846
3845 3847
3845 3848
3845 3849
3845 3850
3845 3851
3845 3852
3845 3853
3846 3847
3846 3848
3846 3849
3846 3850
3846 3851
3846 3852
3846 3853
3847 3848
3847 3849
3847 3850
3847 3851
3847 3852
3847 3853
3848 3849
3848 3850
3848 3851
3848 3852
3848 3853
3849 3850
3849 3851
3849 3852
3849 3853
3850 3851
3850 3852
3850 3853
3851 3852
3851 3853
3852 3853
695 2227
695 3515
695 3690
695 3854
2227 3515
2227 3690
2227 3854
3515 3690
3515 3854
3690 3854
710 900
710 922
710 1154
710 1921
710 2853
710 3087
710 3127
710 3456
710 3591
710 3635
710 3689
710 3720
710 3774
710 3855
710 3856
710 3857
710 3858
710 3859
710 3860
710 3861
710 3862
710 3863
900 922
900 1154
900 1921
900 2853
900 3087
900 3127
900 3456
900 3591
900 3635
900 3689
900 3720
900 3774
900 3855
900 3856
900 3857
900 3858
900 3859
900 3860
900 3861
900 3862
900 3863
922 1154
922 1921
922 2853
922 3087
922 3127
922 3456
922 3591
922 3635
922 3689
922 3720
922 3774
922 3855
922 3856
922 3857
922 3858
922 3859
922 3860
922 3861
922 3862
922 3863
1154 1921
1154 2853
1154 3087
1154 3127
1154 3456
1154 3591
1154 3635
1154 3689
1154 3720
1154 3774
1154 3855
1154 3856
1154 3857
1154 3858
1154 3859
1154 3860
1154 3861
1154 3862
1154 3863
1921 2853
1921 3087
1921 3127
1921 3456
1921 3591
1921 3635
1921 3689
1921 3720
1921 3774
1921 3855
1921 3856
1921 3857
1921 3858
1921 3859
1921 3860
1921 3861
1921 3862
1921 3863
2853 3087
2853 3127
2853 3456
2853 3591
2853 3635
2853 3689
2853 3720
2853 3774
2853 3855
2853 3856
2853 3857
2853 3858
2853 3859
2853 3860
2853 3861
2853 3862
2853 3863
3087 3127
3087 3456
3087 3591
3087 3635
3087 3689
3087 3720
3087 3774
3087 3855
3087 3856
3087 3857
3087 3858
3087 3859
3087 3860
3087 3861
3087 3862
3087 3863
3127 3456
3127 3591
3127 3635
3127 3689
3127 3720
3127 3774
3127 3855
3127 3856
3127 3857
3127 3858
3127 3859
3127 3860
3127 3861
3127 3862
3127 3863
3456 3591
3456 3635
3456 3689
3456 3720
3456 3774
3456 3855
3456 3856
3456 3857
3456 3858
3456 3859
3456 3860
3456 3861
3456 3862
3456 3863
3591 3635
3591 3689
3591 3720
3591 3774
3591 3855
3591 3856
3591 3857
3591 3858
3591 3859
3591 3860
3591 3861
3591 3862
3591 3863
3635 3689
3635 3720
3635 3774
3635 3855
3635 3856
3635 3857
3635 3858
3635 3859
3635 3860
3635 3861
3635 3862
3635 3863
3689 3720
3689 3774
3689 3855
3689 3856
3689 3857
3689 3858
3689 3859
3689 3860
3689 3861
3689 3862
3689 3863
3720 3774
3720 3855
3720 3856
3720 3857
3720 3858
3720 3859
3720 3860
3720 3861
3720 3862
3720 3863
3774 3855
3774 3856
3774 3857
3774 3858
3774 3859
3774 3860
3774 3861
3774 3862
3774 3863
3855 3856
3855 3857
3855 3858
3855 3859
3855 3860
3855 3861
3855 3862
3855 3863
3856 3857
3856 3858
3856 3859
3856 3860
3856 3861
3856 3862
3856 3863
3857 3858
3857 3859
3857 3860
3857 3861
3857 3862
3857 3863
3858 3859
3858 3860
3858 3861
3858 3862
3858 3863
3859 3860
3859 3861
3859 3862
3859 3863
3860 3861
3860 3862
3860 3863
3861 3862
3861 3863
3862 3863
711 1244
711 1512
711 3000
711 3128
711 3812
711 3835
711 3862
711 3864
711 3865
711 3866
1244 1512
1244 3000
1244 3128
1244 3812
1244 3835
1244 3862
1244 3864
1244 3865
1244 3866
1512 3000
1512 3128
1512 3812
1512 3835
1512 3862
1512 3864
1512 3865
1512 3866
3000 3128
3000 3812
3000 3835
3000 3862
3000 3864
3000 3865
3000 3866
3128 3812
3128 3835
3128 3862
3128 3864
3128 3865
3128 3866
3812 3835
3812 3862
3812 3864
3812 3865
3812 3866
3835 3862
3835 3864
3835 3865
3835 3866
3862 3864
3862 3865
3862 3866
3864 3865
3864 3866
3865 3866
712 1587
712 3867
712 3868
712 3869
712 3870
1587 3867
1587 3868
1587 3869
1587 3870
3867 3868
3867 3869
3867 3870
3868 3869
3868 3870
3869 3870
713 1111
713 2129
713 2154
713 2177
713 2208
713 2396
713 2605
713 3331
713 3662
713 3775
713 3871
713 3872
713 3873
1111 2129
1111 2154
1111 2177
1111 2208
1111 2396
1111 2605
1111 3331
1111 3662
1111 3775
1111 3871
1111 3872
1111 3873
2129 2154
2129 2177
2129 2208
2129 2396
2129 2605
2129 3331
2129 3662
2129 3775
2129 3871
2129 3872
2129 3873
2154 2177
2154 2208
2154 2396
2154 2605
2154 3331
2154 3662
2154 3775
2154 3871
2154 3872
2154 3873
2177 2208
2177 2396
2177 2605
2177 3331
2177 3662
2177 3775
2177 3871
2177 3872
2177 3873
2208 2396
2208 2605
2208 3331
2208 3662
2208 3775
2208 3871
2208 3872
2208 3873
2396 2605
2396 3331
2396 3662
2396 3775
2396 3871
2396 3872
2396 3873
2605 3331
2605 3662
2605 3775
2605 3871
2605 3872
2605 3873
3331 3662
3331 3775
3331 3871
3331 3872
3331 3873
3662 3775
3662 3871
3662 3872
3662 3873
3775 3871
3775 3872
3775 3873
3871 3872
3871 3873
3872 3873
714 761
714 1941
714 2130
714 3186
714 3191
714 3227
714 3473
714 3585
714 3863
714 3874
714 3875
714 3876
714 3877
761 1941
761 2130
761 3186
761 3191
761 3227
761 3473
761 3585
761 3863
761 3874
761 3875
761 3876
761 3877
1941 2130
1941 3186
1941 3191
1941 3227
1941 3473
1941 3585
1941 3863
1941 3874
1941 3875
1941 3876
1941 3877
2130 3186
2130 3191
2130 3227
2130 3473
2130 3585
2130 3863
2130 3874
2130 3875
2130 3876
2130 3877
3186 3191
3186 3227
3186 3473
3186 3585
3186 3863
3186 3874
3186 3875
3186 3876
3186 3877
3191 3227
3191 3473
3191 3585
3191 3863
3191 3874
3191 3875
3191 3876
3191 3877
3227 3473
3227 3585
3227 3863
3227 3874
3227 3875
3227 3876
3227 3877
3473 3585
3473 3863
3473 3874
3473 3875
3473 3876
3473 3877
3585 3863
3585 3874
3585 3875
3585 3876
3585 3877
3863 3874
3863 3875
3863 3876
3863 3877
3874 3875
3874 3876
3874 3877
3875 3876
3875 3877
3876 3877
715 839
715 1044
715 1069
715 1112
715 1172
715 1246
715 2972
715 3878
715 3879
839 1044
839 1069
839 1112
839 1172
839 1246
839 2972
839 3878
839 3879
1044 1069
1044 1112
1044 1172
1044 1246
1044 2972
1044 3878
1044 3879
1069 1112
1069 1172
1069 1246
1069 2972
1069 3878
1069 3879
1112 1172
1112 1246
1112 2972
1112 3878
1112 3879
1172 1246
1172 2972
1172 3878
1172 3879
1246 2972
1246 3878
1246 3879
2972 3878
2972 3879
3878 3879
718 1262
718 1557
718 1566
718 2015
718 2901
718 3102
718 3593
718 3880
718 3881
718 3882
718 3883
718 3884
718 3885
718 3886
718 3887
718 3888
718 3889
718 3890
718 3891
718 3892
718 3893
718 3894
718 3895
718 3896
718 3897
718 3898
718 3899
718 3900
1262 1557
1262 1566
1262 2015
1262 2901
1262 3102
1262 3593
1262 3880
1262 3881
1262 3882
1262 3883
1262 3884
1262 3885
1262 3886
1262 3887
1262 3888
1262 3889
1262 3890
1262 3891
1262 3892
1262 3893
1262 3894
1262 3895
1262 3896
1262 3897
1262 3898
1262 3899
1262 3900
1557 1566
1557 2015
1557 2901
1557 3102
1557 3593
1557 3880
1557 3881
1557 3882
1557 3883
1557 3884
1557 3885
1557 3886
1557 3887
1557 3888
1557 3889
1557 3890
1557 3891
1557 3892
1557 3893
1557 3894
1557 3895
1557 3896
1557 3897
1557 3898
1557 3899
1557 3900
1566 2015
1566 2901
1566 3102
1566 3593
1566 3880
1566 3881
1566 3882
1566 3883
1566 3884
1566 3885
1566 3886
1566 3887
1566 3888
1566 3889
1566 3890
1566 3891
1566 3892
1566 3893
1566 3894
1566 3895
1566 3896
1566 3897
1566 3898
1566 3899
1566 3900
2015 2901
2015 3102
2015 3593
2015 3880
2015 3881
2015 3882
2015 3883
2015 3884
2015 3885
2015 3886
2015 3887
2015 3888
2015 3889
2015 3890
2015 3891
2015 3892
2015 3893
2015 3894
2015 3895
2015 3896
2015 3897
2015 3898
2015 3899
2015 3900
2901 3102
2901 3593
2901 3880
2901 3881
2901 3882
2901 3883
2901 3884
2901 3885
2901 3886
2901 3887
2901 3888
2901 3889
2901 3890
2901 3891
2901 3892
2901 3893
2901 3894
2901 3895
2901 3896
2901 3897
2901 3898
2901 3899
2901 3900
3102 3593
3102 3880
3102 3881
3102 3882
3102 3883
3102 3884
3102 3885
3102 3886
3102 3887
3102 3888
3102 3889
3102 3890
3102 3891
3102 3892
3102 3893
3102 3894
3102 3895
3102 3896
3102 3897
3102 3898
3102 3899
3102 3900
3593 3880
3593 3881
3593 3882
3593 3883
3593 3884
3593 3885
3593 3886
3593 3887
3593 3888
3593 3889
3593 3890
3593 3891
3593 3892
3593 3893
3593 3894
3593 3895
3593 3896
3593 3897
3593 3898
3593 3899
3593 3900
3880 3881
3880 3882
3880 3883
3880 3884
3880 3885
3880 3886
3880 3887
3880 3888
3880 3889
3880 3890
3880 3891
3880 3892
3880 3893
3880 3894
3880 3895
3880 3896
3880 3897
3880 3898
3880 3899
3880 3900
3881 3882
3881 3883
3881 3884
3881 3885
3881 3886
3881 3887
3881 3888
3881 3889
3881 3890
3881 3891
3881 3892
3881 3893
3881 3894
3881 3895
3881 3896
3881 3897
3881 3898
3881 3899
3881 3900
3882 3883
3882 3884
3882 3885
3882 3886
3882 3887
3882 3888
3882 3889
3882 3890
3882 3891
3882 3892
3882 3893
3882 3894
3882 3895
3882 3896
3882 3897
3882 3898
3882 3899
3882 3900
3883 3884
3883 3885
3883 3886
3883 3887
3883 3888
3883 3889
3883 3890
3883 3891
3883 3892
3883 3893
3883 3894
3883 3895
3883 3896
3883 3897
3883 3898
3883 3899
3883 3900
3884 3885
3884 3886
3884 3887
3884 3888
3884 3889
3884 3890
3884 3891
3884 3892
3884 3893
3884 3894
3884 3895
3884 3896
3884 3897
3884 3898
3884 3899
3884 3900
3885 3886
3885 3887
3885 3888
3885 3889
3885 3890
3885 3891
3885 3892
3885 3893
3885 3894
3885 3895
3885 3896
3885 3897
3885 3898
3885 3899
3885 3900
3886 3887
3886 3888
3886 3889
3886 3890
3886 3891
3886 3892
3886 3893
3886 3894
3886 3895
3886 3896
3886 3897
3886 3898
3886 3899
3886 3900
3887 3888
3887 3889
3887 3890
3887 3891
3887 3892
3887 3893
3887 3894
3887 3895
3887 3896
3887 3897
3887 3898
3887 3899
3887 3900
3888 3889
3888 3890
3888 3891
3888 3892
3888 3893
3888 3894
3888 3895
3888 3896
3888 3897
3888 3898
3888 3899
3888 3900
3889 3890
3889 3891
3889 3892
3889 3893
3889 3894
3889 3895
3889 3896
3889 3897
3889 3898
3889 3899
3889 3900
3890 3891
3890 3892
3890 3893
3890 3894
3890 3895
3890 3896
3890 3897
3890 3898
3890 3899
3890 3900
3891 3892
3891 3893
3891 3894
3891 3895
3891 3896
3891 3897
3891 3898
3891 3899
3891 3900
3892 3893
3892 3894
3892 3895
3892 3896
3892 3897
3892 3898
3892 3899
3892 3900
3893 3894
3893 3895
3893 3896
3893 3897
3893 3898
3893 3899
3893 3900
3894 3895
3894 3896
3894 3897
3894 3898
3894 3899
3894 3900
3895 3896
3895 3897
3895 3898
3895 3899
3895 3900
3896 3897
3896 3898
3896 3899
3896 3900
3897 3898
3897 3899
3897 3900
3898 3899
3898 3900
3899 3900
719 1942
719 2229
719 3086
719 3901
719 3902
719 3903
719 3904
719 3905
719 3906
1942 2229
1942 3086
1942 3901
1942 3902
1942 3903
1942 3904
1942 3905
1942 3906
2229 3086
2229 3901
2229 3902
2229 3903
2229 3904
2229 3905
2229 3906
3086 3901
3086 3902
3086 3903
3086 3904
3086 3905
3086 3906
3901 3902
3901 3903
3901 3904
3901 3905
3901 3906
3902 3903
3902 3904
3902 3905
3902 3906
3903 3904
3903 3905
3903 3906
3904 3905
3904 3906
3905 3906
720 763
720 978
720 1268
720 1423
720 1695
720 2171
720 2230
720 2634
720 2856
720 2897
720 2994
720 3149
720 3158
720 3390
720 3422
720 3457
720 3514
720 3816
720 3877
720 3899
720 3907
720 3908
720 3909
720 3910
720 3911
720 3912
720 3913
720 3914
720 3915
720 3916
720 3917
720 3918
720 3919
720 3920
720 3921
720 3922
763 978
763 1268
763 1423
763 1695
763 2171
763 2230
763 2634
763 2856
763 2897
763 2994
763 3149
763 3158
763 3390
763 3422
763 3457
763 3514
763 3816
763 3877
763 3899
763 3907
763 3908
763 3909
763 3910
763 3911
763 3912
763 3913
763 3914
763 3915
763 3916
763 3917
763 3918
763 3919
763 3920
763 3921
763 3922
978 1268
978 1423
978 1695
978 2171
978 2230
978 2634
978 2856
978 2897
978 2994
978 3149
978 3158
978 3390
978 3422
978 3457
978 3514
978 3816
978 3877
978 3899
978 3907
978 3908
978 3909
978 3910
978 3911
978 3912
978 3913
978 3914
978 3915
978 3916
978 3917
978 3918
978 3919
978 3920
978 3921
978 3922
1268 1423
1268 1695
1268 2171
1268 2230
1268 2634
1268 2856
1268 2897
1268 2994
1268 3149
1268 3158
1268 3390
1268 3422
1268 3457
1268 3514
1268 3816
1268 3877
1268 3899
1268 3907
1268 3908
1268 3909
1268 3910
1268 3911
1268 3912
1268 3913
1268 3914
1268 3915
1268 3916
1268 3917
1268 3918
1268 3919
1268 3920
1268 3921
1268 3922
1423 1695
1423 2171
1423 2230
1423 2634
1423 2856
1423 2897
1423 2994
1423 3149
1423 3158
1423 3390
1423 3422
1423 3457
1423 3514
1423 3816
1423 3877
1423 3899
1423 3907
1423 3908
1423 3909
1423 3910
1423 3911
1423 3912
1423 3913
1423 3914
1423 3915
1423 3916
1423 3917
1423 3918
1423 3919
1423 3920
1423 3921
1423 3922
1695 2171
1695 2230
1695 2634
1695 2856
1695 2897
1695 2994
1695 3149
1695 3158
1695 3390
1695 3422
1695 3457
1695 3514
1695 3816
1695 3877
1695 3899
1695 3907
1695 3908
1695 3909
1695 3910
1695 3911
1695 3912
1695 3913
1695 3914
1695 3915
1695 3916
1695 3917
1695 3918
1695 3919
1695 3920
1695 3921
1695 3922
2171 2230
2171 2634
2171 2856
2171 2897
2171 2994
2171 3149
2171 3158
2171 3390
2171 3422
2171 3457
2171 3514
2171 3816
2171 3877
2171 3899
2171 3907
2171 3908
2171 3909
2171 3910
2171 3911
2171 3912
2171 3913
2171 3914
2171 3915
2171 3916
2171 3917
2171 3918
2171 3919
2171 3920
2171 3921
2171 3922
2230 2634
2230 2856
2230 2897
2230 2994
2230 3149
2230 3158
2230 3390
2230 3422
2230 3457
2230 3514
2230 3816
2230 3877
2230 3899
2230 3907
2230 3908
2230 3909
2230 3910
2230 3911
2230 3912
2230 3913
2230 3914
2230 3915
2230 3916
2230 3917
2230 3918
2230 3919
2230 3920
2230 3921
2230 3922
2634 2856
2634 2897
2634 2994
2634 3149
2634 3158
2634 3390
2634 3422
2634 3457
2634 3514
2634 3816
2634 3877
2634 3899
2634 3907
2634 3908
2634 3909
2634 3910
2634 3911
2634 3912
2634 3913
2634 3914
2634 3915
2634 3916
2634 3917
2634 3918
2634 3919
2634 3920
2634 3921
2634 3922
2856 2897
2856 2994
2856 3149
2856 3158
2856 3390
2856 3422
2856 3457
2856 3514
2856 3816
2856 3877
2856 3899
2856 3907
2856 3908
2856 3909
2856 3910
2856 3911
2856 3912
2856 3913
2856 3914
2856 3915
2856 3916
2856 3917
2856 3918
2856 3919
2856 3920
2856 3921
2856 3922
2897 2994
2897 3149
2897 3158
2897 3390
2897 3422
2897 3457
2897 3514
2897 3816
2897 3877
2897 3899
2897 3907
2897 3908
2897 3909
2897 3910
2897 3911
2897 3912
2897 3913
2897 3914
2897 3915
2897 3916
2897 3917
2897 3918
2897 3919
2897 3920
2897 3921
2897 3922
2994 3149
2994 3158
2994 3390
2994 3422
2994 3457
2994 3514
2994 3816
2994 3877
2994 3899
2994 3907
2994 3908
2994 3909
2994 3910
2994 3911
2994 3912
2994 3913
2994 3914
2994 3915
2994 3916
2994 3917
2994 3918
2994 3919
2994 3920
2994 3921
2994 3922
3149 3158
3149 3390
3149 3422
3149 3457
3149 3514
3149 3816
3149 3877
3149 3899
3149 3907
3149 3908
3149 3909
3149 3910
3149 3911
3149 3912
3149 3913
3149 3914
3149 3915
3149 3916
3149 3917
3149 3918
3149 3919
3149 3920
3149 3921
3149 3922
3158 3390
3158 3422
3158 3457
3158 3514
3158 3816
3158 3877
3158 3899
3158 3907
3158 3908
3158 3909
3158 3910
3158 3911
3158 3912
3158 3913
3158 3914
3158 3915
3158 3916
3158 3917
3158 3918
3158 3919
3158 3920
3158 3921
3158 3922
3390 3422
3390 3457
3390 3514
3390 3816
3390 3877
3390 3899
3390 3907
3390 3908
3390 3909
3390 3910
3390 3911
3390 3912
3390 3913
3390 3914
3390 3915
3390 3916
3390 3917
3390 3918
3390 3919
3390 3920
3390 3921
3390 3922
3422 3457
3422 3514
3422 3816
3422 3877
3422 3899
3422 3907
3422 3908
3422 3909
3422 3910
3422 3911
3422 3912
3422 3913
3422 3914
3422 3915
3422 3916
3422 3917
3422 3918
3422 3919
3422 3920
3422 3921
3422 3922
3457 3514
3457 3816
3457 3877
3457 3899
3457 3907
3457 3908
3457 3909
3457 3910
3457 3911
3457 3912
3457 3913
3457 3914
3457 3915
3457 3916
3457 3917
3457 3918
3457 3919
3457 3920
3457 3921
3457 3922
3514 3816
3514 3877
3514 3899
3514 3907
3514 3908
3514 3909
3514 3910
3514 3911
3514 3912
3514 3913
3514 3914
3514 3915
3514 3916
3514 3917
3514 3918
3514 3919
3514 3920
3514 3921
3514 3922
3816 3877
3816 3899
3816 3907
3816 3908
3816 3909
3816 3910
3816 3911
3816 3912
3816 3913
3816 3914
3816 3915
3816 3916
3816 3917
3816 3918
3816 3919
3816 3920
3816 3921
3816 3922
3877 3899
3877 3907
3877 3908
3877 3909
3877 3910
3877 3911
3877 3912
3877 3913
3877 3914
3877 3915
3877 3916
3877 3917
3877 3918
3877 3919
3877 3920
3877 3921
3877 3922
3899 3907
3899 3908
3899 3909
3899 3910
3899 3911
3899 3912
3899 3913
3899 3914
3899 3915
3899 3916
3899 3917
3899 3918
3899 3919
3899 3920
3899 3921
3899 3922
3907 3908
3907 3909
3907 3910
3907 3911
3907 3912
3907 3913
3907 3914
3907 3915
3907 3916
3907 3917
3907 3918
3907 3919
3907 3920
3907 3921
3907 3922
3908 3909
3908 3910
3908 3911
3908 3912
3908 3913
3908 3914
3908 3915
3908 3916
3908 3917
3908 3918
3908 3919
3908 3920
3908 3921
3908 3922
3909 3910
3909 3911
3909 3912
3909 3913
3909 3914
3909 3915
3909 3916
3909 3917
3909 3918
3909 3919
3909 3920
3909 3921
3909 3922
3910 3911
3910 3912
3910 3913
3910 3914
3910 3915
3910 3916
3910 3917
3910 3918
3910 3919
3910 3920
3910 3921
3910 3922
3911 3912
3911 3913
3911 3914
3911 3915
3911 3916
3911 3917
3911 3918
3911 3919
3911 3920
3911 3921
3911 3922
3912 3913
3912 3914
3912 3915
3912 3916
3912 3917
3912 3918
3912 3919
3912 3920
3912 3921
3912 3922
3913 3914
3913 3915
3913 3916
3913 3917
3913 3918
3913 3919
3913 3920
3913 3921
3913 3922
3914 3915
3914 3916
3914 3917
3914 3918
3914 3919
3914 3920
3914 3921
3914 3922
3915 3916
3915 3917
3915 3918
3915 3919
3915 3920
3915 3921
3915 3922
3916 3917
3916 3918
3916 3919
3916 3920
3916 3921
3916 3922
3917 3918
3917 3919
3917 3920
3917 3921
3917 3922
3918 3919
3918 3920
3918 3921
3918 3922
3919 3920
3919 3921
3919 3922
3920 3921
3920 3922
3921 3922
721 3036
721 3923
721 3924
721 3925
3036 3923
3036 3924
3036 3925
3923 3924
3923 3925
3924 3925
722 3339
722 3645
722 3926
722 3927
722 3928
722 3929
722 3930
722 3931
722 3932
722 3933
722 3934
722 3935
722 3936
3339 3645
3339 3926
3339 3927
3339 3928
3339 3929
3339 3930
3339 3931
3339 3932
3339 3933
3339 3934
3339 3935
3339 3936
3645 3926
3645 3927
3645 3928
3645 3929
3645 3930
3645 3931
3645 3932
3645 3933
3645 3934
3645 3935
3645 3936
3926 3927
3926 3928
3926 3929
3926 3930
3926 3931
3926 3932
3926 3933
3926 3934
3926 3935
3926 3936
3927 3928
3927 3929
3927 3930
3927 3931
3927 3932
3927 3933
3927 3934
3927 3935
3927 3936
3928 3929
3928 3930
3928 3931
3928 3932
3928 3933
3928 3934
3928 3935
3928 3936
3929 3930
3929 3931
3929 3932
3929 3933
3929 3934
3929 3935
3929 3936
3930 3931
3930 3932
3930 3933
3930 3934
3930 3935
3930 3936
3931 3932
3931 3933
3931 3934
3931 3935
3931 3936
3932 3933
3932 3934
3932 3935
3932 3936
3933 3934
3933 3935
3933 3936
3934 3935
3934 3936
3935 3936
723 775
723 3294
723 3340
723 3540
723 3930
723 3937
723 3938
723 3939
723 3940
723 3941
723 3942
723 3943
775 3294
775 3340
775 3540
775 3930
775 3937
775 3938
775 3939
775 3940
775 3941
775 3942
775 3943
3294 3340
3294 3540
3294 3930
3294 3937
3294 3938
3294 3939
3294 3940
3294 3941
3294 3942
3294 3943
3340 3540
3340 3930
3340 3937
3340 3938
3340 3939
3340 3940
3340 3941
3340 3942
3340 3943
3540 3930
3540 3937
3540 3938
3540 3939
3540 3940
3540 3941
3540 3942
3540 3943
3930 3937
3930 3938
3930 3939
3930 3940
3930 3941
3930 3942
3930 3943
3937 3938
3937 3939
3937 3940
3937 3941
3937 3942
3937 3943
3938 3939
3938 3940
3938 3941
3938 3942
3938 3943
3939 3940
3939 3941
3939 3942
3939 3943
3940 3941
3940 3942
3940 3943
3941 3942
3941 3943
3942 3943
724 1382
724 3163
724 3944
724 3945
724 3946
724 3947
724 3948
724 3949
724 3950
1382 3163
1382 3944
1382 3945
1382 3946
1382 3947
1382 3948
1382 3949
1382 3950
3163 3944
3163 3945
3163 3946
3163 3947
3163 3948
3163 3949
3163 3950
3944 3945
3944 3946
3944 3947
3944 3948
3944 3949
3944 3950
3945 3946
3945 3947
3945 3948
3945 3949
3945 3950
3946 3947
3946 3948
3946 3949
3946 3950
3947 3948
3947 3949
3947 3950
3948 3949
3948 3950
3949 3950
725 2381
725 3295
725 3542
725 3647
725 3778
725 3907
725 3951
725 3952
725 3953
725 3954
725 3955
725 3956
725 3957
725 3958
725 3959
725 3960
725 3961
725 3962
725 3963
725 3964
725 3965
725 3966
725 3967
725 3968
725 3969
725 3970
725 3971
2381 3295
2381 3542
2381 3647
2381 3778
2381 3907
2381 3951
2381 3952
2381 3953
2381 3954
2381 3955
2381 3956
2381 3957
2381 3958
2381 3959
2381 3960
2381 3961
2381 3962
2381 3963
2381 3964
2381 3965
2381 3966
2381 3967
2381 3968
2381 3969
2381 3970
2381 3971
3295 3542
3295 3647
3295 3778
3295 3907
3295 3951
3295 3952
3295 3953
3295 3954
3295 3955
3295 3956
3295 3957
3295 3958
3295 3959
3295 3960
3295 3961
3295 3962
3295 3963
3295 3964
3295 3965
3295 3966
3295 3967
3295 3968
3295 3969
3295 3970
3295 3971
3542 3647
3542 3778
3542 3907
3542 3951
3542 3952
3542 3953
3542 3954
3542 3955
3542 3956
3542 3957
3542 3958
3542 3959
3542 3960
3542 3961
3542 3962
3542 3963
3542 3964
3542 3965
3542 3966
3542 3967
3542 3968
3542 3969
3542 3970
3542 3971
3647 3778
3647 3907
3647 3951
3647 3952
3647 3953
3647 3954
3647 3955
3647 3956
3647 3957
3647 3958
3647 3959
3647 3960
3647 3961
3647 3962
3647 3963
3647 3964
3647 3965
3647 3966
3647 3967
3647 3968
3647 3969
3647 3970
3647 3971
3778 3907
3778 3951
3778 3952
3778 3953
3778 3954
3778 3955
3778 3956
3778 3957
3778 3958
3778 3959
3778 3960
3778 3961
3778 3962
3778 3963
3778 3964
3778 3965
3778 3966
3778 3967
3778 3968
3778 3969
3778 3970
3778 3971
3907 3951
3907 3952
3907 3953
3907 3954
3907 3955
3907 3956
3907 3957
3907 3958
3907 3959
3907 3960
3907 3961
3907 3962
3907 3963
3907 3964
3907 3965
3907 3966
3907 3967
3907 3968
3907 3969
3907 3970
3907 3971
3951 3952
3951 3953
3951 3954
3951 3955
3951 3956
3951 3957
3951 3958
3951 3959
3951 3960
3951 3961
3951 3962
3951 3963
3951 3964
3951 3965
3951 3966
3951 3967
3951 3968
3951 3969
3951 3970
3951 3971
3952 3953
3952 3954
3952 3955
3952 3956
3952 3957
3952 3958
3952 3959
3952 3960
3952 3961
3952 3962
3952 3963
3952 3964
3952 3965
3952 3966
3952 3967
3952 3968
3952 3969
3952 3970
3952 3971
3953 3954
3953 3955
3953 3956
3953 3957
3953 3958
3953 3959
3953 3960
3953 3961
3953 3962
3953 3963
3953 3964
3953 3965
3953 3966
3953 3967
3953 3968
3953 3969
3953 3970
3953 3971
3954 3955
3954 3956
3954 3957
3954 3958
3954 3959
3954 3960
3954 3961
3954 3962
3954 3963
3954 3964
3954 3965
3954 3966
3954 3967
3954 3968
3954 3969
3954 3970
3954 3971
3955 3956
3955 3957
3955 3958
3955 3959
3955 3960
3955 3961
3955 3962
3955 3963
3955 3964
3955 3965
3955 3966
3955 3967
3955 3968
3955 3969
3955 3970
3955 3971
3956 3957
3956 3958
3956 3959
3956 3960
3956 3961
3956 3962
3956 3963
3956 3964
3956 3965
3956 3966
3956 3967
3956 3968
3956 3969
3956 3970
3956 3971
3957 3958
3957 3959
3957 3960
3957 3961
3957 3962
3957 3963
3957 3964
3957 3965
3957 3966
3957 3967
3957 3968
3957 3969
3957 3970
3957 3971
3958 3959
3958 3960
3958 3961
3958 3962
3958 3963
3958 3964
3958 3965
3958 3966
3958 3967
3958 3968
3958 3969
3958 3970
3958 3971
3959 3960
3959 3961
3959 3962
3959 3963
3959 3964
3959 3965
3959 3966
3959 3967
3959 3968
3959 3969
3959 3970
3959 3971
3960 3961
3960 3962
3960 3963
3960 3964
3960 3965
3960 3966
3960 3967
3960 3968
3960 3969
3960 3970
3960 3971
3961 3962
3961 3963
3961 3964
3961 3965
3961 3966
3961 3967
3961 3968
3961 3969
3961 3970
3961 3971
3962 3963
3962 3964
3962 3965
3962 3966
3962 3967
3962 3968
3962 3969
3962 3970
3962 3971
3963 3964
3963 3965
3963 3966
3963 3967
3963 3968
3963 3969
3963 3970
3963 3971
3964 3965
3964 3966
3964 3967
3964 3968
3964 3969
3964 3970
3964 3971
3965 3966
3965 3967
3965 3968
3965 3969
3965 3970
3965 3971
3966 3967
3966 3968
3966 3969
3966 3970
3966 3971
3967 3968
3967 3969
3967 3970
3967 3971
3968 3969
3968 3970
3968 3971
3969 3970
3969 3971
3970 3971
726 849
726 991
726 1646
726 1760
726 2312
726 2459
726 2479
726 2513
726 2608
726 2652
726 2768
726 2806
726 2820
726 3229
726 3460
726 3502
726 3562
726 3908
726 3972
726 3973
726 3974
726 3975
726 3976
726 3977
849 991
849 1646
849 1760
849 2312
849 2459
849 2479
849 2513
849 2608
849 2652
849 2768
849 2806
849 2820
849 3229
849 3460
849 3502
849 3562
849 3908
849 3972
849 3973
849 3974
849 3975
849 3976
849 3977
991 1646
991 1760
991 2312
991 2459
991 2479
991 2513
991 2608
991 2652
991 2768
991 2806
991 2820
991 3229
991 3460
991 3502
991 3562
991 3908
991 3972
991 3973
991 3974
991 3975
991 3976
991 3977
1646 1760
1646 2312
1646 2459
1646 2479
1646 2513
1646 2608
1646 2652
1646 2768
1646 2806
1646 2820
1646 3229
1646 3460
1646 3502
1646 3562
1646 3908
1646 3972
1646 3973
1646 3974
1646 3975
1646 3976
1646 3977
1760 2312
1760 2459
1760 2479
1760 2513
1760 2608
1760 2652
1760 2768
1760 2806
1760 2820
1760 3229
1760 3460
1760 3502
1760 3562
1760 3908
1760 3972
1760 3973
1760 3974
1760 3975
1760 3976
1760 3977
2312 2459
2312 2479
2312 2513
2312 2608
2312 2652
2312 2768
2312 2806
2312 2820
2312 3229
2312 3460
2312 3502
2312 3562
2312 3908
2312 3972
2312 3973
2312 3974
2312 3975
2312 3976
2312 3977
2459 2479
2459 2513
2459 2608
2459 2652
2459 2768
2459 2806
2459 2820
2459 3229
2459 3460
2459 3502
2459 3562
2459 3908
2459 3972
2459 3973
2459 3974
2459 3975
2459 3976
2459 3977
2479 2513
2479 2608
2479 2652
2479 2768
2479 2806
2479 2820
2479 3229
2479 3460
2479 3502
2479 3562
2479 3908
2479 3972
2479 3973
2479 3974
2479 3975
2479 3976
2479 3977
2513 2608
2513 2652
2513 2768
2513 2806
2513 2820
2513 3229
2513 3460
2513 3502
2513 3562
2513 3908
2513 3972
2513 3973
2513 3974
2513 3975
2513 3976
2513 3977
2608 2652
2608 2768
2608 2806
2608 2820
2608 3229
2608 3460
2608 3502
2608 3562
2608 3908
2608 3972
2608 3973
2608 3974
2608 3975
2608 3976
2608 3977
2652 2768
2652 2806
2652 2820
2652 3229
2652 3460
2652 3502
2652 3562
2652 3908
2652 3972
2652 3973
2652 3974
2652 3975
2652 3976
2652 3977
2768 2806
2768 2820
2768 3229
2768 3460
2768 3502
2768 3562
2768 3908
2768 3972
2768 3973
2768 3974
2768 3975
2768 3976
2768 3977
2806 2820
2806 3229
2806 3460
2806 3502
2806 3562
2806 3908
2806 3972
2806 3973
2806 3974
2806 3975
2806 3976
2806 3977
2820 3229
2820 3460
2820 3502
2820 3562
2820 3908
2820 3972
2820 3973
2820 3974
2820 3975
2820 3976
2820 3977
3229 3460
3229 3502
3229 3562
3229 3908
3229 3972
3229 3973
3229 3974
3229 3975
3229 3976
3229 3977
3460 3502
3460 3562
3460 3908
3460 3972
3460 3973
3460 3974
3460 3975
3460 3976
3460 3977
3502 3562
3502 3908
3502 3972
3502 3973
3502 3974
3502 3975
3502 3976
3502 3977
3562 3908
3562 3972
3562 3973
3562 3974
3562 3975
3562 3976
3562 3977
3908 3972
3908 3973
3908 3974
3908 3975
3908 3976
3908 3977
3972 3973
3972 3974
3972 3975
3972 3976
3972 3977
3973 3974
3973 3975
3973 3976
3973 3977
3974 3975
3974 3976
3974 3977
3975 3976
3975 3977
3976 3977
727 1604
727 2245
727 3854
727 3909
727 3978
727 3979
727 3980
727 3981
727 3982
727 3983
727 3984
1604 2245
1604 3854
1604 3909
1604 3978
1604 3979
1604 3980
1604 3981
1604 3982
1604 3983
1604 3984
2245 3854
2245 3909
2245 3978
2245 3979
2245 3980
2245 3981
2245 3982
2245 3983
2245 3984
3854 3909
3854 3978
3854 3979
3854 3980
3854 3981
3854 3982
3854 3983
3854 3984
3909 3978
3909 3979
3909 3980
3909 3981
3909 3982
3909 3983
3909 3984
3978 3979
3978 3980
3978 3981
3978 3982
3978 3983
3978 3984
3979 3980
3979 3981
3979 3982
3979 3983
3979 3984
3980 3981
3980 3982
3980 3983
3980 3984
3981 3982
3981 3983
3981 3984
3982 3983
3982 3984
3983 3984
728 992
728 2975
728 3033
728 3190
728 3214
728 3329
728 3736
728 3741
728 3779
728 3855
728 3985
728 3986
728 3987
728 3988
728 3989
992 2975
992 3033
992 3190
992 3214
992 3329
992 3736
992 3741
992 3779
992 3855
992 3985
992 3986
992 3987
992 3988
992 3989
2975 3033
2975 3190
2975 3214
2975 3329
2975 3736
2975 3741
2975 3779
2975 3855
2975 3985
2975 3986
2975 3987
2975 3988
2975 3989
3033 3190
3033 3214
3033 3329
3033 3736
3033 3741
3033 3779
3033 3855
3033 3985
3033 3986
3033 3987
3033 3988
3033 3989
3190 3214
3190 3329
3190 3736
3190 3741
3190 3779
3190 3855
3190 3985
3190 3986
3190 3987
3190 3988
3190 3989
3214 3329
3214 3736
3214 3741
3214 3779
3214 3855
3214 3985
3214 3986
3214 3987
3214 3988
3214 3989
3329 3736
3329 3741
3329 3779
3329 3855
3329 3985
3329 3986
3329 3987
3329 3988
3329 3989
3736 3741
3736 3779
3736 3855
3736 3985
3736 3986
3736 3987
3736 3988
3736 3989
3741 3779
3741 3855
3741 3985
3741 3986
3741 3987
3741 3988
3741 3989
3779 3855
3779 3985
3779 3986
3779 3987
3779 3988
3779 3989
3855 3985
3855 3986
3855 3987
3855 3988
3855 3989
3985 3986
3985 3987
3985 3988
3985 3989
3986 3987
3986 3988
3986 3989
3987 3988
3987 3989
3988 3989
729 1045
729 2341
729 3164
729 3204
729 3296
729 3342
729 3373
729 3541
729 3648
729 3933
729 3990
729 3991
729 3992
729 3993
729 3994
729 3995
729 3996
729 3997
729 3998
729 3999
729 4000
729 4001
729 4002
729 4003
729 4004
1045 2341
1045 3164
1045 3204
1045 3296
1045 3342
1045 3373
1045 3541
1045 3648
1045 3933
1045 3990
1045 3991
1045 3992
1045 3993
1045 3994
1045 3995
1045 3996
1045 3997
1045 3998
1045 3999
1045 4000
1045 4001
1045 4002
1045 4003
1045 4004
2341 3164
2341 3204
2341 3296
2341 3342
2341 3373
2341 3541
2341 3648
2341 3933
2341 3990
2341 3991
2341 3992
2341 3993
2341 3994
2341 3995
2341 3996
2341 3997
2341 3998
2341 3999
2341 4000
2341 4001
2341 4002
2341 4003
2341 4004
3164 3204
3164 3296
3164 3342
3164 3373
3164 3541
3164 3648
3164 3933
3164 3990
3164 3991
3164 3992
3164 3993
3164 3994
3164 3995
3164 3996
3164 3997
3164 3998
3164 3999
3164 4000
3164 4001
3164 4002
3164 4003
3164 4004
3204 3296
3204 3342
3204 3373
3204 3541
3204 3648
3204 3933
3204 3990
3204 3991
3204 3992
3204 3993
3204 3994
3204 3995
3204 3996
3204 3997
3204 3998
3204 3999
3204 4000
3204 4001
3204 4002
3204 4003
3204 4004
3296 3342
3296 3373
3296 3541
3296 3648
3296 3933
3296 3990
3296 3991
3296 3992
3296 3993
3296 3994
3296 3995
3296 3996
3296 3997
3296 3998
3296 3999
3296 4000
3296 4001
3296 4002
3296 4003
3296 4004
3342 3373
3342 3541
3342 3648
3342 3933
3342 3990
3342 3991
3342 3992
3342 3993
3342 3994
3342 3995
3342 3996
3342 3997
3342 3998
3342 3999
3342 4000
3342 4001
3342 4002
3342 4003
3342 4004
3373 3541
3373 3648
3373 3933
3373 3990
3373 3991
3373 3992
3373 3993
3373 3994
3373 3995
3373 3996
3373 3997
3373 3998
3373 3999
3373 4000
3373 4001
3373 4002
3373 4003
3373 4004
3541 3648
3541 3933
3541 3990
3541 3991
3541 3992
3541 3993
3541 3994
3541 3995
3541 3996
3541 3997
3541 3998
3541 3999
3541 4000
3541 4001
3541 4002
3541 4003
3541 4004
3648 3933
3648 3990
3648 3991
3648 3992
3648 3993
3648 3994
3648 3995
3648 3996
3648 3997
3648 3998
3648 3999
3648 4000
3648 4001
3648 4002
3648 4003
3648 4004
3933 3990
3933 3991
3933 3992
3933 3993
3933 3994
3933 3995
3933 3996
3933 3997
3933 3998
3933 3999
3933 4000
3933 4001
3933 4002
3933 4003
3933 4004
3990 3991
3990 3992
3990 3993
3990 3994
3990 3995
3990 3996
3990 3997
3990 3998
3990 3999
3990 4000
3990 4001
3990 4002
3990 4003
3990 4004
3991 3992
3991 3993
3991 3994
3991 3995
3991 3996
3991 3997
3991 3998
3991 3999
3991 4000
3991 4001
3991 4002
3991 4003
3991 4004
3992 3993
3992 3994
3992 3995
3992 3996
3992 3997
3992 3998
3992 3999
3992 4000
3992 4001
3992 4002
3992 4003
3992 4004
3993 3994
3993 3995
3993 3996
3993 3997
3993 3998
3993 3999
3993 4000
3993 4001
3993 4002
3993 4003
3993 4004
3994 3995
3994 3996
3994 3997
3994 3998
3994 3999
3994 4000
3994 4001
3994 4002
3994 4003
3994 4004
3995 3996
3995 3997
3995 3998
3995 3999
3995 4000
3995 4001
3995 4002
3995 4003
3995 4004
3996 3997
3996 3998
3996 3999
3996 4000
3996 4001
3996 4002
3996 4003
3996 4004
3997 3998
3997 3999
3997 4000
3997 4001
3997 4002
3997 4003
3997 4004
3998 3999
3998 4000
3998 4001
3998 4002
3998 4003
3998 4004
3999 4000
3999 4001
3999 4002
3999 4003
3999 4004
4000 4001
4000 4002
4000 4003
4000 4004
4001 4002
4001 4003
4001 4004
4002 4003
4002 4004
4003 4004
730 1945
731 2247
731 3113
731 3870
731 4005
731 4006
731 4007
731 4008
731 4009
731 4010
2247 3113
2247 3870
2247 4005
2247 4006
2247 4007
2247 4008
2247 4009
2247 4010
3113 3870
3113 4005
3113 4006
3113 4007
3113 4008
3113 4009
3113 4010
3870 4005
3870 4006
3870 4007
3870 4008
3870 4009
3870 4010
4005 4006
4005 4007
4005 4008
4005 4009
4005 4010
4006 4007
4006 4008
4006 4009
4006 4010
4007 4008
4007 4009
4007 4010
4008 4009
4008 4010
4009 4010
732 1224
732 1301
732 1488
732 2058
732 2111
732 2164
732 2209
732 2407
732 2961
732 3308
732 3437
732 3550
732 3945
732 3951
732 4011
732 4012
732 4013
732 4014
732 4015
732 4016
732 4017
732 4018
732 4019
732 4020
732 4021
732 4022
732 4023
732 4024
732 4025
732 4026
732 4027
732 4028
732 4029
732 4030
732 4031
1224 1301
1224 1488
1224 2058
1224 2111
1224 2164
1224 2209
1224 2407
1224 2961
1224 3308
1224 3437
1224 3550
1224 3945
1224 3951
1224 4011
1224 4012
1224 4013
1224 4014
1224 4015
1224 4016
1224 4017
1224 4018
1224 4019
1224 4020
1224 4021
1224 4022
1224 4023
1224 4024
1224 4025
1224 4026
1224 4027
1224 4028
1224 4029
1224 4030
1224 4031
1301 1488
1301 2058
1301 2111
1301 2164
1301 2209
1301 2407
1301 2961
1301 3308
1301 3437
1301 3550
1301 3945
1301 3951
1301 4011
1301 4012
1301 4013
1301 4014
1301 4015
1301 4016
1301 4017
1301 4018
1301 4019
1301 4020
1301 4021
1301 4022
1301 4023
1301 4024
1301 4025
1301 4026
1301 4027
1301 4028
1301 4029
1301 4030
1301 4031
1488 2058
1488 2111
1488 2164
1488 2209
1488 2407
1488 2961
1488 3308
1488 3437
1488 3550
1488 3945
1488 3951
1488 4011
1488 4012
1488 4013
1488 4014
1488 4015
1488 4016
1488 4017
1488 4018
1488 4019
1488 4020
1488 4021
1488 4022
1488 4023
1488 4024
1488 4025
1488 4026
1488 4027
1488 4028
1488 4029
1488 4030
1488 4031
2058 2111
2058 2164
2058 2209
2058 2407
2058 2961
2058 3308
2058 3437
2058 3550
2058 3945
2058 3951
2058 4011
2058 4012
2058 4013
2058 4014
2058 4015
2058 4016
2058 4017
2058 4018
2058 4019
2058 4020
2058 4021
2058 4022
2058 4023
2058 4024
2058 4025
2058 4026
2058 4027
2058 4028
2058 4029
2058 4030
2058 4031
2111 2164
2111 2209
2111 2407
2111 2961
2111 3308
2111 3437
2111 3550
2111 3945
2111 3951
2111 4011
2111 4012
2111 4013
2111 4014
2111 4015
2111 4016
2111 4017
2111 4018
2111 4019
2111 4020
2111 4021
2111 4022
2111 4023
2111 4024
2111 4025
2111 4026
2111 4027
2111 4028
2111 4029
2111 4030
2111 4031
2164 2209
2164 2407
2164 2961
2164 3308
2164 3437
2164 3550
2164 3945
2164 3951
2164 4011
2164 4012
2164 4013
2164 4014
2164 4015
2164 4016
2164 4017
2164 4018
2164 4019
2164 4020
2164 4021
2164 4022
2164 4023
2164 4024
2164 4025
2164 4026
2164 4027
2164 4028
2164 4029
2164 4030
2164 4031
2209 2407
2209 2961
2209 3308
2209 3437
2209 3550
2209 3945
2209 3951
2209 4011
2209 4012
2209 4013
2209 4014
2209 4015
2209 4016
2209 4017
2209 4018
2209 4019
2209 4020
2209 4021
2209 4022
2209 4023
2209 4024
2209 4025
2209 4026
2209 4027
2209 4028
2209 4029
2209 4030
2209 4031
2407 2961
2407 3308
2407 3437
2407 3550
2407 3945
2407 3951
2407 4011
2407 4012
2407 4013
2407 4014
2407 4015
2407 4016
2407 4017
2407 4018
2407 4019
2407 4020
2407 4021
2407 4022
2407 4023
2407 4024
2407 4025
2407 4026
2407 4027
2407 4028
2407 4029
2407 4030
2407 4031
2961 3308
2961 3437
2961 3550
2961 3945
2961 3951
2961 4011
2961 4012
2961 4013
2961 4014
2961 4015
2961 4016
2961 4017
2961 4018
2961 4019
2961 4020
2961 4021
2961 4022
2961 4023
2961 4024
2961 4025
2961 4026
2961 4027
2961 4028
2961 4029
2961 4030
2961 4031
3308 3437
3308 3550
3308 3945
3308 3951
3308 4011
3308 4012
3308 4013
3308 4014
3308 4015
3308 4016
3308 4017
3308 4018
3308 4019
3308 4020
3308 4021
3308 4022
3308 4023
3308 4024
3308 4025
3308 4026
3308 4027
3308 4028
3308 4029
3308 4030
3308 4031
3437 3550
3437 3945
3437 3951
3437 4011
3437 4012
3437 4013
3437 4014
3437 4015
3437 4016
3437 4017
3437 4018
3437 4019
3437 4020
3437 4021
3437 4022
3437 4023
3437 4024
3437 4025
3437 4026
3437 4027
3437 4028
3437 4029
3437 4030
3437 4031
3550 3945
3550 3951
3550 4011
3550 4012
3550 4013
3550 4014
3550 4015
3550 4016
3550 4017
3550 4018
3550 4019
3550 4020
3550 4021
3550 4022
3550 4023
3550 4024
3550 4025
3550 4026
3550 4027
3550 4028
3550 4029
3550 4030
3550 4031
3945 3951
3945 4011
3945 4012
3945 4013
3945 4014
3945 4015
3945 4016
3945 4017
3945 4018
3945 4019
3945 4020
3945 4021
3945 4022
3945 4023
3945 4024
3945 4025
3945 4026
3945 4027
3945 4028
3945 4029
3945 4030
3945 4031
3951 4011
3951 4012
3951 4013
3951 4014
3951 4015
3951 4016
3951 4017
3951 4018
3951 4019
3951 4020
3951 4021
3951 4022
3951 4023
3951 4024
3951 4025
3951 4026
3951 4027
3951 4028
3951 4029
3951 4030
3951 4031
4011 4012
4011 4013
4011 4014
4011 4015
4011 4016
4011 4017
4011 4018
4011 4019
4011 4020
4011 4021
4011 4022
4011 4023
4011 4024
4011 4025
4011 4026
4011 4027
4011 4028
4011 4029
4011 4030
4011 4031
4012 4013
4012 4014
4012 4015
4012 4016
4012 4017
4012 4018
4012 4019
4012 4020
4012 4021
4012 4022
4012 4023
4012 4024
4012 4025
4012 4026
4012 4027
4012 4028
4012 4029
4012 4030
4012 4031
4013 4014
4013 4015
4013 4016
4013 4017
4013 4018
4013 4019
4013 4020
4013 4021
4013 4022
4013 4023
4013 4024
4013 4025
4013 4026
4013 4027
4013 4028
4013 4029
4013 4030
4013 4031
4014 4015
4014 4016
4014 4017
4014 4018
4014 4019
4014 4020
4014 4021
4014 4022
4014 4023
4014 4024
4014 4025
4014 4026
4014 4027
4014 4028
4014 4029
4014 4030
4014 4031
4015 4016
4015 4017
4015 4018
4015 4019
4015 4020
4015 4021
4015 4022
4015 4023
4015 4024
4015 4025
4015 4026
4015 4027
4015 4028
4015 4029
4015 4030
4015 4031
4016 4017
4016 4018
4016 4019
4016 4020
4016 4021
4016 4022
4016 4023
4016 4024
4016 4025
4016 4026
4016 4027
4016 4028
4016 4029
4016 4030
4016 4031
4017 4018
4017 4019
4017 4020
4017 4021
4017 4022
4017 4023
4017 4024
4017 4025
4017 4026
4017 4027
4017 4028
4017 4029
4017 4030
4017 4031
4018 4019
4018 4020
4018 4021
4018 4022
4018 4023
4018 4024
4018 4025
4018 4026
4018 4027
4018 4028
4018 4029
4018 4030
4018 4031
4019 4020
4019 4021
4019 4022
4019 4023
4019 4024
4019 4025
4019 4026
4019 4027
4019 4028
4019 4029
4019 4030
4019 4031
4020 4021
4020 4022
4020 4023
4020 4024
4020 4025
4020 4026
4020 4027
4020 4028
4020 4029
4020 4030
4020 4031
4021 4022
4021 4023
4021 4024
4021 4025
4021 4026
4021 4027
4021 4028
4021 4029
4021 4030
4021 4031
4022 4023
4022 4024
4022 4025
4022 4026
4022 4027
4022 4028
4022 4029
4022 4030
4022 4031
4023 4024
4023 4025
4023 4026
4023 4027
4023 4028
4023 4029
4023 4030
4023 4031
4024 4025
4024 4026
4024 4027
4024 4028
4024 4029
4024 4030
4024 4031
4025 4026
4025 4027
4025 4028
4025 4029
4025 4030
4025 4031
4026 4027
4026 4028
4026 4029
4026 4030
4026 4031
4027 4028
4027 4029
4027 4030
4027 4031
4028 4029
4028 4030
4028 4031
4029 4030
4029 4031
4030 4031
733 1947
733 3415
733 3880
733 4032
733 4033
733 4034
1947 3415
1947 3880
1947 4032
1947 4033
1947 4034
3415 3880
3415 4032
3415 4033
3415 4034
3880 4032
3880 4033
3880 4034
4032 4033
4032 4034
4033 4034
734 1948
734 2117
734 3341
734 3931
734 3941
734 4035
734 4036
734 4037
734 4038
734 4039
734 4040
734 4041
1948 2117
1948 3341
1948 3931
1948 3941
1948 4035
1948 4036
1948 4037
1948 4038
1948 4039
1948 4040
1948 4041
2117 3341
2117 3931
2117 3941
2117 4035
2117 4036
2117 4037
2117 4038
2117 4039
2117 4040
2117 4041
3341 3931
3341 3941
3341 4035
3341 4036
3341 4037
3341 4038
3341 4039
3341 4040
3341 4041
3931 3941
3931 4035
3931 4036
3931 4037
3931 4038
3931 4039
3931 4040
3931 4041
3941 4035
3941 4036
3941 4037
3941 4038
3941 4039
3941 4040
3941 4041
4035 4036
4035 4037
4035 4038
4035 4039
4035 4040
4035 4041
4036 4037
4036 4038
4036 4039
4036 4040
4036 4041
4037 4038
4037 4039
4037 4040
4037 4041
4038 4039
4038 4040
4038 4041
4039 4040
4039 4041
4040 4041
736 1356
736 1432
736 1687
736 2462
736 2646
736 2677
736 3461
736 3671
736 3825
736 4042
736 4043
1356 1432
1356 1687
1356 2462
1356 2646
1356 2677
1356 3461
1356 3671
1356 3825
1356 4042
1356 4043
1432 1687
1432 2462
1432 2646
1432 2677
1432 3461
1432 3671
1432 3825
1432 4042
1432 4043
1687 2462
1687 2646
1687 2677
1687 3461
1687 3671
1687 3825
1687 4042
1687 4043
2462 2646
2462 2677
2462 3461
2462 3671
2462 3825
2462 4042
2462 4043
2646 2677
2646 3461
2646 3671
2646 3825
2646 4042
2646 4043
2677 3461
2677 3671
2677 3825
2677 4042
2677 4043
3461 3671
3461 3825
3461 4042
3461 4043
3671 3825
3671 4042
3671 4043
3825 4042
3825 4043
4042 4043
737 1402
737 1433
737 1701
737 2265
737 2450
737 2523
737 2694
737 2702
737 2744
737 2790
737 2823
737 3266
737 3504
737 4044
737 4045
737 4046
737 4047
737 4048
737 4049
737 4050
737 4051
1402 1433
1402 1701
1402 2265
1402 2450
1402 2523
1402 2694
1402 2702
1402 2744
1402 2790
1402 2823
1402 3266
1402 3504
1402 4044
1402 4045
1402 4046
1402 4047
1402 4048
1402 4049
1402 4050
1402 4051
1433 1701
1433 2265
1433 2450
1433 2523
1433 2694
1433 2702
1433 2744
1433 2790
1433 2823
1433 3266
1433 3504
1433 4044
1433 4045
1433 4046
1433 4047
1433 4048
1433 4049
1433 4050
1433 4051
1701 2265
1701 2450
1701 2523
1701 2694
1701 2702
1701 2744
1701 2790
1701 2823
1701 3266
1701 3504
1701 4044
1701 4045
1701 4046
1701 4047
1701 4048
1701 4049
1701 4050
1701 4051
2265 2450
2265 2523
2265 2694
2265 2702
2265 2744
2265 2790
2265 2823
2265 3266
2265 3504
2265 4044
2265 4045
2265 4046
2265 4047
2265 4048
2265 4049
2265 4050
2265 4051
2450 2523
2450 2694
2450 2702
2450 2744
2450 2790
2450 2823
2450 3266
2450 3504
2450 4044
2450 4045
2450 4046
2450 4047
2450 4048
2450 4049
2450 4050
2450 4051
2523 2694
2523 2702
2523 2744
2523 2790
2523 2823
2523 3266
2523 3504
2523 4044
2523 4045
2523 4046
2523 4047
2523 4048
2523 4049
2523 4050
2523 4051
2694 2702
2694 2744
2694 2790
2694 2823
2694 3266
2694 3504
2694 4044
2694 4045
2694 4046
2694 4047
2694 4048
2694 4049
2694 4050
2694 4051
2702 2744
2702 2790
2702 2823
2702 3266
2702 3504
2702 4044
2702 4045
2702 4046
2702 4047
2702 4048
2702 4049
2702 4050
2702 4051
2744 2790
2744 2823
2744 3266
2744 3504
2744 4044
2744 4045
2744 4046
2744 4047
2744 4048
2744 4049
2744 4050
2744 4051
2790 2823
2790 3266
2790 3504
2790 4044
2790 4045
2790 4046
2790 4047
2790 4048
2790 4049
2790 4050
2790 4051
2823 3266
2823 3504
2823 4044
2823 4045
2823 4046
2823 4047
2823 4048
2823 4049
2823 4050
2823 4051
3266 3504
3266 4044
3266 4045
3266 4046
3266 4047
3266 4048
3266 4049
3266 4050
3266 4051
3504 4044
3504 4045
3504 4046
3504 4047
3504 4048
3504 4049
3504 4050
3504 4051
4044 4045
4044 4046
4044 4047
4044 4048
4044 4049
4044 4050
4044 4051
4045 4046
4045 4047
4045 4048
4045 4049
4045 4050
4045 4051
4046 4047
4046 4048
4046 4049
4046 4050
4046 4051
4047 4048
4047 4049
4047 4050
4047 4051
4048 4049
4048 4050
4048 4051
4049 4050
4049 4051
4050 4051
738 947
738 3742
738 4052
738 4053
738 4054
738 4055
738 4056
947 3742
947 4052
947 4053
947 4054
947 4055
947 4056
3742 4052
3742 4053
3742 4054
3742 4055
3742 4056
4052 4053
4052 4054
4052 4055
4052 4056
4053 4054
4053 4055
4053 4056
4054 4055
4054 4056
4055 4056
739 3881
739 4057
739 4058
739 4059
739 4060
739 4061
3881 4057
3881 4058
3881 4059
3881 4060
3881 4061
4057 4058
4057 4059
4057 4060
4057 4061
4058 4059
4058 4060
4058 4061
4059 4060
4059 4061
4060 4061
740 902
740 1580
740 1596
740 2092
740 2188
740 2670
740 2679
740 2844
740 3216
740 3420
740 3946
740 4062
740 4063
740 4064
740 4065
902 1580
902 1596
902 2092
902 2188
902 2670
902 2679
902 2844
902 3216
902 3420
902 3946
902 4062
902 4063
902 4064
902 4065
1580 1596
1580 2092
1580 2188
1580 2670
1580 2679
1580 2844
1580 3216
1580 3420
1580 3946
1580 4062
1580 4063
1580 4064
1580 4065
1596 2092
1596 2188
1596 2670
1596 2679
1596 2844
1596 3216
1596 3420
1596 3946
1596 4062
1596 4063
1596 4064
1596 4065
2092 2188
2092 2670
2092 2679
2092 2844
2092 3216
2092 3420
2092 3946
2092 4062
2092 4063
2092 4064
2092 4065
2188 2670
2188 2679
2188 2844
2188 3216
2188 3420
2188 3946
2188 4062
2188 4063
2188 4064
2188 4065
2670 2679
2670 2844
2670 3216
2670 3420
2670 3946
2670 4062
2670 4063
2670 4064
2670 4065
2679 2844
2679 3216
2679 3420
2679 3946
2679 4062
2679 4063
2679 4064
2679 4065
2844 3216
2844 3420
2844 3946
2844 4062
2844 4063
2844 4064
2844 4065
3216 3420
3216 3946
3216 4062
3216 4063
3216 4064
3216 4065
3420 3946
3420 4062
3420 4063
3420 4064
3420 4065
3946 4062
3946 4063
3946 4064
3946 4065
4062 4063
4062 4064
4062 4065
4063 4064
4063 4065
4064 4065
751 1401
751 3215
751 3297
751 4066
751 4067
751 4068
751 4069
1401 3215
1401 3297
1401 4066
1401 4067
1401 4068
1401 4069
3215 3297
3215 4066
3215 4067
3215 4068
3215 4069
3297 4066
3297 4067
3297 4068
3297 4069
4066 4067
4066 4068
4066 4069
4067 4068
4067 4069
4068 4069
755 792
755 814
755 2593
755 2846
755 3027
755 3143
755 3688
755 3764
755 3795
755 4070
755 4071
755 4072
755 4073
792 814
792 2593
792 2846
792 3027
792 3143
792 3688
792 3764
792 3795
792 4070
792 4071
792 4072
792 4073
814 2593
814 2846
814 3027
814 3143
814 3688
814 3764
814 3795
814 4070
814 4071
814 4072
814 4073
2593 2846
2593 3027
2593 3143
2593 3688
2593 3764
2593 3795
2593 4070
2593 4071
2593 4072
2593 4073
2846 3027
2846 3143
2846 3688
2846 3764
2846 3795
2846 4070
2846 4071
2846 4072
2846 4073
3027 3143
3027 3688
3027 3764
3027 3795
3027 4070
3027 4071
3027 4072
3027 4073
3143 3688
3143 3764
3143 3795
3143 4070
3143 4071
3143 4072
3143 4073
3688 3764
3688 3795
3688 4070
3688 4071
3688 4072
3688 4073
3764 3795
3764 4070
3764 4071
3764 4072
3764 4073
3795 4070
3795 4071
3795 4072
3795 4073
4070 4071
4070 4072
4070 4073
4071 4072
4071 4073
4072 4073
764 3355
764 3659
764 3926
764 4035
764 4074
764 4075
764 4076
764 4077
3355 3659
3355 3926
3355 4035
3355 4074
3355 4075
3355 4076
3355 4077
3659 3926
3659 4035
3659 4074
3659 4075
3659 4076
3659 4077
3926 4035
3926 4074
3926 4075
3926 4076
3926 4077
4035 4074
4035 4075
4035 4076
4035 4077
4074 4075
4074 4076
4074 4077
4075 4076
4075 4077
4076 4077
765 1470
765 2116
765 2359
765 3356
765 3554
765 3586
765 3927
765 3937
765 3990
765 4036
765 4076
765 4078
765 4079
765 4080
765 4081
765 4082
765 4083
765 4084
765 4085
765 4086
765 4087
765 4088
1470 2116
1470 2359
1470 3356
1470 3554
1470 3586
1470 3927
1470 3937
1470 3990
1470 4036
1470 4076
1470 4078
1470 4079
1470 4080
1470 4081
1470 4082
1470 4083
1470 4084
1470 4085
1470 4086
1470 4087
1470 4088
2116 2359
2116 3356
2116 3554
2116 3586
2116 3927
2116 3937
2116 3990
2116 4036
2116 4076
2116 4078
2116 4079
2116 4080
2116 4081
2116 4082
2116 4083
2116 4084
2116 4085
2116 4086
2116 4087
2116 4088
2359 3356
2359 3554
2359 3586
2359 3927
2359 3937
2359 3990
2359 4036
2359 4076
2359 4078
2359 4079
2359 4080
2359 4081
2359 4082
2359 4083
2359 4084
2359 4085
2359 4086
2359 4087
2359 4088
3356 3554
3356 3586
3356 3927
3356 3937
3356 3990
3356 4036
3356 4076
3356 4078
3356 4079
3356 4080
3356 4081
3356 4082
3356 4083
3356 4084
3356 4085
3356 4086
3356 4087
3356 4088
3554 3586
3554 3927
3554 3937
3554 3990
3554 4036
3554 4076
3554 4078
3554 4079
3554 4080
3554 4081
3554 4082
3554 4083
3554 4084
3554 4085
3554 4086
3554 4087
3554 4088
3586 3927
3586 3937
3586 3990
3586 4036
3586 4076
3586 4078
3586 4079
3586 4080
3586 4081
3586 4082
3586 4083
3586 4084
3586 4085
3586 4086
3586 4087
3586 4088
3927 3937
3927 3990
3927 4036
3927 4076
3927 4078
3927 4079
3927 4080
3927 4081
3927 4082
3927 4083
3927 4084
3927 4085
3927 4086
3927 4087
3927 4088
3937 3990
3937 4036
3937 4076
3937 4078
3937 4079
3937 4080
3937 4081
3937 4082
3937 4083
3937 4084
3937 4085
3937 4086
3937 4087
3937 4088
3990 4036
3990 4076
3990 4078
3990 4079
3990 4080
3990 4081
3990 4082
3990 4083
3990 4084
3990 4085
3990 4086
3990 4087
3990 4088
4036 4076
4036 4078
4036 4079
4036 4080
4036 4081
4036 4082
4036 4083
4036 4084
4036 4085
4036 4086
4036 4087
4036 4088
4076 4078
4076 4079
4076 4080
4076 4081
4076 4082
4076 4083
4076 4084
4076 4085
4076 4086
4076 4087
4076 4088
4078 4079
4078 4080
4078 4081
4078 4082
4078 4083
4078 4084
4078 4085
4078 4086
4078 4087
4078 4088
4079 4080
4079 4081
4079 4082
4079 4083
4079 4084
4079 4085
4079 4086
4079 4087
4079 4088
4080 4081
4080 4082
4080 4083
4080 4084
4080 4085
4080 4086
4080 4087
4080 4088
4081 4082
4081 4083
4081 4084
4081 4085
4081 4086
4081 4087
4081 4088
4082 4083
4082 4084
4082 4085
4082 4086
4082 4087
4082 4088
4083 4084
4083 4085
4083 4086
4083 4087
4083 4088
4084 4085
4084 4086
4084 4087
4084 4088
4085 4086
4085 4087
4085 4088
4086 4087
4086 4088
4087 4088
766 3239
766 3357
766 3669
766 3928
766 3938
766 4037
766 4077
766 4086
766 4089
766 4090
766 4091
766 4092
766 4093
766 4094
766 4095
766 4096
3239 3357
3239 3669
3239 3928
3239 3938
3239 4037
3239 4077
3239 4086
3239 4089
3239 4090
3239 4091
3239 4092
3239 4093
3239 4094
3239 4095
3239 4096
3357 3669
3357 3928
3357 3938
3357 4037
3357 4077
3357 4086
3357 4089
3357 4090
3357 4091
3357 4092
3357 4093
3357 4094
3357 4095
3357 4096
3669 3928
3669 3938
3669 4037
3669 4077
3669 4086
3669 4089
3669 4090
3669 4091
3669 4092
3669 4093
3669 4094
3669 4095
3669 4096
3928 3938
3928 4037
3928 4077
3928 4086
3928 4089
3928 4090
3928 4091
3928 4092
3928 4093
3928 4094
3928 4095
3928 4096
3938 4037
3938 4077
3938 4086
3938 4089
3938 4090
3938 4091
3938 4092
3938 4093
3938 4094
3938 4095
3938 4096
4037 4077
4037 4086
4037 4089
4037 4090
4037 4091
4037 4092
4037 4093
4037 4094
4037 4095
4037 4096
4077 4086
4077 4089
4077 4090
4077 4091
4077 4092
4077 4093
4077 4094
4077 4095
4077 4096
4086 4089
4086 4090
4086 4091
4086 4092
4086 4093
4086 4094
4086 4095
4086 4096
4089 4090
4089 4091
4089 4092
4089 4093
4089 4094
4089 4095
4089 4096
4090 4091
4090 4092
4090 4093
4090 4094
4090 4095
4090 4096
4091 4092
4091 4093
4091 4094
4091 4095
4091 4096
4092 4093
4092 4094
4092 4095
4092 4096
4093 4094
4093 4095
4093 4096
4094 4095
4094 4096
4095 4096
767 789
767 3351
767 3556
767 3608
767 3805
767 3939
767 4038
767 4087
767 4095
767 4097
767 4098
767 4099
789 3351
789 3556
789 3608
789 3805
789 3939
789 4038
789 4087
789 4095
789 4097
789 4098
789 4099
3351 3556
3351 3608
3351 3805
3351 3939
3351 4038
3351 4087
3351 4095
3351 4097
3351 4098
3351 4099
3556 3608
3556 3805
3556 3939
3556 4038
3556 4087
3556 4095
3556 4097
3556 4098
3556 4099
3608 3805
3608 3939
3608 4038
3608 4087
3608 4095
3608 4097
3608 4098
3608 4099
3805 3939
3805 4038
3805 4087
3805 4095
3805 4097
3805 4098
3805 4099
3939 4038
3939 4087
3939 4095
3939 4097
3939 4098
3939 4099
4038 4087
4038 4095
4038 4097
4038 4098
4038 4099
4087 4095
4087 4097
4087 4098
4087 4099
4095 4097
4095 4098
4095 4099
4097 4098
4097 4099
4098 4099
768 2364
768 3350
768 3528
768 3539
768 3587
768 3670
768 3929
768 3940
768 3991
768 4039
768 4088
768 4096
768 4099
768 4100
768 4101
768 4102
768 4103
768 4104
768 4105
768 4106
768 4107
768 4108
768 4109
2364 3350
2364 3528
2364 3539
2364 3587
2364 3670
2364 3929
2364 3940
2364 3991
2364 4039
2364 4088
2364 4096
2364 4099
2364 4100
2364 4101
2364 4102
2364 4103
2364 4104
2364 4105
2364 4106
2364 4107
2364 4108
2364 4109
3350 3528
3350 3539
3350 3587
3350 3670
3350 3929
3350 3940
3350 3991
3350 4039
3350 4088
3350 4096
3350 4099
3350 4100
3350 4101
3350 4102
3350 4103
3350 4104
3350 4105
3350 4106
3350 4107
3350 4108
3350 4109
3528 3539
3528 3587
3528 3670
3528 3929
3528 3940
3528 3991
3528 4039
3528 4088
3528 4096
3528 4099
3528 4100
3528 4101
3528 4102
3528 4103
3528 4104
3528 4105
3528 4106
3528 4107
3528 4108
3528 4109
3539 3587
3539 3670
3539 3929
3539 3940
3539 3991
3539 4039
3539 4088
3539 4096
3539 4099
3539 4100
3539 4101
3539 4102
3539 4103
3539 4104
3539 4105
3539 4106
3539 4107
3539 4108
3539 4109
3587 3670
3587 3929
3587 3940
3587 3991
3587 4039
3587 4088
3587 4096
3587 4099
3587 4100
3587 4101
3587 4102
3587 4103
3587 4104
3587 4105
3587 4106
3587 4107
3587 4108
3587 4109
3670 3929
3670 3940
3670 3991
3670 4039
3670 4088
3670 4096
3670 4099
3670 4100
3670 4101
3670 4102
3670 4103
3670 4104
3670 4105
3670 4106
3670 4107
3670 4108
3670 4109
3929 3940
3929 3991
3929 4039
3929 4088
3929 4096
3929 4099
3929 4100
3929 4101
3929 4102
3929 4103
3929 4104
3929 4105
3929 4106
3929 4107
3929 4108
3929 4109
3940 3991
3940 4039
3940 4088
3940 4096
3940 4099
3940 4100
3940 4101
3940 4102
3940 4103
3940 4104
3940 4105
3940 4106
3940 4107
3940 4108
3940 4109
3991 4039
3991 4088
3991 4096
3991 4099
3991 4100
3991 4101
3991 4102
3991 4103
3991 4104
3991 4105
3991 4106
3991 4107
3991 4108
3991 4109
4039 4088
4039 4096
4039 4099
4039 4100
4039 4101
4039 4102
4039 4103
4039 4104
4039 4105
4039 4106
4039 4107
4039 4108
4039 4109
4088 4096
4088 4099
4088 4100
4088 4101
4088 4102
4088 4103
4088 4104
4088 4105
4088 4106
4088 4107
4088 4108
4088 4109
4096 4099
4096 4100
4096 4101
4096 4102
4096 4103
4096 4104
4096 4105
4096 4106
4096 4107
4096 4108
4096 4109
4099 4100
4099 4101
4099 4102
4099 4103
4099 4104
4099 4105
4099 4106
4099 4107
4099 4108
4099 4109
4100 4101
4100 4102
4100 4103
4100 4104
4100 4105
4100 4106
4100 4107
4100 4108
4100 4109
4101 4102
4101 4103
4101 4104
4101 4105
4101 4106
4101 4107
4101 4108
4101 4109
4102 4103
4102 4104
4102 4105
4102 4106
4102 4107
4102 4108
4102 4109
4103 4104
4103 4105
4103 4106
4103 4107
4103 4108
4103 4109
4104 4105
4104 4106
4104 4107
4104 4108
4104 4109
4105 4106
4105 4107
4105 4108
4105 4109
4106 4107
4106 4108
4106 4109
4107 4108
4107 4109
4108 4109
773 1366
773 1453
773 2955
773 4110
1366 1453
1366 2955
1366 4110
1453 2955
1453 4110
2955 4110
780 4111
780 4112
780 4113
4111 4112
4111 4113
4112 4113
781 3543
781 3781
781 4101
781 4112
781 4114
781 4115
781 4116
781 4117
781 4118
781 4119
781 4120
781 4121
3543 3781
3543 4101
3543 4112
3543 4114
3543 4115
3543 4116
3543 4117
3543 4118
3543 4119
3543 4120
3543 4121
3781 4101
3781 4112
3781 4114
3781 4115
3781 4116
3781 4117
3781 4118
3781 4119
3781 4120
3781 4121
4101 4112
4101 4114
4101 4115
4101 4116
4101 4117
4101 4118
4101 4119
4101 4120
4101 4121
4112 4114
4112 4115
4112 4116
4112 4117
4112 4118
4112 4119
4112 4120
4112 4121
4114 4115
4114 4116
4114 4117
4114 4118
4114 4119
4114 4120
4114 4121
4115 4116
4115 4117
4115 4118
4115 4119
4115 4120
4115 4121
4116 4117
4116 4118
4116 4119
4116 4120
4116 4121
4117 4118
4117 4119
4117 4120
4117 4121
4118 4119
4118 4120
4118 4121
4119 4120
4119 4121
4120 4121
782 4113
782 4117
782 4122
782 4123
782 4124
782 4125
782 4126
782 4127
782 4128
4113 4117
4113 4122
4113 4123
4113 4124
4113 4125
4113 4126
4113 4127
4113 4128
4117 4122
4117 4123
4117 4124
4117 4125
4117 4126
4117 4127
4117 4128
4122 4123
4122 4124
4122 4125
4122 4126
4122 4127
4122 4128
4123 4124
4123 4125
4123 4126
4123 4127
4123 4128
4124 4125
4124 4126
4124 4127
4124 4128
4125 4126
4125 4127
4125 4128
4126 4127
4126 4128
4127 4128
783 3298
783 3446
783 3614
783 4102
783 4127
783 4129
783 4130
783 4131
783 4132
783 4133
783 4134
783 4135
783 4136
783 4137
783 4138
3298 3446
3298 3614
3298 4102
3298 4127
3298 4129
3298 4130
3298 4131
3298 4132
3298 4133
3298 4134
3298 4135
3298 4136
3298 4137
3298 4138
3446 3614
3446 4102
3446 4127
3446 4129
3446 4130
3446 4131
3446 4132
3446 4133
3446 4134
3446 4135
3446 4136
3446 4137
3446 4138
3614 4102
3614 4127
3614 4129
3614 4130
3614 4131
3614 4132
3614 4133
3614 4134
3614 4135
3614 4136
3614 4137
3614 4138
4102 4127
4102 4129
4102 4130
4102 4131
4102 4132
4102 4133
4102 4134
4102 4135
4102 4136
4102 4137
4102 4138
4127 4129
4127 4130
4127 4131
4127 4132
4127 4133
4127 4134
4127 4135
4127 4136
4127 4137
4127 4138
4129 4130
4129 4131
4129 4132
4129 4133
4129 4134
4129 4135
4129 4136
4129 4137
4129 4138
4130 4131
4130 4132
4130 4133
4130 4134
4130 4135
4130 4136
4130 4137
4130 4138
4131 4132
4131 4133
4131 4134
4131 4135
4131 4136
4131 4137
4131 4138
4132 4133
4132 4134
4132 4135
4132 4136
4132 4137
4132 4138
4133 4134
4133 4135
4133 4136
4133 4137
4133 4138
4134 4135
4134 4136
4134 4137
4134 4138
4135 4136
4135 4137
4135 4138
4136 4137
4136 4138
4137 4138
784 2097
784 2855
784 3299
784 3566
784 3782
784 3953
784 4011
784 4114
784 4135
784 4139
784 4140
784 4141
784 4142
784 4143
784 4144
784 4145
784 4146
784 4147
784 4148
784 4149
2097 2855
2097 3299
2097 3566
2097 3782
2097 3953
2097 4011
2097 4114
2097 4135
2097 4139
2097 4140
2097 4141
2097 4142
2097 4143
2097 4144
2097 4145
2097 4146
2097 4147
2097 4148
2097 4149
2855 3299
2855 3566
2855 3782
2855 3953
2855 4011
2855 4114
2855 4135
2855 4139
2855 4140
2855 4141
2855 4142
2855 4143
2855 4144
2855 4145
2855 4146
2855 4147
2855 4148
2855 4149
3299 3566
3299 3782
3299 3953
3299 4011
3299 4114
3299 4135
3299 4139
3299 4140
3299 4141
3299 4142
3299 4143
3299 4144
3299 4145
3299 4146
3299 4147
3299 4148
3299 4149
3566 3782
3566 3953
3566 4011
3566 4114
3566 4135
3566 4139
3566 4140
3566 4141
3566 4142
3566 4143
3566 4144
3566 4145
3566 4146
3566 4147
3566 4148
3566 4149
3782 3953
3782 4011
3782 4114
3782 4135
3782 4139
3782 4140
3782 4141
3782 4142
3782 4143
3782 4144
3782 4145
3782 4146
3782 4147
3782 4148
3782 4149
3953 4011
3953 4114
3953 4135
3953 4139
3953 4140
3953 4141
3953 4142
3953 4143
3953 4144
3953 4145
3953 4146
3953 4147
3953 4148
3953 4149
4011 4114
4011 4135
4011 4139
4011 4140
4011 4141
4011 4142
4011 4143
4011 4144
4011 4145
4011 4146
4011 4147
4011 4148
4011 4149
4114 4135
4114 4139
4114 4140
4114 4141
4114 4142
4114 4143
4114 4144
4114 4145
4114 4146
4114 4147
4114 4148
4114 4149
4135 4139
4135 4140
4135 4141
4135 4142
4135 4143
4135 4144
4135 4145
4135 4146
4135 4147
4135 4148
4135 4149
4139 4140
4139 4141
4139 4142
4139 4143
4139 4144
4139 4145
4139 4146
4139 4147
4139 4148
4139 4149
4140 4141
4140 4142
4140 4143
4140 4144
4140 4145
4140 4146
4140 4147
4140 4148
4140 4149
4141 4142
4141 4143
4141 4144
4141 4145
4141 4146
4141 4147
4141 4148
4141 4149
4142 4143
4142 4144
4142 4145
4142 4146
4142 4147
4142 4148
4142 4149
4143 4144
4143 4145
4143 4146
4143 4147
4143 4148
4143 4149
4144 4145
4144 4146
4144 4147
4144 4148
4144 4149
4145 4146
4145 4147
4145 4148
4145 4149
4146 4147
4146 4148
4146 4149
4147 4148
4147 4149
4148 4149
785 2098
785 4119
785 4136
785 4146
785 4150
785 4151
785 4152
2098 4119
2098 4136
2098 4146
2098 4150
2098 4151
2098 4152
4119 4136
4119 4146
4119 4150
4119 4151
4119 4152
4136 4146
4136 4150
4136 4151
4136 4152
4146 4150
4146 4151
4146 4152
4150 4151
4150 4152
4151 4152
786 2219
786 3545
786 4012
786 4153
786 4154
786 4155
786 4156
786 4157
786 4158
786 4159
786 4160
2219 3545
2219 4012
2219 4153
2219 4154
2219 4155
2219 4156
2219 4157
2219 4158
2219 4159
2219 4160
3545 4012
3545 4153
3545 4154
3545 4155
3545 4156
3545 4157
3545 4158
3545 4159
3545 4160
4012 4153
4012 4154
4012 4155
4012 4156
4012 4157
4012 4158
4012 4159
4012 4160
4153 4154
4153 4155
4153 4156
4153 4157
4153 4158
4153 4159
4153 4160
4154 4155
4154 4156
4154 4157
4154 4158
4154 4159
4154 4160
4155 4156
4155 4157
4155 4158
4155 4159
4155 4160
4156 4157
4156 4158
4156 4159
4156 4160
4157 4158
4157 4159
4157 4160
4158 4159
4158 4160
4159 4160
787 927
787 1266
787 2019
787 2099
787 3171
787 3394
787 3650
787 3914
787 3954
787 4079
787 4141
787 4156
787 4161
787 4162
787 4163
787 4164
787 4165
927 1266
927 2019
927 2099
927 3171
927 3394
927 3650
927 3914
927 3954
927 4079
927 4141
927 4156
927 4161
927 4162
927 4163
927 4164
927 4165
1266 2019
1266 2099
1266 3171
1266 3394
1266 3650
1266 3914
1266 3954
1266 4079
1266 4141
1266 4156
1266 4161
1266 4162
1266 4163
1266 4164
1266 4165
2019 2099
2019 3171
2019 3394
2019 3650
2019 3914
2019 3954
2019 4079
2019 4141
2019 4156
2019 4161
2019 4162
2019 4163
2019 4164
2019 4165
2099 3171
2099 3394
2099 3650
2099 3914
2099 3954
2099 4079
2099 4141
2099 4156
2099 4161
2099 4162
2099 4163
2099 4164
2099 4165
3171 3394
3171 3650
3171 3914
3171 3954
3171 4079
3171 4141
3171 4156
3171 4161
3171 4162
3171 4163
3171 4164
3171 4165
3394 3650
3394 3914
3394 3954
3394 4079
3394 4141
3394 4156
3394 4161
3394 4162
3394 4163
3394 4164
3394 4165
3650 3914
3650 3954
3650 4079
3650 4141
3650 4156
3650 4161
3650 4162
3650 4163
3650 4164
3650 4165
3914 3954
3914 4079
3914 4141
3914 4156
3914 4161
3914 4162
3914 4163
3914 4164
3914 4165
3954 4079
3954 4141
3954 4156
3954 4161
3954 4162
3954 4163
3954 4164
3954 4165
4079 4141
4079 4156
4079 4161
4079 4162
4079 4163
4079 4164
4079 4165
4141 4156
4141 4161
4141 4162
4141 4163
4141 4164
4141 4165
4156 4161
4156 4162
4156 4163
4156 4164
4156 4165
4161 4162
4161 4163
4161 4164
4161 4165
4162 4163
4162 4164
4162 4165
4163 4164
4163 4165
4164 4165
788 817
788 1655
788 2402
788 3172
788 3284
788 3333
788 3783
788 4166
788 4167
817 1655
817 2402
817 3172
817 3284
817 3333
817 3783
817 4166
817 4167
1655 2402
1655 3172
1655 3284
1655 3333
1655 3783
1655 4166
1655 4167
2402 3172
2402 3284
2402 3333
2402 3783
2402 4166
2402 4167
3172 3284
3172 3333
3172 3783
3172 4166
3172 4167
3284 3333
3284 3783
3284 4166
3284 4167
3333 3783
3333 4166
3333 4167
3783 4166
3783 4167
4166 4167
793 1619
793 2226
793 2911
793 2977
793 3117
793 3159
793 3189
793 3447
793 3518
793 3684
793 3765
793 3857
793 4168
793 4169
793 4170
793 4171
793 4172
793 4173
793 4174
793 4175
793 4176
793 4177
793 4178
1619 2226
1619 2911
1619 2977
1619 3117
1619 3159
1619 3189
1619 3447
1619 3518
1619 3684
1619 3765
1619 3857
1619 4168
1619 4169
1619 4170
1619 4171
1619 4172
1619 4173
1619 4174
1619 4175
1619 4176
1619 4177
1619 4178
2226 2911
2226 2977
2226 3117
2226 3159
2226 3189
2226 3447
2226 3518
2226 3684
2226 3765
2226 3857
2226 4168
2226 4169
2226 4170
2226 4171
2226 4172
2226 4173
2226 4174
2226 4175
2226 4176
2226 4177
2226 4178
2911 2977
2911 3117
2911 3159
2911 3189
2911 3447
2911 3518
2911 3684
2911 3765
2911 3857
2911 4168
2911 4169
2911 4170
2911 4171
2911 4172
2911 4173
2911 4174
2911 4175
2911 4176
2911 4177
2911 4178
2977 3117
2977 3159
2977 3189
2977 3447
2977 3518
2977 3684
2977 3765
2977 3857
2977 4168
2977 4169
2977 4170
2977 4171
2977 4172
2977 4173
2977 4174
2977 4175
2977 4176
2977 4177
2977 4178
3117 3159
3117 3189
3117 3447
3117 3518
3117 3684
3117 3765
3117 3857
3117 4168
3117 4169
3117 4170
3117 4171
3117 4172
3117 4173
3117 4174
3117 4175
3117 4176
3117 4177
3117 4178
3159 3189
3159 3447
3159 3518
3159 3684
3159 3765
3159 3857
3159 4168
3159 4169
3159 4170
3159 4171
3159 4172
3159 4173
3159 4174
3159 4175
3159 4176
3159 4177
3159 4178
3189 3447
3189 3518
3189 3684
3189 3765
3189 3857
3189 4168
3189 4169
3189 4170
3189 4171
3189 4172
3189 4173
3189 4174
3189 4175
3189 4176
3189 4177
3189 4178
3447 3518
3447 3684
3447 3765
3447 3857
3447 4168
3447 4169
3447 4170
3447 4171
3447 4172
3447 4173
3447 4174
3447 4175
3447 4176
3447 4177
3447 4178
3518 3684
3518 3765
3518 3857
3518 4168
3518 4169
3518 4170
3518 4171
3518 4172
3518 4173
3518 4174
3518 4175
3518 4176
3518 4177
3518 4178
3684 3765
3684 3857
3684 4168
3684 4169
3684 4170
3684 4171
3684 4172
3684 4173
3684 4174
3684 4175
3684 4176
3684 4177
3684 4178
3765 3857
3765 4168
3765 4169
3765 4170
3765 4171
3765 4172
3765 4173
3765 4174
3765 4175
3765 4176
3765 4177
3765 4178
3857 4168
3857 4169
3857 4170
3857 4171
3857 4172
3857 4173
3857 4174
3857 4175
3857 4176
3857 4177
3857 4178
4168 4169
4168 4170
4168 4171
4168 4172
4168 4173
4168 4174
4168 4175
4168 4176
4168 4177
4168 4178
4169 4170
4169 4171
4169 4172
4169 4173
4169 4174
4169 4175
4169 4176
4169 4177
4169 4178
4170 4171
4170 4172
4170 4173
4170 4174
4170 4175
4170 4176
4170 4177
4170 4178
4171 4172
4171 4173
4171 4174
4171 4175
4171 4176
4171 4177
4171 4178
4172 4173
4172 4174
4172 4175
4172 4176
4172 4177
4172 4178
4173 4174
4173 4175
4173 4176
4173 4177
4173 4178
4174 4175
4174 4176
4174 4177
4174 4178
4175 4176
4175 4177
4175 4178
4176 4177
4176 4178
4177 4178
794 2135
794 2383
794 2607
794 3651
794 3748
794 3804
794 3872
794 4179
794 4180
2135 2383
2135 2607
2135 3651
2135 3748
2135 3804
2135 3872
2135 4179
2135 4180
2383 2607
2383 3651
2383 3748
2383 3804
2383 3872
2383 4179
2383 4180
2607 3651
2607 3748
2607 3804
2607 3872
2607 4179
2607 4180
3651 3748
3651 3804
3651 3872
3651 4179
3651 4180
3748 3804
3748 3872
3748 4179
3748 4180
3804 3872
3804 4179
3804 4180
3872 4179
3872 4180
4179 4180
795 3182
795 3868
795 3883
795 4181
795 4182
795 4183
795 4184
3182 3868
3182 3883
3182 4181
3182 4182
3182 4183
3182 4184
3868 3883
3868 4181
3868 4182
3868 4183
3868 4184
3883 4181
3883 4182
3883 4183
3883 4184
4181 4182
4181 4183
4181 4184
4182 4183
4182 4184
4183 4184
796 1922
796 2221
796 2990
796 3005
796 3686
796 3978
796 4185
796 4186
796 4187
796 4188
796 4189
796 4190
1922 2221
1922 2990
1922 3005
1922 3686
1922 3978
1922 4185
1922 4186
1922 4187
1922 4188
1922 4189
1922 4190
2221 2990
2221 3005
2221 3686
2221 3978
2221 4185
2221 4186
2221 4187
2221 4188
2221 4189
2221 4190
2990 3005
2990 3686
2990 3978
2990 4185
2990 4186
2990 4187
2990 4188
2990 4189
2990 4190
3005 3686
3005 3978
3005 4185
3005 4186
3005 4187
3005 4188
3005 4189
3005 4190
3686 3978
3686 4185
3686 4186
3686 4187
3686 4188
3686 4189
3686 4190
3978 4185
3978 4186
3978 4187
3978 4188
3978 4189
3978 4190
4185 4186
4185 4187
4185 4188
4185 4189
4185 4190
4186 4187
4186 4188
4186 4189
4186 4190
4187 4188
4187 4189
4187 4190
4188 4189
4188 4190
4189 4190
797 4191
797 4192
797 4193
797 4194
797 4195
797 4196
4191 4192
4191 4193
4191 4194
4191 4195
4191 4196
4192 4193
4192 4194
4192 4195
4192 4196
4193 4194
4193 4195
4193 4196
4194 4195
4194 4196
4195 4196
798 1021
798 1254
798 1359
798 1659
798 2020
798 3018
798 3048
798 3205
798 3520
798 3531
798 3569
798 3599
798 4197
798 4198
798 4199
1021 1254
1021 1359
1021 1659
1021 2020
1021 3018
1021 3048
1021 3205
1021 3520
1021 3531
1021 3569
1021 3599
1021 4197
1021 4198
1021 4199
1254 1359
1254 1659
1254 2020
1254 3018
1254 3048
1254 3205
1254 3520
1254 3531
1254 3569
1254 3599
1254 4197
1254 4198
1254 4199
1359 1659
1359 2020
1359 3018
1359 3048
1359 3205
1359 3520
1359 3531
1359 3569
1359 3599
1359 4197
1359 4198
1359 4199
1659 2020
1659 3018
1659 3048
1659 3205
1659 3520
1659 3531
1659 3569
1659 3599
1659 4197
1659 4198
1659 4199
2020 3018
2020 3048
2020 3205
2020 3520
2020 3531
2020 3569
2020 3599
2020 4197
2020 4198
2020 4199
3018 3048
3018 3205
3018 3520
3018 3531
3018 3569
3018 3599
3018 4197
3018 4198
3018 4199
3048 3205
3048 3520
3048 3531
3048 3569
3048 3599
3048 4197
3048 4198
3048 4199
3205 3520
3205 3531
3205 3569
3205 3599
3205 4197
3205 4198
3205 4199
3520 3531
3520 3569
3520 3599
3520 4197
3520 4198
3520 4199
3531 3569
3531 3599
3531 4197
3531 4198
3531 4199
3569 3599
3569 4197
3569 4198
3569 4199
3599 4197
3599 4198
3599 4199
4197 4198
4197 4199
4198 4199
799 3884
799 4032
799 4200
3884 4032
3884 4200
4032 4200
800 1255
800 4201
800 4202
800 4203
800 4204
800 4205
800 4206
1255 4201
1255 4202
1255 4203
1255 4204
1255 4205
1255 4206
4201 4202
4201 4203
4201 4204
4201 4205
4201 4206
4202 4203
4202 4204
4202 4205
4202 4206
4203 4204
4203 4205
4203 4206
4204 4205
4204 4206
4205 4206
802 1620
802 2686
802 3118
802 3382
802 3813
802 4207
802 4208
802 4209
802 4210
802 4211
1620 2686
1620 3118
1620 3382
1620 3813
1620 4207
1620 4208
1620 4209
1620 4210
1620 4211
2686 3118
2686 3382
2686 3813
2686 4207
2686 4208
2686 4209
2686 4210
2686 4211
3118 3382
3118 3813
3118 4207
3118 4208
3118 4209
3118 4210
3118 4211
3382 3813
3382 4207
3382 4208
3382 4209
3382 4210
3382 4211
3813 4207
3813 4208
3813 4209
3813 4210
3813 4211
4207 4208
4207 4209
4207 4210
4207 4211
4208 4209
4208 4210
4208 4211
4209 4210
4209 4211
4210 4211
811 1234
811 2997
811 3532
811 4212
811 4213
1234 2997
1234 3532
1234 4212
1234 4213
2997 3532
2997 4212
2997 4213
3532 4212
3532 4213
4212 4213
816 1188
816 3827
816 4214
816 4215
816 4216
816 4217
816 4218
816 4219
816 4220
816 4221
1188 3827
1188 4214
1188 4215
1188 4216
1188 4217
1188 4218
1188 4219
1188 4220
1188 4221
3827 4214
3827 4215
3827 4216
3827 4217
3827 4218
3827 4219
3827 4220
3827 4221
4214 4215
4214 4216
4214 4217
4214 4218
4214 4219
4214 4220
4214 4221
4215 4216
4215 4217
4215 4218
4215 4219
4215 4220
4215 4221
4216 4217
4216 4218
4216 4219
4216 4220
4216 4221
4217 4218
4217 4219
4217 4220
4217 4221
4218 4219
4218 4220
4218 4221
4219 4220
4219 4221
4220 4221
818 1022
818 1049
818 1077
818 1153
818 1187
818 1235
818 1491
818 3195
1022 1049
1022 1077
1022 1153
1022 1187
1022 1235
1022 1491
1022 3195
1049 1077
1049 1153
1049 1187
1049 1235
1049 1491
1049 3195
1077 1153
1077 1187
1077 1235
1077 1491
1077 3195
1153 1187
1153 1235
1153 1491
1153 3195
1187 1235
1187 1491
1187 3195
1235 1491
1235 3195
1491 3195
819 2144
819 2933
2144 2933
820 1220
820 1420
820 1850
820 1865
820 1892
820 2401
820 2733
820 3042
820 3207
820 3302
820 3323
820 3489
820 3617
820 3878
820 3885
820 3901
820 4110
820 4222
820 4223
820 4224
820 4225
820 4226
820 4227
820 4228
820 4229
820 4230
820 4231
820 4232
820 4233
820 4234
820 4235
1220 1420
1220 1850
1220 1865
1220 1892
1220 2401
1220 2733
1220 3042
1220 3207
1220 3302
1220 3323
1220 3489
1220 3617
1220 3878
1220 3885
1220 3901
1220 4110
1220 4222
1220 4223
1220 4224
1220 4225
1220 4226
1220 4227
1220 4228
1220 4229
1220 4230
1220 4231
1220 4232
1220 4233
1220 4234
1220 4235
1420 1850
1420 1865
1420 1892
1420 2401
1420 2733
1420 3042
1420 3207
1420 3302
1420 3323
1420 3489
1420 3617
1420 3878
1420 3885
1420 3901
1420 4110
1420 4222
1420 4223
1420 4224
1420 4225
1420 4226
1420 4227
1420 4228
1420 4229
1420 4230
1420 4231
1420 4232
1420 4233
1420 4234
1420 4235
1850 1865
1850 1892
1850 2401
1850 2733
1850 3042
1850 3207
1850 3302
1850 3323
1850 3489
1850 3617
1850 3878
1850 3885
1850 3901
1850 4110
1850 4222
1850 4223
1850 4224
1850 4225
1850 4226
1850 4227
1850 4228
1850 4229
1850 4230
1850 4231
1850 4232
1850 4233
1850 4234
1850 4235
1865 1892
1865 2401
1865 2733
1865 3042
1865 3207
1865 3302
1865 3323
1865 3489
1865 3617
1865 3878
1865 3885
1865 3901
1865 4110
1865 4222
1865 4223
1865 4224
1865 4225
1865 4226
1865 4227
1865 4228
1865 4229
1865 4230
1865 4231
1865 4232
1865 4233
1865 4234
1865 4235
1892 2401
1892 2733
1892 3042
1892 3207
1892 3302
1892 3323
1892 3489
1892 3617
1892 3878
1892 3885
1892 3901
1892 4110
1892 4222
1892 4223
1892 4224
1892 4225
1892 4226
1892 4227
1892 4228
1892 4229
1892 4230
1892 4231
1892 4232
1892 4233
1892 4234
1892 4235
2401 2733
2401 3042
2401 3207
2401 3302
2401 3323
2401 3489
2401 3617
2401 3878
2401 3885
2401 3901
2401 4110
2401 4222
2401 4223
2401 4224
2401 4225
2401 4226
2401 4227
2401 4228
2401 4229
2401 4230
2401 4231
2401 4232
2401 4233
2401 4234
2401 4235
2733 3042
2733 3207
2733 3302
2733 3323
2733 3489
2733 3617
2733 3878
2733 3885
2733 3901
2733 4110
2733 4222
2733 4223
2733 4224
2733 4225
2733 4226
2733 4227
2733 4228
2733 4229
2733 4230
2733 4231
2733 4232
2733 4233
2733 4234
2733 4235
3042 3207
3042 3302
3042 3323
3042 3489
3042 3617
3042 3878
3042 3885
3042 3901
3042 4110
3042 4222
3042 4223
3042 4224
3042 4225
3042 4226
3042 4227
3042 4228
3042 4229
3042 4230
3042 4231
3042 4232
3042 4233
3042 4234
3042 4235
3207 3302
3207 3323
3207 3489
3207 3617
3207 3878
3207 3885
3207 3901
3207 4110
3207 4222
3207 4223
3207 4224
3207 4225
3207 4226
3207 4227
3207 4228
3207 4229
3207 4230
3207 4231
3207 4232
3207 4233
3207 4234
3207 4235
3302 3323
3302 3489
3302 3617
3302 3878
3302 3885
3302 3901
3302 4110
3302 4222
3302 4223
3302 4224
3302 4225
3302 4226
3302 4227
3302 4228
3302 4229
3302 4230
3302 4231
3302 4232
3302 4233
3302 4234
3302 4235
3323 3489
3323 3617
3323 3878
3323 3885
3323 3901
3323 4110
3323 4222
3323 4223
3323 4224
3323 4225
3323 4226
3323 4227
3323 4228
3323 4229
3323 4230
3323 4231
3323 4232
3323 4233
3323 4234
3323 4235
3489 3617
3489 3878
3489 3885
3489 3901
3489 4110
3489 4222
3489 4223
3489 4224
3489 4225
3489 4226
3489 4227
3489 4228
3489 4229
3489 4230
3489 4231
3489 4232
3489 4233
3489 4234
3489 4235
3617 3878
3617 3885
3617 3901
3617 4110
3617 4222
3617 4223
3617 4224
3617 4225
3617 4226
3617 4227
3617 4228
3617 4229
3617 4230
3617 4231
3617 4232
3617 4233
3617 4234
3617 4235
3878 3885
3878 3901
3878 4110
3878 4222
3878 4223
3878 4224
3878 4225
3878 4226
3878 4227
3878 4228
3878 4229
3878 4230
3878 4231
3878 4232
3878 4233
3878 4234
3878 4235
3885 3901
3885 4110
3885 4222
3885 4223
3885 4224
3885 4225
3885 4226
3885 4227
3885 4228
3885 4229
3885 4230
3885 4231
3885 4232
3885 4233
3885 4234
3885 4235
3901 4110
3901 4222
3901 4223
3901 4224
3901 4225
3901 4226
3901 4227
3901 4228
3901 4229
3901 4230
3901 4231
3901 4232
3901 4233
3901 4234
3901 4235
4110 4222
4110 4223
4110 4224
4110 4225
4110 4226
4110 4227
4110 4228
4110 4229
4110 4230
4110 4231
4110 4232
4110 4233
4110 4234
4110 4235
4222 4223
4222 4224
4222 4225
4222 4226
4222 4227
4222 4228
4222 4229
4222 4230
4222 4231
4222 4232
4222 4233
4222 4234
4222 4235
4223 4224
4223 4225
4223 4226
4223 4227
4223 4228
4223 4229
4223 4230
4223 4231
4223 4232
4223 4233
4223 4234
4223 4235
4224 4225
4224 4226
4224 4227
4224 4228
4224 4229
4224 4230
4224 4231
4224 4232
4224 4233
4224 4234
4224 4235
4225 4226
4225 4227
4225 4228
4225 4229
4225 4230
4225 4231
4225 4232
4225 4233
4225 4234
4225 4235
4226 4227
4226 4228
4226 4229
4226 4230
4226 4231
4226 4232
4226 4233
4226 4234
4226 4235
4227 4228
4227 4229
4227 4230
4227 4231
4227 4232
4227 4233
4227 4234
4227 4235
4228 4229
4228 4230
4228 4231
4228 4232
4228 4233
4228 4234
4228 4235
4229 4230
4229 4231
4229 4232
4229 4233
4229 4234
4229 4235
4230 4231
4230 4232
4230 4233
4230 4234
4230 4235
4231 4232
4231 4233
4231 4234
4231 4235
4232 4233
4232 4234
4232 4235
4233 4234
4233 4235
4234 4235
821 1079
821 1139
821 1165
821 1170
821 1493
821 3198
821 4209
821 4236
821 4237
821 4238
821 4239
821 4240
1079 1139
1079 1165
1079 1170
1079 1493
1079 3198
1079 4209
1079 4236
1079 4237
1079 4238
1079 4239
1079 4240
1139 1165
1139 1170
1139 1493
1139 3198
1139 4209
1139 4236
1139 4237
1139 4238
1139 4239
1139 4240
1165 1170
1165 1493
1165 3198
1165 4209
1165 4236
1165 4237
1165 4238
1165 4239
1165 4240
1170 1493
1170 3198
1170 4209
1170 4236
1170 4237
1170 4238
1170 4239
1170 4240
1493 3198
1493 4209
1493 4236
1493 4237
1493 4238
1493 4239
1493 4240
3198 4209
3198 4236
3198 4237
3198 4238
3198 4239
3198 4240
4209 4236
4209 4237
4209 4238
4209 4239
4209 4240
4236 4237
4236 4238
4236 4239
4236 4240
4237 4238
4237 4239
4237 4240
4238 4239
4238 4240
4239 4240
822 1953
822 2962
822 3303
822 3547
822 3958
822 4131
822 4145
822 4241
822 4242
822 4243
822 4244
1953 2962
1953 3303
1953 3547
1953 3958
1953 4131
1953 4145
1953 4241
1953 4242
1953 4243
1953 4244
2962 3303
2962 3547
2962 3958
2962 4131
2962 4145
2962 4241
2962 4242
2962 4243
2962 4244
3303 3547
3303 3958
3303 4131
3303 4145
3303 4241
3303 4242
3303 4243
3303 4244
3547 3958
3547 4131
3547 4145
3547 4241
3547 4242
3547 4243
3547 4244
3958 4131
3958 4145
3958 4241
3958 4242
3958 4243
3958 4244
4131 4145
4131 4241
4131 4242
4131 4243
4131 4244
4145 4241
4145 4242
4145 4243
4145 4244
4241 4242
4241 4243
4241 4244
4242 4243
4242 4244
4243 4244
841 1117
841 1219
841 1492
841 3200
841 4245
841 4246
841 4247
841 4248
841 4249
841 4250
841 4251
841 4252
841 4253
841 4254
841 4255
841 4256
1117 1219
1117 1492
1117 3200
1117 4245
1117 4246
1117 4247
1117 4248
1117 4249
1117 4250
1117 4251
1117 4252
1117 4253
1117 4254
1117 4255
1117 4256
1219 1492
1219 3200
1219 4245
1219 4246
1219 4247
1219 4248
1219 4249
1219 4250
1219 4251
1219 4252
1219 4253
1219 4254
1219 4255
1219 4256
1492 3200
1492 4245
1492 4246
1492 4247
1492 4248
1492 4249
1492 4250
1492 4251
1492 4252
1492 4253
1492 4254
1492 4255
1492 4256
3200 4245
3200 4246
3200 4247
3200 4248
3200 4249
3200 4250
3200 4251
3200 4252
3200 4253
3200 4254
3200 4255
3200 4256
4245 4246
4245 4247
4245 4248
4245 4249
4245 4250
4245 4251
4245 4252
4245 4253
4245 4254
4245 4255
4245 4256
4246 4247
4246 4248
4246 4249
4246 4250
4246 4251
4246 4252
4246 4253
4246 4254
4246 4255
4246 4256
4247 4248
4247 4249
4247 4250
4247 4251
4247 4252
4247 4253
4247 4254
4247 4255
4247 4256
4248 4249
4248 4250
4248 4251
4248 4252
4248 4253
4248 4254
4248 4255
4248 4256
4249 4250
4249 4251
4249 4252
4249 4253
4249 4254
4249 4255
4249 4256
4250 4251
4250 4252
4250 4253
4250 4254
4250 4255
4250 4256
4251 4252
4251 4253
4251 4254
4251 4255
4251 4256
4252 4253
4252 4254
4252 4255
4252 4256
4253 4254
4253 4255
4253 4256
4254 4255
4254 4256
4255 4256
842 3055
842 3521
842 3533
842 3609
842 4257
842 4258
842 4259
842 4260
3055 3521
3055 3533
3055 3609
3055 4257
3055 4258
3055 4259
3055 4260
3521 3533
3521 3609
3521 4257
3521 4258
3521 4259
3521 4260
3533 3609
3533 4257
3533 4258
3533 4259
3533 4260
3609 4257
3609 4258
3609 4259
3609 4260
4257 4258
4257 4259
4257 4260
4258 4259
4258 4260
4259 4260
848 2256
848 2948
848 3210
848 3217
848 3304
848 3546
848 3570
848 3959
848 4017
848 4054
848 4062
848 4132
848 4142
848 4167
848 4261
848 4262
848 4263
848 4264
848 4265
848 4266
848 4267
848 4268
848 4269
848 4270
848 4271
848 4272
848 4273
848 4274
848 4275
848 4276
848 4277
848 4278
848 4279
848 4280
2256 2948
2256 3210
2256 3217
2256 3304
2256 3546
2256 3570
2256 3959
2256 4017
2256 4054
2256 4062
2256 4132
2256 4142
2256 4167
2256 4261
2256 4262
2256 4263
2256 4264
2256 4265
2256 4266
2256 4267
2256 4268
2256 4269
2256 4270
2256 4271
2256 4272
2256 4273
2256 4274
2256 4275
2256 4276
2256 4277
2256 4278
2256 4279
2256 4280
2948 3210
2948 3217
2948 3304
2948 3546
2948 3570
2948 3959
2948 4017
2948 4054
2948 4062
2948 4132
2948 4142
2948 4167
2948 4261
2948 4262
2948 4263
2948 4264
2948 4265
2948 4266
2948 4267
2948 4268
2948 4269
2948 4270
2948 4271
2948 4272
2948 4273
2948 4274
2948 4275
2948 4276
2948 4277
2948 4278
2948 4279
2948 4280
3210 3217
3210 3304
3210 3546
3210 3570
3210 3959
3210 4017
3210 4054
3210 4062
3210 4132
3210 4142
3210 4167
3210 4261
3210 4262
3210 4263
3210 4264
3210 4265
3210 4266
3210 4267
3210 4268
3210 4269
3210 4270
3210 4271
3210 4272
3210 4273
3210 4274
3210 4275
3210 4276
3210 4277
3210 4278
3210 4279
3210 4280
3217 3304
3217 3546
3217 3570
3217 3959
3217 4017
3217 4054
3217 4062
3217 4132
3217 4142
3217 4167
3217 4261
3217 4262
3217 4263
3217 4264
3217 4265
3217 4266
3217 4267
3217 4268
3217 4269
3217 4270
3217 4271
3217 4272
3217 4273
3217 4274
3217 4275
3217 4276
3217 4277
3217 4278
3217 4279
3217 4280
3304 3546
3304 3570
3304 3959
3304 4017
3304 4054
3304 4062
3304 4132
3304 4142
3304 4167
3304 4261
3304 4262
3304 4263
3304 4264
3304 4265
3304 4266
3304 4267
3304 4268
3304 4269
3304 4270
3304 4271
3304 4272
3304 4273
3304 4274
3304 4275
3304 4276
3304 4277
3304 4278
3304 4279
3304 4280
3546 3570
3546 3959
3546 4017
3546 4054
3546 4062
3546 4132
3546 4142
3546 4167
3546 4261
3546 4262
3546 4263
3546 4264
3546 4265
3546 4266
3546 4267
3546 4268
3546 4269
3546 4270
3546 4271
3546 4272
3546 4273
3546 4274
3546 4275
3546 4276
3546 4277
3546 4278
3546 4279
3546 4280
3570 3959
3570 4017
3570 4054
3570 4062
3570 4132
3570 4142
3570 4167
3570 4261
3570 4262
3570 4263
3570 4264
3570 4265
3570 4266
3570 4267
3570 4268
3570 4269
3570 4270
3570 4271
3570 4272
3570 4273
3570 4274
3570 4275
3570 4276
3570 4277
3570 4278
3570 4279
3570 4280
3959 4017
3959 4054
3959 4062
3959 4132
3959 4142
3959 4167
3959 4261
3959 4262
3959 4263
3959 4264
3959 4265
3959 4266
3959 4267
3959 4268
3959 4269
3959 4270
3959 4271
3959 4272
3959 4273
3959 4274
3959 4275
3959 4276
3959 4277
3959 4278
3959 4279
3959 4280
4017 4054
4017 4062
4017 4132
4017 4142
4017 4167
4017 4261
4017 4262
4017 4263
4017 4264
4017 4265
4017 4266
4017 4267
4017 4268
4017 4269
4017 4270
4017 4271
4017 4272
4017 4273
4017 4274
4017 4275
4017 4276
4017 4277
4017 4278
4017 4279
4017 4280
4054 4062
4054 4132
4054 4142
4054 4167
4054 4261
4054 4262
4054 4263
4054 4264
4054 4265
4054 4266
4054 4267
4054 4268
4054 4269
4054 4270
4054 4271
4054 4272
4054 4273
4054 4274
4054 4275
4054 4276
4054 4277
4054 4278
4054 4279
4054 4280
4062 4132
4062 4142
4062 4167
4062 4261
4062 4262
4062 4263
4062 4264
4062 4265
4062 4266
4062 4267
4062 4268
4062 4269
4062 4270
4062 4271
4062 4272
4062 4273
4062 4274
4062 4275
4062 4276
4062 4277
4062 4278
4062 4279
4062 4280
4132 4142
4132 4167
4132 4261
4132 4262
4132 4263
4132 4264
4132 4265
4132 4266
4132 4267
4132 4268
4132 4269
4132 4270
4132 4271
4132 4272
4132 4273
4132 4274
4132 4275
4132 4276
4132 4277
4132 4278
4132 4279
4132 4280
4142 4167
4142 4261
4142 4262
4142 4263
4142 4264
4142 4265
4142 4266
4142 4267
4142 4268
4142 4269
4142 4270
4142 4271
4142 4272
4142 4273
4142 4274
4142 4275
4142 4276
4142 4277
4142 4278
4142 4279
4142 4280
4167 4261
4167 4262
4167 4263
4167 4264
4167 4265
4167 4266
4167 4267
4167 4268
4167 4269
4167 4270
4167 4271
4167 4272
4167 4273
4167 4274
4167 4275
4167 4276
4167 4277
4167 4278
4167 4279
4167 4280
4261 4262
4261 4263
4261 4264
4261 4265
4261 4266
4261 4267
4261 4268
4261 4269
4261 4270
4261 4271
4261 4272
4261 4273
4261 4274
4261 4275
4261 4276
4261 4277
4261 4278
4261 4279
4261 4280
4262 4263
4262 4264
4262 4265
4262 4266
4262 4267
4262 4268
4262 4269
4262 4270
4262 4271
4262 4272
4262 4273
4262 4274
4262 4275
4262 4276
4262 4277
4262 4278
4262 4279
4262 4280
4263 4264
4263 4265
4263 4266
4263 4267
4263 4268
4263 4269
4263 4270
4263 4271
4263 4272
4263 4273
4263 4274
4263 4275
4263 4276
4263 4277
4263 4278
4263 4279
4263 4280
4264 4265
4264 4266
4264 4267
4264 4268
4264 4269
4264 4270
4264 4271
4264 4272
4264 4273
4264 4274
4264 4275
4264 4276
4264 4277
4264 4278
4264 4279
4264 4280
4265 4266
4265 4267
4265 4268
4265 4269
4265 4270
4265 4271
4265 4272
4265 4273
4265 4274
4265 4275
4265 4276
4265 4277
4265 4278
4265 4279
4265 4280
4266 4267
4266 4268
4266 4269
4266 4270
4266 4271
4266 4272
4266 4273
4266 4274
4266 4275
4266 4276
4266 4277
4266 4278
4266 4279
4266 4280
4267 4268
4267 4269
4267 4270
4267 4271
4267 4272
4267 4273
4267 4274
4267 4275
4267 4276
4267 4277
4267 4278
4267 4279
4267 4280
4268 4269
4268 4270
4268 4271
4268 4272
4268 4273
4268 4274
4268 4275
4268 4276
4268 4277
4268 4278
4268 4279
4268 4280
4269 4270
4269 4271
4269 4272
4269 4273
4269 4274
4269 4275
4269 4276
4269 4277
4269 4278
4269 4279
4269 4280
4270 4271
4270 4272
4270 4273
4270 4274
4270 4275
4270 4276
4270 4277
4270 4278
4270 4279
4270 4280
4271 4272
4271 4273
4271 4274
4271 4275
4271 4276
4271 4277
4271 4278
4271 4279
4271 4280
4272 4273
4272 4274
4272 4275
4272 4276
4272 4277
4272 4278
4272 4279
4272 4280
4273 4274
4273 4275
4273 4276
4273 4277
4273 4278
4273 4279
4273 4280
4274 4275
4274 4276
4274 4277
4274 4278
4274 4279
4274 4280
4275 4276
4275 4277
4275 4278
4275 4279
4275 4280
4276 4277
4276 4278
4276 4279
4276 4280
4277 4278
4277 4279
4277 4280
4278 4279
4278 4280
4279 4280
854 1773
854 1895
854 3362
854 3490
854 4281
1773 1895
1773 3362
1773 3490
1773 4281
1895 3362
1895 3490
1895 4281
3362 3490
3362 4281
3490 4281
855 3824
855 4045
3824 4045
856 997
856 1663
856 1703
856 2724
856 3052
856 3231
856 4282
997 1663
997 1703
997 2724
997 3052
997 3231
997 4282
1663 1703
1663 2724
1663 3052
1663 3231
1663 4282
1703 2724
1703 3052
1703 3231
1703 4282
2724 3052
2724 3231
2724 4282
3052 3231
3052 4282
3231 4282
858 1050
858 1664
858 1774
858 1902
858 2465
858 2489
858 2648
858 2682
858 2761
858 2781
858 2884
858 3088
858 3232
858 3343
858 3465
858 3993
858 4282
858 4283
858 4284
1050 1664
1050 1774
1050 1902
1050 2465
1050 2489
1050 2648
1050 2682
1050 2761
1050 2781
1050 2884
1050 3088
1050 3232
1050 3343
1050 3465
1050 3993
1050 4282
1050 4283
1050 4284
1664 1774
1664 1902
1664 2465
1664 2489
1664 2648
1664 2682
1664 2761
1664 2781
1664 2884
1664 3088
1664 3232
1664 3343
1664 3465
1664 3993
1664 4282
1664 4283
1664 4284
1774 1902
1774 2465
1774 2489
1774 2648
1774 2682
1774 2761
1774 2781
1774 2884
1774 3088
1774 3232
1774 3343
1774 3465
1774 3993
1774 4282
1774 4283
1774 4284
1902 2465
1902 2489
1902 2648
1902 2682
1902 2761
1902 2781
1902 2884
1902 3088
1902 3232
1902 3343
1902 3465
1902 3993
1902 4282
1902 4283
1902 4284
2465 2489
2465 2648
2465 2682
2465 2761
2465 2781
2465 2884
2465 3088
2465 3232
2465 3343
2465 3465
2465 3993
2465 4282
2465 4283
2465 4284
2489 2648
2489 2682
2489 2761
2489 2781
2489 2884
2489 3088
2489 3232
2489 3343
2489 3465
2489 3993
2489 4282
2489 4283
2489 4284
2648 2682
2648 2761
2648 2781
2648 2884
2648 3088
2648 3232
2648 3343
2648 3465
2648 3993
2648 4282
2648 4283
2648 4284
2682 2761
2682 2781
2682 2884
2682 3088
2682 3232
2682 3343
2682 3465
2682 3993
2682 4282
2682 4283
2682 4284
2761 2781
2761 2884
2761 3088
2761 3232
2761 3343
2761 3465
2761 3993
2761 4282
2761 4283
2761 4284
2781 2884
2781 3088
2781 3232
2781 3343
2781 3465
2781 3993
2781 4282
2781 4283
2781 4284
2884 3088
2884 3232
2884 3343
2884 3465
2884 3993
2884 4282
2884 4283
2884 4284
3088 3232
3088 3343
3088 3465
3088 3993
3088 4282
3088 4283
3088 4284
3232 3343
3232 3465
3232 3993
3232 4282
3232 4283
3232 4284
3343 3465
3343 3993
3343 4282
3343 4283
3343 4284
3465 3993
3465 4282
3465 4283
3465 4284
3993 4282
3993 4283
3993 4284
4282 4283
4282 4284
4283 4284
859 2953
859 4285
859 4286
2953 4285
2953 4286
4285 4286
861 3467
861 3494
3467 3494
863 2580
863 2615
863 2736
863 3363
863 3374
863 3430
863 3464
863 4287
863 4288
863 4289
863 4290
2580 2615
2580 2736
2580 3363
2580 3374
2580 3430
2580 3464
2580 4287
2580 4288
2580 4289
2580 4290
2615 2736
2615 3363
2615 3374
2615 3430
2615 3464
2615 4287
2615 4288
2615 4289
2615 4290
2736 3363
2736 3374
2736 3430
2736 3464
2736 4287
2736 4288
2736 4289
2736 4290
3363 3374
3363 3430
3363 3464
3363 4287
3363 4288
3363 4289
3363 4290
3374 3430
3374 3464
3374 4287
3374 4288
3374 4289
3374 4290
3430 3464
3430 4287
3430 4288
3430 4289
3430 4290
3464 4287
3464 4288
3464 4289
3464 4290
4287 4288
4287 4289
4287 4290
4288 4289
4288 4290
4289 4290
875 1808
875 2526
875 2708
875 3287
875 3832
875 4046
875 4291
875 4292
875 4293
875 4294
875 4295
875 4296
1808 2526
1808 2708
1808 3287
1808 3832
1808 4046
1808 4291
1808 4292
1808 4293
1808 4294
1808 4295
1808 4296
2526 2708
2526 3287
2526 3832
2526 4046
2526 4291
2526 4292
2526 4293
2526 4294
2526 4295
2526 4296
2708 3287
2708 3832
2708 4046
2708 4291
2708 4292
2708 4293
2708 4294
2708 4295
2708 4296
3287 3832
3287 4046
3287 4291
3287 4292
3287 4293
3287 4294
3287 4295
3287 4296
3832 4046
3832 4291
3832 4292
3832 4293
3832 4294
3832 4295
3832 4296
4046 4291
4046 4292
4046 4293
4046 4294
4046 4295
4046 4296
4291 4292
4291 4293
4291 4294
4291 4295
4291 4296
4292 4293
4292 4294
4292 4295
4292 4296
4293 4294
4293 4295
4293 4296
4294 4295
4294 4296
4295 4296
890 2023
890 2093
890 2866
890 2958
890 3038
890 3327
890 3994
890 4297
890 4298
890 4299
890 4300
890 4301
890 4302
890 4303
2023 2093
2023 2866
2023 2958
2023 3038
2023 3327
2023 3994
2023 4297
2023 4298
2023 4299
2023 4300
2023 4301
2023 4302
2023 4303
2093 2866
2093 2958
2093 3038
2093 3327
2093 3994
2093 4297
2093 4298
2093 4299
2093 4300
2093 4301
2093 4302
2093 4303
2866 2958
2866 3038
2866 3327
2866 3994
2866 4297
2866 4298
2866 4299
2866 4300
2866 4301
2866 4302
2866 4303
2958 3038
2958 3327
2958 3994
2958 4297
2958 4298
2958 4299
2958 4300
2958 4301
2958 4302
2958 4303
3038 3327
3038 3994
3038 4297
3038 4298
3038 4299
3038 4300
3038 4301
3038 4302
3038 4303
3327 3994
3327 4297
3327 4298
3327 4299
3327 4300
3327 4301
3327 4302
3327 4303
3994 4297
3994 4298
3994 4299
3994 4300
3994 4301
3994 4302
3994 4303
4297 4298
4297 4299
4297 4300
4297 4301
4297 4302
4297 4303
4298 4299
4298 4300
4298 4301
4298 4302
4298 4303
4299 4300
4299 4301
4299 4302
4299 4303
4300 4301
4300 4302
4300 4303
4301 4302
4301 4303
4302 4303
891 1189
891 1209
891 1513
891 2885
891 2928
891 2959
891 3199
891 4286
891 4302
1189 1209
1189 1513
1189 2885
1189 2928
1189 2959
1189 3199
1189 4286
1189 4302
1209 1513
1209 2885
1209 2928
1209 2959
1209 3199
1209 4286
1209 4302
1513 2885
1513 2928
1513 2959
1513 3199
1513 4286
1513 4302
2885 2928
2885 2959
2885 3199
2885 4286
2885 4302
2928 2959
2928 3199
2928 4286
2928 4302
2959 3199
2959 4286
2959 4302
3199 4286
3199 4302
4286 4302
909 1927
909 2231
909 3705
909 3906
909 4304
909 4305
909 4306
909 4307
909 4308
909 4309
1927 2231
1927 3705
1927 3906
1927 4304
1927 4305
1927 4306
1927 4307
1927 4308
1927 4309
2231 3705
2231 3906
2231 4304
2231 4305
2231 4306
2231 4307
2231 4308
2231 4309
3705 3906
3705 4304
3705 4305
3705 4306
3705 4307
3705 4308
3705 4309
3906 4304
3906 4305
3906 4306
3906 4307
3906 4308
3906 4309
4304 4305
4304 4306
4304 4307
4304 4308
4304 4309
4305 4306
4305 4307
4305 4308
4305 4309
4306 4307
4306 4308
4306 4309
4307 4308
4307 4309
4308 4309
910 1667
910 1775
910 1885
910 1915
910 2439
910 2458
910 2491
910 2616
910 2639
910 2669
910 2684
910 2829
910 3090
910 3233
910 3282
910 3468
910 3672
910 3974
910 4310
910 4311
910 4312
910 4313
910 4314
1667 1775
1667 1885
1667 1915
1667 2439
1667 2458
1667 2491
1667 2616
1667 2639
1667 2669
1667 2684
1667 2829
1667 3090
1667 3233
1667 3282
1667 3468
1667 3672
1667 3974
1667 4310
1667 4311
1667 4312
1667 4313
1667 4314
1775 1885
1775 1915
1775 2439
1775 2458
1775 2491
1775 2616
1775 2639
1775 2669
1775 2684
1775 2829
1775 3090
1775 3233
1775 3282
1775 3468
1775 3672
1775 3974
1775 4310
1775 4311
1775 4312
1775 4313
1775 4314
1885 1915
1885 2439
1885 2458
1885 2491
1885 2616
1885 2639
1885 2669
1885 2684
1885 2829
1885 3090
1885 3233
1885 3282
1885 3468
1885 3672
1885 3974
1885 4310
1885 4311
1885 4312
1885 4313
1885 4314
1915 2439
1915 2458
1915 2491
1915 2616
1915 2639
1915 2669
1915 2684
1915 2829
1915 3090
1915 3233
1915 3282
1915 3468
1915 3672
1915 3974
1915 4310
1915 4311
1915 4312
1915 4313
1915 4314
2439 2458
2439 2491
2439 2616
2439 2639
2439 2669
2439 2684
2439 2829
2439 3090
2439 3233
2439 3282
2439 3468
2439 3672
2439 3974
2439 4310
2439 4311
2439 4312
2439 4313
2439 4314
2458 2491
2458 2616
2458 2639
2458 2669
2458 2684
2458 2829
2458 3090
2458 3233
2458 3282
2458 3468
2458 3672
2458 3974
2458 4310
2458 4311
2458 4312
2458 4313
2458 4314
2491 2616
2491 2639
2491 2669
2491 2684
2491 2829
2491 3090
2491 3233
2491 3282
2491 3468
2491 3672
2491 3974
2491 4310
2491 4311
2491 4312
2491 4313
2491 4314
2616 2639
2616 2669
2616 2684
2616 2829
2616 3090
2616 3233
2616 3282
2616 3468
2616 3672
2616 3974
2616 4310
2616 4311
2616 4312
2616 4313
2616 4314
2639 2669
2639 2684
2639 2829
2639 3090
2639 3233
2639 3282
2639 3468
2639 3672
2639 3974
2639 4310
2639 4311
2639 4312
2639 4313
2639 4314
2669 2684
2669 2829
2669 3090
2669 3233
2669 3282
2669 3468
2669 3672
2669 3974
2669 4310
2669 4311
2669 4312
2669 4313
2669 4314
2684 2829
2684 3090
2684 3233
2684 3282
2684 3468
2684 3672
2684 3974
2684 4310
2684 4311
2684 4312
2684 4313
2684 4314
2829 3090
2829 3233
2829 3282
2829 3468
2829 3672
2829 3974
2829 4310
2829 4311
2829 4312
2829 4313
2829 4314
3090 3233
3090 3282
3090 3468
3090 3672
3090 3974
3090 4310
3090 4311
3090 4312
3090 4313
3090 4314
3233 3282
3233 3468
3233 3672
3233 3974
3233 4310
3233 4311
3233 4312
3233 4313
3233 4314
3282 3468
3282 3672
3282 3974
3282 4310
3282 4311
3282 4312
3282 4313
3282 4314
3468 3672
3468 3974
3468 4310
3468 4311
3468 4312
3468 4313
3468 4314
3672 3974
3672 4310
3672 4311
3672 4312
3672 4313
3672 4314
3974 4310
3974 4311
3974 4312
3974 4313
3974 4314
4310 4311
4310 4312
4310 4313
4310 4314
4311 4312
4311 4313
4311 4314
4312 4313
4312 4314
4313 4314
911 1267
911 2941
911 3096
911 4206
911 4315
911 4316
911 4317
911 4318
911 4319
911 4320
911 4321
911 4322
911 4323
1267 2941
1267 3096
1267 4206
1267 4315
1267 4316
1267 4317
1267 4318
1267 4319
1267 4320
1267 4321
1267 4322
1267 4323
2941 3096
2941 4206
2941 4315
2941 4316
2941 4317
2941 4318
2941 4319
2941 4320
2941 4321
2941 4322
2941 4323
3096 4206
3096 4315
3096 4316
3096 4317
3096 4318
3096 4319
3096 4320
3096 4321
3096 4322
3096 4323
4206 4315
4206 4316
4206 4317
4206 4318
4206 4319
4206 4320
4206 4321
4206 4322
4206 4323
4315 4316
4315 4317
4315 4318
4315 4319
4315 4320
4315 4321
4315 4322
4315 4323
4316 4317
4316 4318
4316 4319
4316 4320
4316 4321
4316 4322
4316 4323
4317 4318
4317 4319
4317 4320
4317 4321
4317 4322
4317 4323
4318 4319
4318 4320
4318 4321
4318 4322
4318 4323
4319 4320
4319 4321
4319 4322
4319 4323
4320 4321
4320 4322
4320 4323
4321 4322
4321 4323
4322 4323
912 1928
912 4309
1928 4309
913 4324
914 4325
914 4326
4325 4326
915 3155
915 3183
915 4304
915 4327
915 4328
915 4329
915 4330
915 4331
915 4332
915 4333
915 4334
3155 3183
3155 4304
3155 4327
3155 4328
3155 4329
3155 4330
3155 4331
3155 4332
3155 4333
3155 4334
3183 4304
3183 4327
3183 4328
3183 4329
3183 4330
3183 4331
3183 4332
3183 4333
3183 4334
4304 4327
4304 4328
4304 4329
4304 4330
4304 4331
4304 4332
4304 4333
4304 4334
4327 4328
4327 4329
4327 4330
4327 4331
4327 4332
4327 4333
4327 4334
4328 4329
4328 4330
4328 4331
4328 4332
4328 4333
4328 4334
4329 4330
4329 4331
4329 4332
4329 4333
4329 4334
4330 4331
4330 4332
4330 4333
4330 4334
4331 4332
4331 4333
4331 4334
4332 4333
4332 4334
4333 4334
932 1365
932 1623
932 2025
932 2903
932 2968
932 2980
932 3121
932 3379
932 3809
932 3865
932 4170
932 4335
932 4336
932 4337
932 4338
932 4339
932 4340
932 4341
932 4342
932 4343
932 4344
932 4345
932 4346
932 4347
932 4348
932 4349
1365 1623
1365 2025
1365 2903
1365 2968
1365 2980
1365 3121
1365 3379
1365 3809
1365 3865
1365 4170
1365 4335
1365 4336
1365 4337
1365 4338
1365 4339
1365 4340
1365 4341
1365 4342
1365 4343
1365 4344
1365 4345
1365 4346
1365 4347
1365 4348
1365 4349
1623 2025
1623 2903
1623 2968
1623 2980
1623 3121
1623 3379
1623 3809
1623 3865
1623 4170
1623 4335
1623 4336
1623 4337
1623 4338
1623 4339
1623 4340
1623 4341
1623 4342
1623 4343
1623 4344
1623 4345
1623 4346
1623 4347
1623 4348
1623 4349
2025 2903
2025 2968
2025 2980
2025 3121
2025 3379
2025 3809
2025 3865
2025 4170
2025 4335
2025 4336
2025 4337
2025 4338
2025 4339
2025 4340
2025 4341
2025 4342
2025 4343
2025 4344
2025 4345
2025 4346
2025 4347
2025 4348
2025 4349
2903 2968
2903 2980
2903 3121
2903 3379
2903 3809
2903 3865
2903 4170
2903 4335
2903 4336
2903 4337
2903 4338
2903 4339
2903 4340
2903 4341
2903 4342
2903 4343
2903 4344
2903 4345
2903 4346
2903 4347
2903 4348
2903 4349
2968 2980
2968 3121
2968 3379
2968 3809
2968 3865
2968 4170
2968 4335
2968 4336
2968 4337
2968 4338
2968 4339
2968 4340
2968 4341
2968 4342
2968 4343
2968 4344
2968 4345
2968 4346
2968 4347
2968 4348
2968 4349
2980 3121
2980 3379
2980 3809
2980 3865
2980 4170
2980 4335
2980 4336
2980 4337
2980 4338
2980 4339
2980 4340
2980 4341
2980 4342
2980 4343
2980 4344
2980 4345
2980 4346
2980 4347
2980 4348
2980 4349
3121 3379
3121 3809
3121 3865
3121 4170
3121 4335
3121 4336
3121 4337
3121 4338
3121 4339
3121 4340
3121 4341
3121 4342
3121 4343
3121 4344
3121 4345
3121 4346
3121 4347
3121 4348
3121 4349
3379 3809
3379 3865
3379 4170
3379 4335
3379 4336
3379 4337
3379 4338
3379 4339
3379 4340
3379 4341
3379 4342
3379 4343
3379 4344
3379 4345
3379 4346
3379 4347
3379 4348
3379 4349
3809 3865
3809 4170
3809 4335
3809 4336
3809 4337
3809 4338
3809 4339
3809 4340
3809 4341
3809 4342
3809 4343
3809 4344
3809 4345
3809 4346
3809 4347
3809 4348
3809 4349
3865 4170
3865 4335
3865 4336
3865 4337
3865 4338
3865 4339
3865 4340
3865 4341
3865 4342
3865 4343
3865 4344
3865 4345
3865 4346
3865 4347
3865 4348
3865 4349
4170 4335
4170 4336
4170 4337
4170 4338
4170 4339
4170 4340
4170 4341
4170 4342
4170 4343
4170 4344
4170 4345
4170 4346
4170 4347
4170 4348
4170 4349
4335 4336
4335 4337
4335 4338
4335 4339
4335 4340
4335 4341
4335 4342
4335 4343
4335 4344
4335 4345
4335 4346
4335 4347
4335 4348
4335 4349
4336 4337
4336 4338
4336 4339
4336 4340
4336 4341
4336 4342
4336 4343
4336 4344
4336 4345
4336 4346
4336 4347
4336 4348
4336 4349
4337 4338
4337 4339
4337 4340
4337 4341
4337 4342
4337 4343
4337 4344
4337 4345
4337 4346
4337 4347
4337 4348
4337 4349
4338 4339
4338 4340
4338 4341
4338 4342
4338 4343
4338 4344
4338 4345
4338 4346
4338 4347
4338 4348
4338 4349
4339 4340
4339 4341
4339 4342
4339 4343
4339 4344
4339 4345
4339 4346
4339 4347
4339 4348
4339 4349
4340 4341
4340 4342
4340 4343
4340 4344
4340 4345
4340 4346
4340 4347
4340 4348
4340 4349
4341 4342
4341 4343
4341 4344
4341 4345
4341 4346
4341 4347
4341 4348
4341 4349
4342 4343
4342 4344
4342 4345
4342 4346
4342 4347
4342 4348
4342 4349
4343 4344
4343 4345
4343 4346
4343 4347
4343 4348
4343 4349
4344 4345
4344 4346
4344 4347
4344 4348
4344 4349
4345 4346
4345 4347
4345 4348
4345 4349
4346 4347
4346 4348
4346 4349
4347 4348
4347 4349
4348 4349
933 2940
933 4350
933 4351
933 4352
2940 4350
2940 4351
2940 4352
4350 4351
4350 4352
4351 4352
934 964
934 1371
934 1426
934 1482
934 1526
934 1560
934 1752
934 2026
934 2368
934 2427
934 2858
934 3887
934 3917
934 4230
934 4353
934 4354
934 4355
934 4356
934 4357
934 4358
934 4359
934 4360
934 4361
934 4362
934 4363
934 4364
934 4365
934 4366
934 4367
934 4368
964 1371
964 1426
964 1482
964 1526
964 1560
964 1752
964 2026
964 2368
964 2427
964 2858
964 3887
964 3917
964 4230
964 4353
964 4354
964 4355
964 4356
964 4357
964 4358
964 4359
964 4360
964 4361
964 4362
964 4363
964 4364
964 4365
964 4366
964 4367
964 4368
1371 1426
1371 1482
1371 1526
1371 1560
1371 1752
1371 2026
1371 2368
1371 2427
1371 2858
1371 3887
1371 3917
1371 4230
1371 4353
1371 4354
1371 4355
1371 4356
1371 4357
1371 4358
1371 4359
1371 4360
1371 4361
1371 4362
1371 4363
1371 4364
1371 4365
1371 4366
1371 4367
1371 4368
1426 1482
1426 1526
1426 1560
1426 1752
1426 2026
1426 2368
1426 2427
1426 2858
1426 3887
1426 3917
1426 4230
1426 4353
1426 4354
1426 4355
1426 4356
1426 4357
1426 4358
1426 4359
1426 4360
1426 4361
1426 4362
1426 4363
1426 4364
1426 4365
1426 4366
1426 4367
1426 4368
1482 1526
1482 1560
1482 1752
1482 2026
1482 2368
1482 2427
1482 2858
1482 3887
1482 3917
1482 4230
1482 4353
1482 4354
1482 4355
1482 4356
1482 4357
1482 4358
1482 4359
1482 4360
1482 4361
1482 4362
1482 4363
1482 4364
1482 4365
1482 4366
1482 4367
1482 4368
1526 1560
1526 1752
1526 2026
1526 2368
1526 2427
1526 2858
1526 3887
1526 3917
1526 4230
1526 4353
1526 4354
1526 4355
1526 4356
1526 4357
1526 4358
1526 4359
1526 4360
1526 4361
1526 4362
1526 4363
1526 4364
1526 4365
1526 4366
1526 4367
1526 4368
1560 1752
1560 2026
1560 2368
1560 2427
1560 2858
1560 3887
1560 3917
1560 4230
1560 4353
1560 4354
1560 4355
1560 4356
1560 4357
1560 4358
1560 4359
1560 4360
1560 4361
1560 4362
1560 4363
1560 4364
1560 4365
1560 4366
1560 4367
1560 4368
1752 2026
1752 2368
1752 2427
1752 2858
1752 3887
1752 3917
1752 4230
1752 4353
1752 4354
1752 4355
1752 4356
1752 4357
1752 4358
1752 4359
1752 4360
1752 4361
1752 4362
1752 4363
1752 4364
1752 4365
1752 4366
1752 4367
1752 4368
2026 2368
2026 2427
2026 2858
2026 3887
2026 3917
2026 4230
2026 4353
2026 4354
2026 4355
2026 4356
2026 4357
2026 4358
2026 4359
2026 4360
2026 4361
2026 4362
2026 4363
2026 4364
2026 4365
2026 4366
2026 4367
2026 4368
2368 2427
2368 2858
2368 3887
2368 3917
2368 4230
2368 4353
2368 4354
2368 4355
2368 4356
2368 4357
2368 4358
2368 4359
2368 4360
2368 4361
2368 4362
2368 4363
2368 4364
2368 4365
2368 4366
2368 4367
2368 4368
2427 2858
2427 3887
2427 3917
2427 4230
2427 4353
2427 4354
2427 4355
2427 4356
2427 4357
2427 4358
2427 4359
2427 4360
2427 4361
2427 4362
2427 4363
2427 4364
2427 4365
2427 4366
2427 4367
2427 4368
2858 3887
2858 3917
2858 4230
2858 4353
2858 4354
2858 4355
2858 4356
2858 4357
2858 4358
2858 4359
2858 4360
2858 4361
2858 4362
2858 4363
2858 4364
2858 4365
2858 4366
2858 4367
2858 4368
3887 3917
3887 4230
3887 4353
3887 4354
3887 4355
3887 4356
3887 4357
3887 4358
3887 4359
3887 4360
3887 4361
3887 4362
3887 4363
3887 4364
3887 4365
3887 4366
3887 4367
3887 4368
3917 4230
3917 4353
3917 4354
3917 4355
3917 4356
3917 4357
3917 4358
3917 4359
3917 4360
3917 4361
3917 4362
3917 4363
3917 4364
3917 4365
3917 4366
3917 4367
3917 4368
4230 4353
4230 4354
4230 4355
4230 4356
4230 4357
4230 4358
4230 4359
4230 4360
4230 4361
4230 4362
4230 4363
4230 4364
4230 4365
4230 4366
4230 4367
4230 4368
4353 4354
4353 4355
4353 4356
4353 4357
4353 4358
4353 4359
4353 4360
4353 4361
4353 4362
4353 4363
4353 4364
4353 4365
4353 4366
4353 4367
4353 4368
4354 4355
4354 4356
4354 4357
4354 4358
4354 4359
4354 4360
4354 4361
4354 4362
4354 4363
4354 4364
4354 4365
4354 4366
4354 4367
4354 4368
4355 4356
4355 4357
4355 4358
4355 4359
4355 4360
4355 4361
4355 4362
4355 4363
4355 4364
4355 4365
4355 4366
4355 4367
4355 4368
4356 4357
4356 4358
4356 4359
4356 4360
4356 4361
4356 4362
4356 4363
4356 4364
4356 4365
4356 4366
4356 4367
4356 4368
4357 4358
4357 4359
4357 4360
4357 4361
4357 4362
4357 4363
4357 4364
4357 4365
4357 4366
4357 4367
4357 4368
4358 4359
4358 4360
4358 4361
4358 4362
4358 4363
4358 4364
4358 4365
4358 4366
4358 4367
4358 4368
4359 4360
4359 4361
4359 4362
4359 4363
4359 4364
4359 4365
4359 4366
4359 4367
4359 4368
4360 4361
4360 4362
4360 4363
4360 4364
4360 4365
4360 4366
4360 4367
4360 4368
4361 4362
4361 4363
4361 4364
4361 4365
4361 4366
4361 4367
4361 4368
4362 4363
4362 4364
4362 4365
4362 4366
4362 4367
4362 4368
4363 4364
4363 4365
4363 4366
4363 4367
4363 4368
4364 4365
4364 4366
4364 4367
4364 4368
4365 4366
4365 4367
4365 4368
4366 4367
4366 4368
4367 4368
935 1237
935 2416
935 3723
935 4345
935 4369
935 4370
935 4371
935 4372
1237 2416
1237 3723
1237 4345
1237 4369
1237 4370
1237 4371
1237 4372
2416 3723
2416 4345
2416 4369
2416 4370
2416 4371
2416 4372
3723 4345
3723 4369
3723 4370
3723 4371
3723 4372
4345 4369
4345 4370
4345 4371
4345 4372
4369 4370
4369 4371
4369 4372
4370 4371
4370 4372
4371 4372
936 2904
936 2981
936 3393
936 4324
936 4346
936 4373
936 4374
936 4375
2904 2981
2904 3393
2904 4324
2904 4346
2904 4373
2904 4374
2904 4375
2981 3393
2981 4324
2981 4346
2981 4373
2981 4374
2981 4375
3393 4324
3393 4346
3393 4373
3393 4374
3393 4375
4324 4346
4324 4373
4324 4374
4324 4375
4346 4373
4346 4374
4346 4375
4373 4374
4373 4375
4374 4375
937 1545
937 1564
937 1962
937 3414
937 3436
937 3561
937 3592
937 3890
937 4033
937 4183
937 4376
937 4377
1545 1564
1545 1962
1545 3414
1545 3436
1545 3561
1545 3592
1545 3890
1545 4033
1545 4183
1545 4376
1545 4377
1564 1962
1564 3414
1564 3436
1564 3561
1564 3592
1564 3890
1564 4033
1564 4183
1564 4376
1564 4377
1962 3414
1962 3436
1962 3561
1962 3592
1962 3890
1962 4033
1962 4183
1962 4376
1962 4377
3414 3436
3414 3561
3414 3592
3414 3890
3414 4033
3414 4183
3414 4376
3414 4377
3436 3561
3436 3592
3436 3890
3436 4033
3436 4183
3436 4376
3436 4377
3561 3592
3561 3890
3561 4033
3561 4183
3561 4376
3561 4377
3592 3890
3592 4033
3592 4183
3592 4376
3592 4377
3890 4033
3890 4183
3890 4376
3890 4377
4033 4183
4033 4376
4033 4377
4183 4376
4183 4377
4376 4377
938 1622
938 2905
938 2998
938 3006
938 3156
938 3165
938 3383
938 3431
938 3979
938 4378
938 4379
938 4380
938 4381
938 4382
938 4383
938 4384
938 4385
1622 2905
1622 2998
1622 3006
1622 3156
1622 3165
1622 3383
1622 3431
1622 3979
1622 4378
1622 4379
1622 4380
1622 4381
1622 4382
1622 4383
1622 4384
1622 4385
2905 2998
2905 3006
2905 3156
2905 3165
2905 3383
2905 3431
2905 3979
2905 4378
2905 4379
2905 4380
2905 4381
2905 4382
2905 4383
2905 4384
2905 4385
2998 3006
2998 3156
2998 3165
2998 3383
2998 3431
2998 3979
2998 4378
2998 4379
2998 4380
2998 4381
2998 4382
2998 4383
2998 4384
2998 4385
3006 3156
3006 3165
3006 3383
3006 3431
3006 3979
3006 4378
3006 4379
3006 4380
3006 4381
3006 4382
3006 4383
3006 4384
3006 4385
3156 3165
3156 3383
3156 3431
3156 3979
3156 4378
3156 4379
3156 4380
3156 4381
3156 4382
3156 4383
3156 4384
3156 4385
3165 3383
3165 3431
3165 3979
3165 4378
3165 4379
3165 4380
3165 4381
3165 4382
3165 4383
3165 4384
3165 4385
3383 3431
3383 3979
3383 4378
3383 4379
3383 4380
3383 4381
3383 4382
3383 4383
3383 4384
3383 4385
3431 3979
3431 4378
3431 4379
3431 4380
3431 4381
3431 4382
3431 4383
3431 4384
3431 4385
3979 4378
3979 4379
3979 4380
3979 4381
3979 4382
3979 4383
3979 4384
3979 4385
4378 4379
4378 4380
4378 4381
4378 4382
4378 4383
4378 4384
4378 4385
4379 4380
4379 4381
4379 4382
4379 4383
4379 4384
4379 4385
4380 4381
4380 4382
4380 4383
4380 4384
4380 4385
4381 4382
4381 4383
4381 4384
4381 4385
4382 4383
4382 4384
4382 4385
4383 4384
4383 4385
4384 4385
939 2029
939 4325
939 4386
939 4387
939 4388
939 4389
939 4390
939 4391
939 4392
939 4393
2029 4325
2029 4386
2029 4387
2029 4388
2029 4389
2029 4390
2029 4391
2029 4392
2029 4393
4325 4386
4325 4387
4325 4388
4325 4389
4325 4390
4325 4391
4325 4392
4325 4393
4386 4387
4386 4388
4386 4389
4386 4390
4386 4391
4386 4392
4386 4393
4387 4388
4387 4389
4387 4390
4387 4391
4387 4392
4387 4393
4388 4389
4388 4390
4388 4391
4388 4392
4388 4393
4389 4390
4389 4391
4389 4392
4389 4393
4390 4391
4390 4392
4390 4393
4391 4392
4391 4393
4392 4393
940 1370
940 1461
940 1995
940 2936
940 4194
940 4229
940 4394
940 4395
940 4396
940 4397
940 4398
940 4399
940 4400
940 4401
940 4402
940 4403
940 4404
940 4405
940 4406
940 4407
940 4408
940 4409
940 4410
940 4411
940 4412
940 4413
940 4414
940 4415
1370 1461
1370 1995
1370 2936
1370 4194
1370 4229
1370 4394
1370 4395
1370 4396
1370 4397
1370 4398
1370 4399
1370 4400
1370 4401
1370 4402
1370 4403
1370 4404
1370 4405
1370 4406
1370 4407
1370 4408
1370 4409
1370 4410
1370 4411
1370 4412
1370 4413
1370 4414
1370 4415
1461 1995
1461 2936
1461 4194
1461 4229
1461 4394
1461 4395
1461 4396
1461 4397
1461 4398
1461 4399
1461 4400
1461 4401
1461 4402
1461 4403
1461 4404
1461 4405
1461 4406
1461 4407
1461 4408
1461 4409
1461 4410
1461 4411
1461 4412
1461 4413
1461 4414
1461 4415
1995 2936
1995 4194
1995 4229
1995 4394
1995 4395
1995 4396
1995 4397
1995 4398
1995 4399
1995 4400
1995 4401
1995 4402
1995 4403
1995 4404
1995 4405
1995 4406
1995 4407
1995 4408
1995 4409
1995 4410
1995 4411
1995 4412
1995 4413
1995 4414
1995 4415
2936 4194
2936 4229
2936 4394
2936 4395
2936 4396
2936 4397
2936 4398
2936 4399
2936 4400
2936 4401
2936 4402
2936 4403
2936 4404
2936 4405
2936 4406
2936 4407
2936 4408
2936 4409
2936 4410
2936 4411
2936 4412
2936 4413
2936 4414
2936 4415
4194 4229
4194 4394
4194 4395
4194 4396
4194 4397
4194 4398
4194 4399
4194 4400
4194 4401
4194 4402
4194 4403
4194 4404
4194 4405
4194 4406
4194 4407
4194 4408
4194 4409
4194 4410
4194 4411
4194 4412
4194 4413
4194 4414
4194 4415
4229 4394
4229 4395
4229 4396
4229 4397
4229 4398
4229 4399
4229 4400
4229 4401
4229 4402
4229 4403
4229 4404
4229 4405
4229 4406
4229 4407
4229 4408
4229 4409
4229 4410
4229 4411
4229 4412
4229 4413
4229 4414
4229 4415
4394 4395
4394 4396
4394 4397
4394 4398
4394 4399
4394 4400
4394 4401
4394 4402
4394 4403
4394 4404
4394 4405
4394 4406
4394 4407
4394 4408
4394 4409
4394 4410
4394 4411
4394 4412
4394 4413
4394 4414
4394 4415
4395 4396
4395 4397
4395 4398
4395 4399
4395 4400
4395 4401
4395 4402
4395 4403
4395 4404
4395 4405
4395 4406
4395 4407
4395 4408
4395 4409
4395 4410
4395 4411
4395 4412
4395 4413
4395 4414
4395 4415
4396 4397
4396 4398
4396 4399
4396 4400
4396 4401
4396 4402
4396 4403
4396 4404
4396 4405
4396 4406
4396 4407
4396 4408
4396 4409
4396 4410
4396 4411
4396 4412
4396 4413
4396 4414
4396 4415
4397 4398
4397 4399
4397 4400
4397 4401
4397 4402
4397 4403
4397 4404
4397 4405
4397 4406
4397 4407
4397 4408
4397 4409
4397 4410
4397 4411
4397 4412
4397 4413
4397 4414
4397 4415
4398 4399
4398 4400
4398 4401
4398 4402
4398 4403
4398 4404
4398 4405
4398 4406
4398 4407
4398 4408
4398 4409
4398 4410
4398 4411
4398 4412
4398 4413
4398 4414
4398 4415
4399 4400
4399 4401
4399 4402
4399 4403
4399 4404
4399 4405
4399 4406
4399 4407
4399 4408
4399 4409
4399 4410
4399 4411
4399 4412
4399 4413
4399 4414
4399 4415
4400 4401
4400 4402
4400 4403
4400 4404
4400 4405
4400 4406
4400 4407
4400 4408
4400 4409
4400 4410
4400 4411
4400 4412
4400 4413
4400 4414
4400 4415
4401 4402
4401 4403
4401 4404
4401 4405
4401 4406
4401 4407
4401 4408
4401 4409
4401 4410
4401 4411
4401 4412
4401 4413
4401 4414
4401 4415
4402 4403
4402 4404
4402 4405
4402 4406
4402 4407
4402 4408
4402 4409
4402 4410
4402 4411
4402 4412
4402 4413
4402 4414
4402 4415
4403 4404
4403 4405
4403 4406
4403 4407
4403 4408
4403 4409
4403 4410
4403 4411
4403 4412
4403 4413
4403 4414
4403 4415
4404 4405
4404 4406
4404 4407
4404 4408
4404 4409
4404 4410
4404 4411
4404 4412
4404 4413
4404 4414
4404 4415
4405 4406
4405 4407
4405 4408
4405 4409
4405 4410
4405 4411
4405 4412
4405 4413
4405 4414
4405 4415
4406 4407
4406 4408
4406 4409
4406 4410
4406 4411
4406 4412
4406 4413
4406 4414
4406 4415
4407 4408
4407 4409
4407 4410
4407 4411
4407 4412
4407 4413
4407 4414
4407 4415
4408 4409
4408 4410
4408 4411
4408 4412
4408 4413
4408 4414
4408 4415
4409 4410
4409 4411
4409 4412
4409 4413
4409 4414
4409 4415
4410 4411
4410 4412
4410 4413
4410 4414
4410 4415
4411 4412
4411 4413
4411 4414
4411 4415
4412 4413
4412 4414
4412 4415
4413 4414
4413 4415
4414 4415
953 4307
953 4416
4307 4416
969 1320
969 4417
969 4418
969 4419
969 4420
1320 4417
1320 4418
1320 4419
1320 4420
4417 4418
4417 4419
4417 4420
4418 4419
4418 4420
4419 4420
971 1483
971 2370
971 2429
971 2925
971 4357
971 4421
971 4422
971 4423
971 4424
971 4425
971 4426
971 4427
971 4428
1483 2370
1483 2429
1483 2925
1483 4357
1483 4421
1483 4422
1483 4423
1483 4424
1483 4425
1483 4426
1483 4427
1483 4428
2370 2429
2370 2925
2370 4357
2370 4421
2370 4422
2370 4423
2370 4424
2370 4425
2370 4426
2370 4427
2370 4428
2429 2925
2429 4357
2429 4421
2429 4422
2429 4423
2429 4424
2429 4425
2429 4426
2429 4427
2429 4428
2925 4357
2925 4421
2925 4422
2925 4423
2925 4424
2925 4425
2925 4426
2925 4427
2925 4428
4357 4421
4357 4422
4357 4423
4357 4424
4357 4425
4357 4426
4357 4427
4357 4428
4421 4422
4421 4423
4421 4424
4421 4425
4421 4426
4421 4427
4421 4428
4422 4423
4422 4424
4422 4425
4422 4426
4422 4427
4422 4428
4423 4424
4423 4425
4423 4426
4423 4427
4423 4428
4424 4425
4424 4426
4424 4427
4424 4428
4425 4426
4425 4427
4425 4428
4426 4427
4426 4428
4427 4428
972 1530
972 4429
972 4430
1530 4429
1530 4430
4429 4430
973 1192
973 1280
973 1330
973 2410
973 2984
973 3426
973 3576
973 3679
973 3828
973 4019
973 4431
973 4432
973 4433
973 4434
973 4435
973 4436
973 4437
1192 1280
1192 1330
1192 2410
1192 2984
1192 3426
1192 3576
1192 3679
1192 3828
1192 4019
1192 4431
1192 4432
1192 4433
1192 4434
1192 4435
1192 4436
1192 4437
1280 1330
1280 2410
1280 2984
1280 3426
1280 3576
1280 3679
1280 3828
1280 4019
1280 4431
1280 4432
1280 4433
1280 4434
1280 4435
1280 4436
1280 4437
1330 2410
1330 2984
1330 3426
1330 3576
1330 3679
1330 3828
1330 4019
1330 4431
1330 4432
1330 4433
1330 4434
1330 4435
1330 4436
1330 4437
2410 2984
2410 3426
2410 3576
2410 3679
2410 3828
2410 4019
2410 4431
2410 4432
2410 4433
2410 4434
2410 4435
2410 4436
2410 4437
2984 3426
2984 3576
2984 3679
2984 3828
2984 4019
2984 4431
2984 4432
2984 4433
2984 4434
2984 4435
2984 4436
2984 4437
3426 3576
3426 3679
3426 3828
3426 4019
3426 4431
3426 4432
3426 4433
3426 4434
3426 4435
3426 4436
3426 4437
3576 3679
3576 3828
3576 4019
3576 4431
3576 4432
3576 4433
3576 4434
3576 4435
3576 4436
3576 4437
3679 3828
3679 4019
3679 4431
3679 4432
3679 4433
3679 4434
3679 4435
3679 4436
3679 4437
3828 4019
3828 4431
3828 4432
3828 4433
3828 4434
3828 4435
3828 4436
3828 4437
4019 4431
4019 4432
4019 4433
4019 4434
4019 4435
4019 4436
4019 4437
4431 4432
4431 4433
4431 4434
4431 4435
4431 4436
4431 4437
4432 4433
4432 4434
4432 4435
4432 4436
4432 4437
4433 4434
4433 4435
4433 4436
4433 4437
4434 4435
4434 4436
4434 4437
4435 4436
4435 4437
4436 4437
974 1259
974 1323
974 1628
974 1967
974 2421
974 3728
974 3875
974 3920
974 4438
974 4439
974 4440
974 4441
974 4442
974 4443
974 4444
974 4445
974 4446
974 4447
974 4448
1259 1323
1259 1628
1259 1967
1259 2421
1259 3728
1259 3875
1259 3920
1259 4438
1259 4439
1259 4440
1259 4441
1259 4442
1259 4443
1259 4444
1259 4445
1259 4446
1259 4447
1259 4448
1323 1628
1323 1967
1323 2421
1323 3728
1323 3875
1323 3920
1323 4438
1323 4439
1323 4440
1323 4441
1323 4442
1323 4443
1323 4444
1323 4445
1323 4446
1323 4447
1323 4448
1628 1967
1628 2421
1628 3728
1628 3875
1628 3920
1628 4438
1628 4439
1628 4440
1628 4441
1628 4442
1628 4443
1628 4444
1628 4445
1628 4446
1628 4447
1628 4448
1967 2421
1967 3728
1967 3875
1967 3920
1967 4438
1967 4439
1967 4440
1967 4441
1967 4442
1967 4443
1967 4444
1967 4445
1967 4446
1967 4447
1967 4448
2421 3728
2421 3875
2421 3920
2421 4438
2421 4439
2421 4440
2421 4441
2421 4442
2421 4443
2421 4444
2421 4445
2421 4446
2421 4447
2421 4448
3728 3875
3728 3920
3728 4438
3728 4439
3728 4440
3728 4441
3728 4442
3728 4443
3728 4444
3728 4445
3728 4446
3728 4447
3728 4448
3875 3920
3875 4438
3875 4439
3875 4440
3875 4441
3875 4442
3875 4443
3875 4444
3875 4445
3875 4446
3875 4447
3875 4448
3920 4438
3920 4439
3920 4440
3920 4441
3920 4442
3920 4443
3920 4444
3920 4445
3920 4446
3920 4447
3920 4448
4438 4439
4438 4440
4438 4441
4438 4442
4438 4443
4438 4444
4438 4445
4438 4446
4438 4447
4438 4448
4439 4440
4439 4441
4439 4442
4439 4443
4439 4444
4439 4445
4439 4446
4439 4447
4439 4448
4440 4441
4440 4442
4440 4443
4440 4444
4440 4445
4440 4446
4440 4447
4440 4448
4441 4442
4441 4443
4441 4444
4441 4445
4441 4446
4441 4447
4441 4448
4442 4443
4442 4444
4442 4445
4442 4446
4442 4447
4442 4448
4443 4444
4443 4445
4443 4446
4443 4447
4443 4448
4444 4445
4444 4446
4444 4447
4444 4448
4445 4446
4445 4447
4445 4448
4446 4447
4446 4448
4447 4448
985 1297
985 1577
985 1680
985 1702
985 1784
985 2662
985 3345
985 3438
985 3610
985 3757
985 3800
985 3849
985 4034
985 4060
985 4268
985 4313
985 4377
985 4444
985 4449
985 4450
985 4451
985 4452
985 4453
985 4454
985 4455
985 4456
985 4457
985 4458
985 4459
1297 1577
1297 1680
1297 1702
1297 1784
1297 2662
1297 3345
1297 3438
1297 3610
1297 3757
1297 3800
1297 3849
1297 4034
1297 4060
1297 4268
1297 4313
1297 4377
1297 4444
1297 4449
1297 4450
1297 4451
1297 4452
1297 4453
1297 4454
1297 4455
1297 4456
1297 4457
1297 4458
1297 4459
1577 1680
1577 1702
1577 1784
1577 2662
1577 3345
1577 3438
1577 3610
1577 3757
1577 3800
1577 3849
1577 4034
1577 4060
1577 4268
1577 4313
1577 4377
1577 4444
1577 4449
1577 4450
1577 4451
1577 4452
1577 4453
1577 4454
1577 4455
1577 4456
1577 4457
1577 4458
1577 4459
1680 1702
1680 1784
1680 2662
1680 3345
1680 3438
1680 3610
1680 3757
1680 3800
1680 3849
1680 4034
1680 4060
1680 4268
1680 4313
1680 4377
1680 4444
1680 4449
1680 4450
1680 4451
1680 4452
1680 4453
1680 4454
1680 4455
1680 4456
1680 4457
1680 4458
1680 4459
1702 1784
1702 2662
1702 3345
1702 3438
1702 3610
1702 3757
1702 3800
1702 3849
1702 4034
1702 4060
1702 4268
1702 4313
1702 4377
1702 4444
1702 4449
1702 4450
1702 4451
1702 4452
1702 4453
1702 4454
1702 4455
1702 4456
1702 4457
1702 4458
1702 4459
1784 2662
1784 3345
1784 3438
1784 3610
1784 3757
1784 3800
1784 3849
1784 4034
1784 4060
1784 4268
1784 4313
1784 4377
1784 4444
1784 4449
1784 4450
1784 4451
1784 4452
1784 4453
1784 4454
1784 4455
1784 4456
1784 4457
1784 4458
1784 4459
2662 3345
2662 3438
2662 3610
2662 3757
2662 3800
2662 3849
2662 4034
2662 4060
2662 4268
2662 4313
2662 4377
2662 4444
2662 4449
2662 4450
2662 4451
2662 4452
2662 4453
2662 4454
2662 4455
2662 4456
2662 4457
2662 4458
2662 4459
3345 3438
3345 3610
3345 3757
3345 3800
3345 3849
3345 4034
3345 4060
3345 4268
3345 4313
3345 4377
3345 4444
3345 4449
3345 4450
3345 4451
3345 4452
3345 4453
3345 4454
3345 4455
3345 4456
3345 4457
3345 4458
3345 4459
3438 3610
3438 3757
3438 3800
3438 3849
3438 4034
3438 4060
3438 4268
3438 4313
3438 4377
3438 4444
3438 4449
3438 4450
3438 4451
3438 4452
3438 4453
3438 4454
3438 4455
3438 4456
3438 4457
3438 4458
3438 4459
3610 3757
3610 3800
3610 3849
3610 4034
3610 4060
3610 4268
3610 4313
3610 4377
3610 4444
3610 4449
3610 4450
3610 4451
3610 4452
3610 4453
3610 4454
3610 4455
3610 4456
3610 4457
3610 4458
3610 4459
3757 3800
3757 3849
3757 4034
3757 4060
3757 4268
3757 4313
3757 4377
3757 4444
3757 4449
3757 4450
3757 4451
3757 4452
3757 4453
3757 4454
3757 4455
3757 4456
3757 4457
3757 4458
3757 4459
3800 3849
3800 4034
3800 4060
3800 4268
3800 4313
3800 4377
3800 4444
3800 4449
3800 4450
3800 4451
3800 4452
3800 4453
3800 4454
3800 4455
3800 4456
3800 4457
3800 4458
3800 4459
3849 4034
3849 4060
3849 4268
3849 4313
3849 4377
3849 4444
3849 4449
3849 4450
3849 4451
3849 4452
3849 4453
3849 4454
3849 4455
3849 4456
3849 4457
3849 4458
3849 4459
4034 4060
4034 4268
4034 4313
4034 4377
4034 4444
4034 4449
4034 4450
4034 4451
4034 4452
4034 4453
4034 4454
4034 4455
4034 4456
4034 4457
4034 4458
4034 4459
4060 4268
4060 4313
4060 4377
4060 4444
4060 4449
4060 4450
4060 4451
4060 4452
4060 4453
4060 4454
4060 4455
4060 4456
4060 4457
4060 4458
4060 4459
4268 4313
4268 4377
4268 4444
4268 4449
4268 4450
4268 4451
4268 4452
4268 4453
4268 4454
4268 4455
4268 4456
4268 4457
4268 4458
4268 4459
4313 4377
4313 4444
4313 4449
4313 4450
4313 4451
4313 4452
4313 4453
4313 4454
4313 4455
4313 4456
4313 4457
4313 4458
4313 4459
4377 4444
4377 4449
4377 4450
4377 4451
4377 4452
4377 4453
4377 4454
4377 4455
4377 4456
4377 4457
4377 4458
4377 4459
4444 4449
4444 4450
4444 4451
4444 4452
4444 4453
4444 4454
4444 4455
4444 4456
4444 4457
4444 4458
4444 4459
4449 4450
4449 4451
4449 4452
4449 4453
4449 4454
4449 4455
4449 4456
4449 4457
4449 4458
4449 4459
4450 4451
4450 4452
4450 4453
4450 4454
4450 4455
4450 4456
4450 4457
4450 4458
4450 4459
4451 4452
4451 4453
4451 4454
4451 4455
4451 4456
4451 4457
4451 4458
4451 4459
4452 4453
4452 4454
4452 4455
4452 4456
4452 4457
4452 4458
4452 4459
4453 4454
4453 4455
4453 4456
4453 4457
4453 4458
4453 4459
4454 4455
4454 4456
4454 4457
4454 4458
4454 4459
4455 4456
4455 4457
4455 4458
4455 4459
4456 4457
4456 4458
4456 4459
4457 4458
4457 4459
4458 4459
987 1809
987 3606
1809 3606
993 1096
993 1173
993 1791
993 2012
993 2571
993 2993
993 3230
993 3577
993 3801
993 3850
993 4442
993 4460
993 4461
993 4462
993 4463
993 4464
1096 1173
1096 1791
1096 2012
1096 2571
1096 2993
1096 3230
1096 3577
1096 3801
1096 3850
1096 4442
1096 4460
1096 4461
1096 4462
1096 4463
1096 4464
1173 1791
1173 2012
1173 2571
1173 2993
1173 3230
1173 3577
1173 3801
1173 3850
1173 4442
1173 4460
1173 4461
1173 4462
1173 4463
1173 4464
1791 2012
1791 2571
1791 2993
1791 3230
1791 3577
1791 3801
1791 3850
1791 4442
1791 4460
1791 4461
1791 4462
1791 4463
1791 4464
2012 2571
2012 2993
2012 3230
2012 3577
2012 3801
2012 3850
2012 4442
2012 4460
2012 4461
2012 4462
2012 4463
2012 4464
2571 2993
2571 3230
2571 3577
2571 3801
2571 3850
2571 4442
2571 4460
2571 4461
2571 4462
2571 4463
2571 4464
2993 3230
2993 3577
2993 3801
2993 3850
2993 4442
2993 4460
2993 4461
2993 4462
2993 4463
2993 4464
3230 3577
3230 3801
3230 3850
3230 4442
3230 4460
3230 4461
3230 4462
3230 4463
3230 4464
3577 3801
3577 3850
3577 4442
3577 4460
3577 4461
3577 4462
3577 4463
3577 4464
3801 3850
3801 4442
3801 4460
3801 4461
3801 4462
3801 4463
3801 4464
3850 4442
3850 4460
3850 4461
3850 4462
3850 4463
3850 4464
4442 4460
4442 4461
4442 4462
4442 4463
4442 4464
4460 4461
4460 4462
4460 4463
4460 4464
4461 4462
4461 4463
4461 4464
4462 4463
4462 4464
4463 4464
1010 4403
1010 4465
1010 4466
1010 4467
1010 4468
1010 4469
1010 4470
4403 4465
4403 4466
4403 4467
4403 4468
4403 4469
4403 4470
4465 4466
4465 4467
4465 4468
4465 4469
4465 4470
4466 4467
4466 4468
4466 4469
4466 4470
4467 4468
4467 4469
4467 4470
4468 4469
4468 4470
4469 4470
1011 1651
1011 2503
1011 2617
1011 2713
1011 2725
1011 2800
1011 3016
1011 3822
1011 3833
1011 4471
1651 2503
1651 2617
1651 2713
1651 2725
1651 2800
1651 3016
1651 3822
1651 3833
1651 4471
2503 2617
2503 2713
2503 2725
2503 2800
2503 3016
2503 3822
2503 3833
2503 4471
2617 2713
2617 2725
2617 2800
2617 3016
2617 3822
2617 3833
2617 4471
2713 2725
2713 2800
2713 3016
2713 3822
2713 3833
2713 4471
2725 2800
2725 3016
2725 3822
2725 3833
2725 4471
2800 3016
2800 3822
2800 3833
2800 4471
3016 3822
3016 3833
3016 4471
3822 3833
3822 4471
3833 4471
1012 2504
1012 2656
2504 2656
1013 2587
1013 2594
1013 2726
2587 2594
2587 2726
2594 2726
1031 1144
1031 1913
1031 2986
1031 4321
1031 4472
1031 4473
1031 4474
1031 4475
1031 4476
1031 4477
1031 4478
1144 1913
1144 2986
1144 4321
1144 4472
1144 4473
1144 4474
1144 4475
1144 4476
1144 4477
1144 4478
1913 2986
1913 4321
1913 4472
1913 4473
1913 4474
1913 4475
1913 4476
1913 4477
1913 4478
2986 4321
2986 4472
2986 4473
2986 4474
2986 4475
2986 4476
2986 4477
2986 4478
4321 4472
4321 4473
4321 4474
4321 4475
4321 4476
4321 4477
4321 4478
4472 4473
4472 4474
4472 4475
4472 4476
4472 4477
4472 4478
4473 4474
4473 4475
4473 4476
4473 4477
4473 4478
4474 4475
4474 4476
4474 4477
4474 4478
4475 4476
4475 4477
4475 4478
4476 4477
4476 4478
4477 4478
1032 1110
1032 1123
1032 1145
1032 4254
1032 4479
1032 4480
1032 4481
1032 4482
1032 4483
1110 1123
1110 1145
1110 4254
1110 4479
1110 4480
1110 4481
1110 4482
1110 4483
1123 1145
1123 4254
1123 4479
1123 4480
1123 4481
1123 4482
1123 4483
1145 4254
1145 4479
1145 4480
1145 4481
1145 4482
1145 4483
4254 4479
4254 4480
4254 4481
4254 4482
4254 4483
4479 4480
4479 4481
4479 4482
4479 4483
4480 4481
4480 4482
4480 4483
4481 4482
4481 4483
4482 4483
1033 1146
1033 4322
1033 4404
1033 4484
1033 4485
1033 4486
1033 4487
1033 4488
1033 4489
1033 4490
1146 4322
1146 4404
1146 4484
1146 4485
1146 4486
1146 4487
1146 4488
1146 4489
1146 4490
4322 4404
4322 4484
4322 4485
4322 4486
4322 4487
4322 4488
4322 4489
4322 4490
4404 4484
4404 4485
4404 4486
4404 4487
4404 4488
4404 4489
4404 4490
4484 4485
4484 4486
4484 4487
4484 4488
4484 4489
4484 4490
4485 4486
4485 4487
4485 4488
4485 4489
4485 4490
4486 4487
4486 4488
4486 4489
4486 4490
4487 4488
4487 4489
4487 4490
4488 4489
4488 4490
4489 4490
1034 4491
1035 3395
1035 4492
1035 4493
1035 4494
1035 4495
1035 4496
1035 4497
1035 4498
3395 4492
3395 4493
3395 4494
3395 4495
3395 4496
3395 4497
3395 4498
4492 4493
4492 4494
4492 4495
4492 4496
4492 4497
4492 4498
4493 4494
4493 4495
4493 4496
4493 4497
4493 4498
4494 4495
4494 4496
4494 4497
4494 4498
4495 4496
4495 4497
4495 4498
4496 4497
4496 4498
4497 4498
1036 1972
1036 4483
1036 4498
1036 4499
1036 4500
1036 4501
1036 4502
1036 4503
1036 4504
1036 4505
1972 4483
1972 4498
1972 4499
1972 4500
1972 4501
1972 4502
1972 4503
1972 4504
1972 4505
4483 4498
4483 4499
4483 4500
4483 4501
4483 4502
4483 4503
4483 4504
4483 4505
4498 4499
4498 4500
4498 4501
4498 4502
4498 4503
4498 4504
4498 4505
4499 4500
4499 4501
4499 4502
4499 4503
4499 4504
4499 4505
4500 4501
4500 4502
4500 4503
4500 4504
4500 4505
4501 4502
4501 4503
4501 4504
4501 4505
4502 4503
4502 4504
4502 4505
4503 4504
4503 4505
4504 4505
1037 1135
1037 1937
1037 1989
1037 4492
1037 4506
1037 4507
1037 4508
1037 4509
1037 4510
1037 4511
1037 4512
1037 4513
1037 4514
1037 4515
1135 1937
1135 1989
1135 4492
1135 4506
1135 4507
1135 4508
1135 4509
1135 4510
1135 4511
1135 4512
1135 4513
1135 4514
1135 4515
1937 1989
1937 4492
1937 4506
1937 4507
1937 4508
1937 4509
1937 4510
1937 4511
1937 4512
1937 4513
1937 4514
1937 4515
1989 4492
1989 4506
1989 4507
1989 4508
1989 4509
1989 4510
1989 4511
1989 4512
1989 4513
1989 4514
1989 4515
4492 4506
4492 4507
4492 4508
4492 4509
4492 4510
4492 4511
4492 4512
4492 4513
4492 4514
4492 4515
4506 4507
4506 4508
4506 4509
4506 4510
4506 4511
4506 4512
4506 4513
4506 4514
4506 4515
4507 4508
4507 4509
4507 4510
4507 4511
4507 4512
4507 4513
4507 4514
4507 4515
4508 4509
4508 4510
4508 4511
4508 4512
4508 4513
4508 4514
4508 4515
4509 4510
4509 4511
4509 4512
4509 4513
4509 4514
4509 4515
4510 4511
4510 4512
4510 4513
4510 4514
4510 4515
4511 4512
4511 4513
4511 4514
4511 4515
4512 4513
4512 4514
4512 4515
4513 4514
4513 4515
4514 4515
1038 3334
1038 4315
1038 4516
1038 4517
1038 4518
3334 4315
3334 4516
3334 4517
3334 4518
4315 4516
4315 4517
4315 4518
4516 4517
4516 4518
4517 4518
1039 1130
1039 1136
1039 4473
1039 4484
1039 4499
1039 4519
1039 4520
1039 4521
1039 4522
1039 4523
1039 4524
1039 4525
1039 4526
1039 4527
1039 4528
1039 4529
1039 4530
1039 4531
1039 4532
1039 4533
1039 4534
1039 4535
1039 4536
1039 4537
1130 1136
1130 4473
1130 4484
1130 4499
1130 4519
1130 4520
1130 4521
1130 4522
1130 4523
1130 4524
1130 4525
1130 4526
1130 4527
1130 4528
1130 4529
1130 4530
1130 4531
1130 4532
1130 4533
1130 4534
1130 4535
1130 4536
1130 4537
1136 4473
1136 4484
1136 4499
1136 4519
1136 4520
1136 4521
1136 4522
1136 4523
1136 4524
1136 4525
1136 4526
1136 4527
1136 4528
1136 4529
1136 4530
1136 4531
1136 4532
1136 4533
1136 4534
1136 4535
1136 4536
1136 4537
4473 4484
4473 4499
4473 4519
4473 4520
4473 4521
4473 4522
4473 4523
4473 4524
4473 4525
4473 4526
4473 4527
4473 4528
4473 4529
4473 4530
4473 4531
4473 4532
4473 4533
4473 4534
4473 4535
4473 4536
4473 4537
4484 4499
4484 4519
4484 4520
4484 4521
4484 4522
4484 4523
4484 4524
4484 4525
4484 4526
4484 4527
4484 4528
4484 4529
4484 4530
4484 4531
4484 4532
4484 4533
4484 4534
4484 4535
4484 4536
4484 4537
4499 4519
4499 4520
4499 4521
4499 4522
4499 4523
4499 4524
4499 4525
4499 4526
4499 4527
4499 4528
4499 4529
4499 4530
4499 4531
4499 4532
4499 4533
4499 4534
4499 4535
4499 4536
4499 4537
4519 4520
4519 4521
4519 4522
4519 4523
4519 4524
4519 4525
4519 4526
4519 4527
4519 4528
4519 4529
4519 4530
4519 4531
4519 4532
4519 4533
4519 4534
4519 4535
4519 4536
4519 4537
4520 4521
4520 4522
4520 4523
4520 4524
4520 4525
4520 4526
4520 4527
4520 4528
4520 4529
4520 4530
4520 4531
4520 4532
4520 4533
4520 4534
4520 4535
4520 4536
4520 4537
4521 4522
4521 4523
4521 4524
4521 4525
4521 4526
4521 4527
4521 4528
4521 4529
4521 4530
4521 4531
4521 4532
4521 4533
4521 4534
4521 4535
4521 4536
4521 4537
4522 4523
4522 4524
4522 4525
4522 4526
4522 4527
4522 4528
4522 4529
4522 4530
4522 4531
4522 4532
4522 4533
4522 4534
4522 4535
4522 4536
4522 4537
4523 4524
4523 4525
4523 4526
4523 4527
4523 4528
4523 4529
4523 4530
4523 4531
4523 4532
4523 4533
4523 4534
4523 4535
4523 4536
4523 4537
4524 4525
4524 4526
4524 4527
4524 4528
4524 4529
4524 4530
4524 4531
4524 4532
4524 4533
4524 4534
4524 4535
4524 4536
4524 4537
4525 4526
4525 4527
4525 4528
4525 4529
4525 4530
4525 4531
4525 4532
4525 4533
4525 4534
4525 4535
4525 4536
4525 4537
4526 4527
4526 4528
4526 4529
4526 4530
4526 4531
4526 4532
4526 4533
4526 4534
4526 4535
4526 4536
4526 4537
4527 4528
4527 4529
4527 4530
4527 4531
4527 4532
4527 4533
4527 4534
4527 4535
4527 4536
4527 4537
4528 4529
4528 4530
4528 4531
4528 4532
4528 4533
4528 4534
4528 4535
4528 4536
4528 4537
4529 4530
4529 4531
4529 4532
4529 4533
4529 4534
4529 4535
4529 4536
4529 4537
4530 4531
4530 4532
4530 4533
4530 4534
4530 4535
4530 4536
4530 4537
4531 4532
4531 4533
4531 4534
4531 4535
4531 4536
4531 4537
4532 4533
4532 4534
4532 4535
4532 4536
4532 4537
4533 4534
4533 4535
4533 4536
4533 4537
4534 4535
4534 4536
4534 4537
4535 4536
4535 4537
4536 4537
1040 2985
1040 3634
1040 4189
1040 4316
1040 4352
1040 4406
1040 4529
1040 4538
1040 4539
1040 4540
1040 4541
1040 4542
1040 4543
1040 4544
1040 4545
2985 3634
2985 4189
2985 4316
2985 4352
2985 4406
2985 4529
2985 4538
2985 4539
2985 4540
2985 4541
2985 4542
2985 4543
2985 4544
2985 4545
3634 4189
3634 4316
3634 4352
3634 4406
3634 4529
3634 4538
3634 4539
3634 4540
3634 4541
3634 4542
3634 4543
3634 4544
3634 4545
4189 4316
4189 4352
4189 4406
4189 4529
4189 4538
4189 4539
4189 4540
4189 4541
4189 4542
4189 4543
4189 4544
4189 4545
4316 4352
4316 4406
4316 4529
4316 4538
4316 4539
4316 4540
4316 4541
4316 4542
4316 4543
4316 4544
4316 4545
4352 4406
4352 4529
4352 4538
4352 4539
4352 4540
4352 4541
4352 4542
4352 4543
4352 4544
4352 4545
4406 4529
4406 4538
4406 4539
4406 4540
4406 4541
4406 4542
4406 4543
4406 4544
4406 4545
4529 4538
4529 4539
4529 4540
4529 4541
4529 4542
4529 4543
4529 4544
4529 4545
4538 4539
4538 4540
4538 4541
4538 4542
4538 4543
4538 4544
4538 4545
4539 4540
4539 4541
4539 4542
4539 4543
4539 4544
4539 4545
4540 4541
4540 4542
4540 4543
4540 4544
4540 4545
4541 4542
4541 4543
4541 4544
4541 4545
4542 4543
4542 4544
4542 4545
4543 4544
4543 4545
4544 4545
1041 1087
1041 1094
1041 1125
1041 1137
1041 1158
1041 1176
1041 1502
1041 3196
1041 3245
1041 4236
1041 4479
1041 4546
1041 4547
1041 4548
1087 1094
1087 1125
1087 1137
1087 1158
1087 1176
1087 1502
1087 3196
1087 3245
1087 4236
1087 4479
1087 4546
1087 4547
1087 4548
1094 1125
1094 1137
1094 1158
1094 1176
1094 1502
1094 3196
1094 3245
1094 4236
1094 4479
1094 4546
1094 4547
1094 4548
1125 1137
1125 1158
1125 1176
1125 1502
1125 3196
1125 3245
1125 4236
1125 4479
1125 4546
1125 4547
1125 4548
1137 1158
1137 1176
1137 1502
1137 3196
1137 3245
1137 4236
1137 4479
1137 4546
1137 4547
1137 4548
1158 1176
1158 1502
1158 3196
1158 3245
1158 4236
1158 4479
1158 4546
1158 4547
1158 4548
1176 1502
1176 3196
1176 3245
1176 4236
1176 4479
1176 4546
1176 4547
1176 4548
1502 3196
1502 3245
1502 4236
1502 4479
1502 4546
1502 4547
1502 4548
3196 3245
3196 4236
3196 4479
3196 4546
3196 4547
3196 4548
3245 4236
3245 4479
3245 4546
3245 4547
3245 4548
4236 4479
4236 4546
4236 4547
4236 4548
4479 4546
4479 4547
4479 4548
4546 4547
4546 4548
4547 4548
1042 4192
1042 4407
1042 4487
1042 4531
1042 4538
1042 4549
1042 4550
1042 4551
1042 4552
1042 4553
1042 4554
1042 4555
1042 4556
1042 4557
4192 4407
4192 4487
4192 4531
4192 4538
4192 4549
4192 4550
4192 4551
4192 4552
4192 4553
4192 4554
4192 4555
4192 4556
4192 4557
4407 4487
4407 4531
4407 4538
4407 4549
4407 4550
4407 4551
4407 4552
4407 4553
4407 4554
4407 4555
4407 4556
4407 4557
4487 4531
4487 4538
4487 4549
4487 4550
4487 4551
4487 4552
4487 4553
4487 4554
4487 4555
4487 4556
4487 4557
4531 4538
4531 4549
4531 4550
4531 4551
4531 4552
4531 4553
4531 4554
4531 4555
4531 4556
4531 4557
4538 4549
4538 4550
4538 4551
4538 4552
4538 4553
4538 4554
4538 4555
4538 4556
4538 4557
4549 4550
4549 4551
4549 4552
4549 4553
4549 4554
4549 4555
4549 4556
4549 4557
4550 4551
4550 4552
4550 4553
4550 4554
4550 4555
4550 4556
4550 4557
4551 4552
4551 4553
4551 4554
4551 4555
4551 4556
4551 4557
4552 4553
4552 4554
4552 4555
4552 4556
4552 4557
4553 4554
4553 4555
4553 4556
4553 4557
4554 4555
4554 4556
4554 4557
4555 4556
4555 4557
4556 4557
1043 1939
1043 2935
1043 4408
1043 4508
1043 4532
1043 4558
1043 4559
1043 4560
1043 4561
1043 4562
1939 2935
1939 4408
1939 4508
1939 4532
1939 4558
1939 4559
1939 4560
1939 4561
1939 4562
2935 4408
2935 4508
2935 4532
2935 4558
2935 4559
2935 4560
2935 4561
2935 4562
4408 4508
4408 4532
4408 4558
4408 4559
4408 4560
4408 4561
4408 4562
4508 4532
4508 4558
4508 4559
4508 4560
4508 4561
4508 4562
4532 4558
4532 4559
4532 4560
4532 4561
4532 4562
4558 4559
4558 4560
4558 4561
4558 4562
4559 4560
4559 4561
4559 4562
4560 4561
4560 4562
4561 4562
1061 2275
1061 2474
1061 3071
1061 3261
1061 3584
1061 3677
1061 3760
1061 3851
1061 4459
1061 4563
1061 4564
1061 4565
1061 4566
1061 4567
1061 4568
1061 4569
2275 2474
2275 3071
2275 3261
2275 3584
2275 3677
2275 3760
2275 3851
2275 4459
2275 4563
2275 4564
2275 4565
2275 4566
2275 4567
2275 4568
2275 4569
2474 3071
2474 3261
2474 3584
2474 3677
2474 3760
2474 3851
2474 4459
2474 4563
2474 4564
2474 4565
2474 4566
2474 4567
2474 4568
2474 4569
3071 3261
3071 3584
3071 3677
3071 3760
3071 3851
3071 4459
3071 4563
3071 4564
3071 4565
3071 4566
3071 4567
3071 4568
3071 4569
3261 3584
3261 3677
3261 3760
3261 3851
3261 4459
3261 4563
3261 4564
3261 4565
3261 4566
3261 4567
3261 4568
3261 4569
3584 3677
3584 3760
3584 3851
3584 4459
3584 4563
3584 4564
3584 4565
3584 4566
3584 4567
3584 4568
3584 4569
3677 3760
3677 3851
3677 4459
3677 4563
3677 4564
3677 4565
3677 4566
3677 4567
3677 4568
3677 4569
3760 3851
3760 4459
3760 4563
3760 4564
3760 4565
3760 4566
3760 4567
3760 4568
3760 4569
3851 4459
3851 4563
3851 4564
3851 4565
3851 4566
3851 4567
3851 4568
3851 4569
4459 4563
4459 4564
4459 4565
4459 4566
4459 4567
4459 4568
4459 4569
4563 4564
4563 4565
4563 4566
4563 4567
4563 4568
4563 4569
4564 4565
4564 4566
4564 4567
4564 4568
4564 4569
4565 4566
4565 4567
4565 4568
4565 4569
4566 4567
4566 4568
4566 4569
4567 4568
4567 4569
4568 4569
1062 1161
1062 2305
1062 4570
1161 2305
1161 4570
2305 4570
1063 1162
1063 4533
1063 4570
1063 4571
1063 4572
1063 4573
1063 4574
1063 4575
1063 4576
1162 4533
1162 4570
1162 4571
1162 4572
1162 4573
1162 4574
1162 4575
1162 4576
4533 4570
4533 4571
4533 4572
4533 4573
4533 4574
4533 4575
4533 4576
4570 4571
4570 4572
4570 4573
4570 4574
4570 4575
4570 4576
4571 4572
4571 4573
4571 4574
4571 4575
4571 4576
4572 4573
4572 4574
4572 4575
4572 4576
4573 4574
4573 4575
4573 4576
4574 4575
4574 4576
4575 4576
1064 1205
1064 2295
1205 2295
1067 1215
1067 2835
1067 2841
1067 3202
1067 3271
1067 3291
1067 3455
1067 3744
1067 3840
1067 4563
1067 4577
1067 4578
1067 4579
1067 4580
1067 4581
1067 4582
1067 4583
1067 4584
1215 2835
1215 2841
1215 3202
1215 3271
1215 3291
1215 3455
1215 3744
1215 3840
1215 4563
1215 4577
1215 4578
1215 4579
1215 4580
1215 4581
1215 4582
1215 4583
1215 4584
2835 2841
2835 3202
2835 3271
2835 3291
2835 3455
2835 3744
2835 3840
2835 4563
2835 4577
2835 4578
2835 4579
2835 4580
2835 4581
2835 4582
2835 4583
2835 4584
2841 3202
2841 3271
2841 3291
2841 3455
2841 3744
2841 3840
2841 4563
2841 4577
2841 4578
2841 4579
2841 4580
2841 4581
2841 4582
2841 4583
2841 4584
3202 3271
3202 3291
3202 3455
3202 3744
3202 3840
3202 4563
3202 4577
3202 4578
3202 4579
3202 4580
3202 4581
3202 4582
3202 4583
3202 4584
3271 3291
3271 3455
3271 3744
3271 3840
3271 4563
3271 4577
3271 4578
3271 4579
3271 4580
3271 4581
3271 4582
3271 4583
3271 4584
3291 3455
3291 3744
3291 3840
3291 4563
3291 4577
3291 4578
3291 4579
3291 4580
3291 4581
3291 4582
3291 4583
3291 4584
3455 3744
3455 3840
3455 4563
3455 4577
3455 4578
3455 4579
3455 4580
3455 4581
3455 4582
3455 4583
3455 4584
3744 3840
3744 4563
3744 4577
3744 4578
3744 4579
3744 4580
3744 4581
3744 4582
3744 4583
3744 4584
3840 4563
3840 4577
3840 4578
3840 4579
3840 4580
3840 4581
3840 4582
3840 4583
3840 4584
4563 4577
4563 4578
4563 4579
4563 4580
4563 4581
4563 4582
4563 4583
4563 4584
4577 4578
4577 4579
4577 4580
4577 4581
4577 4582
4577 4583
4577 4584
4578 4579
4578 4580
4578 4581
4578 4582
4578 4583
4578 4584
4579 4580
4579 4581
4579 4582
4579 4583
4579 4584
4580 4581
4580 4582
4580 4583
4580 4584
4581 4582
4581 4583
4581 4584
4582 4583
4582 4584
4583 4584
1080 4237
1080 4535
1080 4571
1080 4585
1080 4586
4237 4535
4237 4571
4237 4585
4237 4586
4535 4571
4535 4585
4535 4586
4571 4585
4571 4586
4585 4586
1081 4587
1081 4588
1081 4589
1081 4590
1081 4591
4587 4588
4587 4589
4587 4590
4587 4591
4588 4589
4588 4590
4588 4591
4589 4590
4589 4591
4590 4591
1082 3083
1082 4238
1082 4536
1082 4588
1082 4592
1082 4593
1082 4594
3083 4238
3083 4536
3083 4588
3083 4592
3083 4593
3083 4594
4238 4536
4238 4588
4238 4592
4238 4593
4238 4594
4536 4588
4536 4592
4536 4593
4536 4594
4588 4592
4588 4593
4588 4594
4592 4593
4592 4594
4593 4594
1084 4595
1091 1171
1091 1197
1091 1245
1091 3246
1091 4239
1091 4251
1091 4328
1091 4462
1091 4596
1091 4597
1091 4598
1091 4599
1091 4600
1091 4601
1091 4602
1091 4603
1171 1197
1171 1245
1171 3246
1171 4239
1171 4251
1171 4328
1171 4462
1171 4596
1171 4597
1171 4598
1171 4599
1171 4600
1171 4601
1171 4602
1171 4603
1197 1245
1197 3246
1197 4239
1197 4251
1197 4328
1197 4462
1197 4596
1197 4597
1197 4598
1197 4599
1197 4600
1197 4601
1197 4602
1197 4603
1245 3246
1245 4239
1245 4251
1245 4328
1245 4462
1245 4596
1245 4597
1245 4598
1245 4599
1245 4600
1245 4601
1245 4602
1245 4603
3246 4239
3246 4251
3246 4328
3246 4462
3246 4596
3246 4597
3246 4598
3246 4599
3246 4600
3246 4601
3246 4602
3246 4603
4239 4251
4239 4328
4239 4462
4239 4596
4239 4597
4239 4598
4239 4599
4239 4600
4239 4601
4239 4602
4239 4603
4251 4328
4251 4462
4251 4596
4251 4597
4251 4598
4251 4599
4251 4600
4251 4601
4251 4602
4251 4603
4328 4462
4328 4596
4328 4597
4328 4598
4328 4599
4328 4600
4328 4601
4328 4602
4328 4603
4462 4596
4462 4597
4462 4598
4462 4599
4462 4600
4462 4601
4462 4602
4462 4603
4596 4597
4596 4598
4596 4599
4596 4600
4596 4601
4596 4602
4596 4603
4597 4598
4597 4599
4597 4600
4597 4601
4597 4602
4597 4603
4598 4599
4598 4600
4598 4601
4598 4602
4598 4603
4599 4600
4599 4601
4599 4602
4599 4603
4600 4601
4600 4602
4600 4603
4601 4602
4601 4603
4602 4603
1092 1599
1092 2011
1092 2306
1092 2774
1092 2992
1092 3152
1092 3738
1092 3763
1092 4288
1092 4463
1092 4604
1092 4605
1092 4606
1092 4607
1092 4608
1092 4609
1599 2011
1599 2306
1599 2774
1599 2992
1599 3152
1599 3738
1599 3763
1599 4288
1599 4463
1599 4604
1599 4605
1599 4606
1599 4607
1599 4608
1599 4609
2011 2306
2011 2774
2011 2992
2011 3152
2011 3738
2011 3763
2011 4288
2011 4463
2011 4604
2011 4605
2011 4606
2011 4607
2011 4608
2011 4609
2306 2774
2306 2992
2306 3152
2306 3738
2306 3763
2306 4288
2306 4463
2306 4604
2306 4605
2306 4606
2306 4607
2306 4608
2306 4609
2774 2992
2774 3152
2774 3738
2774 3763
2774 4288
2774 4463
2774 4604
2774 4605
2774 4606
2774 4607
2774 4608
2774 4609
2992 3152
2992 3738
2992 3763
2992 4288
2992 4463
2992 4604
2992 4605
2992 4606
2992 4607
2992 4608
2992 4609
3152 3738
3152 3763
3152 4288
3152 4463
3152 4604
3152 4605
3152 4606
3152 4607
3152 4608
3152 4609
3738 3763
3738 4288
3738 4463
3738 4604
3738 4605
3738 4606
3738 4607
3738 4608
3738 4609
3763 4288
3763 4463
3763 4604
3763 4605
3763 4606
3763 4607
3763 4608
3763 4609
4288 4463
4288 4604
4288 4605
4288 4606
4288 4607
4288 4608
4288 4609
4463 4604
4463 4605
4463 4606
4463 4607
4463 4608
4463 4609
4604 4605
4604 4606
4604 4607
4604 4608
4604 4609
4605 4606
4605 4607
4605 4608
4605 4609
4606 4607
4606 4608
4606 4609
4607 4608
4607 4609
4608 4609
1113 1693
1113 2436
1113 2599
1113 2633
1113 2739
1113 2930
1113 3089
1113 3105
1113 3612
1113 3871
1113 4610
1113 4611
1113 4612
1693 2436
1693 2599
1693 2633
1693 2739
1693 2930
1693 3089
1693 3105
1693 3612
1693 3871
1693 4610
1693 4611
1693 4612
2436 2599
2436 2633
2436 2739
2436 2930
2436 3089
2436 3105
2436 3612
2436 3871
2436 4610
2436 4611
2436 4612
2599 2633
2599 2739
2599 2930
2599 3089
2599 3105
2599 3612
2599 3871
2599 4610
2599 4611
2599 4612
2633 2739
2633 2930
2633 3089
2633 3105
2633 3612
2633 3871
2633 4610
2633 4611
2633 4612
2739 2930
2739 3089
2739 3105
2739 3612
2739 3871
2739 4610
2739 4611
2739 4612
2930 3089
2930 3105
2930 3612
2930 3871
2930 4610
2930 4611
2930 4612
3089 3105
3089 3612
3089 3871
3089 4610
3089 4611
3089 4612
3105 3612
3105 3871
3105 4610
3105 4611
3105 4612
3612 3871
3612 4610
3612 4611
3612 4612
3871 4610
3871 4611
3871 4612
4610 4611
4610 4612
4611 4612
1114 1278
1114 1974
1114 2068
1114 2088
1114 2114
1114 2949
1114 2973
1114 3322
1114 3551
1114 3942
1114 4001
1114 4029
1114 4083
1114 4098
1114 4279
1114 4299
1114 4613
1114 4614
1114 4615
1114 4616
1114 4617
1114 4618
1114 4619
1114 4620
1114 4621
1114 4622
1114 4623
1114 4624
1278 1974
1278 2068
1278 2088
1278 2114
1278 2949
1278 2973
1278 3322
1278 3551
1278 3942
1278 4001
1278 4029
1278 4083
1278 4098
1278 4279
1278 4299
1278 4613
1278 4614
1278 4615
1278 4616
1278 4617
1278 4618
1278 4619
1278 4620
1278 4621
1278 4622
1278 4623
1278 4624
1974 2068
1974 2088
1974 2114
1974 2949
1974 2973
1974 3322
1974 3551
1974 3942
1974 4001
1974 4029
1974 4083
1974 4098
1974 4279
1974 4299
1974 4613
1974 4614
1974 4615
1974 4616
1974 4617
1974 4618
1974 4619
1974 4620
1974 4621
1974 4622
1974 4623
1974 4624
2068 2088
2068 2114
2068 2949
2068 2973
2068 3322
2068 3551
2068 3942
2068 4001
2068 4029
2068 4083
2068 4098
2068 4279
2068 4299
2068 4613
2068 4614
2068 4615
2068 4616
2068 4617
2068 4618
2068 4619
2068 4620
2068 4621
2068 4622
2068 4623
2068 4624
2088 2114
2088 2949
2088 2973
2088 3322
2088 3551
2088 3942
2088 4001
2088 4029
2088 4083
2088 4098
2088 4279
2088 4299
2088 4613
2088 4614
2088 4615
2088 4616
2088 4617
2088 4618
2088 4619
2088 4620
2088 4621
2088 4622
2088 4623
2088 4624
2114 2949
2114 2973
2114 3322
2114 3551
2114 3942
2114 4001
2114 4029
2114 4083
2114 4098
2114 4279
2114 4299
2114 4613
2114 4614
2114 4615
2114 4616
2114 4617
2114 4618
2114 4619
2114 4620
2114 4621
2114 4622
2114 4623
2114 4624
2949 2973
2949 3322
2949 3551
2949 3942
2949 4001
2949 4029
2949 4083
2949 4098
2949 4279
2949 4299
2949 4613
2949 4614
2949 4615
2949 4616
2949 4617
2949 4618
2949 4619
2949 4620
2949 4621
2949 4622
2949 4623
2949 4624
2973 3322
2973 3551
2973 3942
2973 4001
2973 4029
2973 4083
2973 4098
2973 4279
2973 4299
2973 4613
2973 4614
2973 4615
2973 4616
2973 4617
2973 4618
2973 4619
2973 4620
2973 4621
2973 4622
2973 4623
2973 4624
3322 3551
3322 3942
3322 4001
3322 4029
3322 4083
3322 4098
3322 4279
3322 4299
3322 4613
3322 4614
3322 4615
3322 4616
3322 4617
3322 4618
3322 4619
3322 4620
3322 4621
3322 4622
3322 4623
3322 4624
3551 3942
3551 4001
3551 4029
3551 4083
3551 4098
3551 4279
3551 4299
3551 4613
3551 4614
3551 4615
3551 4616
3551 4617
3551 4618
3551 4619
3551 4620
3551 4621
3551 4622
3551 4623
3551 4624
3942 4001
3942 4029
3942 4083
3942 4098
3942 4279
3942 4299
3942 4613
3942 4614
3942 4615
3942 4616
3942 4617
3942 4618
3942 4619
3942 4620
3942 4621
3942 4622
3942 4623
3942 4624
4001 4029
4001 4083
4001 4098
4001 4279
4001 4299
4001 4613
4001 4614
4001 4615
4001 4616
4001 4617
4001 4618
4001 4619
4001 4620
4001 4621
4001 4622
4001 4623
4001 4624
4029 4083
4029 4098
4029 4279
4029 4299
4029 4613
4029 4614
4029 4615
4029 4616
4029 4617
4029 4618
4029 4619
4029 4620
4029 4621
4029 4622
4029 4623
4029 4624
4083 4098
4083 4279
4083 4299
4083 4613
4083 4614
4083 4615
4083 4616
4083 4617
4083 4618
4083 4619
4083 4620
4083 4621
4083 4622
4083 4623
4083 4624
4098 4279
4098 4299
4098 4613
4098 4614
4098 4615
4098 4616
4098 4617
4098 4618
4098 4619
4098 4620
4098 4621
4098 4622
4098 4623
4098 4624
4279 4299
4279 4613
4279 4614
4279 4615
4279 4616
4279 4617
4279 4618
4279 4619
4279 4620
4279 4621
4279 4622
4279 4623
4279 4624
4299 4613
4299 4614
4299 4615
4299 4616
4299 4617
4299 4618
4299 4619
4299 4620
4299 4621
4299 4622
4299 4623
4299 4624
4613 4614
4613 4615
4613 4616
4613 4617
4613 4618
4613 4619
4613 4620
4613 4621
4613 4622
4613 4623
4613 4624
4614 4615
4614 4616
4614 4617
4614 4618
4614 4619
4614 4620
4614 4621
4614 4622
4614 4623
4614 4624
4615 4616
4615 4617
4615 4618
4615 4619
4615 4620
4615 4621
4615 4622
4615 4623
4615 4624
4616 4617
4616 4618
4616 4619
4616 4620
4616 4621
4616 4622
4616 4623
4616 4624
4617 4618
4617 4619
4617 4620
4617 4621
4617 4622
4617 4623
4617 4624
4618 4619
4618 4620
4618 4621
4618 4622
4618 4623
4618 4624
4619 4620
4619 4621
4619 4622
4619 4623
4619 4624
4620 4621
4620 4622
4620 4623
4620 4624
4621 4622
4621 4623
4621 4624
4622 4623
4622 4624
4623 4624
1115 1283
1115 2069
1115 2155
1115 2181
1115 3776
1115 4611
1115 4625
1115 4626
1115 4627
1283 2069
1283 2155
1283 2181
1283 3776
1283 4611
1283 4625
1283 4626
1283 4627
2069 2155
2069 2181
2069 3776
2069 4611
2069 4625
2069 4626
2069 4627
2155 2181
2155 3776
2155 4611
2155 4625
2155 4626
2155 4627
2181 3776
2181 4611
2181 4625
2181 4626
2181 4627
3776 4611
3776 4625
3776 4626
3776 4627
4611 4625
4611 4626
4611 4627
4625 4626
4625 4627
4626 4627
1119 1129
1119 1198
1119 3244
1119 4597
1119 4628
1119 4629
1129 1198
1129 3244
1129 4597
1129 4628
1129 4629
1198 3244
1198 4597
1198 4628
1198 4629
3244 4597
3244 4628
3244 4629
4597 4628
4597 4629
4628 4629
1120 1247
1120 1503
1120 2166
1120 4178
1120 4253
1120 4333
1120 4602
1120 4630
1120 4631
1120 4632
1120 4633
1120 4634
1120 4635
1120 4636
1120 4637
1247 1503
1247 2166
1247 4178
1247 4253
1247 4333
1247 4602
1247 4630
1247 4631
1247 4632
1247 4633
1247 4634
1247 4635
1247 4636
1247 4637
1503 2166
1503 4178
1503 4253
1503 4333
1503 4602
1503 4630
1503 4631
1503 4632
1503 4633
1503 4634
1503 4635
1503 4636
1503 4637
2166 4178
2166 4253
2166 4333
2166 4602
2166 4630
2166 4631
2166 4632
2166 4633
2166 4634
2166 4635
2166 4636
2166 4637
4178 4253
4178 4333
4178 4602
4178 4630
4178 4631
4178 4632
4178 4633
4178 4634
4178 4635
4178 4636
4178 4637
4253 4333
4253 4602
4253 4630
4253 4631
4253 4632
4253 4633
4253 4634
4253 4635
4253 4636
4253 4637
4333 4602
4333 4630
4333 4631
4333 4632
4333 4633
4333 4634
4333 4635
4333 4636
4333 4637
4602 4630
4602 4631
4602 4632
4602 4633
4602 4634
4602 4635
4602 4636
4602 4637
4630 4631
4630 4632
4630 4633
4630 4634
4630 4635
4630 4636
4630 4637
4631 4632
4631 4633
4631 4634
4631 4635
4631 4636
4631 4637
4632 4633
4632 4634
4632 4635
4632 4636
4632 4637
4633 4634
4633 4635
4633 4636
4633 4637
4634 4635
4634 4636
4634 4637
4635 4636
4635 4637
4636 4637
1121 1223
1121 3247
1121 4256
1121 4482
1121 4547
1121 4601
1121 4638
1121 4639
1121 4640
1121 4641
1121 4642
1223 3247
1223 4256
1223 4482
1223 4547
1223 4601
1223 4638
1223 4639
1223 4640
1223 4641
1223 4642
3247 4256
3247 4482
3247 4547
3247 4601
3247 4638
3247 4639
3247 4640
3247 4641
3247 4642
4256 4482
4256 4547
4256 4601
4256 4638
4256 4639
4256 4640
4256 4641
4256 4642
4482 4547
4482 4601
4482 4638
4482 4639
4482 4640
4482 4641
4482 4642
4547 4601
4547 4638
4547 4639
4547 4640
4547 4641
4547 4642
4601 4638
4601 4639
4601 4640
4601 4641
4601 4642
4638 4639
4638 4640
4638 4641
4638 4642
4639 4640
4639 4641
4639 4642
4640 4641
4640 4642
4641 4642
1122 1199
1122 4255
1122 4628
1122 4632
1122 4638
1122 4643
1122 4644
1122 4645
1199 4255
1199 4628
1199 4632
1199 4638
1199 4643
1199 4644
1199 4645
4255 4628
4255 4632
4255 4638
4255 4643
4255 4644
4255 4645
4628 4632
4628 4638
4628 4643
4628 4644
4628 4645
4632 4638
4632 4643
4632 4644
4632 4645
4638 4643
4638 4644
4638 4645
4643 4644
4643 4645
4644 4645
1128 1147
1128 1177
1128 1249
1128 1504
1128 3197
1128 4240
1128 4548
1147 1177
1147 1249
1147 1504
1147 3197
1147 4240
1147 4548
1177 1249
1177 1504
1177 3197
1177 4240
1177 4548
1249 1504
1249 3197
1249 4240
1249 4548
1504 3197
1504 4240
1504 4548
3197 4240
3197 4548
4240 4548
1134 2932
1134 3560
1134 4191
1134 4394
1134 4465
1134 4549
1134 4646
1134 4647
1134 4648
1134 4649
1134 4650
2932 3560
2932 4191
2932 4394
2932 4465
2932 4549
2932 4646
2932 4647
2932 4648
2932 4649
2932 4650
3560 4191
3560 4394
3560 4465
3560 4549
3560 4646
3560 4647
3560 4648
3560 4649
3560 4650
4191 4394
4191 4465
4191 4549
4191 4646
4191 4647
4191 4648
4191 4649
4191 4650
4394 4465
4394 4549
4394 4646
4394 4647
4394 4648
4394 4649
4394 4650
4465 4549
4465 4646
4465 4647
4465 4648
4465 4649
4465 4650
4549 4646
4549 4647
4549 4648
4549 4649
4549 4650
4646 4647
4646 4648
4646 4649
4646 4650
4647 4648
4647 4649
4647 4650
4648 4649
4648 4650
4649 4650
1138 4651
1141 2540
1141 3037
1141 3664
1141 4652
1141 4653
1141 4654
1141 4655
1141 4656
1141 4657
1141 4658
1141 4659
1141 4660
1141 4661
1141 4662
2540 3037
2540 3664
2540 4652
2540 4653
2540 4654
2540 4655
2540 4656
2540 4657
2540 4658
2540 4659
2540 4660
2540 4661
2540 4662
3037 3664
3037 4652
3037 4653
3037 4654
3037 4655
3037 4656
3037 4657
3037 4658
3037 4659
3037 4660
3037 4661
3037 4662
3664 4652
3664 4653
3664 4654
3664 4655
3664 4656
3664 4657
3664 4658
3664 4659
3664 4660
3664 4661
3664 4662
4652 4653
4652 4654
4652 4655
4652 4656
4652 4657
4652 4658
4652 4659
4652 4660
4652 4661
4652 4662
4653 4654
4653 4655
4653 4656
4653 4657
4653 4658
4653 4659
4653 4660
4653 4661
4653 4662
4654 4655
4654 4656
4654 4657
4654 4658
4654 4659
4654 4660
4654 4661
4654 4662
4655 4656
4655 4657
4655 4658
4655 4659
4655 4660
4655 4661
4655 4662
4656 4657
4656 4658
4656 4659
4656 4660
4656 4661
4656 4662
4657 4658
4657 4659
4657 4660
4657 4661
4657 4662
4658 4659
4658 4660
4658 4661
4658 4662
4659 4660
4659 4661
4659 4662
4660 4661
4660 4662
4661 4662
1148 1178
1148 1222
1148 1250
1148 4642
1178 1222
1178 1250
1178 4642
1222 1250
1222 4642
1250 4642
1149 3441
1149 3808
1149 4335
1149 4369
1149 4663
3441 3808
3441 4335
3441 4369
3441 4663
3808 4335
3808 4369
3808 4663
4335 4369
4335 4663
4369 4663
1159 1400
1159 1473
1159 2443
1159 2742
1159 2857
1159 4664
1159 4665
1159 4666
1159 4667
1159 4668
1159 4669
1159 4670
1400 1473
1400 2443
1400 2742
1400 2857
1400 4664
1400 4665
1400 4666
1400 4667
1400 4668
1400 4669
1400 4670
1473 2443
1473 2742
1473 2857
1473 4664
1473 4665
1473 4666
1473 4667
1473 4668
1473 4669
1473 4670
2443 2742
2443 2857
2443 4664
2443 4665
2443 4666
2443 4667
2443 4668
2443 4669
2443 4670
2742 2857
2742 4664
2742 4665
2742 4666
2742 4667
2742 4668
2742 4669
2742 4670
2857 4664
2857 4665
2857 4666
2857 4667
2857 4668
2857 4669
2857 4670
4664 4665
4664 4666
4664 4667
4664 4668
4664 4669
4664 4670
4665 4666
4665 4667
4665 4668
4665 4669
4665 4670
4666 4667
4666 4668
4666 4669
4666 4670
4667 4668
4667 4669
4667 4670
4668 4669
4668 4670
4669 4670
1164 1803
1164 3483
1164 4247
1164 4291
1164 4572
1164 4630
1803 3483
1803 4247
1803 4291
1803 4572
1803 4630
3483 4247
3483 4291
3483 4572
3483 4630
4247 4291
4247 4572
4247 4630
4291 4572
4291 4630
4572 4630
1169 1451
1169 2016
1169 3371
1169 4224
1451 2016
1451 3371
1451 4224
2016 3371
2016 4224
3371 4224
1179 3818
1179 4460
1179 4644
1179 4671
1179 4672
1179 4673
1179 4674
1179 4675
3818 4460
3818 4644
3818 4671
3818 4672
3818 4673
3818 4674
3818 4675
4460 4644
4460 4671
4460 4672
4460 4673
4460 4674
4460 4675
4644 4671
4644 4672
4644 4673
4644 4674
4644 4675
4671 4672
4671 4673
4671 4674
4671 4675
4672 4673
4672 4674
4672 4675
4673 4674
4673 4675
4674 4675
1180 4519
1180 4574
1180 4676
4519 4574
4519 4676
4574 4676
1181 3427
1181 3707
1181 3829
1181 4187
1181 4433
1181 4677
1181 4678
1181 4679
1181 4680
1181 4681
1181 4682
3427 3707
3427 3829
3427 4187
3427 4433
3427 4677
3427 4678
3427 4679
3427 4680
3427 4681
3427 4682
3707 3829
3707 4187
3707 4433
3707 4677
3707 4678
3707 4679
3707 4680
3707 4681
3707 4682
3829 4187
3829 4433
3829 4677
3829 4678
3829 4679
3829 4680
3829 4681
3829 4682
4187 4433
4187 4677
4187 4678
4187 4679
4187 4680
4187 4681
4187 4682
4433 4677
4433 4678
4433 4679
4433 4680
4433 4681
4433 4682
4677 4678
4677 4679
4677 4680
4677 4681
4677 4682
4678 4679
4678 4680
4678 4681
4678 4682
4679 4680
4679 4681
4679 4682
4680 4681
4680 4682
4681 4682
1182 1946
1182 4683
1946 4683
1184 3432
1184 4684
1184 4685
1184 4686
1184 4687
1184 4688
3432 4684
3432 4685
3432 4686
3432 4687
3432 4688
4684 4685
4684 4686
4684 4687
4684 4688
4685 4686
4685 4687
4685 4688
4686 4687
4686 4688
4687 4688
1185 1258
1185 2849
1185 4680
1185 4689
1185 4690
1185 4691
1258 2849
1258 4680
1258 4689
1258 4690
1258 4691
2849 4680
2849 4689
2849 4690
2849 4691
4680 4689
4680 4690
4680 4691
4689 4690
4689 4691
4690 4691
1186 4674
1186 4687
1186 4692
1186 4693
4674 4687
4674 4692
4674 4693
4687 4692
4687 4693
4692 4693
1191 4629
1200 4694
1201 4695
1202 1713
1202 1740
1202 1797
1202 1814
1202 2299
1202 2303
1202 2329
1202 2779
1202 2854
1202 2913
1202 3192
1202 3444
1202 3572
1202 3602
1202 3743
1202 3839
1202 4669
1202 4696
1202 4697
1202 4698
1202 4699
1202 4700
1202 4701
1713 1740
1713 1797
1713 1814
1713 2299
1713 2303
1713 2329
1713 2779
1713 2854
1713 2913
1713 3192
1713 3444
1713 3572
1713 3602
1713 3743
1713 3839
1713 4669
1713 4696
1713 4697
1713 4698
1713 4699
1713 4700
1713 4701
1740 1797
1740 1814
1740 2299
1740 2303
1740 2329
1740 2779
1740 2854
1740 2913
1740 3192
1740 3444
1740 3572
1740 3602
1740 3743
1740 3839
1740 4669
1740 4696
1740 4697
1740 4698
1740 4699
1740 4700
1740 4701
1797 1814
1797 2299
1797 2303
1797 2329
1797 2779
1797 2854
1797 2913
1797 3192
1797 3444
1797 3572
1797 3602
1797 3743
1797 3839
1797 4669
1797 4696
1797 4697
1797 4698
1797 4699
1797 4700
1797 4701
1814 2299
1814 2303
1814 2329
1814 2779
1814 2854
1814 2913
1814 3192
1814 3444
1814 3572
1814 3602
1814 3743
1814 3839
1814 4669
1814 4696
1814 4697
1814 4698
1814 4699
1814 4700
1814 4701
2299 2303
2299 2329
2299 2779
2299 2854
2299 2913
2299 3192
2299 3444
2299 3572
2299 3602
2299 3743
2299 3839
2299 4669
2299 4696
2299 4697
2299 4698
2299 4699
2299 4700
2299 4701
2303 2329
2303 2779
2303 2854
2303 2913
2303 3192
2303 3444
2303 3572
2303 3602
2303 3743
2303 3839
2303 4669
2303 4696
2303 4697
2303 4698
2303 4699
2303 4700
2303 4701
2329 2779
2329 2854
2329 2913
2329 3192
2329 3444
2329 3572
2329 3602
2329 3743
2329 3839
2329 4669
2329 4696
2329 4697
2329 4698
2329 4699
2329 4700
2329 4701
2779 2854
2779 2913
2779 3192
2779 3444
2779 3572
2779 3602
2779 3743
2779 3839
2779 4669
2779 4696
2779 4697
2779 4698
2779 4699
2779 4700
2779 4701
2854 2913
2854 3192
2854 3444
2854 3572
2854 3602
2854 3743
2854 3839
2854 4669
2854 4696
2854 4697
2854 4698
2854 4699
2854 4700
2854 4701
2913 3192
2913 3444
2913 3572
2913 3602
2913 3743
2913 3839
2913 4669
2913 4696
2913 4697
2913 4698
2913 4699
2913 4700
2913 4701
3192 3444
3192 3572
3192 3602
3192 3743
3192 3839
3192 4669
3192 4696
3192 4697
3192 4698
3192 4699
3192 4700
3192 4701
3444 3572
3444 3602
3444 3743
3444 3839
3444 4669
3444 4696
3444 4697
3444 4698
3444 4699
3444 4700
3444 4701
3572 3602
3572 3743
3572 3839
3572 4669
3572 4696
3572 4697
3572 4698
3572 4699
3572 4700
3572 4701
3602 3743
3602 3839
3602 4669
3602 4696
3602 4697
3602 4698
3602 4699
3602 4700
3602 4701
3743 3839
3743 4669
3743 4696
3743 4697
3743 4698
3743 4699
3743 4700
3743 4701
3839 4669
3839 4696
3839 4697
3839 4698
3839 4699
3839 4700
3839 4701
4669 4696
4669 4697
4669 4698
4669 4699
4669 4700
4669 4701
4696 4697
4696 4698
4696 4699
4696 4700
4696 4701
4697 4698
4697 4699
4697 4700
4697 4701
4698 4699
4698 4700
4698 4701
4699 4700
4699 4701
4700 4701
1221 1976
1221 4399
1221 4702
1221 4703
1976 4399
1976 4702
1976 4703
4399 4702
4399 4703
4702 4703
1225 2873
1225 3388
2873 3388
1226 4172
1226 4704
4172 4704
1227 1992
1228 4598
1229 1618
1229 3735
1229 3874
1229 3985
1229 4173
1229 4332
1229 4705
1229 4706
1618 3735
1618 3874
1618 3985
1618 4173
1618 4332
1618 4705
1618 4706
3735 3874
3735 3985
3735 4173
3735 4332
3735 4705
3735 4706
3874 3985
3874 4173
3874 4332
3874 4705
3874 4706
3985 4173
3985 4332
3985 4705
3985 4706
4173 4332
4173 4705
4173 4706
4332 4705
4332 4706
4705 4706
1230 4303
1230 4600
4303 4600
1231 2191
1231 3243
1231 4152
1231 4261
1231 4636
2191 3243
2191 4152
2191 4261
2191 4636
3243 4152
3243 4261
3243 4636
4152 4261
4152 4636
4261 4636
1233 3212
1233 3300
1233 3517
1233 3955
1233 4013
1233 4148
1233 4262
1233 4707
1233 4708
1233 4709
1233 4710
1233 4711
1233 4712
1233 4713
1233 4714
3212 3300
3212 3517
3212 3955
3212 4013
3212 4148
3212 4262
3212 4707
3212 4708
3212 4709
3212 4710
3212 4711
3212 4712
3212 4713
3212 4714
3300 3517
3300 3955
3300 4013
3300 4148
3300 4262
3300 4707
3300 4708
3300 4709
3300 4710
3300 4711
3300 4712
3300 4713
3300 4714
3517 3955
3517 4013
3517 4148
3517 4262
3517 4707
3517 4708
3517 4709
3517 4710
3517 4711
3517 4712
3517 4713
3517 4714
3955 4013
3955 4148
3955 4262
3955 4707
3955 4708
3955 4709
3955 4710
3955 4711
3955 4712
3955 4713
3955 4714
4013 4148
4013 4262
4013 4707
4013 4708
4013 4709
4013 4710
4013 4711
4013 4712
4013 4713
4013 4714
4148 4262
4148 4707
4148 4708
4148 4709
4148 4710
4148 4711
4148 4712
4148 4713
4148 4714
4262 4707
4262 4708
4262 4709
4262 4710
4262 4711
4262 4712
4262 4713
4262 4714
4707 4708
4707 4709
4707 4710
4707 4711
4707 4712
4707 4713
4707 4714
4708 4709
4708 4710
4708 4711
4708 4712
4708 4713
4708 4714
4709 4710
4709 4711
4709 4712
4709 4713
4709 4714
4710 4711
4710 4712
4710 4713
4710 4714
4711 4712
4711 4713
4711 4714
4712 4713
4712 4714
4713 4714
1240 2909
1240 3391
1240 3683
1240 4715
1240 4716
2909 3391
2909 3683
2909 4715
2909 4716
3391 3683
3391 4715
3391 4716
3683 4715
3683 4716
4715 4716
1251 1657
1251 1845
1251 1951
1251 2566
1251 2770
1251 3328
1251 3568
1251 3630
1251 4057
1251 4429
1251 4466
1251 4717
1251 4718
1251 4719
1251 4720
1657 1845
1657 1951
1657 2566
1657 2770
1657 3328
1657 3568
1657 3630
1657 4057
1657 4429
1657 4466
1657 4717
1657 4718
1657 4719
1657 4720
1845 1951
1845 2566
1845 2770
1845 3328
1845 3568
1845 3630
1845 4057
1845 4429
1845 4466
1845 4717
1845 4718
1845 4719
1845 4720
1951 2566
1951 2770
1951 3328
1951 3568
1951 3630
1951 4057
1951 4429
1951 4466
1951 4717
1951 4718
1951 4719
1951 4720
2566 2770
2566 3328
2566 3568
2566 3630
2566 4057
2566 4429
2566 4466
2566 4717
2566 4718
2566 4719
2566 4720
2770 3328
2770 3568
2770 3630
2770 4057
2770 4429
2770 4466
2770 4717
2770 4718
2770 4719
2770 4720
3328 3568
3328 3630
3328 4057
3328 4429
3328 4466
3328 4717
3328 4718
3328 4719
3328 4720
3568 3630
3568 4057
3568 4429
3568 4466
3568 4717
3568 4718
3568 4719
3568 4720
3630 4057
3630 4429
3630 4466
3630 4717
3630 4718
3630 4719
3630 4720
4057 4429
4057 4466
4057 4717
4057 4718
4057 4719
4057 4720
4429 4466
4429 4717
4429 4718
4429 4719
4429 4720
4466 4717
4466 4718
4466 4719
4466 4720
4717 4718
4717 4719
4717 4720
4718 4719
4718 4720
4719 4720
1252 4227
1252 4678
1252 4721
1252 4722
1252 4723
4227 4678
4227 4721
4227 4722
4227 4723
4678 4721
4678 4722
4678 4723
4721 4722
4721 4723
4722 4723
1253 2006
1253 3278
2006 3278
1260 3814
1260 4381
3814 4381
1261 1855
1261 3213
1261 3516
1261 3530
1261 3549
1261 3567
1261 3603
1261 3784
1261 4104
1261 4149
1261 4198
1261 4226
1261 4259
1261 4724
1261 4725
1261 4726
1261 4727
1261 4728
1261 4729
1261 4730
1855 3213
1855 3516
1855 3530
1855 3549
1855 3567
1855 3603
1855 3784
1855 4104
1855 4149
1855 4198
1855 4226
1855 4259
1855 4724
1855 4725
1855 4726
1855 4727
1855 4728
1855 4729
1855 4730
3213 3516
3213 3530
3213 3549
3213 3567
3213 3603
3213 3784
3213 4104
3213 4149
3213 4198
3213 4226
3213 4259
3213 4724
3213 4725
3213 4726
3213 4727
3213 4728
3213 4729
3213 4730
3516 3530
3516 3549
3516 3567
3516 3603
3516 3784
3516 4104
3516 4149
3516 4198
3516 4226
3516 4259
3516 4724
3516 4725
3516 4726
3516 4727
3516 4728
3516 4729
3516 4730
3530 3549
3530 3567
3530 3603
3530 3784
3530 4104
3530 4149
3530 4198
3530 4226
3530 4259
3530 4724
3530 4725
3530 4726
3530 4727
3530 4728
3530 4729
3530 4730
3549 3567
3549 3603
3549 3784
3549 4104
3549 4149
3549 4198
3549 4226
3549 4259
3549 4724
3549 4725
3549 4726
3549 4727
3549 4728
3549 4729
3549 4730
3567 3603
3567 3784
3567 4104
3567 4149
3567 4198
3567 4226
3567 4259
3567 4724
3567 4725
3567 4726
3567 4727
3567 4728
3567 4729
3567 4730
3603 3784
3603 4104
3603 4149
3603 4198
3603 4226
3603 4259
3603 4724
3603 4725
3603 4726
3603 4727
3603 4728
3603 4729
3603 4730
3784 4104
3784 4149
3784 4198
3784 4226
3784 4259
3784 4724
3784 4725
3784 4726
3784 4727
3784 4728
3784 4729
3784 4730
4104 4149
4104 4198
4104 4226
4104 4259
4104 4724
4104 4725
4104 4726
4104 4727
4104 4728
4104 4729
4104 4730
4149 4198
4149 4226
4149 4259
4149 4724
4149 4725
4149 4726
4149 4727
4149 4728
4149 4729
4149 4730
4198 4226
4198 4259
4198 4724
4198 4725
4198 4726
4198 4727
4198 4728
4198 4729
4198 4730
4226 4259
4226 4724
4226 4725
4226 4726
4226 4727
4226 4728
4226 4729
4226 4730
4259 4724
4259 4725
4259 4726
4259 4727
4259 4728
4259 4729
4259 4730
4724 4725
4724 4726
4724 4727
4724 4728
4724 4729
4724 4730
4725 4726
4725 4727
4725 4728
4725 4729
4725 4730
4726 4727
4726 4728
4726 4729
4726 4730
4727 4728
4727 4729
4727 4730
4728 4729
4728 4730
4729 4730
1265 3830
1273 2342
1273 3392
1273 3687
1273 4731
1273 4732
2342 3392
2342 3687
2342 4731
2342 4732
3392 3687
3392 4731
3392 4732
3687 4731
3687 4732
4731 4732
1274 3301
1274 3785
1274 3956
1274 4014
1274 4080
1274 4116
1274 4151
1274 4154
1274 4164
1274 4263
1274 4287
1274 4454
1274 4616
1274 4708
1274 4733
1274 4734
1274 4735
1274 4736
1274 4737
1274 4738
1274 4739
1274 4740
1274 4741
1274 4742
1274 4743
1274 4744
1274 4745
3301 3785
3301 3956
3301 4014
3301 4080
3301 4116
3301 4151
3301 4154
3301 4164
3301 4263
3301 4287
3301 4454
3301 4616
3301 4708
3301 4733
3301 4734
3301 4735
3301 4736
3301 4737
3301 4738
3301 4739
3301 4740
3301 4741
3301 4742
3301 4743
3301 4744
3301 4745
3785 3956
3785 4014
3785 4080
3785 4116
3785 4151
3785 4154
3785 4164
3785 4263
3785 4287
3785 4454
3785 4616
3785 4708
3785 4733
3785 4734
3785 4735
3785 4736
3785 4737
3785 4738
3785 4739
3785 4740
3785 4741
3785 4742
3785 4743
3785 4744
3785 4745
3956 4014
3956 4080
3956 4116
3956 4151
3956 4154
3956 4164
3956 4263
3956 4287
3956 4454
3956 4616
3956 4708
3956 4733
3956 4734
3956 4735
3956 4736
3956 4737
3956 4738
3956 4739
3956 4740
3956 4741
3956 4742
3956 4743
3956 4744
3956 4745
4014 4080
4014 4116
4014 4151
4014 4154
4014 4164
4014 4263
4014 4287
4014 4454
4014 4616
4014 4708
4014 4733
4014 4734
4014 4735
4014 4736
4014 4737
4014 4738
4014 4739
4014 4740
4014 4741
4014 4742
4014 4743
4014 4744
4014 4745
4080 4116
4080 4151
4080 4154
4080 4164
4080 4263
4080 4287
4080 4454
4080 4616
4080 4708
4080 4733
4080 4734
4080 4735
4080 4736
4080 4737
4080 4738
4080 4739
4080 4740
4080 4741
4080 4742
4080 4743
4080 4744
4080 4745
4116 4151
4116 4154
4116 4164
4116 4263
4116 4287
4116 4454
4116 4616
4116 4708
4116 4733
4116 4734
4116 4735
4116 4736
4116 4737
4116 4738
4116 4739
4116 4740
4116 4741
4116 4742
4116 4743
4116 4744
4116 4745
4151 4154
4151 4164
4151 4263
4151 4287
4151 4454
4151 4616
4151 4708
4151 4733
4151 4734
4151 4735
4151 4736
4151 4737
4151 4738
4151 4739
4151 4740
4151 4741
4151 4742
4151 4743
4151 4744
4151 4745
4154 4164
4154 4263
4154 4287
4154 4454
4154 4616
4154 4708
4154 4733
4154 4734
4154 4735
4154 4736
4154 4737
4154 4738
4154 4739
4154 4740
4154 4741
4154 4742
4154 4743
4154 4744
4154 4745
4164 4263
4164 4287
4164 4454
4164 4616
4164 4708
4164 4733
4164 4734
4164 4735
4164 4736
4164 4737
4164 4738
4164 4739
4164 4740
4164 4741
4164 4742
4164 4743
4164 4744
4164 4745
4263 4287
4263 4454
4263 4616
4263 4708
4263 4733
4263 4734
4263 4735
4263 4736
4263 4737
4263 4738
4263 4739
4263 4740
4263 4741
4263 4742
4263 4743
4263 4744
4263 4745
4287 4454
4287 4616
4287 4708
4287 4733
4287 4734
4287 4735
4287 4736
4287 4737
4287 4738
4287 4739
4287 4740
4287 4741
4287 4742
4287 4743
4287 4744
4287 4745
4454 4616
4454 4708
4454 4733
4454 4734
4454 4735
4454 4736
4454 4737
4454 4738
4454 4739
4454 4740
4454 4741
4454 4742
4454 4743
4454 4744
4454 4745
4616 4708
4616 4733
4616 4734
4616 4735
4616 4736
4616 4737
4616 4738
4616 4739
4616 4740
4616 4741
4616 4742
4616 4743
4616 4744
4616 4745
4708 4733
4708 4734
4708 4735
4708 4736
4708 4737
4708 4738
4708 4739
4708 4740
4708 4741
4708 4742
4708 4743
4708 4744
4708 4745
4733 4734
4733 4735
4733 4736
4733 4737
4733 4738
4733 4739
4733 4740
4733 4741
4733 4742
4733 4743
4733 4744
4733 4745
4734 4735
4734 4736
4734 4737
4734 4738
4734 4739
4734 4740
4734 4741
4734 4742
4734 4743
4734 4744
4734 4745
4735 4736
4735 4737
4735 4738
4735 4739
4735 4740
4735 4741
4735 4742
4735 4743
4735 4744
4735 4745
4736 4737
4736 4738
4736 4739
4736 4740
4736 4741
4736 4742
4736 4743
4736 4744
4736 4745
4737 4738
4737 4739
4737 4740
4737 4741
4737 4742
4737 4743
4737 4744
4737 4745
4738 4739
4738 4740
4738 4741
4738 4742
4738 4743
4738 4744
4738 4745
4739 4740
4739 4741
4739 4742
4739 4743
4739 4744
4739 4745
4740 4741
4740 4742
4740 4743
4740 4744
4740 4745
4741 4742
4741 4743
4741 4744
4741 4745
4742 4743
4742 4744
4742 4745
4743 4744
4743 4745
4744 4745
1276 1369
1276 1583
1276 2021
1276 3177
1276 3627
1276 3714
1276 4202
1276 4232
1276 4401
1276 4474
1276 4493
1276 4509
1276 4746
1276 4747
1276 4748
1276 4749
1276 4750
1276 4751
1276 4752
1276 4753
1276 4754
1276 4755
1369 1583
1369 2021
1369 3177
1369 3627
1369 3714
1369 4202
1369 4232
1369 4401
1369 4474
1369 4493
1369 4509
1369 4746
1369 4747
1369 4748
1369 4749
1369 4750
1369 4751
1369 4752
1369 4753
1369 4754
1369 4755
1583 2021
1583 3177
1583 3627
1583 3714
1583 4202
1583 4232
1583 4401
1583 4474
1583 4493
1583 4509
1583 4746
1583 4747
1583 4748
1583 4749
1583 4750
1583 4751
1583 4752
1583 4753
1583 4754
1583 4755
2021 3177
2021 3627
2021 3714
2021 4202
2021 4232
2021 4401
2021 4474
2021 4493
2021 4509
2021 4746
2021 4747
2021 4748
2021 4749
2021 4750
2021 4751
2021 4752
2021 4753
2021 4754
2021 4755
3177 3627
3177 3714
3177 4202
3177 4232
3177 4401
3177 4474
3177 4493
3177 4509
3177 4746
3177 4747
3177 4748
3177 4749
3177 4750
3177 4751
3177 4752
3177 4753
3177 4754
3177 4755
3627 3714
3627 4202
3627 4232
3627 4401
3627 4474
3627 4493
3627 4509
3627 4746
3627 4747
3627 4748
3627 4749
3627 4750
3627 4751
3627 4752
3627 4753
3627 4754
3627 4755
3714 4202
3714 4232
3714 4401
3714 4474
3714 4493
3714 4509
3714 4746
3714 4747
3714 4748
3714 4749
3714 4750
3714 4751
3714 4752
3714 4753
3714 4754
3714 4755
4202 4232
4202 4401
4202 4474
4202 4493
4202 4509
4202 4746
4202 4747
4202 4748
4202 4749
4202 4750
4202 4751
4202 4752
4202 4753
4202 4754
4202 4755
4232 4401
4232 4474
4232 4493
4232 4509
4232 4746
4232 4747
4232 4748
4232 4749
4232 4750
4232 4751
4232 4752
4232 4753
4232 4754
4232 4755
4401 4474
4401 4493
4401 4509
4401 4746
4401 4747
4401 4748
4401 4749
4401 4750
4401 4751
4401 4752
4401 4753
4401 4754
4401 4755
4474 4493
4474 4509
4474 4746
4474 4747
4474 4748
4474 4749
4474 4750
4474 4751
4474 4752
4474 4753
4474 4754
4474 4755
4493 4509
4493 4746
4493 4747
4493 4748
4493 4749
4493 4750
4493 4751
4493 4752
4493 4753
4493 4754
4493 4755
4509 4746
4509 4747
4509 4748
4509 4749
4509 4750
4509 4751
4509 4752
4509 4753
4509 4754
4509 4755
4746 4747
4746 4748
4746 4749
4746 4750
4746 4751
4746 4752
4746 4753
4746 4754
4746 4755
4747 4748
4747 4749
4747 4750
4747 4751
4747 4752
4747 4753
4747 4754
4747 4755
4748 4749
4748 4750
4748 4751
4748 4752
4748 4753
4748 4754
4748 4755
4749 4750
4749 4751
4749 4752
4749 4753
4749 4754
4749 4755
4750 4751
4750 4752
4750 4753
4750 4754
4750 4755
4751 4752
4751 4753
4751 4754
4751 4755
4752 4753
4752 4754
4752 4755
4753 4754
4753 4755
4754 4755
1277 1859
1277 2809
1277 3035
1277 3407
1277 4756
1277 4757
1277 4758
1277 4759
1277 4760
1277 4761
1277 4762
1277 4763
1859 2809
1859 3035
1859 3407
1859 4756
1859 4757
1859 4758
1859 4759
1859 4760
1859 4761
1859 4762
1859 4763
2809 3035
2809 3407
2809 4756
2809 4757
2809 4758
2809 4759
2809 4760
2809 4761
2809 4762
2809 4763
3035 3407
3035 4756
3035 4757
3035 4758
3035 4759
3035 4760
3035 4761
3035 4762
3035 4763
3407 4756
3407 4757
3407 4758
3407 4759
3407 4760
3407 4761
3407 4762
3407 4763
4756 4757
4756 4758
4756 4759
4756 4760
4756 4761
4756 4762
4756 4763
4757 4758
4757 4759
4757 4760
4757 4761
4757 4762
4757 4763
4758 4759
4758 4760
4758 4761
4758 4762
4758 4763
4759 4760
4759 4761
4759 4762
4759 4763
4760 4761
4760 4762
4760 4763
4761 4762
4761 4763
4762 4763
1281 1305
1281 4764
1281 4765
1281 4766
1281 4767
1281 4768
1305 4764
1305 4765
1305 4766
1305 4767
1305 4768
4764 4765
4764 4766
4764 4767
4764 4768
4765 4766
4765 4767
4765 4768
4766 4767
4766 4768
4767 4768
1284 2325
1284 2399
1284 2833
1284 3682
1284 4174
1284 4434
1284 4441
1284 4544
1284 4604
1284 4615
1284 4690
1284 4715
1284 4731
1284 4769
1284 4770
1284 4771
1284 4772
1284 4773
1284 4774
1284 4775
2325 2399
2325 2833
2325 3682
2325 4174
2325 4434
2325 4441
2325 4544
2325 4604
2325 4615
2325 4690
2325 4715
2325 4731
2325 4769
2325 4770
2325 4771
2325 4772
2325 4773
2325 4774
2325 4775
2399 2833
2399 3682
2399 4174
2399 4434
2399 4441
2399 4544
2399 4604
2399 4615
2399 4690
2399 4715
2399 4731
2399 4769
2399 4770
2399 4771
2399 4772
2399 4773
2399 4774
2399 4775
2833 3682
2833 4174
2833 4434
2833 4441
2833 4544
2833 4604
2833 4615
2833 4690
2833 4715
2833 4731
2833 4769
2833 4770
2833 4771
2833 4772
2833 4773
2833 4774
2833 4775
3682 4174
3682 4434
3682 4441
3682 4544
3682 4604
3682 4615
3682 4690
3682 4715
3682 4731
3682 4769
3682 4770
3682 4771
3682 4772
3682 4773
3682 4774
3682 4775
4174 4434
4174 4441
4174 4544
4174 4604
4174 4615
4174 4690
4174 4715
4174 4731
4174 4769
4174 4770
4174 4771
4174 4772
4174 4773
4174 4774
4174 4775
4434 4441
4434 4544
4434 4604
4434 4615
4434 4690
4434 4715
4434 4731
4434 4769
4434 4770
4434 4771
4434 4772
4434 4773
4434 4774
4434 4775
4441 4544
4441 4604
4441 4615
4441 4690
4441 4715
4441 4731
4441 4769
4441 4770
4441 4771
4441 4772
4441 4773
4441 4774
4441 4775
4544 4604
4544 4615
4544 4690
4544 4715
4544 4731
4544 4769
4544 4770
4544 4771
4544 4772
4544 4773
4544 4774
4544 4775
4604 4615
4604 4690
4604 4715
4604 4731
4604 4769
4604 4770
4604 4771
4604 4772
4604 4773
4604 4774
4604 4775
4615 4690
4615 4715
4615 4731
4615 4769
4615 4770
4615 4771
4615 4772
4615 4773
4615 4774
4615 4775
4690 4715
4690 4731
4690 4769
4690 4770
4690 4771
4690 4772
4690 4773
4690 4774
4690 4775
4715 4731
4715 4769
4715 4770
4715 4771
4715 4772
4715 4773
4715 4774
4715 4775
4731 4769
4731 4770
4731 4771
4731 4772
4731 4773
4731 4774
4731 4775
4769 4770
4769 4771
4769 4772
4769 4773
4769 4774
4769 4775
4770 4771
4770 4772
4770 4773
4770 4774
4770 4775
4771 4772
4771 4773
4771 4774
4771 4775
4772 4773
4772 4774
4772 4775
4773 4774
4773 4775
4774 4775
1291 2118
1291 3103
1291 4776
2118 3103
2118 4776
3103 4776
1292 2196
1292 3106
1292 4777
1292 4778
1292 4779
2196 3106
2196 4777
2196 4778
2196 4779
3106 4777
3106 4778
3106 4779
4777 4778
4777 4779
4778 4779
1293 3428
1293 3571
1293 4455
1293 4685
1293 4692
1293 4728
1293 4780
1293 4781
1293 4782
1293 4783
3428 3571
3428 4455
3428 4685
3428 4692
3428 4728
3428 4780
3428 4781
3428 4782
3428 4783
3571 4455
3571 4685
3571 4692
3571 4728
3571 4780
3571 4781
3571 4782
3571 4783
4455 4685
4455 4692
4455 4728
4455 4780
4455 4781
4455 4782
4455 4783
4685 4692
4685 4728
4685 4780
4685 4781
4685 4782
4685 4783
4692 4728
4692 4780
4692 4781
4692 4782
4692 4783
4728 4780
4728 4781
4728 4782
4728 4783
4780 4781
4780 4782
4780 4783
4781 4782
4781 4783
4782 4783
1294 2120
1294 2198
1294 2385
1294 4784
2120 2198
2120 2385
2120 4784
2198 2385
2198 4784
2385 4784
1295 2707
1295 4785
2707 4785
1296 4786
1296 4787
1296 4788
1296 4789
1296 4790
1296 4791
4786 4787
4786 4788
4786 4789
4786 4790
4786 4791
4787 4788
4787 4789
4787 4790
4787 4791
4788 4789
4788 4790
4788 4791
4789 4790
4789 4791
4790 4791
1306 2420
1306 3448
1306 3727
1306 4596
1306 4634
1306 4792
1306 4793
1306 4794
1306 4795
1306 4796
1306 4797
1306 4798
2420 3448
2420 3727
2420 4596
2420 4634
2420 4792
2420 4793
2420 4794
2420 4795
2420 4796
2420 4797
2420 4798
3448 3727
3448 4596
3448 4634
3448 4792
3448 4793
3448 4794
3448 4795
3448 4796
3448 4797
3448 4798
3727 4596
3727 4634
3727 4792
3727 4793
3727 4794
3727 4795
3727 4796
3727 4797
3727 4798
4596 4634
4596 4792
4596 4793
4596 4794
4596 4795
4596 4796
4596 4797
4596 4798
4634 4792
4634 4793
4634 4794
4634 4795
4634 4796
4634 4797
4634 4798
4792 4793
4792 4794
4792 4795
4792 4796
4792 4797
4792 4798
4793 4794
4793 4795
4793 4796
4793 4797
4793 4798
4794 4795
4794 4796
4794 4797
4794 4798
4795 4796
4795 4797
4795 4798
4796 4797
4796 4798
4797 4798
1307 1835
1307 1844
1307 2292
1307 2302
1307 2309
1307 2334
1835 1844
1835 2292
1835 2302
1835 2309
1835 2334
1844 2292
1844 2302
1844 2309
1844 2334
2292 2302
2292 2309
2292 2334
2302 2309
2302 2334
2309 2334
1308 2937
1308 3095
1308 3180
1308 3534
1308 3578
1308 3680
1308 4196
1308 4203
1308 4319
1308 4350
1308 4398
1308 4491
1308 4496
1308 4513
1308 4525
1308 4541
1308 4559
1308 4649
1308 4747
1308 4774
1308 4799
1308 4800
1308 4801
1308 4802
1308 4803
1308 4804
1308 4805
1308 4806
1308 4807
1308 4808
1308 4809
1308 4810
1308 4811
1308 4812
2937 3095
2937 3180
2937 3534
2937 3578
2937 3680
2937 4196
2937 4203
2937 4319
2937 4350
2937 4398
2937 4491
2937 4496
2937 4513
2937 4525
2937 4541
2937 4559
2937 4649
2937 4747
2937 4774
2937 4799
2937 4800
2937 4801
2937 4802
2937 4803
2937 4804
2937 4805
2937 4806
2937 4807
2937 4808
2937 4809
2937 4810
2937 4811
2937 4812
3095 3180
3095 3534
3095 3578
3095 3680
3095 4196
3095 4203
3095 4319
3095 4350
3095 4398
3095 4491
3095 4496
3095 4513
3095 4525
3095 4541
3095 4559
3095 4649
3095 4747
3095 4774
3095 4799
3095 4800
3095 4801
3095 4802
3095 4803
3095 4804
3095 4805
3095 4806
3095 4807
3095 4808
3095 4809
3095 4810
3095 4811
3095 4812
3180 3534
3180 3578
3180 3680
3180 4196
3180 4203
3180 4319
3180 4350
3180 4398
3180 4491
3180 4496
3180 4513
3180 4525
3180 4541
3180 4559
3180 4649
3180 4747
3180 4774
3180 4799
3180 4800
3180 4801
3180 4802
3180 4803
3180 4804
3180 4805
3180 4806
3180 4807
3180 4808
3180 4809
3180 4810
3180 4811
3180 4812
3534 3578
3534 3680
3534 4196
3534 4203
3534 4319
3534 4350
3534 4398
3534 4491
3534 4496
3534 4513
3534 4525
3534 4541
3534 4559
3534 4649
3534 4747
3534 4774
3534 4799
3534 4800
3534 4801
3534 4802
3534 4803
3534 4804
3534 4805
3534 4806
3534 4807
3534 4808
3534 4809
3534 4810
3534 4811
3534 4812
3578 3680
3578 4196
3578 4203
3578 4319
3578 4350
3578 4398
3578 4491
3578 4496
3578 4513
3578 4525
3578 4541
3578 4559
3578 4649
3578 4747
3578 4774
3578 4799
3578 4800
3578 4801
3578 4802
3578 4803
3578 4804
3578 4805
3578 4806
3578 4807
3578 4808
3578 4809
3578 4810
3578 4811
3578 4812
3680 4196
3680 4203
3680 4319
3680 4350
3680 4398
3680 4491
3680 4496
3680 4513
3680 4525
3680 4541
3680 4559
3680 4649
3680 4747
3680 4774
3680 4799
3680 4800
3680 4801
3680 4802
3680 4803
3680 4804
3680 4805
3680 4806
3680 4807
3680 4808
3680 4809
3680 4810
3680 4811
3680 4812
4196 4203
4196 4319
4196 4350
4196 4398
4196 4491
4196 4496
4196 4513
4196 4525
4196 4541
4196 4559
4196 4649
4196 4747
4196 4774
4196 4799
4196 4800
4196 4801
4196 4802
4196 4803
4196 4804
4196 4805
4196 4806
4196 4807
4196 4808
4196 4809
4196 4810
4196 4811
4196 4812
4203 4319
4203 4350
4203 4398
4203 4491
4203 4496
4203 4513
4203 4525
4203 4541
4203 4559
4203 4649
4203 4747
4203 4774
4203 4799
4203 4800
4203 4801
4203 4802
4203 4803
4203 4804
4203 4805
4203 4806
4203 4807
4203 4808
4203 4809
4203 4810
4203 4811
4203 4812
4319 4350
4319 4398
4319 4491
4319 4496
4319 4513
4319 4525
4319 4541
4319 4559
4319 4649
4319 4747
4319 4774
4319 4799
4319 4800
4319 4801
4319 4802
4319 4803
4319 4804
4319 4805
4319 4806
4319 4807
4319 4808
4319 4809
4319 4810
4319 4811
4319 4812
4350 4398
4350 4491
4350 4496
4350 4513
4350 4525
4350 4541
4350 4559
4350 4649
4350 4747
4350 4774
4350 4799
4350 4800
4350 4801
4350 4802
4350 4803
4350 4804
4350 4805
4350 4806
4350 4807
4350 4808
4350 4809
4350 4810
4350 4811
4350 4812
4398 4491
4398 4496
4398 4513
4398 4525
4398 4541
4398 4559
4398 4649
4398 4747
4398 4774
4398 4799
4398 4800
4398 4801
4398 4802
4398 4803
4398 4804
4398 4805
4398 4806
4398 4807
4398 4808
4398 4809
4398 4810
4398 4811
4398 4812
4491 4496
4491 4513
4491 4525
4491 4541
4491 4559
4491 4649
4491 4747
4491 4774
4491 4799
4491 4800
4491 4801
4491 4802
4491 4803
4491 4804
4491 4805
4491 4806
4491 4807
4491 4808
4491 4809
4491 4810
4491 4811
4491 4812
4496 4513
4496 4525
4496 4541
4496 4559
4496 4649
4496 4747
4496 4774
4496 4799
4496 4800
4496 4801
4496 4802
4496 4803
4496 4804
4496 4805
4496 4806
4496 4807
4496 4808
4496 4809
4496 4810
4496 4811
4496 4812
4513 4525
4513 4541
4513 4559
4513 4649
4513 4747
4513 4774
4513 4799
4513 4800
4513 4801
4513 4802
4513 4803
4513 4804
4513 4805
4513 4806
4513 4807
4513 4808
4513 4809
4513 4810
4513 4811
4513 4812
4525 4541
4525 4559
4525 4649
4525 4747
4525 4774
4525 4799
4525 4800
4525 4801
4525 4802
4525 4803
4525 4804
4525 4805
4525 4806
4525 4807
4525 4808
4525 4809
4525 4810
4525 4811
4525 4812
4541 4559
4541 4649
4541 4747
4541 4774
4541 4799
4541 4800
4541 4801
4541 4802
4541 4803
4541 4804
4541 4805
4541 4806
4541 4807
4541 4808
4541 4809
4541 4810
4541 4811
4541 4812
4559 4649
4559 4747
4559 4774
4559 4799
4559 4800
4559 4801
4559 4802
4559 4803
4559 4804
4559 4805
4559 4806
4559 4807
4559 4808
4559 4809
4559 4810
4559 4811
4559 4812
4649 4747
4649 4774
4649 4799
4649 4800
4649 4801
4649 4802
4649 4803
4649 4804
4649 4805
4649 4806
4649 4807
4649 4808
4649 4809
4649 4810
4649 4811
4649 4812
4747 4774
4747 4799
4747 4800
4747 4801
4747 4802
4747 4803
4747 4804
4747 4805
4747 4806
4747 4807
4747 4808
4747 4809
4747 4810
4747 4811
4747 4812
4774 4799
4774 4800
4774 4801
4774 4802
4774 4803
4774 4804
4774 4805
4774 4806
4774 4807
4774 4808
4774 4809
4774 4810
4774 4811
4774 4812
4799 4800
4799 4801
4799 4802
4799 4803
4799 4804
4799 4805
4799 4806
4799 4807
4799 4808
4799 4809
4799 4810
4799 4811
4799 4812
4800 4801
4800 4802
4800 4803
4800 4804
4800 4805
4800 4806
4800 4807
4800 4808
4800 4809
4800 4810
4800 4811
4800 4812
4801 4802
4801 4803
4801 4804
4801 4805
4801 4806
4801 4807
4801 4808
4801 4809
4801 4810
4801 4811
4801 4812
4802 4803
4802 4804
4802 4805
4802 4806
4802 4807
4802 4808
4802 4809
4802 4810
4802 4811
4802 4812
4803 4804
4803 4805
4803 4806
4803 4807
4803 4808
4803 4809
4803 4810
4803 4811
4803 4812
4804 4805
4804 4806
4804 4807
4804 4808
4804 4809
4804 4810
4804 4811
4804 4812
4805 4806
4805 4807
4805 4808
4805 4809
4805 4810
4805 4811
4805 4812
4806 4807
4806 4808
4806 4809
4806 4810
4806 4811
4806 4812
4807 4808
4807 4809
4807 4810
4807 4811
4807 4812
4808 4809
4808 4810
4808 4811
4808 4812
4809 4810
4809 4811
4809 4812
4810 4811
4810 4812
4811 4812
1309 1911
1309 1984
1309 3251
1309 3628
1309 4553
1309 4748
1309 4813
1309 4814
1309 4815
1911 1984
1911 3251
1911 3628
1911 4553
1911 4748
1911 4813
1911 4814
1911 4815
1984 3251
1984 3628
1984 4553
1984 4748
1984 4813
1984 4814
1984 4815
3251 3628
3251 4553
3251 4748
3251 4813
3251 4814
3251 4815
3628 4553
3628 4748
3628 4813
3628 4814
3628 4815
4553 4748
4553 4813
4553 4814
4553 4815
4748 4813
4748 4814
4748 4815
4813 4814
4813 4815
4814 4815
1311 1544
1311 1957
1311 2908
1311 3002
1311 3119
1311 3188
1311 3466
1311 3681
1311 3739
1311 4175
1311 4308
1311 4768
1311 4771
1311 4798
1311 4816
1311 4817
1311 4818
1311 4819
1311 4820
1544 1957
1544 2908
1544 3002
1544 3119
1544 3188
1544 3466
1544 3681
1544 3739
1544 4175
1544 4308
1544 4768
1544 4771
1544 4798
1544 4816
1544 4817
1544 4818
1544 4819
1544 4820
1957 2908
1957 3002
1957 3119
1957 3188
1957 3466
1957 3681
1957 3739
1957 4175
1957 4308
1957 4768
1957 4771
1957 4798
1957 4816
1957 4817
1957 4818
1957 4819
1957 4820
2908 3002
2908 3119
2908 3188
2908 3466
2908 3681
2908 3739
2908 4175
2908 4308
2908 4768
2908 4771
2908 4798
2908 4816
2908 4817
2908 4818
2908 4819
2908 4820
3002 3119
3002 3188
3002 3466
3002 3681
3002 3739
3002 4175
3002 4308
3002 4768
3002 4771
3002 4798
3002 4816
3002 4817
3002 4818
3002 4819
3002 4820
3119 3188
3119 3466
3119 3681
3119 3739
3119 4175
3119 4308
3119 4768
3119 4771
3119 4798
3119 4816
3119 4817
3119 4818
3119 4819
3119 4820
3188 3466
3188 3681
3188 3739
3188 4175
3188 4308
3188 4768
3188 4771
3188 4798
3188 4816
3188 4817
3188 4818
3188 4819
3188 4820
3466 3681
3466 3739
3466 4175
3466 4308
3466 4768
3466 4771
3466 4798
3466 4816
3466 4817
3466 4818
3466 4819
3466 4820
3681 3739
3681 4175
3681 4308
3681 4768
3681 4771
3681 4798
3681 4816
3681 4817
3681 4818
3681 4819
3681 4820
3739 4175
3739 4308
3739 4768
3739 4771
3739 4798
3739 4816
3739 4817
3739 4818
3739 4819
3739 4820
4175 4308
4175 4768
4175 4771
4175 4798
4175 4816
4175 4817
4175 4818
4175 4819
4175 4820
4308 4768
4308 4771
4308 4798
4308 4816
4308 4817
4308 4818
4308 4819
4308 4820
4768 4771
4768 4798
4768 4816
4768 4817
4768 4818
4768 4819
4768 4820
4771 4798
4771 4816
4771 4817
4771 4818
4771 4819
4771 4820
4798 4816
4798 4817
4798 4818
4798 4819
4798 4820
4816 4817
4816 4818
4816 4819
4816 4820
4817 4818
4817 4819
4817 4820
4818 4819
4818 4820
4819 4820
1312 1717
1312 1747
1312 1800
1312 1811
1312 1830
1312 1862
1312 2386
1312 4722
1312 4821
1717 1747
1717 1800
1717 1811
1717 1830
1717 1862
1717 2386
1717 4722
1717 4821
1747 1800
1747 1811
1747 1830
1747 1862
1747 2386
1747 4722
1747 4821
1800 1811
1800 1830
1800 1862
1800 2386
1800 4722
1800 4821
1811 1830
1811 1862
1811 2386
1811 4722
1811 4821
1830 1862
1830 2386
1830 4722
1830 4821
1862 2386
1862 4722
1862 4821
2386 4722
2386 4821
4722 4821
1318 2343
1318 2425
1318 4822
1318 4823
2343 2425
2343 4822
2343 4823
2425 4822
2425 4823
4822 4823
1319 1428
1319 2344
1319 2408
1319 2424
1319 4822
1428 2344
1428 2408
1428 2424
1428 4822
2344 2408
2344 2424
2344 4822
2408 2424
2408 4822
2424 4822
1326 4682
1327 3306
1327 3655
1327 3961
1327 4023
1327 4267
1327 4735
1327 4824
1327 4825
1327 4826
1327 4827
1327 4828
1327 4829
1327 4830
1327 4831
3306 3655
3306 3961
3306 4023
3306 4267
3306 4735
3306 4824
3306 4825
3306 4826
3306 4827
3306 4828
3306 4829
3306 4830
3306 4831
3655 3961
3655 4023
3655 4267
3655 4735
3655 4824
3655 4825
3655 4826
3655 4827
3655 4828
3655 4829
3655 4830
3655 4831
3961 4023
3961 4267
3961 4735
3961 4824
3961 4825
3961 4826
3961 4827
3961 4828
3961 4829
3961 4830
3961 4831
4023 4267
4023 4735
4023 4824
4023 4825
4023 4826
4023 4827
4023 4828
4023 4829
4023 4830
4023 4831
4267 4735
4267 4824
4267 4825
4267 4826
4267 4827
4267 4828
4267 4829
4267 4830
4267 4831
4735 4824
4735 4825
4735 4826
4735 4827
4735 4828
4735 4829
4735 4830
4735 4831
4824 4825
4824 4826
4824 4827
4824 4828
4824 4829
4824 4830
4824 4831
4825 4826
4825 4827
4825 4828
4825 4829
4825 4830
4825 4831
4826 4827
4826 4828
4826 4829
4826 4830
4826 4831
4827 4828
4827 4829
4827 4830
4827 4831
4828 4829
4828 4830
4828 4831
4829 4830
4829 4831
4830 4831
1329 2379
1329 3085
1329 4071
1329 4832
1329 4833
1329 4834
1329 4835
2379 3085
2379 4071
2379 4832
2379 4833
2379 4834
2379 4835
3085 4071
3085 4832
3085 4833
3085 4834
3085 4835
4071 4832
4071 4833
4071 4834
4071 4835
4832 4833
4832 4834
4832 4835
4833 4834
4833 4835
4834 4835
1332 1396
1332 2057
1332 2136
1332 2147
1332 2159
1332 2173
1332 2183
1332 2192
1332 2200
1332 2387
1332 2426
1332 2606
1332 3111
1332 3332
1332 3656
1332 3768
1332 4064
1332 4180
1332 4456
1332 4610
1332 4626
1332 4776
1332 4779
1332 4836
1332 4837
1396 2057
1396 2136
1396 2147
1396 2159
1396 2173
1396 2183
1396 2192
1396 2200
1396 2387
1396 2426
1396 2606
1396 3111
1396 3332
1396 3656
1396 3768
1396 4064
1396 4180
1396 4456
1396 4610
1396 4626
1396 4776
1396 4779
1396 4836
1396 4837
2057 2136
2057 2147
2057 2159
2057 2173
2057 2183
2057 2192
2057 2200
2057 2387
2057 2426
2057 2606
2057 3111
2057 3332
2057 3656
2057 3768
2057 4064
2057 4180
2057 4456
2057 4610
2057 4626
2057 4776
2057 4779
2057 4836
2057 4837
2136 2147
2136 2159
2136 2173
2136 2183
2136 2192
2136 2200
2136 2387
2136 2426
2136 2606
2136 3111
2136 3332
2136 3656
2136 3768
2136 4064
2136 4180
2136 4456
2136 4610
2136 4626
2136 4776
2136 4779
2136 4836
2136 4837
2147 2159
2147 2173
2147 2183
2147 2192
2147 2200
2147 2387
2147 2426
2147 2606
2147 3111
2147 3332
2147 3656
2147 3768
2147 4064
2147 4180
2147 4456
2147 4610
2147 4626
2147 4776
2147 4779
2147 4836
2147 4837
2159 2173
2159 2183
2159 2192
2159 2200
2159 2387
2159 2426
2159 2606
2159 3111
2159 3332
2159 3656
2159 3768
2159 4064
2159 4180
2159 4456
2159 4610
2159 4626
2159 4776
2159 4779
2159 4836
2159 4837
2173 2183
2173 2192
2173 2200
2173 2387
2173 2426
2173 2606
2173 3111
2173 3332
2173 3656
2173 3768
2173 4064
2173 4180
2173 4456
2173 4610
2173 4626
2173 4776
2173 4779
2173 4836
2173 4837
2183 2192
2183 2200
2183 2387
2183 2426
2183 2606
2183 3111
2183 3332
2183 3656
2183 3768
2183 4064
2183 4180
2183 4456
2183 4610
2183 4626
2183 4776
2183 4779
2183 4836
2183 4837
2192 2200
2192 2387
2192 2426
2192 2606
2192 3111
2192 3332
2192 3656
2192 3768
2192 4064
2192 4180
2192 4456
2192 4610
2192 4626
2192 4776
2192 4779
2192 4836
2192 4837
2200 2387
2200 2426
2200 2606
2200 3111
2200 3332
2200 3656
2200 3768
2200 4064
2200 4180
2200 4456
2200 4610
2200 4626
2200 4776
2200 4779
2200 4836
2200 4837
2387 2426
2387 2606
2387 3111
2387 3332
2387 3656
2387 3768
2387 4064
2387 4180
2387 4456
2387 4610
2387 4626
2387 4776
2387 4779
2387 4836
2387 4837
2426 2606
2426 3111
2426 3332
2426 3656
2426 3768
2426 4064
2426 4180
2426 4456
2426 4610
2426 4626
2426 4776
2426 4779
2426 4836
2426 4837
2606 3111
2606 3332
2606 3656
2606 3768
2606 4064
2606 4180
2606 4456
2606 4610
2606 4626
2606 4776
2606 4779
2606 4836
2606 4837
3111 3332
3111 3656
3111 3768
3111 4064
3111 4180
3111 4456
3111 4610
3111 4626
3111 4776
3111 4779
3111 4836
3111 4837
3332 3656
3332 3768
3332 4064
3332 4180
3332 4456
3332 4610
3332 4626
3332 4776
3332 4779
3332 4836
3332 4837
3656 3768
3656 4064
3656 4180
3656 4456
3656 4610
3656 4626
3656 4776
3656 4779
3656 4836
3656 4837
3768 4064
3768 4180
3768 4456
3768 4610
3768 4626
3768 4776
3768 4779
3768 4836
3768 4837
4064 4180
4064 4456
4064 4610
4064 4626
4064 4776
4064 4779
4064 4836
4064 4837
4180 4456
4180 4610
4180 4626
4180 4776
4180 4779
4180 4836
4180 4837
4456 4610
4456 4626
4456 4776
4456 4779
4456 4836
4456 4837
4610 4626
4610 4776
4610 4779
4610 4836
4610 4837
4626 4776
4626 4779
4626 4836
4626 4837
4776 4779
4776 4836
4776 4837
4779 4836
4779 4837
4836 4837
1362 1524
1362 3573
1362 4043
1362 4199
1524 3573
1524 4043
1524 4199
3573 4043
3573 4199
4043 4199
1348 1438
1357 1985
1357 3629
1985 3629
1430 1669
1430 2079
1430 2186
1430 2366
1430 2388
1430 2417
1430 2691
1430 2782
1430 2851
1430 2991
1430 3505
1430 3657
1430 3734
1430 4058
1430 4092
1430 4105
1430 4355
1430 4671
1430 4683
1430 4793
1430 4806
1430 4838
1430 4839
1430 4840
1430 4841
1430 4842
1430 4843
1430 4844
1430 4845
1430 4846
1430 4847
1430 4848
1430 4849
1430 4850
1430 4851
1430 4852
1669 2079
1669 2186
1669 2366
1669 2388
1669 2417
1669 2691
1669 2782
1669 2851
1669 2991
1669 3505
1669 3657
1669 3734
1669 4058
1669 4092
1669 4105
1669 4355
1669 4671
1669 4683
1669 4793
1669 4806
1669 4838
1669 4839
1669 4840
1669 4841
1669 4842
1669 4843
1669 4844
1669 4845
1669 4846
1669 4847
1669 4848
1669 4849
1669 4850
1669 4851
1669 4852
2079 2186
2079 2366
2079 2388
2079 2417
2079 2691
2079 2782
2079 2851
2079 2991
2079 3505
2079 3657
2079 3734
2079 4058
2079 4092
2079 4105
2079 4355
2079 4671
2079 4683
2079 4793
2079 4806
2079 4838
2079 4839
2079 4840
2079 4841
2079 4842
2079 4843
2079 4844
2079 4845
2079 4846
2079 4847
2079 4848
2079 4849
2079 4850
2079 4851
2079 4852
2186 2366
2186 2388
2186 2417
2186 2691
2186 2782
2186 2851
2186 2991
2186 3505
2186 3657
2186 3734
2186 4058
2186 4092
2186 4105
2186 4355
2186 4671
2186 4683
2186 4793
2186 4806
2186 4838
2186 4839
2186 4840
2186 4841
2186 4842
2186 4843
2186 4844
2186 4845
2186 4846
2186 4847
2186 4848
2186 4849
2186 4850
2186 4851
2186 4852
2366 2388
2366 2417
2366 2691
2366 2782
2366 2851
2366 2991
2366 3505
2366 3657
2366 3734
2366 4058
2366 4092
2366 4105
2366 4355
2366 4671
2366 4683
2366 4793
2366 4806
2366 4838
2366 4839
2366 4840
2366 4841
2366 4842
2366 4843
2366 4844
2366 4845
2366 4846
2366 4847
2366 4848
2366 4849
2366 4850
2366 4851
2366 4852
2388 2417
2388 2691
2388 2782
2388 2851
2388 2991
2388 3505
2388 3657
2388 3734
2388 4058
2388 4092
2388 4105
2388 4355
2388 4671
2388 4683
2388 4793
2388 4806
2388 4838
2388 4839
2388 4840
2388 4841
2388 4842
2388 4843
2388 4844
2388 4845
2388 4846
2388 4847
2388 4848
2388 4849
2388 4850
2388 4851
2388 4852
2417 2691
2417 2782
2417 2851
2417 2991
2417 3505
2417 3657
2417 3734
2417 4058
2417 4092
2417 4105
2417 4355
2417 4671
2417 4683
2417 4793
2417 4806
2417 4838
2417 4839
2417 4840
2417 4841
2417 4842
2417 4843
2417 4844
2417 4845
2417 4846
2417 4847
2417 4848
2417 4849
2417 4850
2417 4851
2417 4852
2691 2782
2691 2851
2691 2991
2691 3505
2691 3657
2691 3734
2691 4058
2691 4092
2691 4105
2691 4355
2691 4671
2691 4683
2691 4793
2691 4806
2691 4838
2691 4839
2691 4840
2691 4841
2691 4842
2691 4843
2691 4844
2691 4845
2691 4846
2691 4847
2691 4848
2691 4849
2691 4850
2691 4851
2691 4852
2782 2851
2782 2991
2782 3505
2782 3657
2782 3734
2782 4058
2782 4092
2782 4105
2782 4355
2782 4671
2782 4683
2782 4793
2782 4806
2782 4838
2782 4839
2782 4840
2782 4841
2782 4842
2782 4843
2782 4844
2782 4845
2782 4846
2782 4847
2782 4848
2782 4849
2782 4850
2782 4851
2782 4852
2851 2991
2851 3505
2851 3657
2851 3734
2851 4058
2851 4092
2851 4105
2851 4355
2851 4671
2851 4683
2851 4793
2851 4806
2851 4838
2851 4839
2851 4840
2851 4841
2851 4842
2851 4843
2851 4844
2851 4845
2851 4846
2851 4847
2851 4848
2851 4849
2851 4850
2851 4851
2851 4852
2991 3505
2991 3657
2991 3734
2991 4058
2991 4092
2991 4105
2991 4355
2991 4671
2991 4683
2991 4793
2991 4806
2991 4838
2991 4839
2991 4840
2991 4841
2991 4842
2991 4843
2991 4844
2991 4845
2991 4846
2991 4847
2991 4848
2991 4849
2991 4850
2991 4851
2991 4852
3505 3657
3505 3734
3505 4058
3505 4092
3505 4105
3505 4355
3505 4671
3505 4683
3505 4793
3505 4806
3505 4838
3505 4839
3505 4840
3505 4841
3505 4842
3505 4843
3505 4844
3505 4845
3505 4846
3505 4847
3505 4848
3505 4849
3505 4850
3505 4851
3505 4852
3657 3734
3657 4058
3657 4092
3657 4105
3657 4355
3657 4671
3657 4683
3657 4793
3657 4806
3657 4838
3657 4839
3657 4840
3657 4841
3657 4842
3657 4843
3657 4844
3657 4845
3657 4846
3657 4847
3657 4848
3657 4849
3657 4850
3657 4851
3657 4852
3734 4058
3734 4092
3734 4105
3734 4355
3734 4671
3734 4683
3734 4793
3734 4806
3734 4838
3734 4839
3734 4840
3734 4841
3734 4842
3734 4843
3734 4844
3734 4845
3734 4846
3734 4847
3734 4848
3734 4849
3734 4850
3734 4851
3734 4852
4058 4092
4058 4105
4058 4355
4058 4671
4058 4683
4058 4793
4058 4806
4058 4838
4058 4839
4058 4840
4058 4841
4058 4842
4058 4843
4058 4844
4058 4845
4058 4846
4058 4847
4058 4848
4058 4849
4058 4850
4058 4851
4058 4852
4092 4105
4092 4355
4092 4671
4092 4683
4092 4793
4092 4806
4092 4838
4092 4839
4092 4840
4092 4841
4092 4842
4092 4843
4092 4844
4092 4845
4092 4846
4092 4847
4092 4848
4092 4849
4092 4850
4092 4851
4092 4852
4105 4355
4105 4671
4105 4683
4105 4793
4105 4806
4105 4838
4105 4839
4105 4840
4105 4841
4105 4842
4105 4843
4105 4844
4105 4845
4105 4846
4105 4847
4105 4848
4105 4849
4105 4850
4105 4851
4105 4852
4355 4671
4355 4683
4355 4793
4355 4806
4355 4838
4355 4839
4355 4840
4355 4841
4355 4842
4355 4843
4355 4844
4355 4845
4355 4846
4355 4847
4355 4848
4355 4849
4355 4850
4355 4851
4355 4852
4671 4683
4671 4793
4671 4806
4671 4838
4671 4839
4671 4840
4671 4841
4671 4842
4671 4843
4671 4844
4671 4845
4671 4846
4671 4847
4671 4848
4671 4849
4671 4850
4671 4851
4671 4852
4683 4793
4683 4806
4683 4838
4683 4839
4683 4840
4683 4841
4683 4842
4683 4843
4683 4844
4683 4845
4683 4846
4683 4847
4683 4848
4683 4849
4683 4850
4683 4851
4683 4852
4793 4806
4793 4838
4793 4839
4793 4840
4793 4841
4793 4842
4793 4843
4793 4844
4793 4845
4793 4846
4793 4847
4793 4848
4793 4849
4793 4850
4793 4851
4793 4852
4806 4838
4806 4839
4806 4840
4806 4841
4806 4842
4806 4843
4806 4844
4806 4845
4806 4846
4806 4847
4806 4848
4806 4849
4806 4850
4806 4851
4806 4852
4838 4839
4838 4840
4838 4841
4838 4842
4838 4843
4838 4844
4838 4845
4838 4846
4838 4847
4838 4848
4838 4849
4838 4850
4838 4851
4838 4852
4839 4840
4839 4841
4839 4842
4839 4843
4839 4844
4839 4845
4839 4846
4839 4847
4839 4848
4839 4849
4839 4850
4839 4851
4839 4852
4840 4841
4840 4842
4840 4843
4840 4844
4840 4845
4840 4846
4840 4847
4840 4848
4840 4849
4840 4850
4840 4851
4840 4852
4841 4842
4841 4843
4841 4844
4841 4845
4841 4846
4841 4847
4841 4848
4841 4849
4841 4850
4841 4851
4841 4852
4842 4843
4842 4844
4842 4845
4842 4846
4842 4847
4842 4848
4842 4849
4842 4850
4842 4851
4842 4852
4843 4844
4843 4845
4843 4846
4843 4847
4843 4848
4843 4849
4843 4850
4843 4851
4843 4852
4844 4845
4844 4846
4844 4847
4844 4848
4844 4849
4844 4850
4844 4851
4844 4852
4845 4846
4845 4847
4845 4848
4845 4849
4845 4850
4845 4851
4845 4852
4846 4847
4846 4848
4846 4849
4846 4850
4846 4851
4846 4852
4847 4848
4847 4849
4847 4850
4847 4851
4847 4852
4848 4849
4848 4850
4848 4851
4848 4852
4849 4850
4849 4851
4849 4852
4850 4851
4850 4852
4851 4852
1440 2375
1440 3864
1440 4853
2375 3864
2375 4853
3864 4853
1441 2398
1442 3522
1442 4042
1442 4719
1442 4725
1442 4854
3522 4042
3522 4719
3522 4725
3522 4854
4042 4719
4042 4725
4042 4854
4719 4725
4719 4854
4725 4854
1443 1578
1443 4855
1578 4855
1445 2261
1445 2270
1445 2307
1445 2314
1445 2320
1445 2529
1445 3263
1445 3285
1445 3506
1445 3975
1445 4049
1445 4292
1445 4856
1445 4857
1445 4858
2261 2270
2261 2307
2261 2314
2261 2320
2261 2529
2261 3263
2261 3285
2261 3506
2261 3975
2261 4049
2261 4292
2261 4856
2261 4857
2261 4858
2270 2307
2270 2314
2270 2320
2270 2529
2270 3263
2270 3285
2270 3506
2270 3975
2270 4049
2270 4292
2270 4856
2270 4857
2270 4858
2307 2314
2307 2320
2307 2529
2307 3263
2307 3285
2307 3506
2307 3975
2307 4049
2307 4292
2307 4856
2307 4857
2307 4858
2314 2320
2314 2529
2314 3263
2314 3285
2314 3506
2314 3975
2314 4049
2314 4292
2314 4856
2314 4857
2314 4858
2320 2529
2320 3263
2320 3285
2320 3506
2320 3975
2320 4049
2320 4292
2320 4856
2320 4857
2320 4858
2529 3263
2529 3285
2529 3506
2529 3975
2529 4049
2529 4292
2529 4856
2529 4857
2529 4858
3263 3285
3263 3506
3263 3975
3263 4049
3263 4292
3263 4856
3263 4857
3263 4858
3285 3506
3285 3975
3285 4049
3285 4292
3285 4856
3285 4857
3285 4858
3506 3975
3506 4049
3506 4292
3506 4856
3506 4857
3506 4858
3975 4049
3975 4292
3975 4856
3975 4857
3975 4858
4049 4292
4049 4856
4049 4857
4049 4858
4292 4856
4292 4857
4292 4858
4856 4857
4856 4858
4857 4858
1372 1934
1372 1997
1372 2028
1372 2223
1372 2886
1372 2924
1372 2982
1372 3028
1372 3060
1372 3138
1372 3512
1372 3704
1372 3904
1372 3911
1372 4859
1372 4860
1372 4861
1372 4862
1372 4863
1372 4864
1934 1997
1934 2028
1934 2223
1934 2886
1934 2924
1934 2982
1934 3028
1934 3060
1934 3138
1934 3512
1934 3704
1934 3904
1934 3911
1934 4859
1934 4860
1934 4861
1934 4862
1934 4863
1934 4864
1997 2028
1997 2223
1997 2886
1997 2924
1997 2982
1997 3028
1997 3060
1997 3138
1997 3512
1997 3704
1997 3904
1997 3911
1997 4859
1997 4860
1997 4861
1997 4862
1997 4863
1997 4864
2028 2223
2028 2886
2028 2924
2028 2982
2028 3028
2028 3060
2028 3138
2028 3512
2028 3704
2028 3904
2028 3911
2028 4859
2028 4860
2028 4861
2028 4862
2028 4863
2028 4864
2223 2886
2223 2924
2223 2982
2223 3028
2223 3060
2223 3138
2223 3512
2223 3704
2223 3904
2223 3911
2223 4859
2223 4860
2223 4861
2223 4862
2223 4863
2223 4864
2886 2924
2886 2982
2886 3028
2886 3060
2886 3138
2886 3512
2886 3704
2886 3904
2886 3911
2886 4859
2886 4860
2886 4861
2886 4862
2886 4863
2886 4864
2924 2982
2924 3028
2924 3060
2924 3138
2924 3512
2924 3704
2924 3904
2924 3911
2924 4859
2924 4860
2924 4861
2924 4862
2924 4863
2924 4864
2982 3028
2982 3060
2982 3138
2982 3512
2982 3704
2982 3904
2982 3911
2982 4859
2982 4860
2982 4861
2982 4862
2982 4863
2982 4864
3028 3060
3028 3138
3028 3512
3028 3704
3028 3904
3028 3911
3028 4859
3028 4860
3028 4861
3028 4862
3028 4863
3028 4864
3060 3138
3060 3512
3060 3704
3060 3904
3060 3911
3060 4859
3060 4860
3060 4861
3060 4862
3060 4863
3060 4864
3138 3512
3138 3704
3138 3904
3138 3911
3138 4859
3138 4860
3138 4861
3138 4862
3138 4863
3138 4864
3512 3704
3512 3904
3512 3911
3512 4859
3512 4860
3512 4861
3512 4862
3512 4863
3512 4864
3704 3904
3704 3911
3704 4859
3704 4860
3704 4861
3704 4862
3704 4863
3704 4864
3904 3911
3904 4859
3904 4860
3904 4861
3904 4862
3904 4863
3904 4864
3911 4859
3911 4860
3911 4861
3911 4862
3911 4863
3911 4864
4859 4860
4859 4861
4859 4862
4859 4863
4859 4864
4860 4861
4860 4862
4860 4863
4860 4864
4861 4862
4861 4863
4861 4864
4862 4863
4862 4864
4863 4864
1373 1925
1373 1952
1373 2225
1373 2591
1373 3790
1373 4305
1373 4865
1373 4866
1925 1952
1925 2225
1925 2591
1925 3790
1925 4305
1925 4865
1925 4866
1952 2225
1952 2591
1952 3790
1952 4305
1952 4865
1952 4866
2225 2591
2225 3790
2225 4305
2225 4865
2225 4866
2591 3790
2591 4305
2591 4865
2591 4866
3790 4305
3790 4865
3790 4866
4305 4865
4305 4866
4865 4866
1374 3616
1374 4867
1374 4868
3616 4867
3616 4868
4867 4868
1375 1459
1375 1624
1375 2030
1375 2418
1375 2969
1375 2983
1375 3136
1375 3724
1375 3916
1375 4306
1375 4347
1375 4370
1375 4440
1375 4794
1375 4869
1375 4870
1375 4871
1375 4872
1375 4873
1375 4874
1375 4875
1375 4876
1375 4877
1375 4878
1375 4879
1375 4880
1375 4881
1375 4882
1459 1624
1459 2030
1459 2418
1459 2969
1459 2983
1459 3136
1459 3724
1459 3916
1459 4306
1459 4347
1459 4370
1459 4440
1459 4794
1459 4869
1459 4870
1459 4871
1459 4872
1459 4873
1459 4874
1459 4875
1459 4876
1459 4877
1459 4878
1459 4879
1459 4880
1459 4881
1459 4882
1624 2030
1624 2418
1624 2969
1624 2983
1624 3136
1624 3724
1624 3916
1624 4306
1624 4347
1624 4370
1624 4440
1624 4794
1624 4869
1624 4870
1624 4871
1624 4872
1624 4873
1624 4874
1624 4875
1624 4876
1624 4877
1624 4878
1624 4879
1624 4880
1624 4881
1624 4882
2030 2418
2030 2969
2030 2983
2030 3136
2030 3724
2030 3916
2030 4306
2030 4347
2030 4370
2030 4440
2030 4794
2030 4869
2030 4870
2030 4871
2030 4872
2030 4873
2030 4874
2030 4875
2030 4876
2030 4877
2030 4878
2030 4879
2030 4880
2030 4881
2030 4882
2418 2969
2418 2983
2418 3136
2418 3724
2418 3916
2418 4306
2418 4347
2418 4370
2418 4440
2418 4794
2418 4869
2418 4870
2418 4871
2418 4872
2418 4873
2418 4874
2418 4875
2418 4876
2418 4877
2418 4878
2418 4879
2418 4880
2418 4881
2418 4882
2969 2983
2969 3136
2969 3724
2969 3916
2969 4306
2969 4347
2969 4370
2969 4440
2969 4794
2969 4869
2969 4870
2969 4871
2969 4872
2969 4873
2969 4874
2969 4875
2969 4876
2969 4877
2969 4878
2969 4879
2969 4880
2969 4881
2969 4882
2983 3136
2983 3724
2983 3916
2983 4306
2983 4347
2983 4370
2983 4440
2983 4794
2983 4869
2983 4870
2983 4871
2983 4872
2983 4873
2983 4874
2983 4875
2983 4876
2983 4877
2983 4878
2983 4879
2983 4880
2983 4881
2983 4882
3136 3724
3136 3916
3136 4306
3136 4347
3136 4370
3136 4440
3136 4794
3136 4869
3136 4870
3136 4871
3136 4872
3136 4873
3136 4874
3136 4875
3136 4876
3136 4877
3136 4878
3136 4879
3136 4880
3136 4881
3136 4882
3724 3916
3724 4306
3724 4347
3724 4370
3724 4440
3724 4794
3724 4869
3724 4870
3724 4871
3724 4872
3724 4873
3724 4874
3724 4875
3724 4876
3724 4877
3724 4878
3724 4879
3724 4880
3724 4881
3724 4882
3916 4306
3916 4347
3916 4370
3916 4440
3916 4794
3916 4869
3916 4870
3916 4871
3916 4872
3916 4873
3916 4874
3916 4875
3916 4876
3916 4877
3916 4878
3916 4879
3916 4880
3916 4881
3916 4882
4306 4347
4306 4370
4306 4440
4306 4794
4306 4869
4306 4870
4306 4871
4306 4872
4306 4873
4306 4874
4306 4875
4306 4876
4306 4877
4306 4878
4306 4879
4306 4880
4306 4881
4306 4882
4347 4370
4347 4440
4347 4794
4347 4869
4347 4870
4347 4871
4347 4872
4347 4873
4347 4874
4347 4875
4347 4876
4347 4877
4347 4878
4347 4879
4347 4880
4347 4881
4347 4882
4370 4440
4370 4794
4370 4869
4370 4870
4370 4871
4370 4872
4370 4873
4370 4874
4370 4875
4370 4876
4370 4877
4370 4878
4370 4879
4370 4880
4370 4881
4370 4882
4440 4794
4440 4869
4440 4870
4440 4871
4440 4872
4440 4873
4440 4874
4440 4875
4440 4876
4440 4877
4440 4878
4440 4879
4440 4880
4440 4881
4440 4882
4794 4869
4794 4870
4794 4871
4794 4872
4794 4873
4794 4874
4794 4875
4794 4876
4794 4877
4794 4878
4794 4879
4794 4880
4794 4881
4794 4882
4869 4870
4869 4871
4869 4872
4869 4873
4869 4874
4869 4875
4869 4876
4869 4877
4869 4878
4869 4879
4869 4880
4869 4881
4869 4882
4870 4871
4870 4872
4870 4873
4870 4874
4870 4875
4870 4876
4870 4877
4870 4878
4870 4879
4870 4880
4870 4881
4870 4882
4871 4872
4871 4873
4871 4874
4871 4875
4871 4876
4871 4877
4871 4878
4871 4879
4871 4880
4871 4881
4871 4882
4872 4873
4872 4874
4872 4875
4872 4876
4872 4877
4872 4878
4872 4879
4872 4880
4872 4881
4872 4882
4873 4874
4873 4875
4873 4876
4873 4877
4873 4878
4873 4879
4873 4880
4873 4881
4873 4882
4874 4875
4874 4876
4874 4877
4874 4878
4874 4879
4874 4880
4874 4881
4874 4882
4875 4876
4875 4877
4875 4878
4875 4879
4875 4880
4875 4881
4875 4882
4876 4877
4876 4878
4876 4879
4876 4880
4876 4881
4876 4882
4877 4878
4877 4879
4877 4880
4877 4881
4877 4882
4878 4879
4878 4880
4878 4881
4878 4882
4879 4880
4879 4881
4879 4882
4880 4881
4880 4882
4881 4882
1462 2409
1462 4883
2409 4883
1383 2102
1383 2215
1383 2887
1383 2946
1383 3311
1383 3324
1383 3699
1383 3791
1383 4157
1383 4163
1383 4736
1383 4884
1383 4885
1383 4886
1383 4887
1383 4888
1383 4889
1383 4890
1383 4891
1383 4892
1383 4893
1383 4894
1383 4895
2102 2215
2102 2887
2102 2946
2102 3311
2102 3324
2102 3699
2102 3791
2102 4157
2102 4163
2102 4736
2102 4884
2102 4885
2102 4886
2102 4887
2102 4888
2102 4889
2102 4890
2102 4891
2102 4892
2102 4893
2102 4894
2102 4895
2215 2887
2215 2946
2215 3311
2215 3324
2215 3699
2215 3791
2215 4157
2215 4163
2215 4736
2215 4884
2215 4885
2215 4886
2215 4887
2215 4888
2215 4889
2215 4890
2215 4891
2215 4892
2215 4893
2215 4894
2215 4895
2887 2946
2887 3311
2887 3324
2887 3699
2887 3791
2887 4157
2887 4163
2887 4736
2887 4884
2887 4885
2887 4886
2887 4887
2887 4888
2887 4889
2887 4890
2887 4891
2887 4892
2887 4893
2887 4894
2887 4895
2946 3311
2946 3324
2946 3699
2946 3791
2946 4157
2946 4163
2946 4736
2946 4884
2946 4885
2946 4886
2946 4887
2946 4888
2946 4889
2946 4890
2946 4891
2946 4892
2946 4893
2946 4894
2946 4895
3311 3324
3311 3699
3311 3791
3311 4157
3311 4163
3311 4736
3311 4884
3311 4885
3311 4886
3311 4887
3311 4888
3311 4889
3311 4890
3311 4891
3311 4892
3311 4893
3311 4894
3311 4895
3324 3699
3324 3791
3324 4157
3324 4163
3324 4736
3324 4884
3324 4885
3324 4886
3324 4887
3324 4888
3324 4889
3324 4890
3324 4891
3324 4892
3324 4893
3324 4894
3324 4895
3699 3791
3699 4157
3699 4163
3699 4736
3699 4884
3699 4885
3699 4886
3699 4887
3699 4888
3699 4889
3699 4890
3699 4891
3699 4892
3699 4893
3699 4894
3699 4895
3791 4157
3791 4163
3791 4736
3791 4884
3791 4885
3791 4886
3791 4887
3791 4888
3791 4889
3791 4890
3791 4891
3791 4892
3791 4893
3791 4894
3791 4895
4157 4163
4157 4736
4157 4884
4157 4885
4157 4886
4157 4887
4157 4888
4157 4889
4157 4890
4157 4891
4157 4892
4157 4893
4157 4894
4157 4895
4163 4736
4163 4884
4163 4885
4163 4886
4163 4887
4163 4888
4163 4889
4163 4890
4163 4891
4163 4892
4163 4893
4163 4894
4163 4895
4736 4884
4736 4885
4736 4886
4736 4887
4736 4888
4736 4889
4736 4890
4736 4891
4736 4892
4736 4893
4736 4894
4736 4895
4884 4885
4884 4886
4884 4887
4884 4888
4884 4889
4884 4890
4884 4891
4884 4892
4884 4893
4884 4894
4884 4895
4885 4886
4885 4887
4885 4888
4885 4889
4885 4890
4885 4891
4885 4892
4885 4893
4885 4894
4885 4895
4886 4887
4886 4888
4886 4889
4886 4890
4886 4891
4886 4892
4886 4893
4886 4894
4886 4895
4887 4888
4887 4889
4887 4890
4887 4891
4887 4892
4887 4893
4887 4894
4887 4895
4888 4889
4888 4890
4888 4891
4888 4892
4888 4893
4888 4894
4888 4895
4889 4890
4889 4891
4889 4892
4889 4893
4889 4894
4889 4895
4890 4891
4890 4892
4890 4893
4890 4894
4890 4895
4891 4892
4891 4893
4891 4894
4891 4895
4892 4893
4892 4894
4892 4895
4893 4894
4893 4895
4894 4895
1392 2086
1392 2103
1392 2216
1392 2947
1392 2970
1392 3169
1392 3209
1392 3552
1392 3792
1392 3947
1392 4040
1392 4081
1392 4137
1392 4888
1392 4896
1392 4897
1392 4898
1392 4899
1392 4900
1392 4901
1392 4902
2086 2103
2086 2216
2086 2947
2086 2970
2086 3169
2086 3209
2086 3552
2086 3792
2086 3947
2086 4040
2086 4081
2086 4137
2086 4888
2086 4896
2086 4897
2086 4898
2086 4899
2086 4900
2086 4901
2086 4902
2103 2216
2103 2947
2103 2970
2103 3169
2103 3209
2103 3552
2103 3792
2103 3947
2103 4040
2103 4081
2103 4137
2103 4888
2103 4896
2103 4897
2103 4898
2103 4899
2103 4900
2103 4901
2103 4902
2216 2947
2216 2970
2216 3169
2216 3209
2216 3552
2216 3792
2216 3947
2216 4040
2216 4081
2216 4137
2216 4888
2216 4896
2216 4897
2216 4898
2216 4899
2216 4900
2216 4901
2216 4902
2947 2970
2947 3169
2947 3209
2947 3552
2947 3792
2947 3947
2947 4040
2947 4081
2947 4137
2947 4888
2947 4896
2947 4897
2947 4898
2947 4899
2947 4900
2947 4901
2947 4902
2970 3169
2970 3209
2970 3552
2970 3792
2970 3947
2970 4040
2970 4081
2970 4137
2970 4888
2970 4896
2970 4897
2970 4898
2970 4899
2970 4900
2970 4901
2970 4902
3169 3209
3169 3552
3169 3792
3169 3947
3169 4040
3169 4081
3169 4137
3169 4888
3169 4896
3169 4897
3169 4898
3169 4899
3169 4900
3169 4901
3169 4902
3209 3552
3209 3792
3209 3947
3209 4040
3209 4081
3209 4137
3209 4888
3209 4896
3209 4897
3209 4898
3209 4899
3209 4900
3209 4901
3209 4902
3552 3792
3552 3947
3552 4040
3552 4081
3552 4137
3552 4888
3552 4896
3552 4897
3552 4898
3552 4899
3552 4900
3552 4901
3552 4902
3792 3947
3792 4040
3792 4081
3792 4137
3792 4888
3792 4896
3792 4897
3792 4898
3792 4899
3792 4900
3792 4901
3792 4902
3947 4040
3947 4081
3947 4137
3947 4888
3947 4896
3947 4897
3947 4898
3947 4899
3947 4900
3947 4901
3947 4902
4040 4081
4040 4137
4040 4888
4040 4896
4040 4897
4040 4898
4040 4899
4040 4900
4040 4901
4040 4902
4081 4137
4081 4888
4081 4896
4081 4897
4081 4898
4081 4899
4081 4900
4081 4901
4081 4902
4137 4888
4137 4896
4137 4897
4137 4898
4137 4899
4137 4900
4137 4901
4137 4902
4888 4896
4888 4897
4888 4898
4888 4899
4888 4900
4888 4901
4888 4902
4896 4897
4896 4898
4896 4899
4896 4900
4896 4901
4896 4902
4897 4898
4897 4899
4897 4900
4897 4901
4897 4902
4898 4899
4898 4900
4898 4901
4898 4902
4899 4900
4899 4901
4899 4902
4900 4901
4900 4902
4901 4902
1409 1782
1409 3236
1409 4093
1409 4903
1409 4904
1409 4905
1409 4906
1782 3236
1782 4093
1782 4903
1782 4904
1782 4905
1782 4906
3236 4093
3236 4903
3236 4904
3236 4905
3236 4906
4093 4903
4093 4904
4093 4905
4093 4906
4903 4904
4903 4905
4903 4906
4904 4905
4904 4906
4905 4906
1410 1475
1410 1881
1410 2451
1410 2534
1410 2631
1410 2749
1410 2817
1410 2831
1410 3238
1410 4314
1410 4668
1410 4907
1410 4908
1410 4909
1410 4910
1410 4911
1410 4912
1475 1881
1475 2451
1475 2534
1475 2631
1475 2749
1475 2817
1475 2831
1475 3238
1475 4314
1475 4668
1475 4907
1475 4908
1475 4909
1475 4910
1475 4911
1475 4912
1881 2451
1881 2534
1881 2631
1881 2749
1881 2817
1881 2831
1881 3238
1881 4314
1881 4668
1881 4907
1881 4908
1881 4909
1881 4910
1881 4911
1881 4912
2451 2534
2451 2631
2451 2749
2451 2817
2451 2831
2451 3238
2451 4314
2451 4668
2451 4907
2451 4908
2451 4909
2451 4910
2451 4911
2451 4912
2534 2631
2534 2749
2534 2817
2534 2831
2534 3238
2534 4314
2534 4668
2534 4907
2534 4908
2534 4909
2534 4910
2534 4911
2534 4912
2631 2749
2631 2817
2631 2831
2631 3238
2631 4314
2631 4668
2631 4907
2631 4908
2631 4909
2631 4910
2631 4911
2631 4912
2749 2817
2749 2831
2749 3238
2749 4314
2749 4668
2749 4907
2749 4908
2749 4909
2749 4910
2749 4911
2749 4912
2817 2831
2817 3238
2817 4314
2817 4668
2817 4907
2817 4908
2817 4909
2817 4910
2817 4911
2817 4912
2831 3238
2831 4314
2831 4668
2831 4907
2831 4908
2831 4909
2831 4910
2831 4911
2831 4912
3238 4314
3238 4668
3238 4907
3238 4908
3238 4909
3238 4910
3238 4911
3238 4912
4314 4668
4314 4907
4314 4908
4314 4909
4314 4910
4314 4911
4314 4912
4668 4907
4668 4908
4668 4909
4668 4910
4668 4911
4668 4912
4907 4908
4907 4909
4907 4910
4907 4911
4907 4912
4908 4909
4908 4910
4908 4911
4908 4912
4909 4910
4909 4911
4909 4912
4910 4911
4910 4912
4911 4912
1411 2803
1411 3508
1411 4824
1411 4913
1411 4914
2803 3508
2803 4824
2803 4913
2803 4914
3508 4824
3508 4913
3508 4914
4824 4913
4824 4914
4913 4914
1412 1679
1412 2570
1412 2664
1412 2671
1412 4915
1412 4916
1679 2570
1679 2664
1679 2671
1679 4915
1679 4916
2570 2664
2570 2671
2570 4915
2570 4916
2664 2671
2664 4915
2664 4916
2671 4915
2671 4916
4915 4916
1415 2457
1415 2748
1415 2801
1415 2818
1415 3279
1415 3507
1415 4667
1415 4762
1415 4907
1415 4913
1415 4917
1415 4918
1415 4919
1415 4920
2457 2748
2457 2801
2457 2818
2457 3279
2457 3507
2457 4667
2457 4762
2457 4907
2457 4913
2457 4917
2457 4918
2457 4919
2457 4920
2748 2801
2748 2818
2748 3279
2748 3507
2748 4667
2748 4762
2748 4907
2748 4913
2748 4917
2748 4918
2748 4919
2748 4920
2801 2818
2801 3279
2801 3507
2801 4667
2801 4762
2801 4907
2801 4913
2801 4917
2801 4918
2801 4919
2801 4920
2818 3279
2818 3507
2818 4667
2818 4762
2818 4907
2818 4913
2818 4917
2818 4918
2818 4919
2818 4920
3279 3507
3279 4667
3279 4762
3279 4907
3279 4913
3279 4917
3279 4918
3279 4919
3279 4920
3507 4667
3507 4762
3507 4907
3507 4913
3507 4917
3507 4918
3507 4919
3507 4920
4667 4762
4667 4907
4667 4913
4667 4917
4667 4918
4667 4919
4667 4920
4762 4907
4762 4913
4762 4917
4762 4918
4762 4919
4762 4920
4907 4913
4907 4917
4907 4918
4907 4919
4907 4920
4913 4917
4913 4918
4913 4919
4913 4920
4917 4918
4917 4919
4917 4920
4918 4919
4918 4920
4919 4920
1421 1547
1421 4921
1547 4921
1422 1559
1422 1571
1422 1575
1422 1969
1422 3101
1422 3187
1422 4368
1422 4818
1422 4921
1422 4922
1422 4923
1422 4924
1422 4925
1422 4926
1422 4927
1422 4928
1422 4929
1422 4930
1422 4931
1422 4932
1422 4933
1559 1571
1559 1575
1559 1969
1559 3101
1559 3187
1559 4368
1559 4818
1559 4921
1559 4922
1559 4923
1559 4924
1559 4925
1559 4926
1559 4927
1559 4928
1559 4929
1559 4930
1559 4931
1559 4932
1559 4933
1571 1575
1571 1969
1571 3101
1571 3187
1571 4368
1571 4818
1571 4921
1571 4922
1571 4923
1571 4924
1571 4925
1571 4926
1571 4927
1571 4928
1571 4929
1571 4930
1571 4931
1571 4932
1571 4933
1575 1969
1575 3101
1575 3187
1575 4368
1575 4818
1575 4921
1575 4922
1575 4923
1575 4924
1575 4925
1575 4926
1575 4927
1575 4928
1575 4929
1575 4930
1575 4931
1575 4932
1575 4933
1969 3101
1969 3187
1969 4368
1969 4818
1969 4921
1969 4922
1969 4923
1969 4924
1969 4925
1969 4926
1969 4927
1969 4928
1969 4929
1969 4930
1969 4931
1969 4932
1969 4933
3101 3187
3101 4368
3101 4818
3101 4921
3101 4922
3101 4923
3101 4924
3101 4925
3101 4926
3101 4927
3101 4928
3101 4929
3101 4930
3101 4931
3101 4932
3101 4933
3187 4368
3187 4818
3187 4921
3187 4922
3187 4923
3187 4924
3187 4925
3187 4926
3187 4927
3187 4928
3187 4929
3187 4930
3187 4931
3187 4932
3187 4933
4368 4818
4368 4921
4368 4922
4368 4923
4368 4924
4368 4925
4368 4926
4368 4927
4368 4928
4368 4929
4368 4930
4368 4931
4368 4932
4368 4933
4818 4921
4818 4922
4818 4923
4818 4924
4818 4925
4818 4926
4818 4927
4818 4928
4818 4929
4818 4930
4818 4931
4818 4932
4818 4933
4921 4922
4921 4923
4921 4924
4921 4925
4921 4926
4921 4927
4921 4928
4921 4929
4921 4930
4921 4931
4921 4932
4921 4933
4922 4923
4922 4924
4922 4925
4922 4926
4922 4927
4922 4928
4922 4929
4922 4930
4922 4931
4922 4932
4922 4933
4923 4924
4923 4925
4923 4926
4923 4927
4923 4928
4923 4929
4923 4930
4923 4931
4923 4932
4923 4933
4924 4925
4924 4926
4924 4927
4924 4928
4924 4929
4924 4930
4924 4931
4924 4932
4924 4933
4925 4926
4925 4927
4925 4928
4925 4929
4925 4930
4925 4931
4925 4932
4925 4933
4926 4927
4926 4928
4926 4929
4926 4930
4926 4931
4926 4932
4926 4933
4927 4928
4927 4929
4927 4930
4927 4931
4927 4932
4927 4933
4928 4929
4928 4930
4928 4931
4928 4932
4928 4933
4929 4930
4929 4931
4929 4932
4929 4933
4930 4931
4930 4932
4930 4933
4931 4932
4931 4933
4932 4933
1476 2454
1476 2502
1476 2760
1476 2784
1476 2808
1476 3477
1476 4665
1476 4909
1476 4934
1476 4935
1476 4936
2454 2502
2454 2760
2454 2784
2454 2808
2454 3477
2454 4665
2454 4909
2454 4934
2454 4935
2454 4936
2502 2760
2502 2784
2502 2808
2502 3477
2502 4665
2502 4909
2502 4934
2502 4935
2502 4936
2760 2784
2760 2808
2760 3477
2760 4665
2760 4909
2760 4934
2760 4935
2760 4936
2784 2808
2784 3477
2784 4665
2784 4909
2784 4934
2784 4935
2784 4936
2808 3477
2808 4665
2808 4909
2808 4934
2808 4935
2808 4936
3477 4665
3477 4909
3477 4934
3477 4935
3477 4936
4665 4909
4665 4934
4665 4935
4665 4936
4909 4934
4909 4935
4909 4936
4934 4935
4934 4936
4935 4936
1477 2448
1477 4666
1477 4910
1477 4937
1477 4938
1477 4939
2448 4666
2448 4910
2448 4937
2448 4938
2448 4939
4666 4910
4666 4937
4666 4938
4666 4939
4910 4937
4910 4938
4910 4939
4937 4938
4937 4939
4938 4939
1478 2455
1478 4670
1478 4912
1478 4936
1478 4940
2455 4670
2455 4912
2455 4936
2455 4940
4670 4912
4670 4936
4670 4940
4912 4936
4912 4940
4936 4940
1484 1536
1484 1572
1484 2355
1484 2371
1484 4430
1484 4941
1484 4942
1536 1572
1536 2355
1536 2371
1536 4430
1536 4941
1536 4942
1572 2355
1572 2371
1572 4430
1572 4941
1572 4942
2355 2371
2355 4430
2355 4941
2355 4942
2371 4430
2371 4941
2371 4942
4430 4941
4430 4942
4941 4942
1485 1494
1485 1537
1485 2403
1485 3620
1485 4358
1485 4385
1485 4427
1485 4848
1485 4930
1485 4943
1485 4944
1485 4945
1485 4946
1494 1537
1494 2403
1494 3620
1494 4358
1494 4385
1494 4427
1494 4848
1494 4930
1494 4943
1494 4944
1494 4945
1494 4946
1537 2403
1537 3620
1537 4358
1537 4385
1537 4427
1537 4848
1537 4930
1537 4943
1537 4944
1537 4945
1537 4946
2403 3620
2403 4358
2403 4385
2403 4427
2403 4848
2403 4930
2403 4943
2403 4944
2403 4945
2403 4946
3620 4358
3620 4385
3620 4427
3620 4848
3620 4930
3620 4943
3620 4944
3620 4945
3620 4946
4358 4385
4358 4427
4358 4848
4358 4930
4358 4943
4358 4944
4358 4945
4358 4946
4385 4427
4385 4848
4385 4930
4385 4943
4385 4944
4385 4945
4385 4946
4427 4848
4427 4930
4427 4943
4427 4944
4427 4945
4427 4946
4848 4930
4848 4943
4848 4944
4848 4945
4848 4946
4930 4943
4930 4944
4930 4945
4930 4946
4943 4944
4943 4945
4943 4946
4944 4945
4944 4946
4945 4946
1486 1495
1486 2356
1486 4359
1486 4849
1486 4947
1495 2356
1495 4359
1495 4849
1495 4947
2356 4359
2356 4849
2356 4947
4359 4849
4359 4947
4849 4947
1496 4190
1496 4546
4190 4546
1497 1548
1497 1971
1497 3900
1497 4948
1548 1971
1548 3900
1548 4948
1971 3900
1971 4948
3900 4948
1498 1936
1498 2889
1498 4527
1498 4576
1498 4586
1498 4603
1498 4637
1498 4641
1498 4676
1498 4949
1936 2889
1936 4527
1936 4576
1936 4586
1936 4603
1936 4637
1936 4641
1936 4676
1936 4949
2889 4527
2889 4576
2889 4586
2889 4603
2889 4637
2889 4641
2889 4676
2889 4949
4527 4576
4527 4586
4527 4603
4527 4637
4527 4641
4527 4676
4527 4949
4576 4586
4576 4603
4576 4637
4576 4641
4576 4676
4576 4949
4586 4603
4586 4637
4586 4641
4586 4676
4586 4949
4603 4637
4603 4641
4603 4676
4603 4949
4637 4641
4637 4676
4637 4949
4641 4676
4641 4949
4676 4949
1499 3598
1499 3886
1499 4950
1499 4951
1499 4952
3598 3886
3598 4950
3598 4951
3598 4952
3886 4950
3886 4951
3886 4952
4950 4951
4950 4952
4951 4952
1500 3867
1500 4200
1500 4953
3867 4200
3867 4953
4200 4953
1501 1562
1501 3895
1501 4214
1501 4954
1501 4955
1501 4956
1501 4957
1501 4958
1562 3895
1562 4214
1562 4954
1562 4955
1562 4956
1562 4957
1562 4958
3895 4214
3895 4954
3895 4955
3895 4956
3895 4957
3895 4958
4214 4954
4214 4955
4214 4956
4214 4957
4214 4958
4954 4955
4954 4956
4954 4957
4954 4958
4955 4956
4955 4957
4955 4958
4956 4957
4956 4958
4957 4958
1505 1990
1505 3434
1505 3703
1505 4847
1505 4959
1505 4960
1990 3434
1990 3703
1990 4847
1990 4959
1990 4960
3434 3703
3434 4847
3434 4959
3434 4960
3703 4847
3703 4959
3703 4960
4847 4959
4847 4960
4959 4960
1506 1565
1506 1975
1506 3076
1506 3589
1506 3896
1506 4181
1506 4702
1506 4832
1506 4954
1506 4961
1506 4962
1506 4963
1506 4964
1506 4965
1506 4966
1506 4967
1506 4968
1565 1975
1565 3076
1565 3589
1565 3896
1565 4181
1565 4702
1565 4832
1565 4954
1565 4961
1565 4962
1565 4963
1565 4964
1565 4965
1565 4966
1565 4967
1565 4968
1975 3076
1975 3589
1975 3896
1975 4181
1975 4702
1975 4832
1975 4954
1975 4961
1975 4962
1975 4963
1975 4964
1975 4965
1975 4966
1975 4967
1975 4968
3076 3589
3076 3896
3076 4181
3076 4702
3076 4832
3076 4954
3076 4961
3076 4962
3076 4963
3076 4964
3076 4965
3076 4966
3076 4967
3076 4968
3589 3896
3589 4181
3589 4702
3589 4832
3589 4954
3589 4961
3589 4962
3589 4963
3589 4964
3589 4965
3589 4966
3589 4967
3589 4968
3896 4181
3896 4702
3896 4832
3896 4954
3896 4961
3896 4962
3896 4963
3896 4964
3896 4965
3896 4966
3896 4967
3896 4968
4181 4702
4181 4832
4181 4954
4181 4961
4181 4962
4181 4963
4181 4964
4181 4965
4181 4966
4181 4967
4181 4968
4702 4832
4702 4954
4702 4961
4702 4962
4702 4963
4702 4964
4702 4965
4702 4966
4702 4967
4702 4968
4832 4954
4832 4961
4832 4962
4832 4963
4832 4964
4832 4965
4832 4966
4832 4967
4832 4968
4954 4961
4954 4962
4954 4963
4954 4964
4954 4965
4954 4966
4954 4967
4954 4968
4961 4962
4961 4963
4961 4964
4961 4965
4961 4966
4961 4967
4961 4968
4962 4963
4962 4964
4962 4965
4962 4966
4962 4967
4962 4968
4963 4964
4963 4965
4963 4966
4963 4967
4963 4968
4964 4965
4964 4966
4964 4967
4964 4968
4965 4966
4965 4967
4965 4968
4966 4967
4966 4968
4967 4968
1507 2859
1507 4969
2859 4969
1508 1589
1508 1996
1508 3077
1508 3137
1508 4959
1508 4970
1508 4971
1589 1996
1589 3077
1589 3137
1589 4959
1589 4970
1589 4971
1996 3077
1996 3137
1996 4959
1996 4970
1996 4971
3077 3137
3077 4959
3077 4970
3077 4971
3137 4959
3137 4970
3137 4971
4959 4970
4959 4971
4970 4971
1517 2007
1517 2573
1517 4727
1517 4972
2007 2573
2007 4727
2007 4972
2573 4727
2573 4972
4727 4972
1520 3139
1520 3605
3139 3605
1525 2361
1525 4364
1525 4423
1525 4973
2361 4364
2361 4423
2361 4973
4364 4423
4364 4973
4423 4973
1527 4360
1527 4932
1527 4944
1527 4947
1527 4974
4360 4932
4360 4944
4360 4947
4360 4974
4932 4944
4932 4947
4932 4974
4944 4947
4944 4974
4947 4974
1528 2369
1528 2428
1528 4361
1528 4941
1528 4975
1528 4976
2369 2428
2369 4361
2369 4941
2369 4975
2369 4976
2428 4361
2428 4941
2428 4975
2428 4976
4361 4941
4361 4975
4361 4976
4941 4975
4941 4976
4975 4976
1529 2929
1529 4363
1529 4422
1529 4977
2929 4363
2929 4422
2929 4977
4363 4422
4363 4977
4422 4977
1531 4424
1532 1568
1532 4978
1568 4978
1534 1807
1534 2539
1534 2653
1534 2786
1534 3500
1534 3509
1534 4979
1534 4980
1807 2539
1807 2653
1807 2786
1807 3500
1807 3509
1807 4979
1807 4980
2539 2653
2539 2786
2539 3500
2539 3509
2539 4979
2539 4980
2653 2786
2653 3500
2653 3509
2653 4979
2653 4980
2786 3500
2786 3509
2786 4979
2786 4980
3500 3509
3500 4979
3500 4980
3509 4979
3509 4980
4979 4980
1535 2372
1535 4362
1535 4933
1535 4942
1535 4975
2372 4362
2372 4933
2372 4942
2372 4975
4362 4933
4362 4942
4362 4975
4933 4942
4933 4975
4942 4975
1546 1561
1546 3144
1546 3719
1546 4231
1546 4384
1546 4416
1546 4575
1561 3144
1561 3719
1561 4231
1561 4384
1561 4416
1561 4575
3144 3719
3144 4231
3144 4384
3144 4416
3144 4575
3719 4231
3719 4384
3719 4416
3719 4575
4231 4384
4231 4416
4231 4575
4384 4416
4384 4575
4416 4575
1555 3898
1555 4946
1555 4981
3898 4946
3898 4981
4946 4981
1556 2923
1558 2115
1558 2277
1558 2896
1558 2931
1558 2974
1558 3971
1558 4982
1558 4983
2115 2277
2115 2896
2115 2931
2115 2974
2115 3971
2115 4982
2115 4983
2277 2896
2277 2931
2277 2974
2277 3971
2277 4982
2277 4983
2896 2931
2896 2974
2896 3971
2896 4982
2896 4983
2931 2974
2931 3971
2931 4982
2931 4983
2974 3971
2974 4982
2974 4983
3971 4982
3971 4983
4982 4983
1567 3594
1567 3893
1567 4950
1567 4984
1567 4985
1567 4986
1567 4987
1567 4988
3594 3893
3594 4950
3594 4984
3594 4985
3594 4986
3594 4987
3594 4988
3893 4950
3893 4984
3893 4985
3893 4986
3893 4987
3893 4988
4950 4984
4950 4985
4950 4986
4950 4987
4950 4988
4984 4985
4984 4986
4984 4987
4984 4988
4985 4986
4985 4987
4985 4988
4986 4987
4986 4988
4987 4988
1569 4280
1569 4978
1569 4989
1569 4990
4280 4978
4280 4989
4280 4990
4978 4989
4978 4990
4989 4990
1585 2009
1585 2404
1585 3618
1585 4437
1585 4609
1585 4866
1585 4991
2009 2404
2009 3618
2009 4437
2009 4609
2009 4866
2009 4991
2404 3618
2404 4437
2404 4609
2404 4866
2404 4991
3618 4437
3618 4609
3618 4866
3618 4991
4437 4609
4437 4866
4437 4991
4609 4866
4609 4991
4866 4991
1591 2405
1602 2787
1602 3496
1602 4285
1602 4980
2787 3496
2787 4285
2787 4980
3496 4285
3496 4980
4285 4980
1641 1707
1641 2555
1641 3559
1641 4310
1641 4717
1641 4992
1641 4993
1641 4994
1641 4995
1707 2555
1707 3559
1707 4310
1707 4717
1707 4992
1707 4993
1707 4994
1707 4995
2555 3559
2555 4310
2555 4717
2555 4992
2555 4993
2555 4994
2555 4995
3559 4310
3559 4717
3559 4992
3559 4993
3559 4994
3559 4995
4310 4717
4310 4992
4310 4993
4310 4994
4310 4995
4717 4992
4717 4993
4717 4994
4717 4995
4992 4993
4992 4994
4992 4995
4993 4994
4993 4995
4994 4995
1642 1759
1642 2519
1642 2560
1642 2675
1642 2741
1642 2758
1642 4995
1642 4996
1759 2519
1759 2560
1759 2675
1759 2741
1759 2758
1759 4995
1759 4996
2519 2560
2519 2675
2519 2741
2519 2758
2519 4995
2519 4996
2560 2675
2560 2741
2560 2758
2560 4995
2560 4996
2675 2741
2675 2758
2675 4995
2675 4996
2741 2758
2741 4995
2741 4996
2758 4995
2758 4996
4995 4996
1643 1708
1643 2556
1643 4605
1643 4992
1643 4996
1643 4997
1708 2556
1708 4605
1708 4992
1708 4996
1708 4997
2556 4605
2556 4992
2556 4996
2556 4997
4605 4992
4605 4996
4605 4997
4992 4996
4992 4997
4996 4997
1645 2557
1645 4993
1645 4997
2557 4993
2557 4997
4993 4997
1647 1876
1647 2524
1647 2559
1647 2811
1647 4998
1647 4999
1647 5000
1876 2524
1876 2559
1876 2811
1876 4998
1876 4999
1876 5000
2524 2559
2524 2811
2524 4998
2524 4999
2524 5000
2559 2811
2559 4998
2559 4999
2559 5000
2811 4998
2811 4999
2811 5000
4998 4999
4998 5000
4999 5000
1648 1761
1648 1877
1648 2661
1648 2821
1648 3910
1648 4908
1648 5001
1648 5002
1761 1877
1761 2661
1761 2821
1761 3910
1761 4908
1761 5001
1761 5002
1877 2661
1877 2821
1877 3910
1877 4908
1877 5001
1877 5002
2661 2821
2661 3910
2661 4908
2661 5001
2661 5002
2821 3910
2821 4908
2821 5001
2821 5002
3910 4908
3910 5001
3910 5002
4908 5001
4908 5002
5001 5002
1649 2575
1649 2730
1649 2789
1649 3600
1649 4283
1649 4918
1649 5003
1649 5004
1649 5005
2575 2730
2575 2789
2575 3600
2575 4283
2575 4918
2575 5003
2575 5004
2575 5005
2730 2789
2730 3600
2730 4283
2730 4918
2730 5003
2730 5004
2730 5005
2789 3600
2789 4283
2789 4918
2789 5003
2789 5004
2789 5005
3600 4283
3600 4918
3600 5003
3600 5004
3600 5005
4283 4918
4283 5003
4283 5004
4283 5005
4918 5003
4918 5004
4918 5005
5003 5004
5003 5005
5004 5005
1656 2558
1656 4123
1656 4994
2558 4123
2558 4994
4123 4994
1662 1878
1662 2041
1662 2080
1662 2246
1662 2464
1662 2542
1662 4450
1662 5006
1662 5007
1662 5008
1878 2041
1878 2080
1878 2246
1878 2464
1878 2542
1878 4450
1878 5006
1878 5007
1878 5008
2041 2080
2041 2246
2041 2464
2041 2542
2041 4450
2041 5006
2041 5007
2041 5008
2080 2246
2080 2464
2080 2542
2080 4450
2080 5006
2080 5007
2080 5008
2246 2464
2246 2542
2246 4450
2246 5006
2246 5007
2246 5008
2464 2542
2464 4450
2464 5006
2464 5007
2464 5008
2542 4450
2542 5006
2542 5007
2542 5008
4450 5006
4450 5007
4450 5008
5006 5007
5006 5008
5007 5008
1671 4612
1671 5009
4612 5009
1605 4168
1605 4336
4168 4336
1606 5010
1607 2419
1607 3185
1607 3725
1607 4337
1607 4371
1607 4443
1607 4696
1607 4796
1607 4872
1607 4923
1607 5011
1607 5012
1607 5013
1607 5014
1607 5015
2419 3185
2419 3725
2419 4337
2419 4371
2419 4443
2419 4696
2419 4796
2419 4872
2419 4923
2419 5011
2419 5012
2419 5013
2419 5014
2419 5015
3185 3725
3185 4337
3185 4371
3185 4443
3185 4696
3185 4796
3185 4872
3185 4923
3185 5011
3185 5012
3185 5013
3185 5014
3185 5015
3725 4337
3725 4371
3725 4443
3725 4696
3725 4796
3725 4872
3725 4923
3725 5011
3725 5012
3725 5013
3725 5014
3725 5015
4337 4371
4337 4443
4337 4696
4337 4796
4337 4872
4337 4923
4337 5011
4337 5012
4337 5013
4337 5014
4337 5015
4371 4443
4371 4696
4371 4796
4371 4872
4371 4923
4371 5011
4371 5012
4371 5013
4371 5014
4371 5015
4443 4696
4443 4796
4443 4872
4443 4923
4443 5011
4443 5012
4443 5013
4443 5014
4443 5015
4696 4796
4696 4872
4696 4923
4696 5011
4696 5012
4696 5013
4696 5014
4696 5015
4796 4872
4796 4923
4796 5011
4796 5012
4796 5013
4796 5014
4796 5015
4872 4923
4872 5011
4872 5012
4872 5013
4872 5014
4872 5015
4923 5011
4923 5012
4923 5013
4923 5014
4923 5015
5011 5012
5011 5013
5011 5014
5011 5015
5012 5013
5012 5014
5012 5015
5013 5014
5013 5015
5014 5015
1608 4873
1609 3726
1609 4338
1609 4816
1609 4838
1609 4874
1609 5013
1609 5016
1609 5017
3726 4338
3726 4816
3726 4838
3726 4874
3726 5013
3726 5016
3726 5017
4338 4816
4338 4838
4338 4874
4338 5013
4338 5016
4338 5017
4816 4838
4816 4874
4816 5013
4816 5016
4816 5017
4838 4874
4838 5013
4838 5016
4838 5017
4874 5013
4874 5016
4874 5017
5013 5016
5013 5017
5016 5017
1610 3114
1610 3983
1610 4053
1610 4339
1610 5018
1610 5019
1610 5020
1610 5021
1610 5022
3114 3983
3114 4053
3114 4339
3114 5018
3114 5019
3114 5020
3114 5021
3114 5022
3983 4053
3983 4339
3983 5018
3983 5019
3983 5020
3983 5021
3983 5022
4053 4339
4053 5018
4053 5019
4053 5020
4053 5021
4053 5022
4339 5018
4339 5019
4339 5020
4339 5021
4339 5022
5018 5019
5018 5020
5018 5021
5018 5022
5019 5020
5019 5021
5019 5022
5020 5021
5020 5022
5021 5022
1611 3386
1611 3563
1611 3641
1611 5023
1611 5024
1611 5025
1611 5026
1611 5027
3386 3563
3386 3641
3386 5023
3386 5024
3386 5025
3386 5026
3386 5027
3563 3641
3563 5023
3563 5024
3563 5025
3563 5026
3563 5027
3641 5023
3641 5024
3641 5025
3641 5026
3641 5027
5023 5024
5023 5025
5023 5026
5023 5027
5024 5025
5024 5026
5024 5027
5025 5026
5025 5027
5026 5027
1612 3084
1612 3115
1612 3924
1612 4211
1612 4833
1612 4851
1612 5028
3084 3115
3084 3924
3084 4211
3084 4833
3084 4851
3084 5028
3115 3924
3115 4211
3115 4833
3115 4851
3115 5028
3924 4211
3924 4833
3924 4851
3924 5028
4211 4833
4211 4851
4211 5028
4833 4851
4833 5028
4851 5028
1613 2254
1613 3619
1613 3912
1613 4008
1613 5021
1613 5029
1613 5030
1613 5031
1613 5032
1613 5033
2254 3619
2254 3912
2254 4008
2254 5021
2254 5029
2254 5030
2254 5031
2254 5032
2254 5033
3619 3912
3619 4008
3619 5021
3619 5029
3619 5030
3619 5031
3619 5032
3619 5033
3912 4008
3912 5021
3912 5029
3912 5030
3912 5031
3912 5032
3912 5033
4008 5021
4008 5029
4008 5030
4008 5031
4008 5032
4008 5033
5021 5029
5021 5030
5021 5031
5021 5032
5021 5033
5029 5030
5029 5031
5029 5032
5029 5033
5030 5031
5030 5032
5030 5033
5031 5032
5031 5033
5032 5033
1614 2018
1614 2237
1614 2907
1614 3445
1614 3913
1614 4171
1614 4334
1614 4341
1614 4883
1614 5034
2018 2237
2018 2907
2018 3445
2018 3913
2018 4171
2018 4334
2018 4341
2018 4883
2018 5034
2237 2907
2237 3445
2237 3913
2237 4171
2237 4334
2237 4341
2237 4883
2237 5034
2907 3445
2907 3913
2907 4171
2907 4334
2907 4341
2907 4883
2907 5034
3445 3913
3445 4171
3445 4334
3445 4341
3445 4883
3445 5034
3913 4171
3913 4334
3913 4341
3913 4883
3913 5034
4171 4334
4171 4341
4171 4883
4171 5034
4334 4341
4334 4883
4334 5034
4341 4883
4341 5034
4883 5034
1615 1919
1615 2423
1615 3116
1615 4342
1615 4515
1615 4767
1615 4863
1615 5035
1615 5036
1615 5037
1919 2423
1919 3116
1919 4342
1919 4515
1919 4767
1919 4863
1919 5035
1919 5036
1919 5037
2423 3116
2423 4342
2423 4515
2423 4767
2423 4863
2423 5035
2423 5036
2423 5037
3116 4342
3116 4515
3116 4767
3116 4863
3116 5035
3116 5036
3116 5037
4342 4515
4342 4767
4342 4863
4342 5035
4342 5036
4342 5037
4515 4767
4515 4863
4515 5035
4515 5036
4515 5037
4767 4863
4767 5035
4767 5036
4767 5037
4863 5035
4863 5036
4863 5037
5035 5036
5035 5037
5036 5037
1616 5038
1616 5039
5038 5039
1617 5040
1629 2422
1629 2895
1629 3001
1629 3675
1629 3729
1629 3856
1629 4213
1629 4372
1629 4447
1629 4607
1629 4773
1629 4797
1629 4800
1629 4817
1629 4875
1629 5008
1629 5014
1629 5038
1629 5041
1629 5042
1629 5043
1629 5044
1629 5045
2422 2895
2422 3001
2422 3675
2422 3729
2422 3856
2422 4213
2422 4372
2422 4447
2422 4607
2422 4773
2422 4797
2422 4800
2422 4817
2422 4875
2422 5008
2422 5014
2422 5038
2422 5041
2422 5042
2422 5043
2422 5044
2422 5045
2895 3001
2895 3675
2895 3729
2895 3856
2895 4213
2895 4372
2895 4447
2895 4607
2895 4773
2895 4797
2895 4800
2895 4817
2895 4875
2895 5008
2895 5014
2895 5038
2895 5041
2895 5042
2895 5043
2895 5044
2895 5045
3001 3675
3001 3729
3001 3856
3001 4213
3001 4372
3001 4447
3001 4607
3001 4773
3001 4797
3001 4800
3001 4817
3001 4875
3001 5008
3001 5014
3001 5038
3001 5041
3001 5042
3001 5043
3001 5044
3001 5045
3675 3729
3675 3856
3675 4213
3675 4372
3675 4447
3675 4607
3675 4773
3675 4797
3675 4800
3675 4817
3675 4875
3675 5008
3675 5014
3675 5038
3675 5041
3675 5042
3675 5043
3675 5044
3675 5045
3729 3856
3729 4213
3729 4372
3729 4447
3729 4607
3729 4773
3729 4797
3729 4800
3729 4817
3729 4875
3729 5008
3729 5014
3729 5038
3729 5041
3729 5042
3729 5043
3729 5044
3729 5045
3856 4213
3856 4372
3856 4447
3856 4607
3856 4773
3856 4797
3856 4800
3856 4817
3856 4875
3856 5008
3856 5014
3856 5038
3856 5041
3856 5042
3856 5043
3856 5044
3856 5045
4213 4372
4213 4447
4213 4607
4213 4773
4213 4797
4213 4800
4213 4817
4213 4875
4213 5008
4213 5014
4213 5038
4213 5041
4213 5042
4213 5043
4213 5044
4213 5045
4372 4447
4372 4607
4372 4773
4372 4797
4372 4800
4372 4817
4372 4875
4372 5008
4372 5014
4372 5038
4372 5041
4372 5042
4372 5043
4372 5044
4372 5045
4447 4607
4447 4773
4447 4797
4447 4800
4447 4817
4447 4875
4447 5008
4447 5014
4447 5038
4447 5041
4447 5042
4447 5043
4447 5044
4447 5045
4607 4773
4607 4797
4607 4800
4607 4817
4607 4875
4607 5008
4607 5014
4607 5038
4607 5041
4607 5042
4607 5043
4607 5044
4607 5045
4773 4797
4773 4800
4773 4817
4773 4875
4773 5008
4773 5014
4773 5038
4773 5041
4773 5042
4773 5043
4773 5044
4773 5045
4797 4800
4797 4817
4797 4875
4797 5008
4797 5014
4797 5038
4797 5041
4797 5042
4797 5043
4797 5044
4797 5045
4800 4817
4800 4875
4800 5008
4800 5014
4800 5038
4800 5041
4800 5042
4800 5043
4800 5044
4800 5045
4817 4875
4817 5008
4817 5014
4817 5038
4817 5041
4817 5042
4817 5043
4817 5044
4817 5045
4875 5008
4875 5014
4875 5038
4875 5041
4875 5042
4875 5043
4875 5044
4875 5045
5008 5014
5008 5038
5008 5041
5008 5042
5008 5043
5008 5044
5008 5045
5014 5038
5014 5041
5014 5042
5014 5043
5014 5044
5014 5045
5038 5041
5038 5042
5038 5043
5038 5044
5038 5045
5041 5042
5041 5043
5041 5044
5041 5045
5042 5043
5042 5044
5042 5045
5043 5044
5043 5045
5044 5045
1636 3019
1636 3474
1636 3745
3019 3474
3019 3745
3474 3745
1639 1756
1639 3275
1639 3746
1639 4577
1639 5046
1639 5047
1756 3275
1756 3746
1756 4577
1756 5046
1756 5047
3275 3746
3275 4577
3275 5046
3275 5047
3746 4577
3746 5046
3746 5047
4577 5046
4577 5047
5046 5047
1719 1748
1719 1813
1719 1815
1719 2324
1719 4821
1748 1813
1748 1815
1748 2324
1748 4821
1813 1815
1813 2324
1813 4821
1815 2324
1815 4821
2324 4821
1730 2478
1730 3194
1730 3276
1730 3747
1730 4840
1730 5048
1730 5049
1730 5050
2478 3194
2478 3276
2478 3747
2478 4840
2478 5048
2478 5049
2478 5050
3194 3276
3194 3747
3194 4840
3194 5048
3194 5049
3194 5050
3276 3747
3276 4840
3276 5048
3276 5049
3276 5050
3747 4840
3747 5048
3747 5049
3747 5050
4840 5048
4840 5049
4840 5050
5048 5049
5048 5050
5049 5050
1706 1744
1706 2680
1706 3020
1706 3842
1744 2680
1744 3020
1744 3842
2680 3020
2680 3842
3020 3842
1749 3519
1751 2473
1751 2840
1751 3843
1751 4503
1751 4568
1751 5051
1751 5052
1751 5053
2473 2840
2473 3843
2473 4503
2473 4568
2473 5051
2473 5052
2473 5053
2840 3843
2840 4503
2840 4568
2840 5051
2840 5052
2840 5053
3843 4503
3843 4568
3843 5051
3843 5052
3843 5053
4503 4568
4503 5051
4503 5052
4503 5053
4568 5051
4568 5052
4568 5053
5051 5052
5051 5053
5052 5053
1753 2837
1766 2681
1766 3370
2681 3370
1767 1991
1767 2222
1767 2722
1767 3057
1767 3676
1767 4063
1767 4795
1767 4860
1767 4973
1767 4991
1767 5045
1991 2222
1991 2722
1991 3057
1991 3676
1991 4063
1991 4795
1991 4860
1991 4973
1991 4991
1991 5045
2222 2722
2222 3057
2222 3676
2222 4063
2222 4795
2222 4860
2222 4973
2222 4991
2222 5045
2722 3057
2722 3676
2722 4063
2722 4795
2722 4860
2722 4973
2722 4991
2722 5045
3057 3676
3057 4063
3057 4795
3057 4860
3057 4973
3057 4991
3057 5045
3676 4063
3676 4795
3676 4860
3676 4973
3676 4991
3676 5045
4063 4795
4063 4860
4063 4973
4063 4991
4063 5045
4795 4860
4795 4973
4795 4991
4795 5045
4860 4973
4860 4991
4860 5045
4973 4991
4973 5045
4991 5045
1768 2487
1768 2834
2487 2834
1770 1891
1770 2692
1770 4701
1770 5054
1891 2692
1891 4701
1891 5054
2692 4701
2692 5054
4701 5054
1771 3499
1796 1977
1804 4979
1805 1874
1851 3208
1851 4854
3208 4854
1852 2236
1852 2545
1852 3046
1852 3368
1852 3716
1852 3844
1852 4258
1852 4264
1852 4351
1852 4698
1852 4730
1852 4761
1852 4876
1852 5055
1852 5056
1852 5057
1852 5058
1852 5059
1852 5060
1852 5061
2236 2545
2236 3046
2236 3368
2236 3716
2236 3844
2236 4258
2236 4264
2236 4351
2236 4698
2236 4730
2236 4761
2236 4876
2236 5055
2236 5056
2236 5057
2236 5058
2236 5059
2236 5060
2236 5061
2545 3046
2545 3368
2545 3716
2545 3844
2545 4258
2545 4264
2545 4351
2545 4698
2545 4730
2545 4761
2545 4876
2545 5055
2545 5056
2545 5057
2545 5058
2545 5059
2545 5060
2545 5061
3046 3368
3046 3716
3046 3844
3046 4258
3046 4264
3046 4351
3046 4698
3046 4730
3046 4761
3046 4876
3046 5055
3046 5056
3046 5057
3046 5058
3046 5059
3046 5060
3046 5061
3368 3716
3368 3844
3368 4258
3368 4264
3368 4351
3368 4698
3368 4730
3368 4761
3368 4876
3368 5055
3368 5056
3368 5057
3368 5058
3368 5059
3368 5060
3368 5061
3716 3844
3716 4258
3716 4264
3716 4351
3716 4698
3716 4730
3716 4761
3716 4876
3716 5055
3716 5056
3716 5057
3716 5058
3716 5059
3716 5060
3716 5061
3844 4258
3844 4264
3844 4351
3844 4698
3844 4730
3844 4761
3844 4876
3844 5055
3844 5056
3844 5057
3844 5058
3844 5059
3844 5060
3844 5061
4258 4264
4258 4351
4258 4698
4258 4730
4258 4761
4258 4876
4258 5055
4258 5056
4258 5057
4258 5058
4258 5059
4258 5060
4258 5061
4264 4351
4264 4698
4264 4730
4264 4761
4264 4876
4264 5055
4264 5056
4264 5057
4264 5058
4264 5059
4264 5060
4264 5061
4351 4698
4351 4730
4351 4761
4351 4876
4351 5055
4351 5056
4351 5057
4351 5058
4351 5059
4351 5060
4351 5061
4698 4730
4698 4761
4698 4876
4698 5055
4698 5056
4698 5057
4698 5058
4698 5059
4698 5060
4698 5061
4730 4761
4730 4876
4730 5055
4730 5056
4730 5057
4730 5058
4730 5059
4730 5060
4730 5061
4761 4876
4761 5055
4761 5056
4761 5057
4761 5058
4761 5059
4761 5060
4761 5061
4876 5055
4876 5056
4876 5057
4876 5058
4876 5059
4876 5060
4876 5061
5055 5056
5055 5057
5055 5058
5055 5059
5055 5060
5055 5061
5056 5057
5056 5058
5056 5059
5056 5060
5056 5061
5057 5058
5057 5059
5057 5060
5057 5061
5058 5059
5058 5060
5058 5061
5059 5060
5059 5061
5060 5061
1853 2734
1853 3330
1853 3841
1853 4344
1853 5062
2734 3330
2734 3841
2734 4344
2734 5062
3330 3841
3330 4344
3330 5062
3841 4344
3841 5062
4344 5062
1854 3150
1854 4566
1854 4581
1854 5063
3150 4566
3150 4581
3150 5063
4566 4581
4566 5063
4581 5063
1861 1923
1861 2304
1861 2488
1861 3749
1861 4281
1861 4512
1861 4862
1861 5037
1861 5064
1861 5065
1861 5066
1923 2304
1923 2488
1923 3749
1923 4281
1923 4512
1923 4862
1923 5037
1923 5064
1923 5065
1923 5066
2304 2488
2304 3749
2304 4281
2304 4512
2304 4862
2304 5037
2304 5064
2304 5065
2304 5066
2488 3749
2488 4281
2488 4512
2488 4862
2488 5037
2488 5064
2488 5065
2488 5066
3749 4281
3749 4512
3749 4862
3749 5037
3749 5064
3749 5065
3749 5066
4281 4512
4281 4862
4281 5037
4281 5064
4281 5065
4281 5066
4512 4862
4512 5037
4512 5064
4512 5065
4512 5066
4862 5037
4862 5064
4862 5065
4862 5066
5037 5064
5037 5065
5037 5066
5064 5065
5064 5066
5065 5066
1869 2178
1869 2567
1869 2735
1869 2795
1869 2883
1869 3492
1869 5055
1869 5067
2178 2567
2178 2735
2178 2795
2178 2883
2178 3492
2178 5055
2178 5067
2567 2735
2567 2795
2567 2883
2567 3492
2567 5055
2567 5067
2735 2795
2735 2883
2735 3492
2735 5055
2735 5067
2795 2883
2795 3492
2795 5055
2795 5067
2883 3492
2883 5055
2883 5067
3492 5055
3492 5067
5055 5067
1870 1955
1870 3273
1870 3750
1870 3845
1870 5068
1955 3273
1955 3750
1955 3845
1955 5068
3273 3750
3273 3845
3273 5068
3750 3845
3750 5068
3845 5068
1873 2477
1873 3072
1873 3193
1873 3242
1873 3274
1873 3751
1873 4567
1873 4583
1873 5047
1873 5052
1873 5063
1873 5069
2477 3072
2477 3193
2477 3242
2477 3274
2477 3751
2477 4567
2477 4583
2477 5047
2477 5052
2477 5063
2477 5069
3072 3193
3072 3242
3072 3274
3072 3751
3072 4567
3072 4583
3072 5047
3072 5052
3072 5063
3072 5069
3193 3242
3193 3274
3193 3751
3193 4567
3193 4583
3193 5047
3193 5052
3193 5063
3193 5069
3242 3274
3242 3751
3242 4567
3242 4583
3242 5047
3242 5052
3242 5063
3242 5069
3274 3751
3274 4567
3274 4583
3274 5047
3274 5052
3274 5063
3274 5069
3751 4567
3751 4583
3751 5047
3751 5052
3751 5063
3751 5069
4567 4583
4567 5047
4567 5052
4567 5063
4567 5069
4583 5047
4583 5052
4583 5063
4583 5069
5047 5052
5047 5063
5047 5069
5052 5063
5052 5069
5063 5069
1882 2494
1882 2525
1882 2638
1882 2796
1882 3234
1882 4312
1882 4906
1882 4911
1882 5001
1882 5070
1882 5071
2494 2525
2494 2638
2494 2796
2494 3234
2494 4312
2494 4906
2494 4911
2494 5001
2494 5070
2494 5071
2525 2638
2525 2796
2525 3234
2525 4312
2525 4906
2525 4911
2525 5001
2525 5070
2525 5071
2638 2796
2638 3234
2638 4312
2638 4906
2638 4911
2638 5001
2638 5070
2638 5071
2796 3234
2796 4312
2796 4906
2796 4911
2796 5001
2796 5070
2796 5071
3234 4312
3234 4906
3234 4911
3234 5001
3234 5070
3234 5071
4312 4906
4312 4911
4312 5001
4312 5070
4312 5071
4906 4911
4906 5001
4906 5070
4906 5071
4911 5001
4911 5070
4911 5071
5001 5070
5001 5071
5070 5071
1883 2763
1883 2797
1883 4471
1883 5004
1883 5070
2763 2797
2763 4471
2763 5004
2763 5070
2797 4471
2797 5004
2797 5070
4471 5004
4471 5070
5004 5070
1897 3485
1897 3493
1897 3497
1897 4061
1897 5072
1897 5073
3485 3493
3485 3497
3485 4061
3485 5072
3485 5073
3493 3497
3493 4061
3493 5072
3493 5073
3497 4061
3497 5072
3497 5073
4061 5072
4061 5073
5072 5073
1704 2437
1704 2527
1704 2657
1704 2683
1704 2698
1704 2709
1704 2747
1704 2798
1704 2828
1704 3673
1704 4047
1704 4294
1704 4658
1704 5005
1704 5058
1704 5074
1704 5075
1704 5076
2437 2527
2437 2657
2437 2683
2437 2698
2437 2709
2437 2747
2437 2798
2437 2828
2437 3673
2437 4047
2437 4294
2437 4658
2437 5005
2437 5058
2437 5074
2437 5075
2437 5076
2527 2657
2527 2683
2527 2698
2527 2709
2527 2747
2527 2798
2527 2828
2527 3673
2527 4047
2527 4294
2527 4658
2527 5005
2527 5058
2527 5074
2527 5075
2527 5076
2657 2683
2657 2698
2657 2709
2657 2747
2657 2798
2657 2828
2657 3673
2657 4047
2657 4294
2657 4658
2657 5005
2657 5058
2657 5074
2657 5075
2657 5076
2683 2698
2683 2709
2683 2747
2683 2798
2683 2828
2683 3673
2683 4047
2683 4294
2683 4658
2683 5005
2683 5058
2683 5074
2683 5075
2683 5076
2698 2709
2698 2747
2698 2798
2698 2828
2698 3673
2698 4047
2698 4294
2698 4658
2698 5005
2698 5058
2698 5074
2698 5075
2698 5076
2709 2747
2709 2798
2709 2828
2709 3673
2709 4047
2709 4294
2709 4658
2709 5005
2709 5058
2709 5074
2709 5075
2709 5076
2747 2798
2747 2828
2747 3673
2747 4047
2747 4294
2747 4658
2747 5005
2747 5058
2747 5074
2747 5075
2747 5076
2798 2828
2798 3673
2798 4047
2798 4294
2798 4658
2798 5005
2798 5058
2798 5074
2798 5075
2798 5076
2828 3673
2828 4047
2828 4294
2828 4658
2828 5005
2828 5058
2828 5074
2828 5075
2828 5076
3673 4047
3673 4294
3673 4658
3673 5005
3673 5058
3673 5074
3673 5075
3673 5076
4047 4294
4047 4658
4047 5005
4047 5058
4047 5074
4047 5075
4047 5076
4294 4658
4294 5005
4294 5058
4294 5074
4294 5075
4294 5076
4658 5005
4658 5058
4658 5074
4658 5075
4658 5076
5005 5058
5005 5074
5005 5075
5005 5076
5058 5074
5058 5075
5058 5076
5074 5075
5074 5076
5075 5076
1705 2272
1705 3288
1705 4048
1705 4295
1705 4858
1705 5077
1705 5078
1705 5079
1705 5080
2272 3288
2272 4048
2272 4295
2272 4858
2272 5077
2272 5078
2272 5079
2272 5080
3288 4048
3288 4295
3288 4858
3288 5077
3288 5078
3288 5079
3288 5080
4048 4295
4048 4858
4048 5077
4048 5078
4048 5079
4048 5080
4295 4858
4295 5077
4295 5078
4295 5079
4295 5080
4858 5077
4858 5078
4858 5079
4858 5080
5077 5078
5077 5079
5077 5080
5078 5079
5078 5080
5079 5080
1998 2238
1998 2919
1998 3045
1998 3132
2238 2919
2238 3045
2238 3132
2919 3045
2919 3132
3045 3132
2002 2347
2002 4391
2002 4591
2002 4859
2002 4971
2002 5081
2347 4391
2347 4591
2347 4859
2347 4971
2347 5081
4391 4591
4391 4859
4391 4971
4391 5081
4591 4859
4591 4971
4591 5081
4859 4971
4859 5081
4971 5081
2003 3131
2003 4072
2003 4392
2003 4594
2003 5082
2003 5083
3131 4072
3131 4392
3131 4594
3131 5082
3131 5083
4072 4392
4072 4594
4072 5082
4072 5083
4392 4594
4392 5082
4392 5083
4594 5082
4594 5083
5082 5083
2004 5061
2004 5084
5061 5084
2005 3879
2005 4354
2005 5033
2005 5059
2005 5085
3879 4354
3879 5033
3879 5059
3879 5085
4354 5033
4354 5059
4354 5085
5033 5059
5033 5085
5059 5085
1929 2467
1929 2921
1929 3713
1929 4129
1929 4177
1929 4700
1929 5086
1929 5087
2467 2921
2467 3713
2467 4129
2467 4177
2467 4700
2467 5086
2467 5087
2921 3713
2921 4129
2921 4177
2921 4700
2921 5086
2921 5087
3713 4129
3713 4177
3713 4700
3713 5086
3713 5087
4129 4177
4129 4700
4129 5086
4129 5087
4177 4700
4177 5086
4177 5087
4700 5086
4700 5087
5086 5087
1930 4506
1930 4861
1930 5035
1930 5064
1930 5088
1930 5089
1930 5090
1930 5091
1930 5092
1930 5093
1930 5094
4506 4861
4506 5035
4506 5064
4506 5088
4506 5089
4506 5090
4506 5091
4506 5092
4506 5093
4506 5094
4861 5035
4861 5064
4861 5088
4861 5089
4861 5090
4861 5091
4861 5092
4861 5093
4861 5094
5035 5064
5035 5088
5035 5089
5035 5090
5035 5091
5035 5092
5035 5093
5035 5094
5064 5088
5064 5089
5064 5090
5064 5091
5064 5092
5064 5093
5064 5094
5088 5089
5088 5090
5088 5091
5088 5092
5088 5093
5088 5094
5089 5090
5089 5091
5089 5092
5089 5093
5089 5094
5090 5091
5090 5092
5090 5093
5090 5094
5091 5092
5091 5093
5091 5094
5092 5093
5092 5094
5093 5094
1931 2922
1931 3450
1931 3817
1931 4378
1931 5095
1931 5096
1931 5097
1931 5098
2922 3450
2922 3817
2922 4378
2922 5095
2922 5096
2922 5097
2922 5098
3450 3817
3450 4378
3450 5095
3450 5096
3450 5097
3450 5098
3817 4378
3817 5095
3817 5096
3817 5097
3817 5098
4378 5095
4378 5096
4378 5097
4378 5098
5095 5096
5095 5097
5095 5098
5096 5097
5096 5098
5097 5098
1932 4356
1932 4928
4356 4928
1933 2934
1933 4477
1933 4507
1933 4526
1933 4542
1933 4720
1933 4729
1933 4750
1933 4801
1933 5099
1933 5100
1933 5101
1933 5102
1933 5103
2934 4477
2934 4507
2934 4526
2934 4542
2934 4720
2934 4729
2934 4750
2934 4801
2934 5099
2934 5100
2934 5101
2934 5102
2934 5103
4477 4507
4477 4526
4477 4542
4477 4720
4477 4729
4477 4750
4477 4801
4477 5099
4477 5100
4477 5101
4477 5102
4477 5103
4507 4526
4507 4542
4507 4720
4507 4729
4507 4750
4507 4801
4507 5099
4507 5100
4507 5101
4507 5102
4507 5103
4526 4542
4526 4720
4526 4729
4526 4750
4526 4801
4526 5099
4526 5100
4526 5101
4526 5102
4526 5103
4542 4720
4542 4729
4542 4750
4542 4801
4542 5099
4542 5100
4542 5101
4542 5102
4542 5103
4720 4729
4720 4750
4720 4801
4720 5099
4720 5100
4720 5101
4720 5102
4720 5103
4729 4750
4729 4801
4729 5099
4729 5100
4729 5101
4729 5102
4729 5103
4750 4801
4750 5099
4750 5100
4750 5101
4750 5102
4750 5103
4801 5099
4801 5100
4801 5101
4801 5102
4801 5103
5099 5100
5099 5101
5099 5102
5099 5103
5100 5101
5100 5102
5100 5103
5101 5102
5101 5103
5102 5103
1954 3915
1959 3104
1959 4836
1959 5104
1959 5105
1959 5106
1959 5107
3104 4836
3104 5104
3104 5105
3104 5106
3104 5107
4836 5104
4836 5105
4836 5106
4836 5107
5104 5105
5104 5106
5104 5107
5105 5106
5105 5107
5106 5107
1960 2027
1960 2400
1960 2888
1960 3054
1960 3133
1960 3413
1960 3511
1960 3709
1960 3820
1960 4432
1960 4672
1960 5108
1960 5109
1960 5110
2027 2400
2027 2888
2027 3054
2027 3133
2027 3413
2027 3511
2027 3709
2027 3820
2027 4432
2027 4672
2027 5108
2027 5109
2027 5110
2400 2888
2400 3054
2400 3133
2400 3413
2400 3511
2400 3709
2400 3820
2400 4432
2400 4672
2400 5108
2400 5109
2400 5110
2888 3054
2888 3133
2888 3413
2888 3511
2888 3709
2888 3820
2888 4432
2888 4672
2888 5108
2888 5109
2888 5110
3054 3133
3054 3413
3054 3511
3054 3709
3054 3820
3054 4432
3054 4672
3054 5108
3054 5109
3054 5110
3133 3413
3133 3511
3133 3709
3133 3820
3133 4432
3133 4672
3133 5108
3133 5109
3133 5110
3413 3511
3413 3709
3413 3820
3413 4432
3413 4672
3413 5108
3413 5109
3413 5110
3511 3709
3511 3820
3511 4432
3511 4672
3511 5108
3511 5109
3511 5110
3709 3820
3709 4432
3709 4672
3709 5108
3709 5109
3709 5110
3820 4432
3820 4672
3820 5108
3820 5109
3820 5110
4432 4672
4432 5108
4432 5109
4432 5110
4672 5108
4672 5109
4672 5110
5108 5109
5108 5110
5109 5110
1961 3418
1961 3435
1961 4643
1961 5111
3418 3435
3418 4643
3418 5111
3435 4643
3435 5111
4643 5111
1963 5112
1963 5113
5112 5113
1964 2351
1964 4846
1964 4929
1964 5034
1964 5114
2351 4846
2351 4929
2351 5034
2351 5114
4846 4929
4846 5034
4846 5114
4929 5034
4929 5114
5034 5114
1978 3081
1980 3008
1980 3419
1980 4639
1980 5115
3008 3419
3008 4639
3008 5115
3419 4639
3419 5115
4639 5115
2062 2072
2062 2168
2062 3107
2062 5116
2072 2168
2072 3107
2072 5116
2168 3107
2168 5116
3107 5116
2063 2160
2063 3769
2063 4777
2160 3769
2160 4777
3769 4777
2064 2176
2064 4718
2064 4724
2064 4778
2064 5105
2176 4718
2176 4724
2176 4778
2176 5105
4718 4724
4718 4778
4718 5105
4724 4778
4724 5105
4778 5105
2074 2081
2074 2112
2074 2201
2074 5117
2081 2112
2081 2201
2081 5117
2112 2201
2112 5117
2201 5117
2087 2352
2087 3555
2087 3793
2087 3963
2087 4020
2087 4159
2087 4165
2087 4270
2087 4618
2087 4889
2087 4902
2087 5118
2087 5119
2087 5120
2087 5121
2087 5122
2087 5123
2087 5124
2087 5125
2087 5126
2087 5127
2352 3555
2352 3793
2352 3963
2352 4020
2352 4159
2352 4165
2352 4270
2352 4618
2352 4889
2352 4902
2352 5118
2352 5119
2352 5120
2352 5121
2352 5122
2352 5123
2352 5124
2352 5125
2352 5126
2352 5127
3555 3793
3555 3963
3555 4020
3555 4159
3555 4165
3555 4270
3555 4618
3555 4889
3555 4902
3555 5118
3555 5119
3555 5120
3555 5121
3555 5122
3555 5123
3555 5124
3555 5125
3555 5126
3555 5127
3793 3963
3793 4020
3793 4159
3793 4165
3793 4270
3793 4618
3793 4889
3793 4902
3793 5118
3793 5119
3793 5120
3793 5121
3793 5122
3793 5123
3793 5124
3793 5125
3793 5126
3793 5127
3963 4020
3963 4159
3963 4165
3963 4270
3963 4618
3963 4889
3963 4902
3963 5118
3963 5119
3963 5120
3963 5121
3963 5122
3963 5123
3963 5124
3963 5125
3963 5126
3963 5127
4020 4159
4020 4165
4020 4270
4020 4618
4020 4889
4020 4902
4020 5118
4020 5119
4020 5120
4020 5121
4020 5122
4020 5123
4020 5124
4020 5125
4020 5126
4020 5127
4159 4165
4159 4270
4159 4618
4159 4889
4159 4902
4159 5118
4159 5119
4159 5120
4159 5121
4159 5122
4159 5123
4159 5124
4159 5125
4159 5126
4159 5127
4165 4270
4165 4618
4165 4889
4165 4902
4165 5118
4165 5119
4165 5120
4165 5121
4165 5122
4165 5123
4165 5124
4165 5125
4165 5126
4165 5127
4270 4618
4270 4889
4270 4902
4270 5118
4270 5119
4270 5120
4270 5121
4270 5122
4270 5123
4270 5124
4270 5125
4270 5126
4270 5127
4618 4889
4618 4902
4618 5118
4618 5119
4618 5120
4618 5121
4618 5122
4618 5123
4618 5124
4618 5125
4618 5126
4618 5127
4889 4902
4889 5118
4889 5119
4889 5120
4889 5121
4889 5122
4889 5123
4889 5124
4889 5125
4889 5126
4889 5127
4902 5118
4902 5119
4902 5120
4902 5121
4902 5122
4902 5123
4902 5124
4902 5125
4902 5126
4902 5127
5118 5119
5118 5120
5118 5121
5118 5122
5118 5123
5118 5124
5118 5125
5118 5126
5118 5127
5119 5120
5119 5121
5119 5122
5119 5123
5119 5124
5119 5125
5119 5126
5119 5127
5120 5121
5120 5122
5120 5123
5120 5124
5120 5125
5120 5126
5120 5127
5121 5122
5121 5123
5121 5124
5121 5125
5121 5126
5121 5127
5122 5123
5122 5124
5122 5125
5122 5126
5122 5127
5123 5124
5123 5125
5123 5126
5123 5127
5124 5125
5124 5126
5124 5127
5125 5126
5125 5127
5126 5127
2104 2548
2104 2804
2104 3206
2104 3280
2104 3312
2104 3794
2104 3976
2104 4126
2104 4289
2104 4710
2104 4737
2104 4897
2104 4914
2104 4919
2104 4939
2104 5128
2104 5129
2104 5130
2104 5131
2104 5132
2548 2804
2548 3206
2548 3280
2548 3312
2548 3794
2548 3976
2548 4126
2548 4289
2548 4710
2548 4737
2548 4897
2548 4914
2548 4919
2548 4939
2548 5128
2548 5129
2548 5130
2548 5131
2548 5132
2804 3206
2804 3280
2804 3312
2804 3794
2804 3976
2804 4126
2804 4289
2804 4710
2804 4737
2804 4897
2804 4914
2804 4919
2804 4939
2804 5128
2804 5129
2804 5130
2804 5131
2804 5132
3206 3280
3206 3312
3206 3794
3206 3976
3206 4126
3206 4289
3206 4710
3206 4737
3206 4897
3206 4914
3206 4919
3206 4939
3206 5128
3206 5129
3206 5130
3206 5131
3206 5132
3280 3312
3280 3794
3280 3976
3280 4126
3280 4289
3280 4710
3280 4737
3280 4897
3280 4914
3280 4919
3280 4939
3280 5128
3280 5129
3280 5130
3280 5131
3280 5132
3312 3794
3312 3976
3312 4126
3312 4289
3312 4710
3312 4737
3312 4897
3312 4914
3312 4919
3312 4939
3312 5128
3312 5129
3312 5130
3312 5131
3312 5132
3794 3976
3794 4126
3794 4289
3794 4710
3794 4737
3794 4897
3794 4914
3794 4919
3794 4939
3794 5128
3794 5129
3794 5130
3794 5131
3794 5132
3976 4126
3976 4289
3976 4710
3976 4737
3976 4897
3976 4914
3976 4919
3976 4939
3976 5128
3976 5129
3976 5130
3976 5131
3976 5132
4126 4289
4126 4710
4126 4737
4126 4897
4126 4914
4126 4919
4126 4939
4126 5128
4126 5129
4126 5130
4126 5131
4126 5132
4289 4710
4289 4737
4289 4897
4289 4914
4289 4919
4289 4939
4289 5128
4289 5129
4289 5130
4289 5131
4289 5132
4710 4737
4710 4897
4710 4914
4710 4919
4710 4939
4710 5128
4710 5129
4710 5130
4710 5131
4710 5132
4737 4897
4737 4914
4737 4919
4737 4939
4737 5128
4737 5129
4737 5130
4737 5131
4737 5132
4897 4914
4897 4919
4897 4939
4897 5128
4897 5129
4897 5130
4897 5131
4897 5132
4914 4919
4914 4939
4914 5128
4914 5129
4914 5130
4914 5131
4914 5132
4919 4939
4919 5128
4919 5129
4919 5130
4919 5131
4919 5132
4939 5128
4939 5129
4939 5130
4939 5131
4939 5132
5128 5129
5128 5130
5128 5131
5128 5132
5129 5130
5129 5131
5129 5132
5130 5131
5130 5132
5131 5132
2105 2354
2105 3313
2105 3935
2105 3964
2105 4133
2105 4144
2105 4160
2105 4269
2105 4620
2105 4711
2105 4738
2105 4831
2105 4898
2105 5132
2105 5133
2105 5134
2105 5135
2105 5136
2105 5137
2105 5138
2105 5139
2105 5140
2354 3313
2354 3935
2354 3964
2354 4133
2354 4144
2354 4160
2354 4269
2354 4620
2354 4711
2354 4738
2354 4831
2354 4898
2354 5132
2354 5133
2354 5134
2354 5135
2354 5136
2354 5137
2354 5138
2354 5139
2354 5140
3313 3935
3313 3964
3313 4133
3313 4144
3313 4160
3313 4269
3313 4620
3313 4711
3313 4738
3313 4831
3313 4898
3313 5132
3313 5133
3313 5134
3313 5135
3313 5136
3313 5137
3313 5138
3313 5139
3313 5140
3935 3964
3935 4133
3935 4144
3935 4160
3935 4269
3935 4620
3935 4711
3935 4738
3935 4831
3935 4898
3935 5132
3935 5133
3935 5134
3935 5135
3935 5136
3935 5137
3935 5138
3935 5139
3935 5140
3964 4133
3964 4144
3964 4160
3964 4269
3964 4620
3964 4711
3964 4738
3964 4831
3964 4898
3964 5132
3964 5133
3964 5134
3964 5135
3964 5136
3964 5137
3964 5138
3964 5139
3964 5140
4133 4144
4133 4160
4133 4269
4133 4620
4133 4711
4133 4738
4133 4831
4133 4898
4133 5132
4133 5133
4133 5134
4133 5135
4133 5136
4133 5137
4133 5138
4133 5139
4133 5140
4144 4160
4144 4269
4144 4620
4144 4711
4144 4738
4144 4831
4144 4898
4144 5132
4144 5133
4144 5134
4144 5135
4144 5136
4144 5137
4144 5138
4144 5139
4144 5140
4160 4269
4160 4620
4160 4711
4160 4738
4160 4831
4160 4898
4160 5132
4160 5133
4160 5134
4160 5135
4160 5136
4160 5137
4160 5138
4160 5139
4160 5140
4269 4620
4269 4711
4269 4738
4269 4831
4269 4898
4269 5132
4269 5133
4269 5134
4269 5135
4269 5136
4269 5137
4269 5138
4269 5139
4269 5140
4620 4711
4620 4738
4620 4831
4620 4898
4620 5132
4620 5133
4620 5134
4620 5135
4620 5136
4620 5137
4620 5138
4620 5139
4620 5140
4711 4738
4711 4831
4711 4898
4711 5132
4711 5133
4711 5134
4711 5135
4711 5136
4711 5137
4711 5138
4711 5139
4711 5140
4738 4831
4738 4898
4738 5132
4738 5133
4738 5134
4738 5135
4738 5136
4738 5137
4738 5138
4738 5139
4738 5140
4831 4898
4831 5132
4831 5133
4831 5134
4831 5135
4831 5136
4831 5137
4831 5138
4831 5139
4831 5140
4898 5132
4898 5133
4898 5134
4898 5135
4898 5136
4898 5137
4898 5138
4898 5139
4898 5140
5132 5133
5132 5134
5132 5135
5132 5136
5132 5137
5132 5138
5132 5139
5132 5140
5133 5134
5133 5135
5133 5136
5133 5137
5133 5138
5133 5139
5133 5140
5134 5135
5134 5136
5134 5137
5134 5138
5134 5139
5134 5140
5135 5136
5135 5137
5135 5138
5135 5139
5135 5140
5136 5137
5136 5138
5136 5139
5136 5140
5137 5138
5137 5139
5137 5140
5138 5139
5138 5140
5139 5140
2106 3717
2107 5141
2107 5142
2107 5143
2107 5144
5141 5142
5141 5143
5141 5144
5142 5143
5142 5144
5143 5144
2108 3211
2108 3317
2108 3376
2108 3965
2108 4134
2108 4271
2108 4290
2108 4713
2108 4739
2108 5130
2108 5135
2108 5145
3211 3317
3211 3376
3211 3965
3211 4134
3211 4271
3211 4290
3211 4713
3211 4739
3211 5130
3211 5135
3211 5145
3317 3376
3317 3965
3317 4134
3317 4271
3317 4290
3317 4713
3317 4739
3317 5130
3317 5135
3317 5145
3376 3965
3376 4134
3376 4271
3376 4290
3376 4713
3376 4739
3376 5130
3376 5135
3376 5145
3965 4134
3965 4271
3965 4290
3965 4713
3965 4739
3965 5130
3965 5135
3965 5145
4134 4271
4134 4290
4134 4713
4134 4739
4134 5130
4134 5135
4134 5145
4271 4290
4271 4713
4271 4739
4271 5130
4271 5135
4271 5145
4290 4713
4290 4739
4290 5130
4290 5135
4290 5145
4713 4739
4713 5130
4713 5135
4713 5145
4739 5130
4739 5135
4739 5145
5130 5135
5130 5145
5135 5145
2109 3315
2109 3553
2109 3876
2109 3943
2109 3999
2109 4082
2109 4118
2109 4599
2109 4621
2109 4740
2109 4890
2109 4982
2109 5131
2109 5146
2109 5147
2109 5148
2109 5149
2109 5150
3315 3553
3315 3876
3315 3943
3315 3999
3315 4082
3315 4118
3315 4599
3315 4621
3315 4740
3315 4890
3315 4982
3315 5131
3315 5146
3315 5147
3315 5148
3315 5149
3315 5150
3553 3876
3553 3943
3553 3999
3553 4082
3553 4118
3553 4599
3553 4621
3553 4740
3553 4890
3553 4982
3553 5131
3553 5146
3553 5147
3553 5148
3553 5149
3553 5150
3876 3943
3876 3999
3876 4082
3876 4118
3876 4599
3876 4621
3876 4740
3876 4890
3876 4982
3876 5131
3876 5146
3876 5147
3876 5148
3876 5149
3876 5150
3943 3999
3943 4082
3943 4118
3943 4599
3943 4621
3943 4740
3943 4890
3943 4982
3943 5131
3943 5146
3943 5147
3943 5148
3943 5149
3943 5150
3999 4082
3999 4118
3999 4599
3999 4621
3999 4740
3999 4890
3999 4982
3999 5131
3999 5146
3999 5147
3999 5148
3999 5149
3999 5150
4082 4118
4082 4599
4082 4621
4082 4740
4082 4890
4082 4982
4082 5131
4082 5146
4082 5147
4082 5148
4082 5149
4082 5150
4118 4599
4118 4621
4118 4740
4118 4890
4118 4982
4118 5131
4118 5146
4118 5147
4118 5148
4118 5149
4118 5150
4599 4621
4599 4740
4599 4890
4599 4982
4599 5131
4599 5146
4599 5147
4599 5148
4599 5149
4599 5150
4621 4740
4621 4890
4621 4982
4621 5131
4621 5146
4621 5147
4621 5148
4621 5149
4621 5150
4740 4890
4740 4982
4740 5131
4740 5146
4740 5147
4740 5148
4740 5149
4740 5150
4890 4982
4890 5131
4890 5146
4890 5147
4890 5148
4890 5149
4890 5150
4982 5131
4982 5146
4982 5147
4982 5148
4982 5149
4982 5150
5131 5146
5131 5147
5131 5148
5131 5149
5131 5150
5146 5147
5146 5148
5146 5149
5146 5150
5147 5148
5147 5149
5147 5150
5148 5149
5148 5150
5149 5150
2110 4111
2110 4128
2110 4326
2110 5141
2110 5151
2110 5152
2110 5153
4111 4128
4111 4326
4111 5141
4111 5151
4111 5152
4111 5153
4128 4326
4128 5141
4128 5151
4128 5152
4128 5153
4326 5141
4326 5151
4326 5152
4326 5153
5141 5151
5141 5152
5141 5153
5151 5152
5151 5153
5152 5153
2121 5107
2122 5104
2123 3894
2123 5154
3894 5154
2137 2202
2138 2391
2138 3658
2138 3873
2138 4627
2138 5155
2391 3658
2391 3873
2391 4627
2391 5155
3658 3873
3658 4627
3658 5155
3873 4627
3873 5155
4627 5155
2149 2174
2149 2203
2149 4974
2149 4989
2149 5117
2174 2203
2174 4974
2174 4989
2174 5117
2203 4974
2203 4989
2203 5117
4974 4989
4974 5117
4989 5117
2156 5156
2157 2204
2206 2239
2206 4625
2206 4784
2206 4931
2206 4943
2239 4625
2239 4784
2239 4931
2239 4943
4625 4784
4625 4931
4625 4943
4784 4931
4784 4943
4931 4943
2207 2393
2207 2819
2207 4915
2207 4938
2207 5157
2393 2819
2393 4915
2393 4938
2393 5157
2819 4915
2819 4938
2819 5157
4915 4938
4915 5157
4938 5157
2210 3582
2210 3692
2210 4024
2210 4153
2210 4891
2210 4899
2210 5158
2210 5159
2210 5160
2210 5161
3582 3692
3582 4024
3582 4153
3582 4891
3582 4899
3582 5158
3582 5159
3582 5160
3582 5161
3692 4024
3692 4153
3692 4891
3692 4899
3692 5158
3692 5159
3692 5160
3692 5161
4024 4153
4024 4891
4024 4899
4024 5158
4024 5159
4024 5160
4024 5161
4153 4891
4153 4899
4153 5158
4153 5159
4153 5160
4153 5161
4891 4899
4891 5158
4891 5159
4891 5160
4891 5161
4899 5158
4899 5159
4899 5160
4899 5161
5158 5159
5158 5160
5158 5161
5159 5160
5159 5161
5160 5161
2211 3693
2211 4027
2211 4274
2211 4894
2211 5158
2211 5162
2211 5163
2211 5164
2211 5165
2211 5166
3693 4027
3693 4274
3693 4894
3693 5158
3693 5162
3693 5163
3693 5164
3693 5165
3693 5166
4027 4274
4027 4894
4027 5158
4027 5162
4027 5163
4027 5164
4027 5165
4027 5166
4274 4894
4274 5158
4274 5162
4274 5163
4274 5164
4274 5165
4274 5166
4894 5158
4894 5162
4894 5163
4894 5164
4894 5165
4894 5166
5158 5162
5158 5163
5158 5164
5158 5165
5158 5166
5162 5163
5162 5164
5162 5165
5162 5166
5163 5164
5163 5165
5163 5166
5164 5165
5164 5166
5165 5166
2212 3797
2212 4025
2212 4155
2212 4904
2212 5163
2212 5167
2212 5168
2212 5169
2212 5170
3797 4025
3797 4155
3797 4904
3797 5163
3797 5167
3797 5168
3797 5169
3797 5170
4025 4155
4025 4904
4025 5163
4025 5167
4025 5168
4025 5169
4025 5170
4155 4904
4155 5163
4155 5167
4155 5168
4155 5169
4155 5170
4904 5163
4904 5167
4904 5168
4904 5169
4904 5170
5163 5167
5163 5168
5163 5169
5163 5170
5167 5168
5167 5169
5167 5170
5168 5169
5168 5170
5169 5170
2213 3694
2213 4901
2213 5126
2213 5159
2213 5164
2213 5169
2213 5171
2213 5172
3694 4901
3694 5126
3694 5159
3694 5164
3694 5169
3694 5171
3694 5172
4901 5126
4901 5159
4901 5164
4901 5169
4901 5171
4901 5172
5126 5159
5126 5164
5126 5169
5126 5171
5126 5172
5159 5164
5159 5169
5159 5171
5159 5172
5164 5169
5164 5171
5164 5172
5169 5171
5169 5172
5171 5172
2214 3798
2214 4026
2214 4893
2214 5127
3798 4026
3798 4893
3798 5127
4026 4893
4026 5127
4893 5127
2217 3796
2217 4892
2217 4900
2217 5125
2217 5162
2217 5167
2217 5171
2217 5173
2217 5174
3796 4892
3796 4900
3796 5125
3796 5162
3796 5167
3796 5171
3796 5173
3796 5174
4892 4900
4892 5125
4892 5162
4892 5167
4892 5171
4892 5173
4892 5174
4900 5125
4900 5162
4900 5167
4900 5171
4900 5173
4900 5174
5125 5162
5125 5167
5125 5171
5125 5173
5125 5174
5162 5167
5162 5171
5162 5173
5162 5174
5167 5171
5167 5173
5167 5174
5171 5173
5171 5174
5173 5174
2240 3367
2240 4166
2240 4301
3367 4166
3367 4301
4166 4301
2248 3226
2248 3799
2248 3811
2248 3921
2248 4184
2248 5175
3226 3799
3226 3811
3226 3921
3226 4184
3226 5175
3799 3811
3799 3921
3799 4184
3799 5175
3811 3921
3811 4184
3811 5175
3921 4184
3921 5175
4184 5175
2250 3982
2250 4006
2250 5019
2250 5030
3982 4006
3982 5019
3982 5030
4006 5019
4006 5030
5019 5030
2251 3922
2251 4007
2251 5176
3922 4007
3922 5176
4007 5176
2252 5029
2252 5176
2252 5177
5029 5176
5029 5177
5176 5177
2253 3010
2253 4188
2253 4640
2253 5094
3010 4188
3010 4640
3010 5094
4188 4640
4188 5094
4640 5094
2257 3168
2257 3318
2257 3966
2257 4028
2257 4068
2257 4242
2257 4265
2257 4709
2257 4734
2257 4825
2257 4895
2257 5136
2257 5146
2257 5178
2257 5179
2257 5180
2257 5181
2257 5182
2257 5183
3168 3318
3168 3966
3168 4028
3168 4068
3168 4242
3168 4265
3168 4709
3168 4734
3168 4825
3168 4895
3168 5136
3168 5146
3168 5178
3168 5179
3168 5180
3168 5181
3168 5182
3168 5183
3318 3966
3318 4028
3318 4068
3318 4242
3318 4265
3318 4709
3318 4734
3318 4825
3318 4895
3318 5136
3318 5146
3318 5178
3318 5179
3318 5180
3318 5181
3318 5182
3318 5183
3966 4028
3966 4068
3966 4242
3966 4265
3966 4709
3966 4734
3966 4825
3966 4895
3966 5136
3966 5146
3966 5178
3966 5179
3966 5180
3966 5181
3966 5182
3966 5183
4028 4068
4028 4242
4028 4265
4028 4709
4028 4734
4028 4825
4028 4895
4028 5136
4028 5146
4028 5178
4028 5179
4028 5180
4028 5181
4028 5182
4028 5183
4068 4242
4068 4265
4068 4709
4068 4734
4068 4825
4068 4895
4068 5136
4068 5146
4068 5178
4068 5179
4068 5180
4068 5181
4068 5182
4068 5183
4242 4265
4242 4709
4242 4734
4242 4825
4242 4895
4242 5136
4242 5146
4242 5178
4242 5179
4242 5180
4242 5181
4242 5182
4242 5183
4265 4709
4265 4734
4265 4825
4265 4895
4265 5136
4265 5146
4265 5178
4265 5179
4265 5180
4265 5181
4265 5182
4265 5183
4709 4734
4709 4825
4709 4895
4709 5136
4709 5146
4709 5178
4709 5179
4709 5180
4709 5181
4709 5182
4709 5183
4734 4825
4734 4895
4734 5136
4734 5146
4734 5178
4734 5179
4734 5180
4734 5181
4734 5182
4734 5183
4825 4895
4825 5136
4825 5146
4825 5178
4825 5179
4825 5180
4825 5181
4825 5182
4825 5183
4895 5136
4895 5146
4895 5178
4895 5179
4895 5180
4895 5181
4895 5182
4895 5183
5136 5146
5136 5178
5136 5179
5136 5180
5136 5181
5136 5182
5136 5183
5146 5178
5146 5179
5146 5180
5146 5181
5146 5182
5146 5183
5178 5179
5178 5180
5178 5181
5178 5182
5178 5183
5179 5180
5179 5181
5179 5182
5179 5183
5180 5181
5180 5182
5180 5183
5181 5182
5181 5183
5182 5183
2258 4410
2258 4470
2258 4481
2258 4554
2258 4560
2258 4650
2258 4703
2258 4855
2258 5184
2258 5185
2258 5186
2258 5187
2258 5188
2258 5189
2258 5190
2258 5191
4410 4470
4410 4481
4410 4554
4410 4560
4410 4650
4410 4703
4410 4855
4410 5184
4410 5185
4410 5186
4410 5187
4410 5188
4410 5189
4410 5190
4410 5191
4470 4481
4470 4554
4470 4560
4470 4650
4470 4703
4470 4855
4470 5184
4470 5185
4470 5186
4470 5187
4470 5188
4470 5189
4470 5190
4470 5191
4481 4554
4481 4560
4481 4650
4481 4703
4481 4855
4481 5184
4481 5185
4481 5186
4481 5187
4481 5188
4481 5189
4481 5190
4481 5191
4554 4560
4554 4650
4554 4703
4554 4855
4554 5184
4554 5185
4554 5186
4554 5187
4554 5188
4554 5189
4554 5190
4554 5191
4560 4650
4560 4703
4560 4855
4560 5184
4560 5185
4560 5186
4560 5187
4560 5188
4560 5189
4560 5190
4560 5191
4650 4703
4650 4855
4650 5184
4650 5185
4650 5186
4650 5187
4650 5188
4650 5189
4650 5190
4650 5191
4703 4855
4703 5184
4703 5185
4703 5186
4703 5187
4703 5188
4703 5189
4703 5190
4703 5191
4855 5184
4855 5185
4855 5186
4855 5187
4855 5188
4855 5189
4855 5190
4855 5191
5184 5185
5184 5186
5184 5187
5184 5188
5184 5189
5184 5190
5184 5191
5185 5186
5185 5187
5185 5188
5185 5189
5185 5190
5185 5191
5186 5187
5186 5188
5186 5189
5186 5190
5186 5191
5187 5188
5187 5189
5187 5190
5187 5191
5188 5189
5188 5190
5188 5191
5189 5190
5189 5191
5190 5191
2318 3389
2318 3636
2318 3643
2318 4374
2318 5192
2318 5193
3389 3636
3389 3643
3389 4374
3389 5192
3389 5193
3636 3643
3636 4374
3636 5192
3636 5193
3643 4374
3643 5192
3643 5193
4374 5192
4374 5193
5192 5193
2339 4812
2357 4587
2357 5194
4587 5194
2362 3423
2362 3819
2362 4436
2362 4673
2362 4677
2362 4691
2362 4732
2362 4770
2362 5195
2362 5196
2362 5197
2362 5198
3423 3819
3423 4436
3423 4673
3423 4677
3423 4691
3423 4732
3423 4770
3423 5195
3423 5196
3423 5197
3423 5198
3819 4436
3819 4673
3819 4677
3819 4691
3819 4732
3819 4770
3819 5195
3819 5196
3819 5197
3819 5198
4436 4673
4436 4677
4436 4691
4436 4732
4436 4770
4436 5195
4436 5196
4436 5197
4436 5198
4673 4677
4673 4691
4673 4732
4673 4770
4673 5195
4673 5196
4673 5197
4673 5198
4677 4691
4677 4732
4677 4770
4677 5195
4677 5196
4677 5197
4677 5198
4691 4732
4691 4770
4691 5195
4691 5196
4691 5197
4691 5198
4732 4770
4732 5195
4732 5196
4732 5197
4732 5198
4770 5195
4770 5196
4770 5197
4770 5198
5195 5196
5195 5197
5195 5198
5196 5197
5196 5198
5197 5198
2363 2411
2363 5199
2411 5199
2397 3130
2397 3777
2397 3837
2397 3853
2397 4010
3130 3777
3130 3837
3130 3853
3130 4010
3777 3837
3777 3853
3777 4010
3837 3853
3837 4010
3853 4010
2406 5200
2412 3075
2412 3722
2412 3807
2412 4438
2412 4792
2412 4869
2412 5011
2412 5016
2412 5041
2412 5201
2412 5202
3075 3722
3075 3807
3075 4438
3075 4792
3075 4869
3075 5011
3075 5016
3075 5041
3075 5201
3075 5202
3722 3807
3722 4438
3722 4792
3722 4869
3722 5011
3722 5016
3722 5041
3722 5201
3722 5202
3807 4438
3807 4792
3807 4869
3807 5011
3807 5016
3807 5041
3807 5201
3807 5202
4438 4792
4438 4869
4438 5011
4438 5016
4438 5041
4438 5201
4438 5202
4792 4869
4792 5011
4792 5016
4792 5041
4792 5201
4792 5202
4869 5011
4869 5016
4869 5041
4869 5201
4869 5202
5011 5016
5011 5041
5011 5201
5011 5202
5016 5041
5016 5201
5016 5202
5041 5201
5041 5202
5201 5202
2413 4439
2413 4870
2413 5012
2413 5201
2413 5203
2413 5204
2413 5205
4439 4870
4439 5012
4439 5201
4439 5203
4439 5204
4439 5205
4870 5012
4870 5201
4870 5203
4870 5204
4870 5205
5012 5201
5012 5203
5012 5204
5012 5205
5201 5203
5201 5204
5201 5205
5203 5204
5203 5205
5204 5205
2414 4663
2414 5206
2414 5207
4663 5206
4663 5207
5206 5207
2415 4327
2415 4871
2415 5015
2415 5042
2415 5208
4327 4871
4327 5015
4327 5042
4327 5208
4871 5015
4871 5042
4871 5208
5015 5042
5015 5208
5042 5208
2367 4150
2367 5006
2367 5209
4150 5006
4150 5209
5006 5209
2374 4428
2374 5199
2374 5210
4428 5199
4428 5210
5199 5210
2432 2444
2432 2520
2432 2772
2432 2860
2432 3032
2432 3529
2432 4115
2432 4124
2432 4197
2432 4223
2432 4298
2432 4653
2432 4760
2432 5003
2432 5072
2432 5085
2432 5178
2432 5211
2432 5212
2432 5213
2432 5214
2444 2520
2444 2772
2444 2860
2444 3032
2444 3529
2444 4115
2444 4124
2444 4197
2444 4223
2444 4298
2444 4653
2444 4760
2444 5003
2444 5072
2444 5085
2444 5178
2444 5211
2444 5212
2444 5213
2444 5214
2520 2772
2520 2860
2520 3032
2520 3529
2520 4115
2520 4124
2520 4197
2520 4223
2520 4298
2520 4653
2520 4760
2520 5003
2520 5072
2520 5085
2520 5178
2520 5211
2520 5212
2520 5213
2520 5214
2772 2860
2772 3032
2772 3529
2772 4115
2772 4124
2772 4197
2772 4223
2772 4298
2772 4653
2772 4760
2772 5003
2772 5072
2772 5085
2772 5178
2772 5211
2772 5212
2772 5213
2772 5214
2860 3032
2860 3529
2860 4115
2860 4124
2860 4197
2860 4223
2860 4298
2860 4653
2860 4760
2860 5003
2860 5072
2860 5085
2860 5178
2860 5211
2860 5212
2860 5213
2860 5214
3032 3529
3032 4115
3032 4124
3032 4197
3032 4223
3032 4298
3032 4653
3032 4760
3032 5003
3032 5072
3032 5085
3032 5178
3032 5211
3032 5212
3032 5213
3032 5214
3529 4115
3529 4124
3529 4197
3529 4223
3529 4298
3529 4653
3529 4760
3529 5003
3529 5072
3529 5085
3529 5178
3529 5211
3529 5212
3529 5213
3529 5214
4115 4124
4115 4197
4115 4223
4115 4298
4115 4653
4115 4760
4115 5003
4115 5072
4115 5085
4115 5178
4115 5211
4115 5212
4115 5213
4115 5214
4124 4197
4124 4223
4124 4298
4124 4653
4124 4760
4124 5003
4124 5072
4124 5085
4124 5178
4124 5211
4124 5212
4124 5213
4124 5214
4197 4223
4197 4298
4197 4653
4197 4760
4197 5003
4197 5072
4197 5085
4197 5178
4197 5211
4197 5212
4197 5213
4197 5214
4223 4298
4223 4653
4223 4760
4223 5003
4223 5072
4223 5085
4223 5178
4223 5211
4223 5212
4223 5213
4223 5214
4298 4653
4298 4760
4298 5003
4298 5072
4298 5085
4298 5178
4298 5211
4298 5212
4298 5213
4298 5214
4653 4760
4653 5003
4653 5072
4653 5085
4653 5178
4653 5211
4653 5212
4653 5213
4653 5214
4760 5003
4760 5072
4760 5085
4760 5178
4760 5211
4760 5212
4760 5213
4760 5214
5003 5072
5003 5085
5003 5178
5003 5211
5003 5212
5003 5213
5003 5214
5072 5085
5072 5178
5072 5211
5072 5212
5072 5213
5072 5214
5085 5178
5085 5211
5085 5212
5085 5213
5085 5214
5178 5211
5178 5212
5178 5213
5178 5214
5211 5212
5211 5213
5211 5214
5212 5213
5212 5214
5213 5214
2433 2952
2461 2480
2475 3613
2475 5049
3613 5049
2482 2515
2482 2521
2482 2544
2482 2743
2482 2759
2482 2777
2482 2810
2482 3264
2482 3478
2482 3503
2482 4856
2482 4935
2482 5215
2515 2521
2515 2544
2515 2743
2515 2759
2515 2777
2515 2810
2515 3264
2515 3478
2515 3503
2515 4856
2515 4935
2515 5215
2521 2544
2521 2743
2521 2759
2521 2777
2521 2810
2521 3264
2521 3478
2521 3503
2521 4856
2521 4935
2521 5215
2544 2743
2544 2759
2544 2777
2544 2810
2544 3264
2544 3478
2544 3503
2544 4856
2544 4935
2544 5215
2743 2759
2743 2777
2743 2810
2743 3264
2743 3478
2743 3503
2743 4856
2743 4935
2743 5215
2759 2777
2759 2810
2759 3264
2759 3478
2759 3503
2759 4856
2759 4935
2759 5215
2777 2810
2777 3264
2777 3478
2777 3503
2777 4856
2777 4935
2777 5215
2810 3264
2810 3478
2810 3503
2810 4856
2810 4935
2810 5215
3264 3478
3264 3503
3264 4856
3264 4935
3264 5215
3478 3503
3478 4856
3478 4935
3478 5215
3503 4856
3503 4935
3503 5215
4856 4935
4856 5215
4935 5215
2485 2693
2485 3265
2485 3972
2693 3265
2693 3972
3265 3972
2522 2822
2522 3283
2522 4998
2522 5007
2522 5084
2522 5174
2522 5216
2822 3283
2822 4998
2822 5007
2822 5084
2822 5174
2822 5216
3283 4998
3283 5007
3283 5084
3283 5174
3283 5216
4998 5007
4998 5084
4998 5174
4998 5216
5007 5084
5007 5174
5007 5216
5084 5174
5084 5216
5174 5216
2547 2745
2547 2762
2547 2812
2547 3267
2547 3831
2547 3977
2547 4916
2547 4934
2547 4999
2547 5071
2547 5215
2547 5216
2745 2762
2745 2812
2745 3267
2745 3831
2745 3977
2745 4916
2745 4934
2745 4999
2745 5071
2745 5215
2745 5216
2762 2812
2762 3267
2762 3831
2762 3977
2762 4916
2762 4934
2762 4999
2762 5071
2762 5215
2762 5216
2812 3267
2812 3831
2812 3977
2812 4916
2812 4934
2812 4999
2812 5071
2812 5215
2812 5216
3267 3831
3267 3977
3267 4916
3267 4934
3267 4999
3267 5071
3267 5215
3267 5216
3831 3977
3831 4916
3831 4934
3831 4999
3831 5071
3831 5215
3831 5216
3977 4916
3977 4934
3977 4999
3977 5071
3977 5215
3977 5216
4916 4934
4916 4999
4916 5071
4916 5215
4916 5216
4934 4999
4934 5071
4934 5215
4934 5216
4999 5071
4999 5215
4999 5216
5071 5215
5071 5216
5215 5216
2552 3934
2552 4074
2552 4078
2552 4090
2552 4100
2552 5217
2552 5218
2552 5219
2552 5220
2552 5221
3934 4074
3934 4078
3934 4090
3934 4100
3934 5217
3934 5218
3934 5219
3934 5220
3934 5221
4074 4078
4074 4090
4074 4100
4074 5217
4074 5218
4074 5219
4074 5220
4074 5221
4078 4090
4078 4100
4078 5217
4078 5218
4078 5219
4078 5220
4078 5221
4090 4100
4090 5217
4090 5218
4090 5219
4090 5220
4090 5221
4100 5217
4100 5218
4100 5219
4100 5220
4100 5221
5217 5218
5217 5219
5217 5220
5217 5221
5218 5219
5218 5220
5218 5221
5219 5220
5219 5221
5220 5221
2563 5000
2563 5129
5000 5129
2564 3314
2564 3952
2564 4143
2564 4266
2564 4733
2564 4829
2564 5133
2564 5182
2564 5222
2564 5223
2564 5224
2564 5225
3314 3952
3314 4143
3314 4266
3314 4733
3314 4829
3314 5133
3314 5182
3314 5222
3314 5223
3314 5224
3314 5225
3952 4143
3952 4266
3952 4733
3952 4829
3952 5133
3952 5182
3952 5222
3952 5223
3952 5224
3952 5225
4143 4266
4143 4733
4143 4829
4143 5133
4143 5182
4143 5222
4143 5223
4143 5224
4143 5225
4266 4733
4266 4829
4266 5133
4266 5182
4266 5222
4266 5223
4266 5224
4266 5225
4733 4829
4733 5133
4733 5182
4733 5222
4733 5223
4733 5224
4733 5225
4829 5133
4829 5182
4829 5222
4829 5223
4829 5224
4829 5225
5133 5182
5133 5222
5133 5223
5133 5224
5133 5225
5182 5222
5182 5223
5182 5224
5182 5225
5222 5223
5222 5224
5222 5225
5223 5224
5223 5225
5224 5225
2611 2791
2611 5073
2611 5075
2791 5073
2791 5075
5073 5075
2667 2697
2667 2703
2667 2792
2667 2825
2667 5002
2697 2703
2697 2792
2697 2825
2697 5002
2703 2792
2703 2825
2703 5002
2792 2825
2792 5002
2825 5002
2704 2717
2704 5156
2704 5226
2704 5227
2704 5228
2704 5229
2704 5230
2717 5156
2717 5226
2717 5227
2717 5228
2717 5229
2717 5230
5156 5226
5156 5227
5156 5228
5156 5229
5156 5230
5226 5227
5226 5228
5226 5229
5226 5230
5227 5228
5227 5229
5227 5230
5228 5229
5228 5230
5229 5230
2705 2775
2705 5231
2775 5231
2706 3416
2706 3439
2706 5111
2706 5197
2706 5232
2706 5233
3416 3439
3416 5111
3416 5197
3416 5232
3416 5233
3439 5111
3439 5197
3439 5232
3439 5233
5111 5197
5111 5232
5111 5233
5197 5232
5197 5233
5232 5233
2719 5076
2721 3823
2721 4103
3823 4103
2767 4044
2767 5128
4044 5128
2780 5234
2794 5074
2805 3973
2805 4051
2805 4257
2805 5235
3973 4051
3973 4257
3973 5235
4051 4257
4051 5235
4257 5235
2832 2839
2832 4296
2832 4582
2832 4857
2832 5077
2839 4296
2839 4582
2839 4857
2839 5077
4296 4582
4296 4857
4296 5077
4582 4857
4582 5077
4857 5077
2850 5236
2842 4193
2842 4467
2842 4646
2842 4802
2842 5190
2842 5237
2842 5238
2842 5239
2842 5240
4193 4467
4193 4646
4193 4802
4193 5190
4193 5237
4193 5238
4193 5239
4193 5240
4467 4646
4467 4802
4467 5190
4467 5237
4467 5238
4467 5239
4467 5240
4646 4802
4646 5190
4646 5237
4646 5238
4646 5239
4646 5240
4802 5190
4802 5237
4802 5238
4802 5239
4802 5240
5190 5237
5190 5238
5190 5239
5190 5240
5237 5238
5237 5239
5237 5240
5238 5239
5238 5240
5239 5240
2863 3034
2863 3925
2863 3957
2863 4300
2863 4655
2863 5212
2863 5231
2863 5241
2863 5242
3034 3925
3034 3957
3034 4300
3034 4655
3034 5212
3034 5231
3034 5241
3034 5242
3925 3957
3925 4300
3925 4655
3925 5212
3925 5231
3925 5241
3925 5242
3957 4300
3957 4655
3957 5212
3957 5231
3957 5241
3957 5242
4300 4655
4300 5212
4300 5231
4300 5241
4300 5242
4655 5212
4655 5231
4655 5241
4655 5242
5212 5231
5212 5241
5212 5242
5231 5241
5231 5242
5241 5242
2867 3062
2867 3590
2867 4461
3062 3590
3062 4461
3590 4461
2876 3338
2876 4501
2876 4841
2876 5243
2876 5244
3338 4501
3338 4841
3338 5243
3338 5244
4501 4841
4501 5243
4501 5244
4841 5243
4841 5244
5243 5244
2877 2944
2877 5115
2877 5177
2877 5245
2944 5115
2944 5177
2944 5245
5115 5177
5115 5245
5177 5245
2878 2945
2879 5246
2880 3140
2881 3141
2881 4318
2881 4775
2881 4814
2881 5103
2881 5247
2881 5248
2881 5249
3141 4318
3141 4775
3141 4814
3141 5103
3141 5247
3141 5248
3141 5249
4318 4775
4318 4814
4318 5103
4318 5247
4318 5248
4318 5249
4775 4814
4775 5103
4775 5247
4775 5248
4775 5249
4814 5103
4814 5247
4814 5248
4814 5249
5103 5247
5103 5248
5103 5249
5247 5248
5247 5249
5248 5249
2900 3385
2900 4210
2900 4228
2900 4375
3385 4210
3385 4228
3385 4375
4210 4228
4210 4375
4228 4375
2910 4419
2910 4606
2910 5250
4419 4606
4419 5250
4606 5250
2915 4446
2915 4878
2915 5203
2915 5208
2915 5251
2915 5252
2915 5253
4446 4878
4446 5203
4446 5208
4446 5251
4446 5252
4446 5253
4878 5203
4878 5208
4878 5251
4878 5252
4878 5253
5203 5208
5203 5251
5203 5252
5203 5253
5208 5251
5208 5252
5208 5253
5251 5252
5251 5253
5252 5253
2916 5254
2917 4353
2917 4425
2917 4608
2917 4977
2917 5154
4353 4425
4353 4608
4353 4977
4353 5154
4425 4608
4425 4977
4425 5154
4608 4977
4608 5154
4977 5154
2920 4220
2920 4681
2920 4689
2920 4956
2920 5196
2920 5255
4220 4681
4220 4689
4220 4956
4220 5196
4220 5255
4681 4689
4681 4956
4681 5196
4681 5255
4689 4956
4689 5196
4689 5255
4956 5196
4956 5255
5196 5255
2938 5249
2939 3181
2939 4204
2939 4320
2939 4749
2939 4803
2939 4815
2939 5256
2939 5257
2939 5258
2939 5259
3181 4204
3181 4320
3181 4749
3181 4803
3181 4815
3181 5256
3181 5257
3181 5258
3181 5259
4204 4320
4204 4749
4204 4803
4204 4815
4204 5256
4204 5257
4204 5258
4204 5259
4320 4749
4320 4803
4320 4815
4320 5256
4320 5257
4320 5258
4320 5259
4749 4803
4749 4815
4749 5256
4749 5257
4749 5258
4749 5259
4803 4815
4803 5256
4803 5257
4803 5258
4803 5259
4815 5256
4815 5257
4815 5258
4815 5259
5256 5257
5256 5258
5256 5259
5257 5258
5257 5259
5258 5259
2950 5022
2950 5097
2950 5246
5022 5097
5022 5246
5097 5246
2957 2964
2978 3449
2978 3535
2978 4176
3449 3535
3449 4176
3535 4176
2989 5260
2965 3147
2965 3721
3147 3721
2967 4699
2967 4772
2967 5261
4699 4772
4699 5261
4772 5261
3030 3923
3030 3944
3030 4617
3030 4661
3030 4707
3030 4756
3030 5211
3030 5241
3030 5262
3030 5263
3923 3944
3923 4617
3923 4661
3923 4707
3923 4756
3923 5211
3923 5241
3923 5262
3923 5263
3944 4617
3944 4661
3944 4707
3944 4756
3944 5211
3944 5241
3944 5262
3944 5263
4617 4661
4617 4707
4617 4756
4617 5211
4617 5241
4617 5262
4617 5263
4661 4707
4661 4756
4661 5211
4661 5241
4661 5262
4661 5263
4707 4756
4707 5211
4707 5241
4707 5262
4707 5263
4756 5211
4756 5241
4756 5262
4756 5263
5211 5241
5211 5262
5211 5263
5241 5262
5241 5263
5262 5263
3031 4297
3031 4652
3031 4757
3031 5213
3031 5242
3031 5262
3031 5264
4297 4652
4297 4757
4297 5213
4297 5242
4297 5262
4297 5264
4652 4757
4652 5213
4652 5242
4652 5262
4652 5264
4757 5213
4757 5242
4757 5262
4757 5264
5213 5242
5213 5262
5213 5264
5242 5262
5242 5264
5262 5264
3047 3981
3064 3219
3064 4330
3064 4457
3064 4464
3064 4664
3064 5048
3064 5265
3064 5266
3064 5267
3064 5268
3064 5269
3219 4330
3219 4457
3219 4464
3219 4664
3219 5048
3219 5265
3219 5266
3219 5267
3219 5268
3219 5269
4330 4457
4330 4464
4330 4664
4330 5048
4330 5265
4330 5266
4330 5267
4330 5268
4330 5269
4457 4464
4457 4664
4457 5048
4457 5265
4457 5266
4457 5267
4457 5268
4457 5269
4464 4664
4464 5048
4464 5265
4464 5266
4464 5267
4464 5268
4464 5269
4664 5048
4664 5265
4664 5266
4664 5267
4664 5268
4664 5269
5048 5265
5048 5266
5048 5267
5048 5268
5048 5269
5265 5266
5265 5267
5265 5268
5265 5269
5266 5267
5266 5268
5266 5269
5267 5268
5267 5269
5268 5269
3065 3269
3065 5270
3065 5271
3269 5270
3269 5271
5270 5271
3066 3270
3066 3752
3066 3838
3066 5270
3270 3752
3270 3838
3270 5270
3752 3838
3752 5270
3838 5270
3067 3252
3078 3980
3078 4070
3078 4208
3078 4379
3078 4386
3078 5081
3078 5082
3078 5272
3980 4070
3980 4208
3980 4379
3980 4386
3980 5081
3980 5082
3980 5272
4070 4208
4070 4379
4070 4386
4070 5081
4070 5082
4070 5272
4208 4379
4208 4386
4208 5081
4208 5082
4208 5272
4379 4386
4379 5081
4379 5082
4379 5272
4386 5081
4386 5082
4386 5272
5081 5082
5081 5272
5082 5272
3079 3737
3080 4387
2999 3384
2999 3715
2999 4853
3384 3715
3384 4853
3715 4853
3009 3640
3009 3987
3009 4005
3009 5018
3009 5245
3640 3987
3640 4005
3640 5018
3640 5245
3987 4005
3987 5018
3987 5245
4005 5018
4005 5245
5018 5245
3092 3178
3092 3336
3092 4511
3092 5091
3092 5247
3092 5273
3092 5274
3092 5275
3092 5276
3178 3336
3178 4511
3178 5091
3178 5247
3178 5273
3178 5274
3178 5275
3178 5276
3336 4511
3336 5091
3336 5247
3336 5273
3336 5274
3336 5275
3336 5276
4511 5091
4511 5247
4511 5273
4511 5274
4511 5275
4511 5276
5091 5247
5091 5273
5091 5274
5091 5275
5091 5276
5247 5273
5247 5274
5247 5275
5247 5276
5273 5274
5273 5275
5273 5276
5274 5275
5274 5276
5275 5276
3093 3179
3093 4195
3093 4402
3093 4469
3093 4551
3093 4648
3093 4808
3093 5189
3093 5239
3093 5277
3093 5278
3093 5279
3179 4195
3179 4402
3179 4469
3179 4551
3179 4648
3179 4808
3179 5189
3179 5239
3179 5277
3179 5278
3179 5279
4195 4402
4195 4469
4195 4551
4195 4648
4195 4808
4195 5189
4195 5239
4195 5277
4195 5278
4195 5279
4402 4469
4402 4551
4402 4648
4402 4808
4402 5189
4402 5239
4402 5277
4402 5278
4402 5279
4469 4551
4469 4648
4469 4808
4469 5189
4469 5239
4469 5277
4469 5278
4469 5279
4551 4648
4551 4808
4551 5189
4551 5239
4551 5277
4551 5278
4551 5279
4648 4808
4648 5189
4648 5239
4648 5277
4648 5278
4648 5279
4808 5189
4808 5239
4808 5277
4808 5278
4808 5279
5189 5239
5189 5277
5189 5278
5189 5279
5239 5277
5239 5278
5239 5279
5277 5278
5277 5279
5278 5279
3094 3337
3094 4472
3094 4495
3094 4518
3094 4751
3094 4809
3094 5101
3094 5248
3094 5280
3094 5281
3094 5282
3094 5283
3337 4472
3337 4495
3337 4518
3337 4751
3337 4809
3337 5101
3337 5248
3337 5280
3337 5281
3337 5282
3337 5283
4472 4495
4472 4518
4472 4751
4472 4809
4472 5101
4472 5248
4472 5280
4472 5281
4472 5282
4472 5283
4495 4518
4495 4751
4495 4809
4495 5101
4495 5248
4495 5280
4495 5281
4495 5282
4495 5283
4518 4751
4518 4809
4518 5101
4518 5248
4518 5280
4518 5281
4518 5282
4518 5283
4751 4809
4751 5101
4751 5248
4751 5280
4751 5281
4751 5282
4751 5283
4809 5101
4809 5248
4809 5280
4809 5281
4809 5282
4809 5283
5101 5248
5101 5280
5101 5281
5101 5282
5101 5283
5248 5280
5248 5281
5248 5282
5248 5283
5280 5281
5280 5282
5280 5283
5281 5282
5281 5283
5282 5283
3098 5236
3108 4179
3108 4837
3108 5106
4179 4837
4179 5106
4837 5106
3123 4766
3123 5010
3123 5028
3123 5066
3123 5096
3123 5254
3123 5284
4766 5010
4766 5028
4766 5066
4766 5096
4766 5254
4766 5284
5010 5028
5010 5066
5010 5096
5010 5254
5010 5284
5028 5066
5028 5096
5028 5254
5028 5284
5066 5096
5066 5254
5066 5284
5096 5254
5096 5284
5254 5284
3134 4970
3134 5285
4970 5285
3135 4945
3135 5286
3135 5287
3135 5288
3135 5289
3135 5290
4945 5286
4945 5287
4945 5288
4945 5289
4945 5290
5286 5287
5286 5288
5286 5289
5286 5290
5287 5288
5287 5289
5287 5290
5288 5289
5288 5290
5289 5290
3170 3222
3170 3770
3170 3949
3170 4138
3170 4983
3170 5145
3170 5268
3170 5291
3222 3770
3222 3949
3222 4138
3222 4983
3222 5145
3222 5268
3222 5291
3770 3949
3770 4138
3770 4983
3770 5145
3770 5268
3770 5291
3949 4138
3949 4983
3949 5145
3949 5268
3949 5291
4138 4983
4138 5145
4138 5268
4138 5291
4983 5145
4983 5268
4983 5291
5145 5268
5145 5291
5268 5291
3223 3410
3223 4221
3223 4758
3223 4790
3223 5292
3223 5293
3223 5294
3410 4221
3410 4758
3410 4790
3410 5292
3410 5293
3410 5294
4221 4758
4221 4790
4221 5292
4221 5293
4221 5294
4758 4790
4758 5292
4758 5293
4758 5294
4790 5292
4790 5293
4790 5294
5292 5293
5292 5294
5293 5294
3224 3579
3224 5110
3224 5295
3224 5296
3224 5297
3579 5110
3579 5295
3579 5296
3579 5297
5110 5295
5110 5296
5110 5297
5295 5296
5295 5297
5296 5297
3160 3861
3160 4245
3861 4245
3161 5298
3161 5299
5298 5299
3162 4850
3173 4246
3173 4517
3173 4753
3173 4810
3173 5256
3173 5286
3173 5300
3173 5301
3173 5302
4246 4517
4246 4753
4246 4810
4246 5256
4246 5286
4246 5300
4246 5301
4246 5302
4517 4753
4517 4810
4517 5256
4517 5286
4517 5300
4517 5301
4517 5302
4753 4810
4753 5256
4753 5286
4753 5300
4753 5301
4753 5302
4810 5256
4810 5286
4810 5300
4810 5301
4810 5302
5256 5286
5256 5300
5256 5301
5256 5302
5286 5300
5286 5301
5286 5302
5300 5301
5300 5302
5301 5302
3174 4530
3174 4754
3174 4811
3174 5285
3174 5287
3174 5300
3174 5303
4530 4754
4530 4811
4530 5285
4530 5287
4530 5300
4530 5303
4754 4811
4754 5285
4754 5287
4754 5300
4754 5303
4811 5285
4811 5287
4811 5300
4811 5303
5285 5287
5285 5300
5285 5303
5287 5300
5287 5303
5300 5303
3175 3581
3175 3718
3175 4480
3175 4543
3175 5259
3175 5301
3175 5304
3175 5305
3175 5306
3175 5307
3581 3718
3581 4480
3581 4543
3581 5259
3581 5301
3581 5304
3581 5305
3581 5306
3581 5307
3718 4480
3718 4543
3718 5259
3718 5301
3718 5304
3718 5305
3718 5306
3718 5307
4480 4543
4480 5259
4480 5301
4480 5304
4480 5305
4480 5306
4480 5307
4543 5259
4543 5301
4543 5304
4543 5305
4543 5306
4543 5307
5259 5301
5259 5304
5259 5305
5259 5306
5259 5307
5301 5304
5301 5305
5301 5306
5301 5307
5304 5305
5304 5306
5304 5307
5305 5306
5305 5307
5306 5307
3176 4539
3176 5288
3176 5304
4539 5288
4539 5304
5288 5304
3184 3869
3184 3897
3184 4182
3184 4948
3184 4953
3184 4981
3184 4985
3184 5175
3869 3897
3869 4182
3869 4948
3869 4953
3869 4981
3869 4985
3869 5175
3897 4182
3897 4948
3897 4953
3897 4981
3897 4985
3897 5175
4182 4948
4182 4953
4182 4981
4182 4985
4182 5175
4948 4953
4948 4981
4948 4985
4948 5175
4953 4981
4953 4985
4953 5175
4981 4985
4981 5175
4985 5175
3249 3852
3249 5079
3852 5079
3255 3761
3255 4564
3255 4578
3255 5308
3761 4564
3761 4578
3761 5308
4564 4578
4564 5308
4578 5308
3256 3290
3256 4505
3256 4579
3256 5051
3290 4505
3290 4579
3290 5051
4505 4579
4505 5051
4579 5051
3258 3286
3259 4565
3259 4580
3259 5309
4565 4580
4565 5309
4580 5309
3272 5046
3272 5271
5046 5271
3292 3381
3292 3510
3292 3674
3292 4695
3381 3510
3381 3674
3381 4695
3510 3674
3510 4695
3674 4695
3289 3905
3289 4293
3289 4823
3905 4293
3905 4823
4293 4823
3325 4865
3305 3326
3305 3663
3305 3960
3305 4097
3305 4162
3305 4235
3305 4275
3305 4741
3305 5062
3305 5067
3305 5214
3305 5310
3326 3663
3326 3960
3326 4097
3326 4162
3326 4235
3326 4275
3326 4741
3326 5062
3326 5067
3326 5214
3326 5310
3663 3960
3663 4097
3663 4162
3663 4235
3663 4275
3663 4741
3663 5062
3663 5067
3663 5214
3663 5310
3960 4097
3960 4162
3960 4235
3960 4275
3960 4741
3960 5062
3960 5067
3960 5214
3960 5310
4097 4162
4097 4235
4097 4275
4097 4741
4097 5062
4097 5067
4097 5214
4097 5310
4162 4235
4162 4275
4162 4741
4162 5062
4162 5067
4162 5214
4162 5310
4235 4275
4235 4741
4235 5062
4235 5067
4235 5214
4235 5310
4275 4741
4275 5062
4275 5067
4275 5214
4275 5310
4741 5062
4741 5067
4741 5214
4741 5310
5062 5067
5062 5214
5062 5310
5067 5214
5067 5310
5214 5310
3316 3970
3316 4273
3316 4712
3316 4745
3316 4828
3316 5140
3316 5181
3316 5224
3316 5311
3316 5312
3316 5313
3970 4273
3970 4712
3970 4745
3970 4828
3970 5140
3970 5181
3970 5224
3970 5311
3970 5312
3970 5313
4273 4712
4273 4745
4273 4828
4273 5140
4273 5181
4273 5224
4273 5311
4273 5312
4273 5313
4712 4745
4712 4828
4712 5140
4712 5181
4712 5224
4712 5311
4712 5312
4712 5313
4745 4828
4745 5140
4745 5181
4745 5224
4745 5311
4745 5312
4745 5313
4828 5140
4828 5181
4828 5224
4828 5311
4828 5312
4828 5313
5140 5181
5140 5224
5140 5311
5140 5312
5140 5313
5181 5224
5181 5311
5181 5312
5181 5313
5224 5311
5224 5312
5224 5313
5311 5312
5311 5313
5312 5313
3319 3967
3319 4276
3319 4742
3319 4830
3319 5137
3319 5179
3319 5218
3319 5222
3319 5311
3319 5314
3319 5315
3967 4276
3967 4742
3967 4830
3967 5137
3967 5179
3967 5218
3967 5222
3967 5311
3967 5314
3967 5315
4276 4742
4276 4830
4276 5137
4276 5179
4276 5218
4276 5222
4276 5311
4276 5314
4276 5315
4742 4830
4742 5137
4742 5179
4742 5218
4742 5222
4742 5311
4742 5314
4742 5315
4830 5137
4830 5179
4830 5218
4830 5222
4830 5311
4830 5314
4830 5315
5137 5179
5137 5218
5137 5222
5137 5311
5137 5314
5137 5315
5179 5218
5179 5222
5179 5311
5179 5314
5179 5315
5218 5222
5218 5311
5218 5314
5218 5315
5222 5311
5222 5314
5222 5315
5311 5314
5311 5315
5314 5315
3320 3968
3320 4277
3320 4714
3320 4743
3320 4826
3320 5138
3320 5183
3320 5225
3320 5312
3320 5315
3320 5316
3968 4277
3968 4714
3968 4743
3968 4826
3968 5138
3968 5183
3968 5225
3968 5312
3968 5315
3968 5316
4277 4714
4277 4743
4277 4826
4277 5138
4277 5183
4277 5225
4277 5312
4277 5315
4277 5316
4714 4743
4714 4826
4714 5138
4714 5183
4714 5225
4714 5312
4714 5315
4714 5316
4743 4826
4743 5138
4743 5183
4743 5225
4743 5312
4743 5315
4743 5316
4826 5138
4826 5183
4826 5225
4826 5312
4826 5315
4826 5316
5138 5183
5138 5225
5138 5312
5138 5315
5138 5316
5183 5225
5183 5312
5183 5315
5183 5316
5225 5312
5225 5315
5225 5316
5312 5315
5312 5316
5315 5316
3321 3969
3321 4278
3321 4744
3321 4827
3321 5139
3321 5180
3321 5223
3321 5313
3321 5314
3321 5316
3969 4278
3969 4744
3969 4827
3969 5139
3969 5180
3969 5223
3969 5313
3969 5314
3969 5316
4278 4744
4278 4827
4278 5139
4278 5180
4278 5223
4278 5313
4278 5314
4278 5316
4744 4827
4744 5139
4744 5180
4744 5223
4744 5313
4744 5314
4744 5316
4827 5139
4827 5180
4827 5223
4827 5313
4827 5314
4827 5316
5139 5180
5139 5223
5139 5313
5139 5314
5139 5316
5180 5223
5180 5313
5180 5314
5180 5316
5223 5313
5223 5314
5223 5316
5313 5314
5313 5316
5314 5316
3347 3668
3347 4002
3347 4031
3347 4085
3347 4108
3347 4130
3347 4147
3347 4243
3347 4624
3668 4002
3668 4031
3668 4085
3668 4108
3668 4130
3668 4147
3668 4243
3668 4624
4002 4031
4002 4085
4002 4108
4002 4130
4002 4147
4002 4243
4002 4624
4031 4085
4031 4108
4031 4130
4031 4147
4031 4243
4031 4624
4085 4108
4085 4130
4085 4147
4085 4243
4085 4624
4108 4130
4108 4147
4108 4243
4108 4624
4130 4147
4130 4243
4130 4624
4147 4243
4147 4624
4243 4624
3348 3557
3348 4000
3348 4622
3557 4000
3557 4622
4000 4622
3349 4003
3349 5317
3349 5318
3349 5319
3349 5320
3349 5321
3349 5322
3349 5323
4003 5317
4003 5318
4003 5319
4003 5320
4003 5321
4003 5322
4003 5323
5317 5318
5317 5319
5317 5320
5317 5321
5317 5322
5317 5323
5318 5319
5318 5320
5318 5321
5318 5322
5318 5323
5319 5320
5319 5321
5319 5322
5319 5323
5320 5321
5320 5322
5320 5323
5321 5322
5321 5323
5322 5323
3352 3665
3352 3802
3352 4657
3352 5324
3352 5325
3352 5326
3665 3802
3665 4657
3665 5324
3665 5325
3665 5326
3802 4657
3802 5324
3802 5325
3802 5326
4657 5324
4657 5325
4657 5326
5324 5325
5324 5326
5325 5326
3353 3666
3353 3936
3353 3948
3353 4030
3353 4084
3353 4094
3353 4635
3353 5219
3353 5327
3353 5328
3666 3936
3666 3948
3666 4030
3666 4084
3666 4094
3666 4635
3666 5219
3666 5327
3666 5328
3936 3948
3936 4030
3936 4084
3936 4094
3936 4635
3936 5219
3936 5327
3936 5328
3948 4030
3948 4084
3948 4094
3948 4635
3948 5219
3948 5327
3948 5328
4030 4084
4030 4094
4030 4635
4030 5219
4030 5327
4030 5328
4084 4094
4084 4635
4084 5219
4084 5327
4084 5328
4094 4635
4094 5219
4094 5327
4094 5328
4635 5219
4635 5327
4635 5328
5219 5327
5219 5328
5327 5328
3354 3667
3354 3803
3354 4107
3354 4852
3354 5220
3354 5325
3354 5329
3354 5330
3667 3803
3667 4107
3667 4852
3667 5220
3667 5325
3667 5329
3667 5330
3803 4107
3803 4852
3803 5220
3803 5325
3803 5329
3803 5330
4107 4852
4107 5220
4107 5325
4107 5329
4107 5330
4852 5220
4852 5325
4852 5329
4852 5330
5220 5325
5220 5329
5220 5330
5325 5329
5325 5330
5329 5330
3358 3558
3358 4004
3358 4623
3358 4920
3358 5221
3358 5323
3358 5331
3358 5332
3358 5333
3358 5334
3558 4004
3558 4623
3558 4920
3558 5221
3558 5323
3558 5331
3558 5332
3558 5333
3558 5334
4004 4623
4004 4920
4004 5221
4004 5323
4004 5331
4004 5332
4004 5333
4004 5334
4623 4920
4623 5221
4623 5323
4623 5331
4623 5332
4623 5333
4623 5334
4920 5221
4920 5323
4920 5331
4920 5332
4920 5333
4920 5334
5221 5323
5221 5331
5221 5332
5221 5333
5221 5334
5323 5331
5323 5332
5323 5333
5323 5334
5331 5332
5331 5333
5331 5334
5332 5333
5332 5334
5333 5334
3359 3646
3359 3806
3359 3932
3359 4109
3359 4660
3359 5210
3359 5326
3359 5330
3359 5335
3359 5336
3646 3806
3646 3932
3646 4109
3646 4660
3646 5210
3646 5326
3646 5330
3646 5335
3646 5336
3806 3932
3806 4109
3806 4660
3806 5210
3806 5326
3806 5330
3806 5335
3806 5336
3932 4109
3932 4660
3932 5210
3932 5326
3932 5330
3932 5335
3932 5336
4109 4660
4109 5210
4109 5326
4109 5330
4109 5335
4109 5336
4660 5210
4660 5326
4660 5330
4660 5335
4660 5336
5210 5326
5210 5330
5210 5335
5210 5336
5326 5330
5326 5335
5326 5336
5330 5335
5330 5336
5335 5336
3364 4222
3364 5337
4222 5337
3365 3400
3365 5338
3400 5338
3366 5108
3366 5338
3366 5339
5108 5338
5108 5339
5338 5339
3396 4693
3396 4781
3396 5232
4693 4781
4693 5232
4781 5232
3397 3433
3397 3986
3397 4684
3397 4780
3397 4786
3397 5340
3397 5341
3433 3986
3433 4684
3433 4780
3433 4786
3433 5340
3433 5341
3986 4684
3986 4780
3986 4786
3986 5340
3986 5341
4684 4780
4684 4786
4684 5340
4684 5341
4780 4786
4780 5340
4780 5341
4786 5340
4786 5341
5340 5341
3404 4125
3404 4241
3404 4654
3404 5342
3404 5343
4125 4241
4125 4654
4125 5342
4125 5343
4241 4654
4241 5342
4241 5343
4654 5342
4654 5343
5342 5343
3405 3548
3405 3780
3405 4052
3548 3780
3548 4052
3780 4052
3408 3604
3408 3649
3408 4122
3408 4250
3408 4656
3408 5116
3408 5263
3408 5342
3408 5344
3408 5345
3604 3649
3604 4122
3604 4250
3604 4656
3604 5116
3604 5263
3604 5342
3604 5344
3604 5345
3649 4122
3649 4250
3649 4656
3649 5116
3649 5263
3649 5342
3649 5344
3649 5345
4122 4250
4122 4656
4122 5116
4122 5263
4122 5342
4122 5344
4122 5345
4250 4656
4250 5116
4250 5263
4250 5342
4250 5344
4250 5345
4656 5116
4656 5263
4656 5342
4656 5344
4656 5345
5116 5263
5116 5342
5116 5344
5116 5345
5263 5342
5263 5344
5263 5345
5342 5344
5342 5345
5344 5345
3411 4217
3411 5294
3411 5329
3411 5346
3411 5347
3411 5348
3411 5349
3411 5350
4217 5294
4217 5329
4217 5346
4217 5347
4217 5348
4217 5349
4217 5350
5294 5329
5294 5346
5294 5347
5294 5348
5294 5349
5294 5350
5329 5346
5329 5347
5329 5348
5329 5349
5329 5350
5346 5347
5346 5348
5346 5349
5346 5350
5347 5348
5347 5349
5347 5350
5348 5349
5348 5350
5349 5350
3412 5351
3412 5352
3412 5353
3412 5354
3412 5355
5351 5352
5351 5353
5351 5354
5351 5355
5352 5353
5352 5354
5352 5355
5353 5354
5353 5355
5354 5355
3421 5350
3429 4451
3429 4686
3429 4782
3429 4789
3429 5341
3429 5356
3429 5357
3429 5358
4451 4686
4451 4782
4451 4789
4451 5341
4451 5356
4451 5357
4451 5358
4686 4782
4686 4789
4686 5341
4686 5356
4686 5357
4686 5358
4782 4789
4782 5341
4782 5356
4782 5357
4782 5358
4789 5341
4789 5356
4789 5357
4789 5358
5341 5356
5341 5357
5341 5358
5356 5357
5356 5358
5357 5358
3443 4169
3443 4340
4169 4340
3462 3480
3462 4311
3480 4311
3513 4225
3513 5359
4225 5359
3544 3992
3544 4613
3544 5322
3544 5332
3544 5360
3544 5361
3992 4613
3992 5322
3992 5332
3992 5360
3992 5361
4613 5322
4613 5332
4613 5360
4613 5361
5322 5332
5322 5360
5322 5361
5332 5360
5332 5361
5360 5361
3564 4400
3564 4555
3564 5362
4400 4555
4400 5362
4555 5362
3565 3815
3565 5363
3815 5363
3595 4376
3595 4962
3595 5290
3595 5364
4376 4962
4376 5290
4376 5364
4962 5290
4962 5364
5290 5364
3596 4952
3596 4984
3596 5335
3596 5365
4952 4984
4952 5335
4952 5365
4984 5335
4984 5365
5335 5365
3597 4924
3601 5234
3611 4260
3621 4746
3621 5366
4746 5366
3622 3858
3622 4207
3622 5284
3858 4207
3858 5284
4207 5284
3623 3766
3623 5192
3623 5367
3766 5192
3766 5367
5192 5367
3624 5368
3624 5369
5368 5369
3625 4216
3625 4453
3625 5370
3625 5371
4216 4453
4216 5370
4216 5371
4453 5370
4453 5371
5370 5371
3626 4486
3642 5024
3642 5193
3642 5372
3642 5373
5024 5193
5024 5372
5024 5373
5193 5372
5193 5373
5372 5373
3652 4089
3652 5217
3652 5324
3652 5336
4089 5217
4089 5324
4089 5336
5217 5324
5217 5336
5324 5336
3653 4140
3653 5155
4140 5155
3654 4041
3654 4106
4041 4106
3695 4884
3695 5118
3695 5165
3695 5170
3695 5374
3695 5375
4884 5118
4884 5165
4884 5170
4884 5374
4884 5375
5118 5165
5118 5170
5118 5374
5118 5375
5165 5170
5165 5374
5165 5375
5170 5374
5170 5375
5374 5375
3696 5119
3696 5374
3696 5376
5119 5374
5119 5376
5374 5376
3697 4066
3697 4633
3697 5376
3697 5377
4066 4633
4066 5376
4066 5377
4633 5376
4633 5377
5376 5377
3698 4015
3698 4158
4015 4158
3700 3786
3700 4885
3700 4896
3700 5120
3700 5147
3700 5161
3700 5168
3700 5172
3700 5173
3786 4885
3786 4896
3786 5120
3786 5147
3786 5161
3786 5168
3786 5172
3786 5173
4885 4896
4885 5120
4885 5147
4885 5161
4885 5168
4885 5172
4885 5173
4896 5120
4896 5147
4896 5161
4896 5168
4896 5172
4896 5173
5120 5147
5120 5161
5120 5168
5120 5172
5120 5173
5147 5161
5147 5168
5147 5172
5147 5173
5161 5168
5161 5172
5161 5173
5168 5172
5168 5173
5172 5173
3701 3787
3701 4886
3701 5121
3701 5375
3787 4886
3787 5121
3787 5375
4886 5121
4886 5375
5121 5375
3702 4016
3702 5160
4016 5160
3730 4331
3730 4694
3730 4706
3730 5114
3730 5378
4331 4694
4331 4706
4331 5114
4331 5378
4694 4706
4694 5114
4694 5378
4706 5114
4706 5378
5114 5378
3731 4879
3732 4448
3732 4880
3732 5252
3732 5378
4448 4880
4448 5252
4448 5378
4880 5252
4880 5378
5252 5378
3733 3859
3733 3988
3733 4881
3733 4927
3733 5017
3733 5202
3733 5206
3733 5253
3859 3988
3859 4881
3859 4927
3859 5017
3859 5202
3859 5206
3859 5253
3988 4881
3988 4927
3988 5017
3988 5202
3988 5206
3988 5253
4881 4927
4881 5017
4881 5202
4881 5206
4881 5253
4927 5017
4927 5202
4927 5206
4927 5253
5017 5202
5017 5206
5017 5253
5202 5206
5202 5253
5206 5253
3740 3836
3740 3866
3740 4819
3740 4882
3740 5098
3740 5379
3836 3866
3836 4819
3836 4882
3836 5098
3836 5379
3866 4819
3866 4882
3866 5098
3866 5379
4819 4882
4819 5098
4819 5379
4882 5098
4882 5379
5098 5379
3754 4205
3754 4497
3754 4504
3754 4804
3754 5244
3754 5380
3754 5381
3754 5382
4205 4497
4205 4504
4205 4804
4205 5244
4205 5380
4205 5381
4205 5382
4497 4504
4497 4804
4497 5244
4497 5380
4497 5381
4497 5382
4504 4804
4504 5244
4504 5380
4504 5381
4504 5382
4804 5244
4804 5380
4804 5381
4804 5382
5244 5380
5244 5381
5244 5382
5380 5381
5380 5382
5381 5382
3755 3950
3755 4018
3755 4069
3755 5122
3755 5377
3755 5383
3755 5384
3755 5385
3950 4018
3950 4069
3950 5122
3950 5377
3950 5383
3950 5384
3950 5385
4018 4069
4018 5122
4018 5377
4018 5383
4018 5384
4018 5385
4069 5122
4069 5377
4069 5383
4069 5384
4069 5385
5122 5377
5122 5383
5122 5384
5122 5385
5377 5383
5377 5384
5377 5385
5383 5384
5383 5385
5384 5385
3788 4073
3788 4835
3788 5386
4073 4835
4073 5386
4835 5386
3789 4887
3810 3834
3810 3860
3810 5044
3810 5379
3834 3860
3834 5044
3834 5379
3860 5044
3860 5379
5044 5379
3826 4215
3826 5292
3826 5371
4215 5292
4215 5371
5292 5371
3847 4458
3847 4937
3847 5157
4458 4937
4458 5157
4937 5157
3882 4986
3888 4955
3889 4059
3889 4961
3889 5387
3889 5388
4059 4961
4059 5387
4059 5388
4961 5387
4961 5388
5387 5388
3918 5152
3919 5065
3919 5204
5065 5204
3995 4067
3995 4075
3995 5144
3995 5209
3995 5261
3995 5299
3995 5317
3995 5331
3995 5389
3995 5390
4067 4075
4067 5144
4067 5209
4067 5261
4067 5299
4067 5317
4067 5331
4067 5389
4067 5390
4075 5144
4075 5209
4075 5261
4075 5299
4075 5317
4075 5331
4075 5389
4075 5390
5144 5209
5144 5261
5144 5299
5144 5317
5144 5331
5144 5389
5144 5390
5209 5261
5209 5299
5209 5317
5209 5331
5209 5389
5209 5390
5261 5299
5261 5317
5261 5331
5261 5389
5261 5390
5299 5317
5299 5331
5299 5389
5299 5390
5317 5331
5317 5389
5317 5390
5331 5389
5331 5390
5389 5390
3962 5134
3962 5328
5134 5328
3984 4589
3984 4595
3984 5020
3984 5391
4589 4595
4589 5020
4589 5391
4595 5020
4595 5391
5020 5391
3989 4393
3989 4834
3989 5272
3989 5392
4393 4834
4393 5272
4393 5392
4834 5272
4834 5392
5272 5392
3996 4619
3996 5149
3996 5319
3996 5334
3996 5360
3996 5389
3996 5393
3996 5394
4619 5149
4619 5319
4619 5334
4619 5360
4619 5389
4619 5393
4619 5394
5149 5319
5149 5334
5149 5360
5149 5389
5149 5393
5149 5394
5319 5334
5319 5360
5319 5389
5319 5393
5319 5394
5334 5360
5334 5389
5334 5393
5334 5394
5360 5389
5360 5393
5360 5394
5389 5393
5389 5394
5393 5394
3997 5148
3997 5320
5148 5320
3998 4161
3998 4864
3998 5150
3998 5321
3998 5333
3998 5361
3998 5390
3998 5394
4161 4864
4161 5150
4161 5321
4161 5333
4161 5361
4161 5390
4161 5394
4864 5150
4864 5321
4864 5333
4864 5361
4864 5390
4864 5394
5150 5321
5150 5333
5150 5361
5150 5390
5150 5394
5321 5333
5321 5361
5321 5390
5321 5394
5333 5361
5333 5390
5333 5394
5361 5390
5361 5394
5390 5394
4009 5031
4021 4951
4021 4965
4021 4988
4021 5365
4951 4965
4951 4988
4951 5365
4965 4988
4965 5365
4988 5365
4022 5124
4022 5385
5124 5385
4050 5025
4050 5080
4050 5372
4050 5395
5025 5080
5025 5372
5025 5395
5080 5372
5080 5395
5372 5395
4055 5113
4055 5296
4055 5396
5113 5296
5113 5396
5296 5396
4056 5297
4056 5397
5297 5397
4065 4420
4065 5040
4065 5250
4065 5398
4420 5040
4420 5250
4420 5398
5040 5250
5040 5398
5250 5398
4120 4662
4120 5142
4120 5153
4120 5344
4120 5399
4662 5142
4662 5153
4662 5344
4662 5399
5142 5153
5142 5344
5142 5399
5153 5344
5153 5399
5344 5399
4139 4272
4185 5088
4186 4405
4186 4488
4186 4516
4186 4528
4186 4540
4186 4550
4186 4807
4186 5382
4186 5400
4186 5401
4186 5402
4186 5403
4405 4488
4405 4516
4405 4528
4405 4540
4405 4550
4405 4807
4405 5382
4405 5400
4405 5401
4405 5402
4405 5403
4488 4516
4488 4528
4488 4540
4488 4550
4488 4807
4488 5382
4488 5400
4488 5401
4488 5402
4488 5403
4516 4528
4516 4540
4516 4550
4516 4807
4516 5382
4516 5400
4516 5401
4516 5402
4516 5403
4528 4540
4528 4550
4528 4807
4528 5382
4528 5400
4528 5401
4528 5402
4528 5403
4540 4550
4540 4807
4540 5382
4540 5400
4540 5401
4540 5402
4540 5403
4550 4807
4550 5382
4550 5400
4550 5401
4550 5402
4550 5403
4807 5382
4807 5400
4807 5401
4807 5402
4807 5403
5382 5400
5382 5401
5382 5402
5382 5403
5400 5401
5400 5402
5400 5403
5401 5402
5401 5403
5402 5403
4201 4323
4201 4485
4201 4500
4201 4805
4201 5086
4201 5380
4201 5403
4323 4485
4323 4500
4323 4805
4323 5086
4323 5380
4323 5403
4485 4500
4485 4805
4485 5086
4485 5380
4485 5403
4500 4805
4500 5086
4500 5380
4500 5403
4805 5086
4805 5380
4805 5403
5086 5380
5086 5403
5380 5403
4212 5404
4248 5405
4252 4631
4233 4382
4233 4592
4233 4960
4233 5057
4233 5406
4233 5407
4382 4592
4382 4960
4382 5057
4382 5406
4382 5407
4592 4960
4592 5057
4592 5406
4592 5407
4960 5057
4960 5406
4960 5407
5057 5406
5057 5407
5406 5407
4234 4409
4234 5362
4409 5362
4244 5143
4244 5151
4244 5345
4244 5399
5143 5151
5143 5345
5143 5399
5151 5345
5151 5399
5345 5399
4218 5348
4218 5408
4218 5409
4218 5410
4218 5411
5348 5408
5348 5409
5348 5410
5348 5411
5408 5409
5408 5410
5408 5411
5409 5410
5409 5411
5410 5411
4219 5228
4219 5293
4219 5346
4219 5353
4219 5370
4219 5408
4219 5412
4219 5413
4219 5414
4219 5415
5228 5293
5228 5346
5228 5353
5228 5370
5228 5408
5228 5412
5228 5413
5228 5414
5228 5415
5293 5346
5293 5353
5293 5370
5293 5408
5293 5412
5293 5413
5293 5414
5293 5415
5346 5353
5346 5370
5346 5408
5346 5412
5346 5413
5346 5414
5346 5415
5353 5370
5353 5408
5353 5412
5353 5413
5353 5414
5353 5415
5370 5408
5370 5412
5370 5413
5370 5414
5370 5415
5408 5412
5408 5413
5408 5414
5408 5415
5412 5413
5412 5414
5412 5415
5413 5414
5413 5415
5414 5415
4317 4476
4317 4755
4317 5056
4476 4755
4476 5056
4755 5056
4329 4534
4343 4373
4343 4418
4343 4716
4343 4763
4343 5398
4343 5416
4373 4418
4373 4716
4373 4763
4373 5398
4373 5416
4418 4716
4418 4763
4418 5398
4418 5416
4716 4763
4716 5398
4716 5416
4763 5398
4763 5416
5398 5416
4348 4445
4348 5095
4348 5265
4445 5095
4445 5265
5095 5265
4349 5318
4349 5369
5318 5369
4366 4426
4366 4976
4426 4976
4367 4990
4380 4675
4388 5417
4388 5418
5417 5418
4390 4969
4390 5418
4390 5419
4969 5418
4969 5419
5418 5419
4395 5184
4396 4558
4396 4799
4396 5187
4396 5400
4396 5420
4558 4799
4558 5187
4558 5400
4558 5420
4799 5187
4799 5400
4799 5420
5187 5400
5187 5420
5400 5420
4397 5185
4411 4478
4411 4490
4411 4556
4411 5186
4478 4490
4478 4556
4478 5186
4490 4556
4490 5186
4556 5186
4413 4537
4414 4557
4414 5240
4414 5364
4414 5421
4557 5240
4557 5364
4557 5421
5240 5364
5240 5421
5364 5421
4415 4545
4415 5422
4545 5422
4435 4867
4449 4922
4449 5423
4449 5424
4922 5423
4922 5424
5423 5424
4468 4647
4468 4726
4468 5238
4468 5278
4647 4726
4647 5238
4647 5278
4726 5238
4726 5278
5238 5278
4475 4520
4475 5099
4475 5274
4475 5280
4475 5305
4475 5425
4475 5426
4475 5427
4475 5428
4520 5099
4520 5274
4520 5280
4520 5305
4520 5425
4520 5426
4520 5427
4520 5428
5099 5274
5099 5280
5099 5305
5099 5425
5099 5426
5099 5427
5099 5428
5274 5280
5274 5305
5274 5425
5274 5426
5274 5427
5274 5428
5280 5305
5280 5425
5280 5426
5280 5427
5280 5428
5305 5425
5305 5426
5305 5427
5305 5428
5425 5426
5425 5427
5425 5428
5426 5427
5426 5428
5427 5428
4489 4552
4489 5257
4552 5257
4494 4502
4494 5243
4494 5281
4494 5381
4502 5243
4502 5281
4502 5381
5243 5281
5243 5381
5281 5381
4510 4813
4510 5092
4510 5100
4510 5306
4510 5426
4813 5092
4813 5100
4813 5306
4813 5426
5092 5100
5092 5306
5092 5426
5100 5306
5100 5426
5306 5426
4514 5093
4514 5275
4514 5428
4514 5429
4514 5430
5093 5275
5093 5428
5093 5429
5093 5430
5275 5428
5275 5429
5275 5430
5428 5429
5428 5430
5429 5430
4522 4573
4522 4585
4522 4949
4573 4585
4573 4949
4585 4949
4524 5090
4524 5276
4524 5282
4524 5401
4524 5427
4524 5430
4524 5431
5090 5276
5090 5282
5090 5401
5090 5427
5090 5430
5090 5431
5276 5282
5276 5401
5276 5427
5276 5430
5276 5431
5282 5401
5282 5427
5282 5430
5282 5431
5401 5427
5401 5430
5401 5431
5427 5430
5427 5431
5430 5431
4562 5191
4562 5279
4562 5420
4562 5432
5191 5279
5191 5420
5191 5432
5279 5420
5279 5432
5420 5432
4569 4940
4584 5053
4590 5194
4593 5407
4614 4645
4614 5109
4614 5295
4614 5396
4614 5397
4645 5109
4645 5295
4645 5396
4645 5397
5109 5295
5109 5396
5109 5397
5295 5396
5295 5397
5396 5397
4659 5343
4679 4723
4679 5198
4679 5255
4679 5433
4723 5198
4723 5255
4723 5433
5198 5255
5198 5433
5255 5433
4688 4783
4688 4791
4688 5358
4783 4791
4783 5358
4791 5358
4721 5251
4721 5339
5251 5339
4764 5043
4765 4820
4752 4925
4752 5260
4752 5366
4925 5260
4925 5366
5260 5366
4759 5383
4787 5356
4788 5233
4788 5340
4788 5357
4788 5434
5233 5340
5233 5357
5233 5434
5340 5357
5340 5434
5357 5434
4839 5060
4839 5227
4839 5347
4839 5352
4839 5411
4839 5415
4839 5435
4839 5436
4839 5437
4839 5438
5060 5227
5060 5347
5060 5352
5060 5411
5060 5415
5060 5435
5060 5436
5060 5437
5060 5438
5227 5347
5227 5352
5227 5411
5227 5415
5227 5435
5227 5436
5227 5437
5227 5438
5347 5352
5347 5411
5347 5415
5347 5435
5347 5436
5347 5437
5347 5438
5352 5411
5352 5415
5352 5435
5352 5436
5352 5437
5352 5438
5411 5415
5411 5435
5411 5436
5411 5437
5411 5438
5415 5435
5415 5436
5415 5437
5415 5438
5435 5436
5435 5437
5435 5438
5436 5437
5436 5438
5437 5438
4842 5392
4842 5417
4842 5419
5392 5417
5392 5419
5417 5419
4843 5226
4843 5349
4843 5351
4843 5409
4843 5412
4843 5423
4843 5435
4843 5439
4843 5440
4843 5441
5226 5349
5226 5351
5226 5409
5226 5412
5226 5423
5226 5435
5226 5439
5226 5440
5226 5441
5349 5351
5349 5409
5349 5412
5349 5423
5349 5435
5349 5439
5349 5440
5349 5441
5351 5409
5351 5412
5351 5423
5351 5435
5351 5439
5351 5440
5351 5441
5409 5412
5409 5423
5409 5435
5409 5439
5409 5440
5409 5441
5412 5423
5412 5435
5412 5439
5412 5440
5412 5441
5423 5435
5423 5439
5423 5440
5423 5441
5435 5439
5435 5440
5435 5441
5439 5440
5439 5441
5440 5441
4844 5414
4844 5436
4844 5439
4844 5442
5414 5436
5414 5439
5414 5442
5436 5439
5436 5442
5439 5442
4877 5205
4877 5443
5205 5443
4905 5166
4957 4987
4957 5230
4957 5355
4957 5424
4957 5438
4957 5441
4957 5444
4987 5230
4987 5355
4987 5424
4987 5438
4987 5441
4987 5444
5230 5355
5230 5424
5230 5438
5230 5441
5230 5444
5355 5424
5355 5438
5355 5441
5355 5444
5424 5438
5424 5441
5424 5444
5438 5441
5438 5444
5441 5444
4958 5444
4963 5032
4963 5387
4963 5445
5032 5387
5032 5445
5387 5445
4967 5388
4967 5445
4967 5446
5388 5445
5388 5446
5445 5446
5009 5068
5023 5447
5026 5373
5026 5395
5026 5448
5373 5395
5373 5448
5395 5448
5027 5447
5036 5363
5078 5309
5083 5449
5087 5237
5087 5422
5237 5422
5089 5102
5089 5273
5089 5277
5089 5283
5089 5425
5089 5429
5089 5431
5089 5450
5102 5273
5102 5277
5102 5283
5102 5425
5102 5429
5102 5431
5102 5450
5273 5277
5273 5283
5273 5425
5273 5429
5273 5431
5273 5450
5277 5283
5277 5425
5277 5429
5277 5431
5277 5450
5283 5425
5283 5429
5283 5431
5283 5450
5425 5429
5425 5431
5425 5450
5429 5431
5429 5450
5431 5450
5123 5384
5229 5354
5229 5410
5229 5413
5229 5434
5229 5437
5229 5440
5229 5442
5354 5410
5354 5413
5354 5434
5354 5437
5354 5440
5354 5442
5410 5413
5410 5434
5410 5437
5410 5440
5410 5442
5413 5434
5413 5437
5413 5440
5413 5442
5434 5437
5434 5440
5434 5442
5437 5440
5437 5442
5440 5442
5289 5302
5289 5303
5289 5402
5289 5432
5289 5450
5302 5303
5302 5402
5302 5432
5302 5450
5303 5402
5303 5432
5303 5450
5402 5432
5402 5450
5432 5450
5291 5298
5391 5404
