0.699505 0.013575 0.054904 -1
0.699321 0.013575 0.054944 2153
0.699138 0.013575 0.054984 752
0.698954 0.013575 0.055014 929
0.698771 0.013759 0.055060 577
0.698587 0.013759 0.055099 1478
0.698404 0.013759 0.055142 4908
0.698221 0.013759 0.055172 3352
0.698037 0.013759 0.055212 852
0.697854 0.013759 0.055253 1197
0.697670 0.013759 0.055293 4255
0.697487 0.013759 0.055337 1924
0.697303 0.013759 0.055378 2054
0.697120 0.013759 0.055422 3392
0.696936 0.013942 0.055468 497
0.696753 0.013942 0.055490 3644
0.696569 0.014126 0.055537 809
0.696386 0.014309 0.055584 850
0.696203 0.014309 0.055628 2598
0.696019 0.014309 0.055670 1683
0.695836 0.014309 0.055699 4567
0.695652 0.014493 0.055746 3697
0.695469 0.014493 0.055786 2518
0.695285 0.014493 0.055827 3541
0.695102 0.014493 0.055862 410
0.694918 0.014493 0.055904 937
0.694735 0.014493 0.055933 1285
0.694551 0.014676 0.055981 298
0.694368 0.014676 0.056026 1190
0.694185 0.014676 0.056061 692
0.694001 0.014676 0.056107 2712
0.693818 0.014676 0.056144 538
0.693634 0.014676 0.056190 3795
0.693451 0.014860 0.056238 1442
0.693267 0.014860 0.056284 4012
0.693084 0.014860 0.056331 3260
0.692900 0.014860 0.056361 1827
0.692717 0.014860 0.056402 258
0.692533 0.015043 0.056450 4317
0.692350 0.015043 0.056480 1282
0.692167 0.015227 0.056529 2613
0.691983 0.015227 0.056576 2454
0.691800 0.015227 0.056617 4942
0.691616 0.015410 0.056667 1467
0.691433 0.015593 0.056717 849
0.691249 0.018529 0.058142 5192
0.691066 0.018529 0.058183 4263
0.690882 0.018529 0.058212 2542
0.690699 0.018712 0.058271 2769
0.690516 0.018896 0.058330 1516
0.690332 0.018896 0.058371 468
0.690149 0.018896 0.058411 2193
0.689965 0.019079 0.058471 3480
0.689782 0.019079 0.059802 4659
0.689598 0.019079 0.059858 2850
0.689415 0.019079 0.059914 1419
0.689231 0.019079 0.059970 274
0.689048 0.019263 0.060029 4761
0.688864 0.019263 0.060086 4356
0.688681 0.019263 0.060143 1835
0.688498 0.019263 0.060201 2320
0.688314 0.019263 0.060259 2524
0.688131 0.019446 0.060318 4875
0.687947 0.019629 0.060378 1795
0.687764 0.019629 0.060436 1480
0.687580 0.019813 0.060496 3424
0.687397 0.019996 0.060557 2695
0.687213 0.020180 0.060617 2932
0.687030 0.020180 0.060677 2550
0.686846 0.020363 0.060738 4547
0.686663 0.020547 0.060800 245
0.686480 0.020730 0.060862 4235
0.686296 0.020914 0.060924 4013
0.686113 0.021097 0.060988 3557
0.685929 0.021097 0.061047 2182
0.685746 0.021280 0.061111 1133
0.685562 0.021464 0.061175 4680
0.685379 0.021647 0.061239 861
0.685195 0.021831 0.061304 1129
0.685012 0.022014 0.061370 2015
0.684828 0.022014 0.061405 1704
0.684645 0.022198 0.061471 3444
0.684462 0.022381 0.061537 4342
0.684278 0.022381 0.063065 1449
0.684095 0.022381 0.063124 1026
0.683911 0.022381 0.064768 4946
0.683728 0.022381 0.064827 2557
0.683544 0.022381 0.064887 3649
0.683361 0.022381 0.064947 2706
0.683177 0.022381 0.065005 2759
0.682994 0.022381 0.065065 5113
0.682810 0.022381 0.065127 2898
0.682627 0.022381 0.065184 173
0.682444 0.022381 0.065246 555
0.682260 0.022381 0.065308 2651
0.682077 0.022381 0.065371 1841
0.681893 0.022565 0.065434 3322
0.681710 0.022748 0.065497 3899
0.681526 0.022932 0.065561 2228
0.681343 0.023115 0.065626 1246
0.681159 0.023298 0.065690 2795
0.680976 0.023482 0.065756 2614
0.680793 0.023665 0.065821 2079
0.680609 0.023849 0.065888 822
0.680426 0.024032 0.065954 3179
0.680242 0.024032 0.065981 1749
0.680059 0.024216 0.066048 1740
0.679875 0.024399 0.066116 3742
0.679692 0.028619 0.068599 4140
0.679508 0.028802 0.068676 2248
0.679325 0.028986 0.068753 4765
0.679141 0.029169 0.068831 4656
0.678958 0.029352 0.068909 4764
0.678775 0.029352 0.068974 4291
0.678591 0.029536 0.069052 4657
0.678408 0.029719 0.069131 3493
0.678224 0.029903 0.069210 3336
0.678041 0.029903 0.069275 2148
0.677857 0.029903 0.069335 4766
0.677674 0.030086 0.069414 5221
0.677490 0.030086 0.069480 2098
0.677307 0.030270 0.069559 1654
0.677123 0.030270 0.070661 1687
0.676940 0.030453 0.070740 4722
0.676757 0.030637 0.070819 1383
0.676573 0.030637 0.070884 1333
0.676390 0.030820 0.070963 5109
0.676206 0.031003 0.071043 5204
0.676023 0.031003 0.072582 1936
0.675839 0.031003 0.072637 4986
0.675656 0.031187 0.072715 4907
0.675472 0.031370 0.072794 4591
0.675289 0.031370 0.072838 591
0.675105 0.031554 0.072917 4553
0.674922 0.031554 0.072972 3301
0.674739 0.031737 0.073052 3505
0.674555 0.031737 0.073107 4631
0.674372 0.031737 0.073151 835
0.674188 0.031737 0.074846 3191
0.674005 0.031737 0.074902 1766
0.673821 0.031737 0.074960 2003
0.673638 0.031737 0.075017 2633
0.673454 0.031737 0.075075 3941
0.673271 0.031737 0.075134 2476
0.673088 0.031737 0.075193 5371
0.672904 0.031737 0.075247 3236
0.672721 0.031737 0.075306 3736
0.672537 0.031737 0.075366 2942
0.672354 0.031737 0.075426 3746
0.672170 0.031737 0.075486 1337
0.671987 0.031737 0.078094 2026
0.671803 0.031737 0.078153 3134
0.671620 0.031737 0.078227 4549
0.671436 0.031737 0.078286 2513
0.671253 0.031737 0.078360 3501
0.671070 0.031921 0.078435 2131
0.670886 0.032104 0.078510 3701
0.670703 0.032288 0.078585 828
0.670519 0.032471 0.078660 1537
0.670336 0.032655 0.078736 3903
0.670152 0.032838 0.078812 1348
0.669969 0.033021 0.078889 2589
0.669785 0.033205 0.078966 4481
0.669602 0.033205 0.079025 770
0.669418 0.033205 0.079084 2034
0.669235 0.033205 0.079144 978
0.669052 0.033205 0.079204 2465
0.668868 0.033388 0.079281 1265
0.668685 0.033572 0.079359 4127
0.668501 0.033572 0.079419 5042
0.668318 0.033755 0.079497 3908
0.668134 0.033939 0.079575 2020
0.667951 0.034122 0.079653 2731
0.667767 0.034306 0.079732 5208
0.667584 0.034489 0.079811 1385
0.667400 0.034673 0.079891 2252
0.667217 0.034856 0.079971 2837
0.667034 0.034856 0.080031 1134
0.666850 0.035039 0.080111 2019
0.666667 0.035223 0.080191 4020
0.666483 0.035406 0.080272 2732
0.666300 0.035590 0.080353 4505
0.666116 0.035590 0.080414 957
0.665933 0.035773 0.080495 2797
0.665749 0.035773 0.080556 974
0.665566 0.035957 0.080638 3451
0.665382 0.036140 0.080720 4542
0.665199 0.036140 0.080781 4803
0.665016 0.036324 0.080863 3498
0.664832 0.036324 0.081855 3456
0.664649 0.036507 0.081937 1384
0.664465 0.036691 0.082019 4993
0.664282 0.036691 0.082059 2752
0.664098 0.036874 0.082141 1665
0.663915 0.036874 0.082181 3708
0.663731 0.036874 0.082222 3194
0.663548 0.036874 0.082263 2943
0.663365 0.037057 0.082346 2753
0.663181 0.037057 0.082387 2630
0.662998 0.037057 0.083458 3843
0.662814 0.037057 0.083500 1613
0.662631 0.037057 0.083541 2525
0.662447 0.037057 0.083584 171
0.662264 0.037057 0.083625 3820
0.662080 0.037057 0.083667 2988
0.661897 0.037057 0.083710 2709
0.661713 0.037057 0.083752 519
0.661530 0.037057 0.083795 4924
0.661347 0.037057 0.083838 380
0.661163 0.037241 0.083920 2498
0.660980 0.037241 0.085559 4373
0.660796 0.037424 0.085639 3721
0.660613 0.037424 0.085691 2013
0.660429 0.037424 0.085732 984
0.660246 0.037424 0.087597 1394
0.660062 0.037424 0.087653 1263
0.659879 0.037424 0.087710 3918
0.659695 0.037424 0.087766 297
0.659512 0.037424 0.087823 1386
0.659329 0.037424 0.087881 1511
0.659145 0.037424 0.087938 2094
0.658962 0.037424 0.087996 1651
0.658778 0.037424 0.088055 5447
0.658595 0.037424 0.088113 1712
0.658411 0.037424 0.088172 3519
0.658228 0.037424 0.088232 4465
0.658044 0.037424 0.088291 2205
0.657861 0.037424 0.088342 1159
0.657677 0.037424 0.088402 3263
0.657494 0.037424 0.088463 3508
0.657311 0.037424 0.088504 1569
0.657127 0.037424 0.088546 3415
0.656944 0.037424 0.088607 2994
0.656760 0.037424 0.088668 1141
0.656577 0.037424 0.088729 1916
0.656393 0.037424 0.088791 237
0.656210 0.037424 0.088853 2815
0.656026 0.037424 0.088915 1714
0.655843 0.037424 0.088978 3244
0.655660 0.037424 0.089029 4569
0.655476 0.037424 0.089092 2654
0.655293 0.037424 0.089155 3963
0.655109 0.037424 0.089219 5179
0.654926 0.037424 0.089283 233
0.654742 0.037424 0.089347 263
0.654559 0.037424 0.089411 2135
0.654375 0.037424 0.089476 3974
0.654192 0.037424 0.089542 1727
0.654008 0.037424 0.089607 1977
0.653825 0.037424 0.089673 2768
0.653642 0.037424 0.089739 2526
0.653458 0.037424 0.089806 3442
0.653275 0.037424 0.089873 4181
0.653091 0.037424 0.089940 1308
0.652908 0.037424 0.089991 191
0.652724 0.037424 0.090058 696
0.652541 0.037424 0.090126 4817
0.652357 0.037424 0.090194 4318
0.652174 0.037424 0.090263 4708
0.651990 0.046780 0.094080 2318
0.651807 0.046964 0.094171 1166
0.651624 0.047147 0.094263 885
0.651440 0.047331 0.094355 5310
0.651257 0.047514 0.094447 5301
0.651073 0.047698 0.094540 3757
0.650890 0.047881 0.094632 4093
0.650706 0.048065 0.094725 2175
0.650523 0.048248 0.094818 3354
0.650339 0.048431 0.094912 3104
0.650156 0.048615 0.095006 635
0.649972 0.048798 0.095100 2288
0.649789 0.048982 0.095194 4583
0.649606 0.049165 0.095288 5142
0.649422 0.049349 0.095383 4532
0.649239 0.049532 0.095478 2590
0.649055 0.049716 0.095574 1103
0.648872 0.049899 0.095669 1776
0.648688 0.050083 0.095765 5230
0.648505 0.050266 0.095861 2733
0.648321 0.050449 0.095957 1045
0.648138 0.050633 0.096054 2285
0.647955 0.050633 0.098833 3440
0.647771 0.050816 0.098927 3726
0.647588 0.050816 0.098996 3359
0.647404 0.050816 0.099065 1154
0.647221 0.050816 0.099134 4081
0.647037 0.050816 0.099204 4108
0.646854 0.050816 0.099274 1067
0.646670 0.050816 0.099344 2464
0.646487 0.050816 0.099415 1838
0.646303 0.051000 0.099509 4311
0.646120 0.051000 0.099580 4498
0.645937 0.051000 0.099651 3621
0.645753 0.051183 0.099745 3309
0.645570 0.051183 0.099816 5323
0.645386 0.051183 0.099888 3970
0.645203 0.051367 0.099982 4913
0.645019 0.051367 0.100054 1027
0.644836 0.051367 0.100126 631
0.644652 0.051367 0.100198 4923
0.644469 0.051367 0.100271 2514
0.644285 0.051367 0.100344 277
0.644102 0.051367 0.100417 5379
0.643919 0.051367 0.100491 4151
0.643735 0.051367 0.102494 4203
0.643552 0.051367 0.102547 4402
0.643368 0.051367 0.102620 3812
0.643185 0.051367 0.102673 5089
0.643001 0.051367 0.102746 922
0.642818 0.051367 0.102819 4040
0.642634 0.051367 0.102873 2843
0.642451 0.051367 0.102927 2322
0.642267 0.051367 0.105101 3515
0.642084 0.051367 0.105156 3745
0.641901 0.051367 0.105211 972
0.641717 0.051367 0.105266 727
0.641534 0.051367 0.105322 1565
0.641350 0.051367 0.105378 2508
0.641167 0.051367 0.105435 575
0.640983 0.051367 0.105488 2221
0.640800 0.051367 0.105544 5255
0.640616 0.051367 0.105601 2355
0.640433 0.051367 0.105658 3405
0.640249 0.051367 0.105716 854
0.640066 0.051367 0.105774 3252
0.639883 0.051367 0.105832 340
0.639699 0.051367 0.105890 1047
0.639516 0.051367 0.105949 942
0.639332 0.051367 0.106008 3360
0.639149 0.051367 0.106067 4785
0.638965 0.051367 0.106126 3116
0.638782 0.051367 0.106186 393
0.638598 0.051367 0.106246 3786
0.638415 0.051367 0.106306 2391
0.638232 0.051367 0.106367 513
0.638048 0.051367 0.108955 4888
0.637865 0.051367 0.109016 1361
0.637681 0.051367 0.109077 1252
0.637498 0.051367 0.109139 4835
0.637314 0.051367 0.109201 1194
0.637131 0.051367 0.109260 480
0.636947 0.051367 0.109322 3249
0.636764 0.051367 0.109385 3221
0.636580 0.051367 0.109444 3193
0.636397 0.051367 0.109507 901
0.636214 0.051367 0.109569 1541
0.636030 0.051367 0.109633 352
0.635847 0.051367 0.109696 5430
0.635663 0.051367 0.109760 288
0.635480 0.051367 0.109828 921
0.635296 0.051367 0.113034 1296
0.635113 0.051367 0.113103 397
0.634929 0.051367 0.113173 3055
0.634746 0.051367 0.113244 4135
0.634562 0.051367 0.113314 4599
0.634379 0.051367 0.113385 4554
0.634196 0.051367 0.113456 2377
0.634012 0.051367 0.113528 3368
0.633829 0.051367 0.113599 4002
0.633645 0.051367 0.113671 1222
0.633462 0.051367 0.113743 4574
0.633278 0.051367 0.113815 2918
0.633095 0.051367 0.113888 3369
0.632911 0.051367 0.113949 3462
0.632728 0.051367 0.117130 5000
0.632544 0.051367 0.117197 3686
0.632361 0.051367 0.117268 2697
0.632178 0.051367 0.117335 846
0.631994 0.051367 0.117402 2009
0.631811 0.051367 0.117469 1117
0.631627 0.051367 0.117537 3482
0.631444 0.051367 0.117605 1831
0.631260 0.051367 0.117665 1734
0.631077 0.051367 0.117733 2247
0.630893 0.051367 0.117802 1987
0.630710 0.051367 0.117870 3680
0.630527 0.051367 0.117939 391
0.630343 0.051367 0.118010 2804
0.630160 0.051367 0.118079 2716
0.629976 0.051367 0.118148 3485
0.629793 0.051367 0.118218 511
0.629609 0.051367 0.118288 3523
0.629426 0.051367 0.118358 3146
0.629242 0.051367 0.118429 4839
0.629059 0.051367 0.118499 1731
0.628875 0.051367 0.118570 1851
0.628692 0.051367 0.118629 4852
0.628509 0.051367 0.118700 4772
0.628325 0.051367 0.118771 1869
0.628142 0.051367 0.118842 4674
0.627958 0.051367 0.118913 3484
0.627775 0.051367 0.118984 3182
0.627591 0.051367 0.119055 512
0.627408 0.051367 0.119127 179
0.627224 0.051367 0.119199 3408
0.627041 0.051367 0.119271 1200
0.626857 0.051367 0.121344 840
0.626674 0.061090 0.128317 4843
0.626491 0.061090 0.128363 3049
0.626307 0.061273 0.128451 1006
0.626124 0.061273 0.128497 2539
0.625940 0.061457 0.128585 3744
0.625757 0.061457 0.128652 3434
0.625573 0.061640 0.128740 4124
0.625390 0.061824 0.128828 4829
0.625206 0.062007 0.128916 4193
0.625023 0.062190 0.129004 5077
0.624839 0.062374 0.129093 1233
0.624656 0.062557 0.129181 3928
0.624473 0.062741 0.129270 485
0.624289 0.062741 0.129317 3347
0.624106 0.062741 0.129363 3576
0.623922 0.062924 0.129453 750
0.623739 0.063108 0.129542 5093
0.623555 0.063108 0.129607 1507
0.623372 0.063108 0.129654 4682
0.623188 0.063291 0.129743 1224
0.623005 0.063291 0.129790 2546
0.622822 0.063291 0.129838 2724
0.622638 0.063291 0.129885 4881
0.622455 0.063475 0.129975 2975
0.622271 0.063475 0.130023 3305
0.622088 0.063658 0.130112 1829
0.621904 0.063658 0.130160 2356
0.621721 0.063658 0.130227 3778
0.621537 0.063841 0.130317 3513
0.621354 0.063841 0.130365 1810
0.621170 0.064025 0.130455 4114
0.620987 0.064025 0.130503 3283
0.620804 0.064208 0.130593 1363
0.620620 0.064392 0.130683 4798
0.620437 0.064575 0.130774 768
0.620253 0.064759 0.130865 4007
0.620070 0.064942 0.130955 4585
0.619886 0.065126 0.131047 4095
0.619703 0.065309 0.131138 1563
0.619519 0.065493 0.131229 257
0.619336 0.065676 0.131321 769
0.619152 0.065859 0.131413 4028
0.618969 0.066043 0.131505 4608
0.618786 0.066043 0.131553 3267
0.618602 0.066226 0.131645 3338
0.618419 0.066410 0.131738 1858
0.618235 0.066593 0.131830 1603
0.618052 0.066777 0.131923 3741
0.617868 0.066960 0.132016 158
0.617685 0.066960 0.132064 3979
0.617501 0.066960 0.132130 622
0.617318 0.067144 0.132223 546
0.617134 0.067144 0.132289 3492
0.616951 0.067327 0.132382 3433
0.616768 0.067511 0.132476 3671
0.616584 0.067511 0.139011 310
0.616401 0.067511 0.139090 1340
0.616217 0.067511 0.139170 4734
0.616034 0.067511 0.139250 4877
0.615850 0.067511 0.139330 4133
0.615667 0.067511 0.139410 3836
0.615483 0.067511 0.139491 3839
0.615300 0.067511 0.139571 2137
0.615116 0.067511 0.139652 4462
0.614933 0.067511 0.139733 3468
0.614750 0.067511 0.139814 3308
0.614566 0.067511 0.139896 2807
0.614383 0.067511 0.139978 3929
0.614199 0.067511 0.140059 4113
0.614016 0.067511 0.140141 5300
0.613832 0.067511 0.140224 4977
0.613649 0.067511 0.140306 3381
0.613465 0.067511 0.140389 3365
0.613282 0.067511 0.140471 1196
0.613099 0.067511 0.140554 2350
0.612915 0.067511 0.140638 2049
0.612732 0.067511 0.140721 1332
0.612548 0.067511 0.140805 2418
0.612365 0.067511 0.140888 3219
0.612181 0.067511 0.140972 5061
0.611998 0.067511 0.141056 336
0.611814 0.067511 0.141141 1718
0.611631 0.067511 0.141225 1161
0.611447 0.067511 0.141310 4902
0.611264 0.067511 0.141395 3694
0.611081 0.067511 0.141480 5239
0.610897 0.067511 0.141565 2105
0.610714 0.067511 0.141651 1931
0.610530 0.067511 0.141736 3706
0.610347 0.067511 0.141822 4613
0.610163 0.067511 0.141908 228
0.609980 0.067511 0.141994 537
0.609796 0.067511 0.142081 5080
0.609613 0.067511 0.142167 1218
0.609429 0.067511 0.142254 1715
0.609246 0.067511 0.142341 3109
0.609063 0.067694 0.142428 1453
0.608879 0.067877 0.142515 3045
0.608696 0.068061 0.142603 3797
0.608512 0.068244 0.142690 4415
0.608329 0.068428 0.142778 4198
0.608145 0.068611 0.142866 377
0.607962 0.068795 0.142954 155
0.607778 0.068978 0.143043 3145
0.607595 0.069162 0.143131 3814
0.607411 0.069345 0.143220 3868
0.607228 0.069529 0.143309 241
0.607045 0.069712 0.143398 1215
0.606861 0.069895 0.143487 4168
0.606678 0.070079 0.143577 2349
0.606494 0.070262 0.143666 3565
0.606311 0.070446 0.143756 4421
0.606127 0.070629 0.143846 2316
0.605944 0.070813 0.143936 2206
0.605760 0.070996 0.144027 3632
0.605577 0.071180 0.144117 4568
0.605394 0.071363 0.144208 2168
0.605210 0.071547 0.144299 1416
0.605027 0.071730 0.144390 3769
0.604843 0.071913 0.144481 4086
0.604660 0.072097 0.144572 4762
0.604476 0.072280 0.144664 4416
0.604293 0.072464 0.144756 5026
0.604109 0.072647 0.144848 3919
0.603926 0.072831 0.144940 303
0.603742 0.073014 0.145032 5151
0.603559 0.073198 0.145124 2897
0.603376 0.073381 0.145217 792
0.603192 0.073564 0.145310 467
0.603009 0.073748 0.145403 3107
0.602825 0.073931 0.145496 889
0.602642 0.074115 0.145589 970
0.602458 0.074298 0.145683 2936
0.602275 0.074482 0.145776 624
0.602091 0.074665 0.145870 5405
0.601908 0.074665 0.153968 4076
0.601724 0.074665 0.154051 544
0.601541 0.074665 0.154134 1546
0.601358 0.074665 0.154218 5229
0.601174 0.074665 0.154301 1717
0.600991 0.074665 0.154385 4246
0.600807 0.074665 0.154469 4847
0.600624 0.074665 0.154553 813
0.600440 0.074665 0.154637 1489
0.600257 0.074665 0.154721 3927
0.600073 0.074665 0.154805 3962
0.599890 0.074665 0.154890 4335
0.599706 0.074665 0.154975 4118
0.599523 0.074665 0.155060 2841
0.599340 0.074665 0.155145 2064
0.599156 0.074665 0.155230 339
0.598973 0.074665 0.155316 403
0.598789 0.074665 0.155402 2440
0.598606 0.074665 0.155488 5099
0.598422 0.074665 0.155574 3238
0.598239 0.074665 0.155660 2582
0.598055 0.074665 0.155746 3030
0.597872 0.074665 0.155833 3325
0.597688 0.074665 0.155919 3662
0.597505 0.074665 0.156006 2821
0.597322 0.074665 0.156093 4470
0.597138 0.074665 0.156180 761
0.596955 0.074665 0.156268 1656
0.596771 0.074665 0.156355 1106
0.596588 0.074849 0.156443 1761
0.596404 0.075032 0.156531 4152
0.596221 0.075216 0.156619 4545
0.596037 0.075399 0.156707 2919
0.595854 0.075582 0.156795 1343
0.595671 0.075766 0.156884 2190
0.595487 0.075949 0.156972 1876
0.595304 0.076133 0.157061 1039
0.595120 0.076316 0.157150 514
0.594937 0.076500 0.157240 3317
0.594753 0.076683 0.157329 3884
0.594570 0.076867 0.157418 2848
0.594386 0.077050 0.157508 2449
0.594203 0.077234 0.157598 434
0.594019 0.077417 0.157688 655
0.593836 0.077600 0.157778 1046
0.593653 0.077784 0.157868 1892
0.593469 0.077967 0.157959 4153
0.593286 0.078151 0.158049 2756
0.593102 0.078334 0.158140 281
0.592919 0.078518 0.158231 330
0.592735 0.078701 0.158322 1157
0.592552 0.078885 0.158414 1304
0.592368 0.079068 0.158505 1310
0.592185 0.079252 0.158597 576
0.592001 0.079435 0.158688 2358
0.591818 0.079618 0.158780 1406
0.591635 0.079802 0.158872 2682
0.591451 0.079985 0.158964 3707
0.591268 0.080169 0.159057 4587
0.591084 0.080352 0.159149 3700
0.590901 0.080536 0.159242 3209
0.590717 0.080719 0.159335 2866
0.590534 0.080903 0.159428 2922
0.590350 0.081086 0.159521 2093
0.590167 0.081269 0.159614 1303
0.589983 0.081453 0.159708 1940
0.589800 0.081636 0.159802 4753
0.589617 0.081820 0.159895 2092
0.589433 0.082003 0.159989 2306
0.589250 0.082187 0.160083 2361
0.589066 0.082370 0.160178 1872
0.588883 0.082370 0.160263 4197
0.588699 0.082554 0.160358 5116
0.588516 0.082737 0.160452 785
0.588332 0.082921 0.160547 4692
0.588149 0.083104 0.160642 1752
0.587966 0.083287 0.160737 2890
0.587782 0.083471 0.160832 1918
0.587599 0.083654 0.160927 1637
0.587415 0.083838 0.161023 4987
0.587232 0.084021 0.161118 4828
0.587048 0.084205 0.161214 983
0.586865 0.084388 0.161310 1566
0.586681 0.084572 0.161406 2568
0.586498 0.084755 0.161502 784
0.586314 0.084939 0.161598 2900
0.586131 0.085122 0.161695 5120
0.585948 0.085305 0.161792 579
0.585764 0.085489 0.161888 219
0.585581 0.085672 0.161985 713
0.585397 0.085856 0.162082 465
0.585214 0.086039 0.162180 2496
0.585030 0.086223 0.162277 3355
0.584847 0.086406 0.162375 2740
0.584663 0.086590 0.162472 1711
0.584480 0.086773 0.162570 3036
0.584296 0.086957 0.162668 2831
0.584113 0.087140 0.162766 3003
0.583930 0.087323 0.162865 1214
0.583746 0.087507 0.162963 3902
0.583563 0.087690 0.163062 3631
0.583379 0.087874 0.163160 894
0.583196 0.088057 0.163259 381
0.583012 0.088241 0.163358 264
0.582829 0.088424 0.163457 3961
0.582645 0.088608 0.163557 2941
0.582462 0.088791 0.163656 812
0.582278 0.088975 0.163756 464
0.582095 0.089158 0.163856 280
0.581912 0.089341 0.163955 1582
0.581728 0.089341 0.164039 1891
0.581545 0.089525 0.164139 211
0.581361 0.089708 0.164239 776
0.581178 0.089892 0.164340 795
0.580994 0.090075 0.164440 619
0.580811 0.090075 0.164524 3363
0.580627 0.090259 0.164624 1254
0.580444 0.090442 0.164725 4666
0.580261 0.090626 0.164826 2023
0.580077 0.090809 0.164927 2926
0.579894 0.090992 0.165028 1785
0.579710 0.091176 0.165129 2155
0.579527 0.091176 0.165213 2868
0.579343 0.091359 0.165314 640
0.579160 0.091543 0.165415 4573
0.578976 0.091543 0.165499 3586
0.578793 0.091726 0.165601 4165
0.578609 0.091910 0.165702 712
0.578426 0.092093 0.165804 708
0.578243 0.092277 0.165906 3536
0.578059 0.092460 0.166008 2293
0.577876 0.092644 0.166111 1632
0.577692 0.092827 0.166213 3218
0.577509 0.093010 0.166315 4721
0.577325 0.093194 0.166418 2383
0.577142 0.093377 0.166521 853
0.576958 0.093561 0.166624 2927
0.576775 0.116859 0.184440 3016
0.576591 0.117043 0.184557 1335
0.576408 0.117226 0.184673 2461
0.576225 0.117410 0.184789 379
0.576041 0.117593 0.184906 2980
0.575858 0.117777 0.185023 4873
0.575674 0.117960 0.185140 3911
0.575491 0.118143 0.185257 4537
0.575307 0.118327 0.185374 1522
0.575124 0.118510 0.185491 2776
0.574940 0.118694 0.185608 3101
0.574757 0.118877 0.185725 3106
0.574573 0.119061 0.185843 1410
0.574390 0.119244 0.185960 3549
0.574207 0.119428 0.186078 1499
0.574023 0.119611 0.186196 2312
0.573840 0.119795 0.186314 3994
0.573656 0.119978 0.186432 1316
0.573473 0.120161 0.186550 4960
0.573289 0.120345 0.186668 2572
0.573106 0.120528 0.186787 2501
0.572922 0.120712 0.186905 5376
0.572739 0.120895 0.187023 1513
0.572555 0.121079 0.187142 2075
0.572372 0.121262 0.187261 2982
0.572189 0.121446 0.187380 843
0.572005 0.121629 0.187499 4206
0.571822 0.121813 0.187618 3712
0.571638 0.121996 0.187737 950
0.571455 0.122179 0.187856 973
0.571271 0.122363 0.187976 4594
0.571088 0.122546 0.188095 3511
0.570904 0.122730 0.188215 5096
0.570721 0.122913 0.188334 3920
0.570538 0.123097 0.188454 1981
0.570354 0.123280 0.188574 1883
0.570171 0.123464 0.188694 3095
0.569987 0.123647 0.188814 466
0.569804 0.123830 0.188934 2608
0.569620 0.124014 0.189054 4106
0.569437 0.124197 0.189175 884
0.569253 0.124381 0.189295 4180
0.569070 0.124564 0.189416 2070
0.568886 0.124748 0.189537 3572
0.568703 0.124931 0.189657 2917
0.568520 0.125115 0.189778 2939
0.568336 0.125298 0.189899 2834
0.568153 0.125482 0.190020 390
0.567969 0.125665 0.190142 2991
0.567786 0.125848 0.190263 1022
0.567602 0.126032 0.190384 1270
0.567419 0.126215 0.190506 3377
0.567235 0.126399 0.190627 247
0.567052 0.126582 0.190749 1244
0.566868 0.126766 0.190871 3539
0.566685 0.126949 0.190993 2920
0.566502 0.127133 0.191115 1983
0.566318 0.127316 0.191237 5090
0.566135 0.127500 0.191359 3611
0.565951 0.127683 0.191481 2220
0.565768 0.127866 0.191604 2722
0.565584 0.128050 0.191726 1822
0.565401 0.128233 0.191849 4590
0.565217 0.128417 0.191971 3497
0.565034 0.128600 0.192094 1452
0.564850 0.128784 0.192217 2910
0.564667 0.128967 0.192340 4030
0.564484 0.129151 0.192463 2301
0.564300 0.129334 0.192586 2494
0.564117 0.129518 0.192709 1271
0.563933 0.129701 0.192833 3858
0.563750 0.129884 0.192956 572
0.563566 0.130068 0.193080 648
0.563383 0.130251 0.193203 3904
0.563199 0.130435 0.193327 2966
0.563016 0.130618 0.193451 3824
0.562833 0.130802 0.193575 3997
0.562649 0.130985 0.193699 1707
0.562466 0.131169 0.193823 2911
0.562282 0.131352 0.193947 2827
0.562099 0.131352 0.194036 3491
0.561915 0.131535 0.194160 3380
0.561732 0.131719 0.194284 3316
0.561548 0.131902 0.194409 3233
0.561365 0.132086 0.194533 2872
0.561181 0.132269 0.194658 1021
0.560998 0.132453 0.194782 4664
0.560815 0.132636 0.194907 860
0.560631 0.132820 0.195032 1739
0.560448 0.133003 0.195157 5231
0.560264 0.133187 0.195282 3956
0.560081 0.133370 0.195407 836
0.559897 0.133553 0.195533 162
0.559714 0.133737 0.195658 3639
0.559530 0.133920 0.195783 2893
0.559347 0.134104 0.195909 1085
0.559163 0.134287 0.196035 3202
0.558980 0.134471 0.196160 4194
0.558797 0.134654 0.196286 4063
0.558613 0.134838 0.196412 4870
0.558430 0.135021 0.196538 5291
0.558246 0.135205 0.196664 4503
0.558063 0.135388 0.196790 2163
0.557879 0.135571 0.196916 3282
0.557696 0.135755 0.197043 820
0.557512 0.135938 0.197169 1243
0.557329 0.136122 0.197296 3811
0.557145 0.136305 0.197422 206
0.556962 0.136489 0.197549 3447
0.556779 0.136672 0.197676 4815
0.556595 0.136856 0.197803 958
0.556412 0.137039 0.197930 1783
0.556228 0.137223 0.198057 476
0.556045 0.137406 0.198184 1982
0.555861 0.137589 0.198311 4129
0.555678 0.137773 0.198439 788
0.555494 0.137956 0.198566 1280
0.555311 0.138140 0.198693 2010
0.555127 0.138323 0.198821 4732
0.554944 0.138507 0.198949 5122
0.554761 0.138690 0.199076 2402
0.554577 0.138874 0.199204 1573
0.554394 0.139057 0.199332 4101
0.554210 0.139241 0.199460 4688
0.554027 0.139424 0.199588 3375
0.553843 0.139607 0.199717 3241
0.553660 0.139791 0.199845 229
0.553476 0.139974 0.199973 3364
0.553293 0.140158 0.200102 2811
0.553110 0.140341 0.200230 1514
0.552926 0.140525 0.200359 586
0.552743 0.140708 0.200488 4748
0.552559 0.140708 0.200573 2144
0.552376 0.140892 0.200702 2883
0.552192 0.141075 0.200831 4021
0.552009 0.141258 0.200960 3735
0.551825 0.141442 0.201089 787
0.551642 0.141625 0.201218 193
0.551458 0.141809 0.201347 3967
0.551275 0.141992 0.201476 3730
0.551092 0.142176 0.201606 4486
0.550908 0.142176 0.212343 1054
0.550725 0.142176 0.212424 2679
0.550541 0.142176 0.212506 902
0.550358 0.142176 0.212587 3522
0.550174 0.142176 0.212669 996
0.549991 0.142176 0.212751 3002
0.549807 0.142176 0.212833 254
0.549624 0.142176 0.212915 1598
0.549440 0.142176 0.212997 2364
0.549257 0.142176 0.213080 522
0.549074 0.142176 0.213162 362
0.548890 0.142176 0.213245 2646
0.548707 0.142176 0.213328 2721
0.548523 0.142176 0.213411 2139
0.548340 0.142176 0.213494 3923
0.548156 0.142176 0.213577 3835
0.547973 0.142176 0.213660 1287
0.547789 0.142176 0.213743 1203
0.547606 0.142176 0.213827 3304
0.547422 0.142176 0.213911 4217
0.547239 0.142176 0.213994 626
0.547056 0.142176 0.214078 5238
0.546872 0.142176 0.214162 1628
0.546689 0.142176 0.214246 299
0.546505 0.142176 0.214331 3270
0.546322 0.142176 0.214415 1967
0.546138 0.142176 0.214499 2578
0.545955 0.142176 0.214584 3388
0.545771 0.142176 0.214669 2729
0.545588 0.142176 0.214754 1312
0.545405 0.142176 0.214839 2990
0.545221 0.142176 0.214924 5195
0.545038 0.142176 0.215009 2612
0.544854 0.142176 0.215094 2553
0.544671 0.142176 0.215180 4378
0.544487 0.142176 0.215266 2457
0.544304 0.142176 0.215351 3987
0.544120 0.142176 0.215437 910
0.543937 0.142176 0.215523 5170
0.543753 0.142176 0.215609 2857
0.543570 0.142176 0.215695 2188
0.543387 0.142176 0.215782 1074
0.543203 0.142176 0.215868 1552
0.543020 0.142176 0.215955 2380
0.542836 0.142176 0.216042 4237
0.542653 0.142176 0.216128 5377
0.542469 0.142176 0.216215 2875
0.542286 0.142176 0.216302 4429
0.542102 0.142176 0.216390 2645
0.541919 0.142176 0.216477 1017
0.541735 0.142176 0.216564 2545
0.541552 0.142176 0.216652 2423
0.541369 0.142176 0.216740 5250
0.541185 0.142176 0.216827 3450
0.541002 0.142176 0.216915 2781
0.540818 0.142176 0.217003 659
0.540635 0.142176 0.217091 714
0.540451 0.142176 0.217180 4528
0.540268 0.142176 0.217268 814
0.540084 0.142176 0.217357 242
0.539901 0.142176 0.217445 2125
0.539717 0.142176 0.217534 2779
0.539534 0.142176 0.217623 627
0.539351 0.142176 0.217712 1032
0.539167 0.142176 0.217801 3891
0.538984 0.142176 0.217890 3332
0.538800 0.142176 0.217979 1184
0.538617 0.142176 0.218069 3135
0.538433 0.142176 0.218159 1484
0.538250 0.142176 0.218248 3184
0.538066 0.142176 0.218338 4199
0.537883 0.142176 0.218428 2749
0.537700 0.142176 0.218518 2552
0.537516 0.142176 0.218608 3821
0.537333 0.142176 0.218698 2536
0.537149 0.142176 0.218789 524
0.536966 0.142176 0.218879 3121
0.536782 0.142176 0.218970 5131
0.536599 0.142176 0.219061 1592
0.536415 0.142176 0.219152 4219
0.536232 0.142176 0.219242 677
0.536048 0.142176 0.219334 392
0.535865 0.142176 0.219425 605
0.535682 0.142176 0.219516 535
0.535498 0.142176 0.219608 1811
0.535315 0.142176 0.219699 4208
0.535131 0.142176 0.219791 1887
0.534948 0.142176 0.219883 4310
0.534764 0.142176 0.219974 1874
0.534581 0.142176 0.220066 2007
0.534397 0.142176 0.220159 2266
0.534214 0.142176 0.220251 3782
0.534030 0.142176 0.220343 3932
0.533847 0.142176 0.220436 3595
0.533664 0.142176 0.220528 1579
0.533480 0.142176 0.220621 806
0.533297 0.142176 0.220714 5141
0.533113 0.142176 0.220807 2754
0.532930 0.142176 0.220900 1601
0.532746 0.142176 0.220993 2424
0.532563 0.142176 0.221086 1719
0.532379 0.142176 0.221179 3648
0.532196 0.142176 0.221273 2761
0.532012 0.142176 0.221366 491
0.531829 0.142176 0.221460 2842
0.531646 0.142176 0.221554 3471
0.531462 0.142176 0.221648 3342
0.531279 0.142176 0.221742 283
0.531095 0.142359 0.221860 3155
0.530912 0.142359 0.221954 734
0.530728 0.165474 0.247038 3232
0.530545 0.165658 0.247161 1450
0.530361 0.165841 0.247284 4252
0.530178 0.166025 0.247407 757
0.529994 0.166208 0.247530 2335
0.529811 0.166391 0.247654 4706
0.529628 0.166575 0.247777 3477
0.529444 0.166758 0.247900 2783
0.529261 0.166942 0.248024 2326
0.529077 0.167125 0.248147 1744
0.528894 0.167309 0.248271 5132
0.528710 0.167492 0.248395 4326
0.528527 0.167676 0.248518 3634
0.528343 0.167859 0.248642 2860
0.528160 0.168043 0.248766 523
0.527977 0.168226 0.248890 999
0.527793 0.168409 0.249014 2452
0.527610 0.168593 0.249138 483
0.527426 0.168776 0.249262 2414
0.527243 0.168960 0.249387 2584
0.527059 0.169143 0.249511 1992
0.526876 0.169327 0.249635 975
0.526692 0.169510 0.249760 507
0.526509 0.169694 0.249884 5334
0.526325 0.169877 0.250009 1574
0.526142 0.170061 0.250134 543
0.525959 0.170244 0.250258 4033
0.525775 0.170427 0.250383 2460
0.525592 0.170611 0.250508 1207
0.525408 0.170794 0.250633 3047
0.525225 0.170978 0.250758 1241
0.525041 0.171161 0.250883 3014
0.524858 0.171345 0.251008 4570
0.524674 0.171528 0.251134 2736
0.524491 0.171712 0.251259 5087
0.524307 0.171895 0.251384 3330
0.524124 0.172079 0.251510 2638
0.523941 0.172262 0.251635 4306
0.523757 0.172445 0.251761 658
0.523574 0.172629 0.251887 301
0.523390 0.172812 0.252013 1075
0.523207 0.172996 0.252138 680
0.523023 0.173179 0.252264 188
0.522840 0.173363 0.252390 4654
0.522656 0.173546 0.252516 3488
0.522473 0.173730 0.252642 982
0.522289 0.173913 0.252769 3691
0.522106 0.174096 0.252895 2529
0.521923 0.174280 0.253021 2750
0.521739 0.174463 0.253148 4745
0.521556 0.174647 0.253274 2240
0.521372 0.174830 0.253401 5009
0.521189 0.175014 0.253527 5028
0.521005 0.175197 0.253654 3657
0.520822 0.175381 0.253781 4047
0.520638 0.175564 0.253907 2275
0.520455 0.175748 0.254034 1267
0.520272 0.175931 0.254161 3661
0.520088 0.176114 0.254288 2420
0.519905 0.176298 0.254415 1366
0.519721 0.176481 0.254543 2534
0.519538 0.176665 0.254670 2209
0.519354 0.176848 0.254797 1164
0.519171 0.177032 0.254924 3526
0.518987 0.177215 0.255052 1013
0.518804 0.177399 0.255179 3665
0.518620 0.177582 0.255307 1035
0.518437 0.177766 0.255435 1486
0.518254 0.177949 0.255562 290
0.518070 0.178132 0.255690 565
0.517887 0.178316 0.255818 1738
0.517703 0.178499 0.255946 3351
0.517520 0.178683 0.256074 3350
0.517336 0.178866 0.256202 1551
0.517153 0.179050 0.256330 701
0.516969 0.179233 0.256458 4189
0.516786 0.179417 0.256586 1658
0.516602 0.179600 0.256715 1165
0.516419 0.179784 0.256843 1437
0.516236 0.179967 0.256971 3624
0.516052 0.180150 0.257100 693
0.515869 0.180334 0.257229 2579
0.515685 0.180517 0.257357 3906
0.515502 0.180701 0.257486 4138
0.515318 0.180884 0.257615 1903
0.515135 0.181068 0.257744 2236
0.514951 0.181251 0.257872 3660
0.514768 0.181435 0.258001 2876
0.514584 0.181618 0.258130 2537
0.514401 0.181802 0.258260 4541
0.514218 0.181985 0.258389 4218
0.514034 0.182168 0.258518 3802
0.513851 0.182352 0.258647 4123
0.513667 0.182535 0.258777 2907
0.513484 0.182719 0.258906 3206
0.513300 0.182902 0.259036 991
0.513117 0.183086 0.259165 2319
0.512933 0.183269 0.259295 4534
0.512750 0.183453 0.259425 153
0.512567 0.183636 0.259554 2000
0.512383 0.183819 0.259684 3205
0.512200 0.184003 0.259814 1927
0.512016 0.184186 0.259944 4898
0.511833 0.184370 0.260074 1661
0.511649 0.184553 0.260204 3023
0.511466 0.184737 0.260334 5121
0.511282 0.184920 0.260464 2138
0.511099 0.185104 0.260595 2829
0.510915 0.185287 0.260725 3262
0.510732 0.185471 0.260855 1354
0.510549 0.185654 0.260986 4801
0.510365 0.185837 0.261116 874
0.510182 0.186021 0.261247 2885
0.509998 0.186204 0.261378 2085
0.509815 0.186388 0.261508 437
0.509631 0.186571 0.261639 180
0.509448 0.186755 0.261770 1732
0.509264 0.186938 0.261901 4697
0.509081 0.187122 0.262032 2396
0.508897 0.187305 0.262163 686
0.508714 0.187489 0.262294 767
0.508531 0.187672 0.262425 2593
0.508347 0.187855 0.262556 1004
0.508164 0.188039 0.262688 897
0.507980 0.188222 0.262819 634
0.507797 0.188406 0.262951 986
0.507613 0.188589 0.263082 3421
0.507430 0.188773 0.263214 1701
0.507246 0.188956 0.263345 168
0.507063 0.189140 0.263477 2503
0.506879 0.189323 0.263609 486
0.506696 0.189507 0.263740 3850
0.506513 0.189690 0.263872 3854
0.506329 0.189873 0.264004 2739
0.506146 0.190057 0.264136 1124
0.505962 0.190240 0.264268 1946
0.505779 0.190424 0.264400 5006
0.505595 0.190607 0.264532 2505
0.505412 0.190791 0.264665 2800
0.505228 0.190974 0.264797 2626
0.505045 0.190974 0.264895 1438
0.504861 0.191158 0.265028 4381
0.504678 0.191341 0.265160 5086
0.504495 0.191524 0.265293 2378
0.504311 0.191708 0.265425 2530
0.504128 0.191891 0.265558 2459
0.503944 0.192075 0.265690 618
0.503761 0.192258 0.265823 2845
0.503577 0.192442 0.265955 243
0.503394 0.192625 0.266088 1411
0.503210 0.192809 0.266221 2257
0.503027 0.192992 0.266354 1950
0.502844 0.193176 0.266487 564
0.502660 0.193359 0.266620 1476
0.502477 0.193542 0.266753 3571
0.502293 0.193726 0.266886 3506
0.502110 0.193909 0.267019 2246
0.501926 0.194093 0.267153 4607
0.501743 0.194276 0.267286 1833
0.501559 0.194460 0.267419 3926
0.501376 0.194643 0.267553 2073
0.501192 0.194827 0.267686 1147
0.501009 0.195010 0.267820 4149
0.500826 0.195194 0.267953 3056
0.500642 0.195377 0.268087 1600
0.500459 0.195560 0.268221 1071
0.500275 0.195744 0.268355 4216
0.500092 0.195927 0.268488 3756
0.499908 0.196111 0.268622 3618
0.499725 0.196294 0.268756 2978
0.499541 0.196478 0.268890 815
0.499358 0.196661 0.269024 461
0.499174 0.196845 0.269159 939
0.498991 0.197028 0.269293 2471
0.498808 0.197212 0.269427 3957
0.498624 0.197395 0.269561 3476
0.498441 0.197578 0.269696 1262
0.498257 0.197762 0.269830 3766
0.498074 0.197945 0.269965 2846
0.497890 0.197945 0.292613 2189
0.497707 0.197945 0.292714 4116
0.497523 0.197945 0.292816 4131
0.497340 0.197945 0.292917 1456
0.497156 0.197945 0.293019 3024
0.496973 0.197945 0.293121 1391
0.496790 0.197945 0.293222 3068
0.496606 0.197945 0.293324 4859
0.496423 0.197945 0.293426 3972
0.496239 0.197945 0.293528 4397
0.496056 0.197945 0.293630 1131
0.495872 0.197945 0.293732 479
0.495689 0.197945 0.293835 231
0.495505 0.197945 0.293937 4887
0.495322 0.197945 0.294039 5324
0.495139 0.197945 0.294142 1751
0.494955 0.197945 0.294244 1030
0.494772 0.197945 0.294347 1824
0.494588 0.197945 0.294450 730
0.494405 0.197945 0.294553 457
0.494221 0.197945 0.294655 2281
0.494038 0.197945 0.294758 4778
0.493854 0.197945 0.294861 823
0.493671 0.197945 0.294964 4819
0.493487 0.197945 0.295068 3874
0.493304 0.197945 0.295171 1557
0.493121 0.197945 0.295274 2507
0.492937 0.197945 0.295378 3088
0.492754 0.197945 0.295481 661
0.492570 0.197945 0.295585 4227
0.492387 0.197945 0.295688 3804
0.492203 0.197945 0.295792 2480
0.492020 0.197945 0.295896 4768
0.491836 0.197945 0.296000 2022
0.491653 0.197945 0.296104 1070
0.491469 0.197945 0.296208 1362
0.491286 0.197945 0.296312 2856
0.491103 0.197945 0.296416 783
0.490919 0.197945 0.296520 371
0.490736 0.197945 0.296625 1694
0.490552 0.197945 0.296729 4895
0.490369 0.197945 0.296834 4827
0.490185 0.197945 0.296938 2143
0.490002 0.197945 0.297043 1276
0.489818 0.197945 0.297148 3759
0.489635 0.197945 0.297252 345
0.489451 0.197945 0.297357 4477
0.489268 0.197945 0.297462 1136
0.489085 0.197945 0.297567 2235
0.488901 0.197945 0.297672 710
0.488718 0.197945 0.297778 551
0.488534 0.197945 0.297883 3668
0.488351 0.197945 0.297988 5032
0.488167 0.197945 0.298094 1445
0.487984 0.197945 0.298199 2881
0.487800 0.197945 0.298305 3676
0.487617 0.197945 0.298410 1140
0.487433 0.197945 0.298516 908
0.487250 0.197945 0.298622 3922
0.487067 0.197945 0.298728 412
0.486883 0.197945 0.298834 906
0.486700 0.197945 0.298940 738
0.486516 0.197945 0.299046 1641
0.486333 0.197945 0.299152 1612
0.486149 0.197945 0.299258 863
0.485966 0.197945 0.299364 3303
0.485782 0.197945 0.299471 202
0.485599 0.197945 0.299577 2063
0.485416 0.197945 0.299684 2444
0.485232 0.197945 0.299790 3346
0.485049 0.197945 0.299897 4842
0.484865 0.197945 0.300004 4952
0.484682 0.197945 0.300111 208
0.484498 0.197945 0.300218 2360
0.484315 0.198129 0.300339 509
0.484131 0.198129 0.300445 316
0.483948 0.198129 0.300552 2488
0.483764 0.198129 0.300660 4442
0.483581 0.198129 0.300767 370
0.483398 0.198129 0.300874 1787
0.483214 0.198129 0.300981 2179
0.483031 0.198129 0.301089 4896
0.482847 0.198129 0.301196 3253
0.482664 0.198129 0.301304 1002
0.482480 0.198129 0.301411 1122
0.482297 0.198129 0.301519 2223
0.482113 0.198129 0.301627 2351
0.481930 0.198129 0.301734 4102
0.481746 0.198129 0.301842 1114
0.481563 0.198129 0.301950 1897
0.481380 0.198129 0.302058 646
0.481196 0.198129 0.302166 3285
0.481013 0.198129 0.302275 1682
0.480829 0.198129 0.302383 394
0.480646 0.198129 0.302491 716
0.480462 0.198129 0.302600 4330
0.480279 0.198129 0.302708 1647
0.480095 0.198129 0.302817 2372
0.479912 0.198129 0.302925 1237
0.479728 0.198129 0.303034 3065
0.479545 0.198129 0.303143 1352
0.479362 0.198129 0.303252 5306
0.479178 0.198129 0.303361 4522
0.478995 0.198129 0.303469 2040
0.478811 0.198129 0.303579 2038
0.478628 0.198129 0.303688 2719
0.478444 0.198129 0.303797 3138
0.478261 0.198129 0.303906 2967
0.478077 0.198129 0.304015 1144
0.477894 0.198129 0.304125 4975
0.477711 0.198129 0.304234 4393
0.477527 0.198129 0.304344 313
0.477344 0.198129 0.304454 2599
0.477160 0.198129 0.304563 332
0.476977 0.198129 0.304673 4360
0.476793 0.198129 0.304783 2186
0.476610 0.198129 0.304893 4449
0.476426 0.198129 0.305003 2995
0.476243 0.198129 0.305113 3798
0.476059 0.198129 0.305223 1991
0.475876 0.198129 0.305333 2793
0.475693 0.198129 0.305443 4474
0.475509 0.198129 0.305554 597
0.475326 0.198129 0.305664 4683
0.475142 0.198312 0.305783 4786
0.474959 0.198312 0.305893 1428
0.474775 0.198312 0.306004 3762
0.474592 0.198312 0.306114 3894
0.474408 0.198312 0.306225 4224
0.474225 0.198312 0.306336 1532
0.474041 0.198312 0.306447 2187
0.473858 0.198312 0.306557 3319
0.473675 0.198312 0.306668 503
0.473491 0.198312 0.306779 1860
0.473308 0.198312 0.306890 4929
0.473124 0.198312 0.307002 3544
0.472941 0.198312 0.307113 1580
0.472757 0.198312 0.307224 1381
0.472574 0.198312 0.307335 4321
0.472390 0.198312 0.307447 2981
0.472207 0.198312 0.307558 2904
0.472023 0.198312 0.307670 893
0.471840 0.198312 0.307781 2787
0.471657 0.198312 0.307893 4494
0.471473 0.198312 0.308005 2516
0.471290 0.198312 0.308117 1958
0.471106 0.198312 0.308228 782
0.470923 0.198312 0.308340 2972
0.470739 0.198312 0.308452 1463
0.470556 0.198312 0.308565 2635
0.470372 0.198496 0.308682 3341
0.470189 0.198496 0.308795 3817
0.470006 0.198496 0.308907 2562
0.469822 0.198496 0.309019 2114
0.469639 0.198496 0.309131 4349
0.469455 0.198496 0.309244 2381
0.469272 0.198496 0.309356 2433
0.469088 0.198496 0.309469 4343
0.468905 0.198496 0.309581 3892
0.468721 0.198496 0.309694 4060
0.468538 0.198496 0.309807 2758
0.468354 0.198496 0.309919 3965
0.468171 0.198496 0.310032 4479
0.467988 0.198679 0.310150 291
0.467804 0.198679 0.310263 2600
0.467621 0.198679 0.310376 1664
0.467437 0.198679 0.310489 3977
0.467254 0.198679 0.310602 697
0.467070 0.198679 0.310715 4231
0.466887 0.198679 0.310828 2953
0.466703 0.198679 0.310941 2822
0.466520 0.198679 0.311055 4456
0.466336 0.198679 0.311168 408
0.466153 0.198679 0.311282 2061
0.465970 0.198679 0.311395 4635
0.465786 0.198679 0.311509 287
0.465603 0.198679 0.311623 2662
0.465419 0.198679 0.311736 3964
0.465236 0.198679 0.311850 4035
0.465052 0.198679 0.311964 216
0.464869 0.198679 0.312078 2130
0.464685 0.198679 0.312192 2649
0.464502 0.198679 0.312306 3079
0.464318 0.198679 0.312420 725
0.464135 0.198679 0.312534 2727
0.463952 0.198679 0.312649 5317
0.463768 0.198679 0.312763 4412
0.463585 0.198679 0.312877 1291
0.463401 0.198679 0.312992 4538
0.463218 0.198679 0.313107 4586
0.463034 0.198679 0.313221 4110
0.462851 0.198679 0.313336 549
0.462667 0.198679 0.313451 2096
0.462484 0.198679 0.313565 2986
0.462300 0.198679 0.313680 1675
0.462117 0.198679 0.313795 1861
0.461934 0.198679 0.313910 3732
0.461750 0.198679 0.314025 3872
0.461567 0.198679 0.314140 3358
0.461383 0.198679 0.314256 1009
0.461200 0.198679 0.314371 3250
0.461016 0.198679 0.314486 4865
0.460833 0.198679 0.314602 3001
0.460649 0.198679 0.314717 3053
0.460466 0.198679 0.314833 427
0.460283 0.198679 0.314948 2515
0.460099 0.198679 0.315064 2929
0.459916 0.198863 0.315180 2255
0.459732 0.199046 0.315295 2540
0.459549 0.199229 0.315411 1556
0.459365 0.199413 0.315527 2808
0.459182 0.199596 0.315643 638
0.458998 0.199780 0.315759 5329
0.458815 0.199963 0.315875 2386
0.458631 0.200147 0.315991 3989
0.458448 0.200330 0.316108 5071
0.458265 0.200514 0.316224 3675
0.458081 0.200697 0.316340 1068
0.457898 0.200881 0.316457 709
0.457714 0.201064 0.316573 1554
0.457531 0.201247 0.316690 1444
0.457347 0.201431 0.316806 1893
0.457164 0.201614 0.316923 888
0.456980 0.201798 0.317040 1788
0.456797 0.201981 0.317157 3087
0.456613 0.202165 0.317273 4288
0.456430 0.202348 0.317390 4759
0.456247 0.202532 0.317507 4954
0.456063 0.202715 0.317624 751
0.455880 0.202899 0.317741 3672
0.455696 0.203082 0.317859 463
0.455513 0.203265 0.317976 3617
0.455329 0.203449 0.318093 4167
0.455146 0.203632 0.318211 1560
0.454962 0.203816 0.318328 5390
0.454779 0.203999 0.318445 2663
0.454595 0.204183 0.318563 3907
0.454412 0.204366 0.318681 2238
0.454229 0.204550 0.318798 803
0.454045 0.204733 0.318916 4670
0.453862 0.204917 0.319034 4172
0.453678 0.347643 0.400411 1307
0.453495 0.347826 0.400570 3470
0.453311 0.348010 0.400729 4136
0.453128 0.348193 0.400889 2997
0.452944 0.348376 0.401048 1671
0.452761 0.348560 0.401207 4250
0.452578 0.348743 0.401367 2730
0.452394 0.348927 0.401526 3500
0.452211 0.349110 0.401686 1597
0.452027 0.349294 0.401845 426
0.451844 0.349477 0.402005 3052
0.451660 0.349661 0.402164 4757
0.451477 0.349844 0.402324 1648
0.451293 0.350028 0.402483 4036
0.451110 0.350211 0.402643 4234
0.450926 0.350394 0.402802 2882
0.450743 0.350578 0.402962 1684
0.450560 0.350761 0.403121 4014
0.450376 0.350945 0.403281 1208
0.450193 0.351128 0.403441 2253
0.450009 0.351312 0.403600 632
0.449826 0.351495 0.403760 4728
0.449642 0.351679 0.403920 2812
0.449459 0.351862 0.404080 2002
0.449275 0.352045 0.404239 1018
0.449092 0.352229 0.404399 3538
0.448908 0.352412 0.404559 3210
0.448725 0.352596 0.404719 925
0.448542 0.352779 0.404879 484
0.448358 0.352963 0.405038 3118
0.448175 0.353146 0.405198 3494
0.447991 0.353330 0.405358 1315
0.447808 0.353513 0.405518 2489
0.447624 0.353697 0.405678 1782
0.447441 0.353880 0.405838 4097
0.447257 0.354063 0.405998 1906
0.447074 0.354247 0.406158 4513
0.446890 0.354430 0.406318 3971
0.446707 0.354614 0.406478 4301
0.446524 0.354797 0.406638 4720
0.446340 0.354981 0.406798 2399
0.446157 0.355164 0.406958 367
0.445973 0.355348 0.407118 3724
0.445790 0.355531 0.407278 3801
0.445606 0.355715 0.407439 1821
0.445423 0.355898 0.407599 3758
0.445239 0.356081 0.407759 892
0.445056 0.356265 0.407919 2401
0.444873 0.356448 0.408079 499
0.444689 0.356632 0.408240 3800
0.444506 0.356815 0.408400 1023
0.444322 0.356999 0.408560 4041
0.444139 0.357182 0.408721 1330
0.443955 0.357366 0.408881 5058
0.443772 0.357549 0.409041 2855
0.443588 0.357733 0.409202 3311
0.443405 0.357916 0.409362 1747
0.443221 0.358099 0.409522 3715
0.443038 0.358283 0.409683 739
0.442855 0.358466 0.409843 5286
0.442671 0.358650 0.410004 4369
0.442488 0.358833 0.410164 2455
0.442304 0.359017 0.410325 4488
0.442121 0.359200 0.410485 4508
0.441937 0.359384 0.410646 3584
0.441754 0.359567 0.410806 3711
0.441570 0.359751 0.410967 2616
0.441387 0.359934 0.411128 1677
0.441203 0.360117 0.411288 4125
0.441020 0.360301 0.411449 2056
0.440837 0.360484 0.411609 170
0.440653 0.360668 0.411770 4981
0.440470 0.360851 0.411931 3035
0.440286 0.361035 0.412092 2428
0.440103 0.361218 0.412252 3503
0.439919 0.361402 0.412413 926
0.439736 0.361585 0.412574 3178
0.439552 0.361768 0.412735 2969
0.439369 0.361952 0.412895 1735
0.439185 0.362135 0.413056 5048
0.439002 0.362319 0.413217 1024
0.438819 0.362502 0.413378 2394
0.438635 0.362686 0.413539 2107
0.438452 0.362869 0.413700 1213
0.438268 0.363053 0.413861 2788
0.438085 0.363236 0.414022 2090
0.437901 0.363420 0.414183 3642
0.437718 0.363603 0.414344 630
0.437534 0.363786 0.414505 2949
0.437351 0.363970 0.414666 3072
0.437167 0.364153 0.414827 1527
0.436984 0.364337 0.414988 2106
0.436801 0.364520 0.415149 1844
0.436617 0.364704 0.415310 4242
0.436434 0.364887 0.415471 3878
0.436250 0.365071 0.415632 3220
0.436067 0.365254 0.415793 868
0.435883 0.365438 0.415954 4103
0.435700 0.365621 0.416115 3410
0.435516 0.365804 0.416277 3837
0.435333 0.365988 0.416438 1634
0.435150 0.366171 0.416599 1077
0.434966 0.366355 0.416760 230
0.434783 0.366538 0.416922 4485
0.434599 0.366722 0.417083 3875
0.434416 0.366905 0.417244 2024
0.434232 0.367089 0.417406 3723
0.434049 0.367272 0.417567 1618
0.433865 0.367456 0.417728 1239
0.433682 0.367639 0.417890 742
0.433498 0.367822 0.418051 172
0.433315 0.368006 0.418213 2606
0.433132 0.368189 0.418374 3402
0.432948 0.368373 0.418535 913
0.432765 0.368556 0.418697 1429
0.432581 0.368740 0.418858 743
0.432398 0.368923 0.419020 4011
0.432214 0.369107 0.419181 1754
0.432031 0.369290 0.419343 2577
0.431847 0.369473 0.419505 636
0.431664 0.369657 0.419666 1289
0.431480 0.369840 0.419828 1968
0.431297 0.370024 0.419989 844
0.431114 0.370207 0.420151 952
0.430930 0.370391 0.420313 1488
0.430747 0.370574 0.420474 327
0.430563 0.370758 0.420636 4964
0.430380 0.370941 0.420798 940
0.430196 0.371125 0.420959 2946
0.430013 0.371308 0.421121 2441
0.429829 0.371491 0.421283 3787
0.429646 0.371675 0.421445 4212
0.429462 0.371858 0.421607 1594
0.429279 0.372042 0.421768 1848
0.429096 0.372225 0.421930 1846
0.428912 0.372409 0.422092 1020
0.428729 0.372592 0.422254 2817
0.428545 0.372776 0.422416 2790
0.428362 0.372959 0.422578 824
0.428178 0.373143 0.422740 959
0.427995 0.373326 0.422902 1895
0.427811 0.373509 0.423063 621
0.427628 0.373693 0.423225 3227
0.427445 0.373876 0.423387 4524
0.427261 0.374060 0.423549 1293
0.427078 0.374243 0.423711 3604
0.426894 0.374427 0.423874 3993
0.426711 0.374610 0.424036 4132
0.426527 0.374794 0.424198 4736
0.426344 0.374977 0.424360 3197
0.426160 0.375161 0.424522 3192
0.425977 0.375344 0.424684 3426
0.425793 0.375527 0.424846 2256
0.425610 0.375711 0.425008 2604
0.425427 0.375894 0.425170 4072
0.425243 0.376078 0.425333 2895
0.425060 0.376261 0.425495 3422
0.424876 0.376445 0.425657 4096
0.424693 0.376628 0.425819 3959
0.424509 0.376812 0.425982 2675
0.424326 0.376995 0.426144 4506
0.424142 0.377178 0.426306 3822
0.423959 0.377362 0.426469 1880
0.423775 0.377545 0.426631 1311
0.423592 0.377729 0.426793 2181
0.423409 0.377912 0.426956 165
0.423225 0.378096 0.427118 3823
0.423042 0.378279 0.427280 2510
0.422858 0.378463 0.427443 1943
0.422675 0.378646 0.427605 3280
0.422491 0.378830 0.427768 2367
0.422308 0.379013 0.427930 419
0.422124 0.379196 0.428093 2691
0.421941 0.379380 0.428255 3852
0.421757 0.379563 0.428418 2632
0.421574 0.379747 0.428580 1961
0.421391 0.379930 0.428743 3687
0.421207 0.380114 0.428905 3537
0.421024 0.380297 0.429068 2427
0.420840 0.380481 0.429231 1095
0.420657 0.380664 0.429393 2594
0.420473 0.380848 0.429556 2865
0.420290 0.381031 0.429719 5373
0.420106 0.381214 0.429881 802
0.419923 0.381398 0.430044 3224
0.419739 0.381581 0.430207 5240
0.419556 0.381765 0.430369 1393
0.419373 0.381948 0.430532 947
0.419189 0.382132 0.430695 1644
0.419006 0.382315 0.430858 5081
0.418822 0.382499 0.431020 1031
0.418639 0.382682 0.431183 2431
0.418455 0.382866 0.431346 1794
0.418272 0.383049 0.431509 4536
0.418088 0.383232 0.431672 1757
0.417905 0.383416 0.431835 4071
0.417722 0.383599 0.431998 1898
0.417538 0.383783 0.432160 1423
0.417355 0.383966 0.432323 1639
0.417171 0.384150 0.432486 2996
0.416988 0.384333 0.432649 4064
0.416804 0.384517 0.432812 382
0.416621 0.384700 0.432975 3499
0.416437 0.384884 0.433138 2016
0.416254 0.385067 0.433301 3458
0.416070 0.385250 0.433464 1202
0.415887 0.385434 0.433627 4982
0.415704 0.385617 0.433790 668
0.415520 0.385801 0.433953 1935
0.415337 0.385984 0.434117 159
0.415153 0.386168 0.434280 355
0.414970 0.386351 0.434443 2622
0.414786 0.386535 0.434606 1799
0.414603 0.386718 0.434769 656
0.414419 0.386901 0.434932 879
0.414236 0.387085 0.435096 1786
0.414052 0.387268 0.435259 4912
0.413869 0.387452 0.435422 3853
0.413686 0.387635 0.435585 3389
0.413502 0.387819 0.435749 1319
0.413319 0.388002 0.435912 3409
0.413135 0.388186 0.436075 1709
0.412952 0.388369 0.436238 2004
0.412768 0.388553 0.436402 3125
0.412585 0.388736 0.436565 4626
0.412401 0.388919 0.436728 3588
0.412218 0.389103 0.436892 3446
0.412034 0.389286 0.437055 704
0.411851 0.389470 0.437219 2466
0.411668 0.389653 0.437382 5359
0.411484 0.389837 0.437546 265
0.411301 0.390020 0.437709 1944
0.411117 0.390204 0.437872 2586
0.410934 0.390387 0.438036 3066
0.410750 0.390571 0.438199 249
0.410567 0.390754 0.438363 3889
0.410383 0.390937 0.438526 5165
0.410200 0.391121 0.438690 3013
0.410017 0.391304 0.438854 753
0.409833 0.391488 0.439017 3510
0.409650 0.391671 0.439181 5295
0.409466 0.391855 0.439344 433
0.409283 0.392038 0.439508 1517
0.409099 0.392222 0.439672 932
0.408916 0.392405 0.439835 2617
0.408732 0.392589 0.439999 450
0.408549 0.392772 0.440163 1750
0.408365 0.392955 0.440326 4329
0.408182 0.393139 0.440490 373
0.407999 0.393322 0.440654 3348
0.407815 0.393506 0.440818 3734
0.407632 0.393689 0.440981 3594
0.407448 0.393873 0.441145 2923
0.407265 0.394056 0.441309 5218
0.407081 0.394240 0.441473 1120
0.406898 0.394423 0.441637 1451
0.406714 0.394606 0.441801 1812
0.406531 0.394790 0.441964 3940
0.406347 0.394973 0.442128 2180
0.406164 0.395157 0.442292 3870
0.405981 0.395340 0.442456 3592
0.405797 0.395524 0.442620 516
0.405614 0.395707 0.442784 2254
0.405430 0.395891 0.442948 2601
0.405247 0.396074 0.443112 3098
0.405063 0.396258 0.443276 1434
0.404880 0.396441 0.443440 2674
0.404696 0.396624 0.443604 3806
0.404513 0.396808 0.443768 607
0.404329 0.396991 0.443932 1791
0.404146 0.397175 0.444096 1479
0.403963 0.397358 0.444260 2112
0.403779 0.397542 0.444424 4355
0.403596 0.397725 0.444588 2623
0.403412 0.397909 0.444752 4637
0.403229 0.398092 0.444917 416
0.403045 0.398276 0.445081 2011
0.402862 0.398459 0.445245 435
0.402678 0.398642 0.445409 2517
0.402495 0.398826 0.445573 5328
0.402312 0.399009 0.445737 3601
0.402128 0.399193 0.445902 718
0.401945 0.399376 0.446066 4302
0.401761 0.399560 0.446230 2824
0.401578 0.399743 0.446394 2036
0.401394 0.399927 0.446559 2956
0.401211 0.400110 0.446723 2825
0.401027 0.400294 0.446887 2746
0.400844 0.400477 0.447052 2116
0.400660 0.400660 0.447216 733
0.400477 0.400844 0.447380 4546
0.400294 0.401027 0.447545 2251
0.400110 0.401211 0.447709 2121
0.399927 0.401394 0.447874 190
0.399743 0.401578 0.448038 4010
0.399560 0.401761 0.448202 401
0.399376 0.401945 0.448367 3269
0.399193 0.402128 0.448531 3593
0.399009 0.402312 0.448696 3637
0.398826 0.402495 0.448860 1619
0.398642 0.402678 0.449025 417
0.398459 0.402862 0.449189 4499
0.398276 0.403045 0.449354 1417
0.398092 0.403229 0.449518 720
0.397909 0.403412 0.449683 3320
0.397725 0.403596 0.449848 3039
0.397542 0.403779 0.450012 2977
0.397358 0.403963 0.450177 307
0.397175 0.404146 0.450341 2744
0.396991 0.404329 0.450506 3953
0.396808 0.404513 0.450671 4034
0.396624 0.404696 0.450835 2286
0.396441 0.404880 0.451000 4944
0.396258 0.405063 0.451165 1317
0.396074 0.405247 0.451330 990
0.395891 0.405430 0.451494 1742
0.395707 0.405614 0.451659 3306
0.395524 0.405797 0.451824 1482
0.395340 0.405981 0.451989 1843
0.395157 0.406164 0.452153 2879
0.394973 0.406347 0.452318 4511
0.394790 0.406531 0.452483 3895
0.394606 0.406714 0.452648 1855
0.394423 0.406898 0.452813 4201
0.394240 0.407081 0.452977 934
0.394056 0.407265 0.453142 3722
0.393873 0.407448 0.453307 3020
0.393689 0.407632 0.453472 1431
0.393506 0.407815 0.453637 536
0.393322 0.407999 0.453802 1145
0.393139 0.408182 0.453967 3752
0.392955 0.408365 0.454132 2636
0.392772 0.408549 0.454297 1549
0.392589 0.408732 0.454462 3239
0.392405 0.408916 0.454627 4709
0.392222 0.409099 0.454792 2060
0.392038 0.409283 0.454957 3161
0.391855 0.409466 0.455122 2157
0.391671 0.409650 0.455287 3427
0.391488 0.409833 0.455452 2357
0.391304 0.410017 0.455617 3975
0.391121 0.410200 0.455782 1388
0.390937 0.410383 0.455947 3990
0.390754 0.410567 0.456112 4471
0.390571 0.410750 0.456278 1660
0.390387 0.410934 0.456443 3900
0.390204 0.411117 0.456608 3114
0.390020 0.411301 0.456773 4006
0.389837 0.411484 0.456938 4684
0.389653 0.411668 0.457103 5234
0.389470 0.411851 0.457269 2607
0.389286 0.412034 0.457434 4229
0.389103 0.412218 0.457599 724
0.388919 0.412401 0.457764 527
0.388736 0.412585 0.457930 2213
0.388553 0.412768 0.458095 2475
0.388369 0.412952 0.458260 2295
0.388186 0.413135 0.458426 3914
0.388002 0.413319 0.458591 2341
0.387819 0.413502 0.458756 1468
0.387635 0.413686 0.458922 2656
0.387452 0.413869 0.459087 4278
0.387268 0.414052 0.459252 3060
0.387085 0.414236 0.459418 225
0.386901 0.414419 0.459583 324
0.386718 0.414603 0.459749 3896
0.386535 0.414786 0.459914 2924
0.386351 0.414970 0.460080 5038
0.386168 0.415153 0.460245 1589
0.385984 0.415337 0.460411 354
0.385801 0.415520 0.460576 3559
0.385617 0.415704 0.460742 276
0.385434 0.415887 0.460907 4380
0.385250 0.416070 0.461073 3897
0.385067 0.416254 0.461238 5285
0.384884 0.416437 0.461404 2710
0.384700 0.416621 0.461569 878
0.384517 0.416804 0.461735 1146
0.384333 0.416988 0.461901 674
0.384150 0.417171 0.462066 562
0.383966 0.417355 0.462232 156
0.383783 0.417538 0.462397 4070
0.383599 0.417722 0.462563 672
0.383416 0.417905 0.462729 2120
0.383232 0.418088 0.462895 2481
0.383049 0.418272 0.463060 3059
0.382866 0.418455 0.463226 1856
0.382682 0.418639 0.463392 3126
0.382499 0.418822 0.463557 4145
0.382315 0.419006 0.463723 3407
0.382132 0.419189 0.463889 3784
0.381948 0.419373 0.464055 3136
0.381765 0.419556 0.464221 2854
0.381581 0.419739 0.464386 1771
0.381398 0.419923 0.464552 2603
0.381214 0.420106 0.464718 415
0.381031 0.420290 0.464884 596
0.380848 0.420473 0.465050 4980
0.380664 0.420657 0.465216 5155
0.380481 0.420840 0.465381 762
0.380297 0.421024 0.465547 2642
0.380114 0.421207 0.465713 1272
0.379930 0.421391 0.465879 955
0.379747 0.421574 0.466045 644
0.379563 0.421757 0.466211 5008
0.379380 0.421941 0.466377 528
0.379196 0.422124 0.466543 1156
0.379013 0.422308 0.466709 5226
0.378830 0.422491 0.466875 3176
0.378646 0.422675 0.467041 3966
0.378463 0.422858 0.467207 1608
0.378279 0.423042 0.467373 2224
0.378096 0.423225 0.467539 5072
0.377912 0.423409 0.467705 1770
0.377729 0.423592 0.467871 250
0.377545 0.423775 0.468037 1415
0.377362 0.423959 0.468204 3827
0.377178 0.424142 0.468370 447
0.376995 0.424326 0.468536 3748
0.376812 0.424509 0.468702 1708
0.376628 0.424693 0.468868 1905
0.376445 0.424876 0.469034 1720
0.376261 0.425060 0.469200 3901
0.376078 0.425243 0.469367 4289
0.375894 0.425427 0.469533 1460
0.375711 0.425610 0.469699 4497
0.375527 0.425793 0.469865 818
0.375344 0.425977 0.470032 4157
0.375161 0.426160 0.470198 662
0.374977 0.426344 0.470364 4717
0.374794 0.426527 0.470530 2142
0.374610 0.426711 0.470697 3653
0.374427 0.426894 0.470863 2262
0.374243 0.427078 0.471029 413
0.374060 0.427261 0.471196 4996
0.373876 0.427445 0.471362 2871
0.373693 0.427628 0.471528 473
0.373509 0.427811 0.471695 1868
0.373326 0.427995 0.471861 2870
0.373143 0.428178 0.472028 3933
0.372959 0.428362 0.472194 2976
0.372776 0.428545 0.472360 1913
0.372592 0.428729 0.472527 760
0.372409 0.428912 0.472693 175
0.372225 0.429096 0.472860 455
0.372042 0.429279 0.473026 2531
0.371858 0.429462 0.473193 4961
0.371675 0.429646 0.473359 831
0.371491 0.429829 0.473526 2683
0.371308 0.430013 0.473692 395
0.371125 0.430196 0.473859 2050
0.370941 0.430380 0.474025 3866
0.370758 0.430563 0.474192 4699
0.370574 0.430747 0.474359 5188
0.370391 0.430930 0.474525 1322
0.370207 0.431114 0.474692 4754
0.370024 0.431297 0.474858 3669
0.369840 0.431480 0.475025 232
0.369657 0.431664 0.475192 217
0.369473 0.431847 0.475358 880
0.369290 0.432031 0.475525 4927
0.369107 0.432214 0.475692 3583
0.368923 0.432398 0.475858 1368
0.368740 0.432581 0.476025 1954
0.368556 0.432765 0.476192 3240
0.368373 0.432948 0.476359 1185
0.368189 0.433132 0.476525 2711
0.368006 0.433315 0.476692 3401
0.367822 0.433498 0.476859 3466
0.367639 0.433682 0.477026 872
0.367456 0.433865 0.477192 690
0.367272 0.434049 0.477359 580
0.367089 0.434232 0.477526 707
0.366905 0.434416 0.477693 1260
0.366722 0.434599 0.477860 2862
0.366538 0.434783 0.478026 1620
0.366355 0.434966 0.478193 851
0.366171 0.435150 0.478360 1645
0.365988 0.435333 0.478527 3382
0.365804 0.435516 0.478694 1960
0.365621 0.435700 0.478861 3445
0.365438 0.435883 0.479028 4997
0.365254 0.436067 0.479195 2937
0.365071 0.436250 0.479362 2583
0.364887 0.436434 0.479529 554
0.364704 0.436617 0.479696 4039
0.364520 0.436801 0.479863 4603
0.364337 0.436984 0.480030 971
0.364153 0.437167 0.480197 439
0.363970 0.437351 0.480364 4755
0.363786 0.437534 0.480531 2492
0.363603 0.437718 0.480698 3226
0.363420 0.437901 0.480865 858
0.363236 0.438085 0.481032 2436
0.363053 0.438268 0.481199 1189
0.362869 0.438452 0.481366 1881
0.362686 0.438635 0.481533 3779
0.362502 0.438819 0.481700 1798
0.362319 0.439002 0.481867 2225
0.362135 0.439185 0.482035 2935
0.361952 0.439369 0.482202 2913
0.361768 0.439552 0.482369 4003
0.361585 0.439736 0.482536 2948
0.361402 0.439919 0.482703 4414
0.361218 0.440103 0.482870 4517
0.361035 0.440286 0.483038 1436
0.360851 0.440470 0.483205 566
0.360668 0.440653 0.483372 218
0.360484 0.440837 0.483539 698
0.360301 0.441020 0.483707 4322
0.360117 0.441203 0.483874 4338
0.359934 0.441387 0.484041 2667
0.359751 0.441570 0.484208 1555
0.359567 0.441754 0.484376 4810
0.359384 0.441937 0.484543 5361
0.359200 0.442121 0.484710 3097
0.359017 0.442304 0.484878 2429
0.358833 0.442488 0.485045 1443
0.358650 0.442671 0.485212 2676
0.358466 0.442855 0.485380 4066
0.358283 0.443038 0.485547 3951
0.358099 0.443221 0.485715 1069
0.357916 0.443405 0.485882 4833
0.357733 0.443588 0.486049 2954
0.357549 0.443772 0.486217 3080
0.357366 0.443955 0.486384 3842
0.357182 0.444139 0.486552 4344
0.356999 0.444322 0.486719 3235
0.356815 0.444506 0.486887 1695
0.356632 0.444689 0.487054 3203
0.356448 0.444873 0.487222 3139
0.356265 0.445056 0.487389 4962
0.356081 0.445239 0.487557 2564
0.355898 0.445423 0.487724 4777
0.355715 0.445606 0.487892 2100
0.355531 0.445790 0.488059 2511
0.355348 0.445973 0.488227 649
0.355164 0.446157 0.488394 1819
0.354981 0.446340 0.488562 2847
0.354797 0.446524 0.488730 2477
0.354614 0.446707 0.488897 5074
0.354430 0.446890 0.489065 2071
0.354247 0.447074 0.489233 4972
0.354063 0.447257 0.489400 1420
0.353880 0.447441 0.489568 4476
0.353697 0.447624 0.489736 1056
0.353513 0.447808 0.489903 1975
0.353330 0.447991 0.490071 3190
0.353146 0.448175 0.490239 502
0.352963 0.448358 0.490406 3416
0.352779 0.448542 0.490574 4822
0.352596 0.448725 0.490742 3760
0.352412 0.448908 0.490910 1421
0.352229 0.449092 0.491077 505
0.352045 0.449275 0.491245 1100
0.351862 0.449459 0.491413 3043
0.351679 0.449642 0.491581 5168
0.351495 0.449826 0.491748 1825
0.351312 0.450009 0.491916 4611
0.351128 0.450193 0.492084 4362
0.350945 0.450376 0.492252 4606
0.350761 0.450560 0.492420 4515
0.350578 0.450743 0.492588 4105
0.350394 0.450926 0.492756 3198
0.350211 0.451110 0.492923 3314
0.350028 0.451293 0.493091 1979
0.349844 0.451477 0.493259 2548
0.349661 0.451660 0.493427 4144
0.349477 0.451844 0.493595 2158
0.349294 0.452027 0.493763 4700
0.349110 0.452211 0.493931 4493
0.348927 0.452394 0.494099 4936
0.348743 0.452578 0.494267 4856
0.348560 0.452761 0.494435 4968
0.348376 0.452944 0.494603 446
0.348193 0.453128 0.494771 3387
0.348010 0.453311 0.494939 3094
0.347826 0.453495 0.495107 1121
0.347643 0.453678 0.495275 1238
0.347459 0.453862 0.495443 1338
0.347276 0.454045 0.495611 2964
0.347092 0.454229 0.495779 2765
0.346909 0.454412 0.495947 2337
0.346725 0.454595 0.496115 2321
0.346542 0.454779 0.496283 1998
0.346358 0.454962 0.496452 3199
0.346175 0.455146 0.496620 2896
0.345992 0.455329 0.496788 2259
0.345808 0.455513 0.496956 773
0.345625 0.455696 0.497124 3041
0.345441 0.455880 0.497292 3463
0.345258 0.456063 0.497461 2310
0.345074 0.456247 0.497629 1733
0.344891 0.456430 0.497797 4756
0.344707 0.456613 0.497965 796
0.344524 0.456797 0.498133 606
0.344340 0.456980 0.498302 1691
0.344157 0.457164 0.498470 4834
0.343974 0.457347 0.498638 4029
0.343790 0.457531 0.498806 1000
0.343607 0.457714 0.498975 2329
0.343423 0.457898 0.499143 5037
0.343240 0.458081 0.499311 1118
0.343056 0.458265 0.499480 1521
0.342873 0.458448 0.499648 4559
0.342689 0.458631 0.499816 1693
0.342506 0.458815 0.499985 3279
0.342323 0.458998 0.500153 2615
0.342139 0.459182 0.500321 2555
0.341956 0.459365 0.500490 2685
0.341772 0.459549 0.500658 2723
0.341589 0.459732 0.500826 4671
0.341405 0.459916 0.500995 449
0.341222 0.460099 0.501163 423
0.341038 0.460283 0.501332 3619
0.340855 0.460466 0.501500 1808
0.340671 0.460649 0.501669 5401
0.340488 0.460833 0.501837 2147
0.340305 0.461016 0.502005 1942
0.340121 0.461200 0.502174 517
0.339938 0.461383 0.502342 4073
0.339754 0.461567 0.502511 2597
0.339571 0.461750 0.502679 3083
0.339387 0.461934 0.502848 584
0.339204 0.462117 0.503016 4225
0.339020 0.462300 0.503185 1871
0.338837 0.462484 0.503354 1826
0.338653 0.462667 0.503522 2483
0.338470 0.462851 0.503691 968
0.338287 0.463034 0.503859 2591
0.338103 0.463218 0.504028 3628
0.337920 0.463401 0.504196 3429
0.337736 0.463585 0.504365 2535
0.337553 0.463768 0.504534 2960
0.337369 0.463952 0.504702 4401
0.337186 0.464135 0.504871 5198
0.337002 0.464318 0.505040 3546
0.336819 0.464502 0.505208 2643
0.336635 0.464685 0.505377 4107
0.336452 0.464869 0.505546 4368
0.336269 0.465052 0.505714 1342
0.336085 0.465236 0.505883 1323
0.335902 0.465419 0.506052 2442
0.335718 0.465603 0.506221 4658
0.335535 0.465786 0.506389 1076
0.335351 0.465970 0.506558 1949
0.335168 0.466153 0.506727 931
0.334984 0.466336 0.506896 2830
0.334801 0.466520 0.507064 1615
0.334618 0.466703 0.507233 4502
0.334434 0.466887 0.507402 4044
0.334251 0.467070 0.507571 2840
0.334067 0.467254 0.507740 639
0.333884 0.467437 0.507908 3324
0.333700 0.467621 0.508077 2359
0.333517 0.467804 0.508246 3400
0.333333 0.467988 0.508415 3414
0.333150 0.468171 0.508584 4652
0.332966 0.468354 0.508753 1912
0.332783 0.468538 0.508922 3395
0.332600 0.468721 0.509090 3937
0.332416 0.468905 0.509259 4934
0.332233 0.469088 0.509428 2151
0.332049 0.469272 0.509597 1959
0.331866 0.469455 0.509766 3196
0.331682 0.469639 0.509935 5021
0.331499 0.469822 0.510104 3695
0.331315 0.470006 0.510273 763
0.331132 0.470189 0.510442 927
0.330948 0.470372 0.510611 4171
0.330765 0.470556 0.510780 4337
0.330582 0.470739 0.510949 2684
0.330398 0.470923 0.511118 2762
0.330215 0.471106 0.511287 4634
0.330031 0.471290 0.511456 1588
0.329848 0.471473 0.511625 1188
0.329664 0.471657 0.511794 691
0.329481 0.471840 0.511963 3677
0.329297 0.472023 0.512132 5128
0.329114 0.472207 0.512301 2274
0.328930 0.472390 0.512471 837
0.328747 0.472574 0.512640 3353
0.328564 0.671436 0.671436 4205
0.328380 0.671620 0.671620 529
0.328197 0.671803 0.671803 1926
0.328013 0.671987 0.671987 2169
0.327830 0.672170 0.672170 1862
0.327646 0.672354 0.672354 2284
0.327463 0.672537 0.672537 5193
0.327279 0.672721 0.672721 4979
0.327096 0.672904 0.672904 1139
0.326912 0.673088 0.673088 3040
0.326729 0.673271 0.673271 1217
0.326546 0.673454 0.673454 4179
0.326362 0.673638 0.673638 2648
0.326179 0.673821 0.673821 4941
0.325995 0.674005 0.674005 320
0.325812 0.674188 0.674188 737
0.325628 0.674372 0.674372 5076
0.325445 0.674555 0.674555 3969
0.325261 0.674739 0.674739 1264
0.325078 0.674922 0.674922 1506
0.324895 0.675105 0.675105 167
0.324711 0.675289 0.675289 1355
0.324528 0.675472 0.675472 4294
0.324344 0.675656 0.675656 1568
0.324161 0.675839 0.675839 2132
0.323977 0.676023 0.676023 2141
0.323794 0.676206 0.676206 3791
0.323610 0.676390 0.676390 948
0.323427 0.676573 0.676573 2185
0.323243 0.676757 0.676757 2407
0.323060 0.676940 0.676940 2405
0.322877 0.677123 0.677123 2798
0.322693 0.677307 0.677307 993
0.322510 0.677490 0.677490 790
0.322326 0.677674 0.677674 2417
0.322143 0.677857 0.677857 793
0.321959 0.678041 0.678041 3909
0.321776 0.678224 0.678224 4276
0.321592 0.678408 0.678408 3943
0.321409 0.678591 0.678591 4115
0.321225 0.678775 0.678775 3976
0.321042 0.678958 0.678958 979
0.320859 0.679141 0.679141 2385
0.320675 0.679325 0.679325 4032
0.320492 0.679508 0.679508 2504
0.320308 0.679692 0.679692 2365
0.320125 0.679875 0.679875 1234
0.319941 0.680059 0.680059 2439
0.319758 0.680242 0.680242 1350
0.319574 0.680426 0.680426 358
0.319391 0.680609 0.680609 1041
0.319207 0.680793 0.680793 1446
0.319024 0.680976 0.680976 3258
0.318841 0.681159 0.681159 2344
0.318657 0.681343 0.681343 2832
0.318474 0.681526 0.681526 989
0.318290 0.681710 0.681710 845
0.318107 0.681893 0.681893 474
0.317923 0.682077 0.682077 1836
0.317740 0.682260 0.682260 5161
0.317556 0.682444 0.682444 2277
0.317373 0.682627 0.682627 5347
0.317190 0.682810 0.682810 2664
0.317006 0.682994 0.682994 1250
0.316823 0.683177 0.683177 1109
0.316639 0.683361 0.683361 3399
0.316456 0.683544 0.683544 3991
0.316272 0.683728 0.683728 3968
0.316089 0.683911 0.683911 3673
0.315905 0.684095 0.684095 1059
0.315722 0.684278 0.684278 1298
0.315538 0.684462 0.684462 2338
0.315355 0.684645 0.684645 3284
0.315172 0.684828 0.684828 882
0.314988 0.685012 0.685012 3528
0.314805 0.685195 0.685195 1710
0.314621 0.685379 0.685379 5358
0.314438 0.685562 0.685562 2708
0.314254 0.685746 0.685746 3512
0.314071 0.685929 0.685929 4119
0.313887 0.686113 0.686113 3038
0.313704 0.686296 0.686296 1314
0.313520 0.686480 0.686480 798
0.313337 0.686663 0.686663 1232
0.313154 0.686846 0.686846 951
0.312970 0.687030 0.687030 1229
0.312787 0.687213 0.687213 4561
0.312603 0.687397 0.687397 448
0.312420 0.687580 0.687580 706
0.312236 0.687764 0.687764 4836
0.312053 0.687947 0.687947 1412
0.311869 0.688131 0.688131 1130
0.311686 0.688314 0.688314 3237
0.311502 0.688498 0.688498 252
0.311319 0.688681 0.688681 3378
0.311136 0.688864 0.688864 3188
0.310952 0.689048 0.689048 699
0.310769 0.689231 0.689231 583
0.310585 0.689415 0.689415 3985
0.310402 0.689598 0.689598 1595
0.310218 0.689782 0.689782 3863
0.310035 0.689965 0.689965 3362
0.309851 0.690149 0.690149 1820
0.309668 0.690332 0.690332 3287
0.309484 0.690516 0.690516 2077
0.309301 0.690699 0.690699 1676
0.309118 0.690882 0.690882 2366
0.308934 0.691066 0.691066 2348
0.308751 0.691249 0.691249 719
0.308567 0.691433 0.691433 151
0.308384 0.691616 0.691616 1765
0.308200 0.691800 0.691800 1586
0.308017 0.691983 0.691983 916
0.307833 0.692167 0.692167 2227
0.307650 0.692350 0.692350 3011
0.307467 0.692533 0.692533 811
0.307283 0.692717 0.692717 1716
0.307100 0.692900 0.692900 3454
0.306916 0.693084 0.693084 214
0.306733 0.693267 0.693267 2512
0.306549 0.693451 0.693451 3846
0.306366 0.693634 0.693634 2145
0.306182 0.693818 0.693818 3856
0.305999 0.694001 0.694001 3168
0.305815 0.694185 0.694185 778
0.305632 0.694368 0.694368 260
0.305449 0.694551 0.694551 1850
0.305265 0.694735 0.694735 4383
0.305082 0.694918 0.694918 1745
0.304898 0.695102 0.695102 956
0.304715 0.695285 0.695285 3562
0.304531 0.695469 0.695469 3693
0.304348 0.695652 0.695652 2080
0.304164 0.695836 0.695836 590
0.303981 0.696019 0.696019 3367
0.303797 0.696203 0.696203 1999
0.303614 0.696386 0.696386 3431
0.303431 0.696569 0.696569 4365
0.303247 0.696753 0.696753 2373
0.303064 0.696936 0.696936 3077
0.302880 0.697120 0.697120 1646
0.302697 0.697303 0.697303 3761
0.302513 0.697487 0.697487 2833
0.302330 0.697670 0.697670 827
0.302146 0.697854 0.697854 1528
0.301963 0.698037 0.698037 2523
0.301779 0.698221 0.698221 4091
0.301596 0.698404 0.698404 756
0.301413 0.698587 0.698587 2058
0.301229 0.698771 0.698771 2699
0.301046 0.698954 0.698954 4141
0.300862 0.699138 0.699138 1502
0.300679 0.699321 0.699321 3007
0.300495 0.699505 0.699505 1088
0.300312 0.699688 0.699688 4104
0.300128 0.699872 0.699872 4846
0.299945 0.700055 0.700055 1398
0.299762 0.700238 0.700238 3589
0.299578 0.700422 0.700422 406
0.299395 0.700605 0.700605 1882
0.299211 0.700789 0.700789 2774
0.299028 0.700972 0.700972 2264
0.298844 0.701156 0.701156 780
0.298661 0.701339 0.701339 2734
0.298477 0.701523 0.701523 481
0.298294 0.701706 0.701706 1326
0.298110 0.701890 0.701890 4501
0.297927 0.702073 0.702073 325
0.297744 0.702256 0.702256 3719
0.297560 0.702440 0.702440 1151
0.297377 0.702623 0.702623 4685
0.297193 0.702807 0.702807 3556
0.297010 0.702990 0.702990 5325
0.296826 0.703174 0.703174 1512
0.296643 0.703357 0.703357 1561
0.296459 0.703541 0.703541 1604
0.296276 0.703724 0.703724 797
0.296092 0.703908 0.703908 1334
0.295909 0.704091 0.704091 248
0.295726 0.704274 0.704274 2775
0.295542 0.704458 0.704458 629
0.295359 0.704641 0.704641 2095
0.295175 0.704825 0.704825 1087
0.294992 0.705008 0.705008 238
0.294808 0.705192 0.705192 1539
0.294625 0.705375 0.705375 4026
0.294441 0.705559 0.705559 1847
0.294258 0.705742 0.705742 1700
0.294074 0.705926 0.705926 1759
0.293891 0.706109 0.706109 452
0.293708 0.706292 0.706292 1562
0.293524 0.706476 0.706476 1235
0.293341 0.706659 0.706659 5284
0.293157 0.706843 0.706843 1240
0.292974 0.707026 0.707026 2979
0.292790 0.707210 0.707210 3187
0.292607 0.707393 0.707393 841
0.292423 0.707577 0.707577 1508
0.292240 0.707760 0.707760 865
0.292057 0.707943 0.707943 1447
0.291873 0.708127 0.708127 2873
0.291690 0.708310 0.708310 3585
0.291506 0.708494 0.708494 192
0.291323 0.708677 0.708677 3067
0.291139 0.708861 0.708861 2445
0.290956 0.709044 0.709044 611
0.290772 0.709228 0.709228 347
0.290589 0.709411 0.709411 1127
0.290405 0.709595 0.709595 2379
0.290222 0.709778 0.709778 2199
0.290039 0.709961 0.709961 2989
0.289855 0.710145 0.710145 898
0.289672 0.710328 0.710328 2509
0.289488 0.710512 0.710512 1228
0.289305 0.710695 0.710695 3084
0.289121 0.710879 0.710879 5052
0.288938 0.711062 0.711062 628
0.288754 0.711246 0.711246 4395
0.288571 0.711429 0.711429 3655
0.288387 0.711613 0.711613 2339
0.288204 0.711796 0.711796 2053
0.288021 0.711979 0.711979 3658
0.287837 0.712163 0.712163 3590
0.287654 0.712346 0.712346 2813
0.287470 0.712530 0.712530 1578
0.287287 0.712713 0.712713 977
0.287103 0.712897 0.712897 1042
0.286920 0.713080 0.713080 3259
0.286736 0.713264 0.713264 2886
0.286553 0.713447 0.713447 2819
0.286369 0.713631 0.713631 5065
0.286186 0.713814 0.713814 1320
0.286003 0.713997 0.713997 1864
0.285819 0.714181 0.714181 4507
0.285636 0.714364 0.714364 2702
0.285452 0.714548 0.714548 4248
0.285269 0.714731 0.714731 2283
0.285085 0.714915 0.714915 5011
0.284902 0.715098 0.715098 3151
0.284718 0.715282 0.715282 3473
0.284535 0.715465 0.715465 1266
0.284351 0.715649 0.715649 620
0.284168 0.715832 0.715832 2867
0.283985 0.716015 0.716015 4710
0.283801 0.716199 0.716199 2773
0.283618 0.716382 0.716382 2818
0.283434 0.716566 0.716566 4804
0.283251 0.716749 0.716749 221
0.283067 0.716933 0.716933 1247
0.282884 0.717116 0.717116 3547
0.282700 0.717300 0.717300 4451
0.282517 0.717483 0.717483 2008
0.282334 0.717666 0.717666 262
0.282150 0.717850 0.717850 945
0.281967 0.718033 0.718033 2393
0.281783 0.718217 0.718217 384
0.281600 0.718400 0.718400 4848
0.281416 0.718584 0.718584 2858
0.281233 0.718767 0.718767 1466
0.281049 0.718951 0.718951 1284
0.280866 0.719134 0.719134 1774
0.280682 0.719318 0.719318 1192
0.280499 0.719501 0.719501 1399
0.280316 0.719684 0.719684 2912
0.280132 0.719868 0.719868 3725
0.279949 0.720051 0.720051 378
0.279765 0.720235 0.720235 2076
0.279582 0.720418 0.720418 1091
0.279398 0.720602 0.720602 4016
0.279215 0.720785 0.720785 3071
0.279031 0.720969 0.720969 857
0.278848 0.721152 0.721152 3086
0.278664 0.721336 0.721336 3108
0.278481 0.721519 0.721519 3575
0.278298 0.721702 0.721702 2104
0.278114 0.721886 0.721886 1179
0.277931 0.722069 0.722069 2738
0.277747 0.722253 0.722253 4548
0.277564 0.722436 0.722436 1226
0.277380 0.722620 0.722620 4484
0.277197 0.722803 0.722803 766
0.277013 0.722987 0.722987 2289
0.276830 0.723170 0.723170 3910
0.276646 0.723354 0.723354 748
0.276463 0.723537 0.723537 3944
0.276280 0.723720 0.723720 3627
0.276096 0.723904 0.723904 4841
0.275913 0.724087 0.724087 4092
0.275729 0.724271 0.724271 1662
0.275546 0.724454 0.724454 402
0.275362 0.724638 0.724638 2588
0.275179 0.724821 0.724821 443
0.274995 0.725005 0.725005 3591
0.274812 0.725188 0.725188 4273
0.274629 0.725371 0.725371 1964
0.274445 0.725555 0.725555 2028
0.274262 0.725738 0.725738 5172
0.274078 0.725922 0.725922 3467
0.273895 0.726105 0.726105 4687
0.273711 0.726289 0.726289 3912
0.273528 0.726472 0.726472 1803
0.273344 0.726656 0.726656 383
0.273161 0.726839 0.726839 1545
0.272977 0.727023 0.727023 256
0.272794 0.727206 0.727206 2066
0.272611 0.727389 0.727389 3033
0.272427 0.727573 0.727573 2952
0.272244 0.727756 0.727756 3548
0.272060 0.727940 0.727940 1079
0.271877 0.728123 0.728123 2368
0.271693 0.728307 0.728307 786
0.271510 0.728490 0.728490 4038
0.271326 0.728674 0.728674 3132
0.271143 0.728857 0.728857 1666
0.270959 0.729041 0.729041 3720
0.270776 0.729224 0.729224 4535
0.270593 0.729407 0.729407 3738
0.270409 0.729591 0.729591 3257
0.270226 0.729774 0.729774 2113
0.270042 0.729958 0.729958 561
0.269859 0.730141 0.730141 1390
0.269675 0.730325 0.730325 1082
0.269492 0.730508 0.730508 3905
0.269308 0.730692 0.730692 1629
0.269125 0.730875 0.730875 3123
0.268941 0.731059 0.731059 1102
0.268758 0.731242 0.731242 3859
0.268575 0.731425 0.731425 1993
0.268391 0.731609 0.731609 2124
0.268208 0.731792 0.731792 2087
0.268024 0.731976 0.731976 4228
0.267841 0.732159 0.732159 1324
0.267657 0.732343 0.732343 1210
0.267474 0.732526 0.732526 3633
0.267290 0.732710 0.732710 923
0.267107 0.732893 0.732893 4760
0.266924 0.733076 0.733076 2035
0.266740 0.733260 0.733260 2880
0.266557 0.733443 0.733443 2354
0.266373 0.733627 0.733627 1167
0.266190 0.733810 0.733810 3027
0.266006 0.733994 0.733994 3010
0.265823 0.734177 0.734177 3130
0.265639 0.734361 0.734361 4209
0.265456 0.734544 0.734544 616
0.265272 0.734728 0.734728 3321
0.265089 0.734911 0.734911 501
0.264906 0.735094 0.735094 4775
0.264722 0.735278 0.735278 4213
0.264539 0.735461 0.735461 359
0.264355 0.735645 0.735645 600
0.264172 0.735828 0.735828 2334
0.263988 0.736012 0.736012 2374
0.263805 0.736195 0.736195 1674
0.263621 0.736379 0.736379 900
0.263438 0.736562 0.736562 2291
0.263254 0.736746 0.736746 5331
0.263071 0.736929 0.736929 1617
0.262888 0.737112 0.737112 3093
0.262704 0.737296 0.737296 3834
0.262521 0.737479 0.737479 1726
0.262337 0.737663 0.737663 428
0.262154 0.737846 0.737846 4079
0.261970 0.738030 0.738030 859
0.261787 0.738213 0.738213 3841
0.261603 0.738397 0.738397 1440
0.261420 0.738580 0.738580 3323
0.261236 0.738764 0.738764 1170
0.261053 0.738947 0.738947 4750
0.260870 0.739130 0.739130 963
0.260686 0.739314 0.739314 4866
0.260503 0.739497 0.739497 998
0.260319 0.739681 0.739681 4160
0.260136 0.739864 0.739864 1728
0.259952 0.740048 0.740048 2799
0.259769 0.740231 0.740231 4424
0.259585 0.740415 0.740415 3869
0.259402 0.740598 0.740598 3729
0.259218 0.740782 0.740782 3078
0.259035 0.740965 0.740965 268
0.258852 0.741148 0.741148 3737
0.258668 0.741332 0.741332 2191
0.258485 0.741515 0.741515 3913
0.258301 0.741699 0.741699 259
0.258118 0.741882 0.741882 344
0.257934 0.742066 0.742066 1690
0.257751 0.742249 0.742249 3212
0.257567 0.742433 0.742433 4623
0.257384 0.742616 0.742616 613
0.257201 0.742799 0.742799 2666
0.257017 0.742983 0.742983 441
0.256834 0.743166 0.743166 694
0.256650 0.743350 0.743350 5203
0.256467 0.743533 0.743533 1859
0.256283 0.743717 0.743717 1163
0.256100 0.743900 0.743900 3613
0.255916 0.744084 0.744084 3683
0.255733 0.744267 0.744267 3169
0.255549 0.744451 0.744451 585
0.255366 0.744634 0.744634 3425
0.255183 0.744817 0.744817 4303
0.254999 0.745001 0.745001 3935
0.254816 0.745184 0.745184 4290
0.254632 0.745368 0.745368 3685
0.254449 0.745551 0.745551 2538
0.254265 0.745735 0.745735 240
0.254082 0.745918 0.745918 3122
0.253898 0.746102 0.746102 1496
0.253715 0.746285 0.746285 1105
0.253531 0.746469 0.746469 1772
0.253348 0.746652 0.746652 4051
0.253165 0.746835 0.746835 2044
0.252981 0.747019 0.747019 3436
0.252798 0.747202 0.747202 2704
0.252614 0.747386 0.747386 504
0.252431 0.747569 0.747569 5431
0.252247 0.747753 0.747753 711
0.252064 0.747936 0.747936 1367
0.251880 0.748120 0.748120 5332
0.251697 0.748303 0.748303 917
0.251513 0.748487 0.748487 3564
0.251330 0.748670 0.748670 4375
0.251147 0.748853 0.748853 4648
0.250963 0.749037 0.749037 4354
0.250780 0.749220 0.749220 1005
0.250596 0.749404 0.749404 508
0.250413 0.749587 0.749587 1107
0.250229 0.749771 0.749771 246
0.250046 0.749954 0.749954 4463
0.249862 0.750138 0.750138 3550
0.249679 0.750321 0.750321 2836
0.249496 0.750504 0.750504 1853
0.249312 0.750688 0.750688 3616
0.249129 0.750871 0.750871 3195
0.248945 0.751055 0.751055 4352
0.248762 0.751238 0.751238 203
0.248578 0.751422 0.751422 875
0.248395 0.751605 0.751605 3785
0.248211 0.751789 0.751789 654
0.248028 0.751972 0.751972 2160
0.247844 0.752156 0.752156 3334
0.247661 0.752339 0.752339 4082
0.247478 0.752522 0.752522 2959
0.247294 0.752706 0.752706 915
0.247111 0.752889 0.752889 2046
0.246927 0.753073 0.753073 4615
0.246744 0.753256 0.753256 4491
0.246560 0.753440 0.753440 2905
0.246377 0.753623 0.753623 4210
0.246193 0.753807 0.753807 4366
0.246010 0.753990 0.753990 2413
0.245826 0.754174 0.754174 4621
0.245643 0.754357 0.754357 4956
0.245460 0.754540 0.754540 4405
0.245276 0.754724 0.754724 1974
0.245093 0.754907 0.754907 604
0.244909 0.755091 0.755091 3808
0.244726 0.755274 0.755274 1970
0.244542 0.755458 0.755458 838
0.244359 0.755641 0.755641 2033
0.244175 0.755825 0.755825 2059
0.243992 0.756008 0.756008 363
0.243808 0.756192 0.756192 2930
0.243625 0.756375 0.756375 3183
0.243442 0.756558 0.756558 1347
0.243258 0.756742 0.756742 1988
0.243075 0.756925 0.756925 460
0.242891 0.757109 0.757109 3361
0.242708 0.757292 0.757292 1756
0.242524 0.757476 0.757476 4043
0.242341 0.757659 0.757659 3124
0.242157 0.757843 0.757843 4065
0.241974 0.758026 0.758026 3069
0.241790 0.758210 0.758210 1921
0.241607 0.758393 0.758393 2406
0.241424 0.758576 0.758576 4285
0.241240 0.758760 0.758760 3689
0.241057 0.758943 0.758943 2043
0.240873 0.759127 0.759127 1542
0.240690 0.759310 0.759310 3713
0.240506 0.759494 0.759494 3211
0.240323 0.759677 0.759677 4251
0.240139 0.759861 0.759861 1493
0.239956 0.760044 0.760044 3204
0.239773 0.760227 0.760227 2276
0.239589 0.760411 0.760411 688
0.239406 0.760594 0.760594 1108
0.239222 0.760778 0.760778 2298
0.239039 0.760961 0.760961 333
0.238855 0.761145 0.761145 2692
0.238672 0.761328 0.761328 4667
0.238488 0.761512 0.761512 1509
0.238305 0.761695 0.761695 4793
0.238121 0.761879 0.761879 3871
0.237938 0.762062 0.762062 1081
0.237755 0.762245 0.762245 3893
0.237571 0.762429 0.762429 5067
0.237388 0.762612 0.762612 5039
0.237204 0.762796 0.762796 2078
0.237021 0.762979 0.762979 405
0.236837 0.763163 0.763163 4325
0.236654 0.763346 0.763346 2272
0.236470 0.763530 0.763530 305
0.236287 0.763713 0.763713 1220
0.236103 0.763897 0.763897 4292
0.235920 0.764080 0.764080 3876
0.235737 0.764263 0.764263 2999
0.235553 0.764447 0.764447 374
0.235370 0.764630 0.764630 1699
0.235186 0.764814 0.764814 1498
0.235003 0.764997 0.764997 1544
0.234819 0.765181 0.765181 3502
0.234636 0.765364 0.765364 4359
0.234452 0.765548 0.765548 2245
0.234269 0.765731 0.765731 1268
0.234085 0.765915 0.765915 375
0.233902 0.766098 0.766098 2434
0.233719 0.766281 0.766281 3420
0.233535 0.766465 0.766465 3302
0.233352 0.766648 0.766648 3453
0.233168 0.766832 0.766832 3459
0.232985 0.767015 0.767015 1696
0.232801 0.767199 0.767199 1255
0.232618 0.767382 0.767382 2987
0.232434 0.767566 0.767566 4651
0.232251 0.767749 0.767749 177
0.232068 0.767932 0.767932 2743
0.231884 0.768116 0.768116 2965
0.231701 0.768299 0.768299 1286
0.231517 0.768483 0.768483 1349
0.231334 0.768666 0.768666 4797
0.231150 0.768850 0.768850 4420
0.230967 0.769033 0.769033 2018
0.230783 0.769217 0.769217 525
0.230600 0.769400 0.769400 2208
0.230416 0.769584 0.769584 4770
0.230233 0.769767 0.769767 1294
0.230050 0.769950 0.769950 1318
0.229866 0.770134 0.770134 4802
0.229683 0.770317 0.770317 2522
0.229499 0.770501 0.770501 1097
0.229316 0.770684 0.770684 3509
0.229132 0.770868 0.770868 187
0.228949 0.771051 0.771051 1636
0.228765 0.771235 0.771235 1301
0.228582 0.771418 0.771418 3938
0.228398 0.771602 0.771602 866
0.228215 0.771785 0.771785 1817
0.228032 0.771968 0.771968 4792
0.227848 0.772152 0.772152 4222
0.227665 0.772335 0.772335 663
0.227481 0.772519 0.772519 3217
0.227298 0.772702 0.772702 3587
0.227114 0.772886 0.772886 328
0.226931 0.773069 0.773069 4454
0.226747 0.773253 0.773253 1093
0.226564 0.773436 0.773436 5258
0.226380 0.773620 0.773620 1116
0.226197 0.773803 0.773803 1257
0.226014 0.773986 0.773986 1372
0.225830 0.774170 0.774170 5184
0.225647 0.774353 0.774353 3103
0.225463 0.774537 0.774537 4572
0.225280 0.774720 0.774720 4257
0.225096 0.774904 0.774904 1173
0.224913 0.775087 0.775087 3144
0.224729 0.775271 0.775271 1801
0.224546 0.775454 0.775454 4274
0.224363 0.775637 0.775637 3167
0.224179 0.775821 0.775821 1777
0.223996 0.776004 0.776004 1653
0.223812 0.776188 0.776188 2928
0.223629 0.776371 0.776371 1818
0.223445 0.776555 0.776555 2032
0.223262 0.776738 0.776738 1402
0.223078 0.776922 0.776922 2763
0.222895 0.777105 0.777105 1611
0.222711 0.777289 0.777289 5150
0.222528 0.777472 0.777472 4861
0.222345 0.777655 0.777655 2718
0.222161 0.777839 0.777839 396
0.221978 0.778022 0.778022 2278
0.221794 0.778206 0.778206 2388
0.221611 0.778389 0.778389 3147
0.221427 0.778573 0.778573 3230
0.221244 0.778756 0.778756 4403
0.221060 0.778940 0.778940 5289
0.220877 0.779123 0.779123 1115
0.220693 0.779307 0.779307 918
0.220510 0.779490 0.779490 2453
0.220327 0.779673 0.779673 309
0.220143 0.779857 0.779857 5117
0.219960 0.780040 0.780040 602
0.219776 0.780224 0.780224 3507
0.219593 0.780407 0.780407 3180
0.219409 0.780591 0.780591 2934
0.219226 0.780774 0.780774 5084
0.219042 0.780958 0.780958 2671
0.218859 0.781141 0.781141 3102
0.218675 0.781325 0.781325 594
0.218492 0.781508 0.781508 3372
0.218309 0.781691 0.781691 799
0.218125 0.781875 0.781875 3714
0.217942 0.782058 0.782058 1034
0.217758 0.782242 0.782242 2766
0.217575 0.782425 0.782425 4331
0.217391 0.782609 0.782609 2462
0.217208 0.782792 0.782792 2914
0.217024 0.782976 0.782976 2363
0.216841 0.783159 0.783159 994
0.216657 0.783343 0.783343 2362
0.216474 0.783526 0.783526 2640
0.216291 0.783709 0.783709 2117
0.216107 0.783893 0.783893 5403
0.215924 0.784076 0.784076 1475
0.215740 0.784260 0.784260 736
0.215557 0.784443 0.784443 953
0.215373 0.784627 0.784627 4351
0.215190 0.784810 0.784810 5205
0.215006 0.784994 0.784994 2519
0.214823 0.785177 0.785177 1149
0.214640 0.785360 0.785360 349
0.214456 0.785544 0.785544 3288
0.214273 0.785727 0.785727 3622
0.214089 0.785911 0.785911 3483
0.213906 0.786094 0.786094 1457
0.213722 0.786278 0.786278 617
0.213539 0.786461 0.786461 5135
0.213355 0.786645 0.786645 2801
0.213172 0.786828 0.786828 5088
0.212988 0.787012 0.787012 5066
0.212805 0.787195 0.787195 2419
0.212622 0.787378 0.787378 4121
0.212438 0.787562 0.787562 4937
0.212255 0.787745 0.787745 2152
0.212071 0.787929 0.787929 1010
0.211888 0.788112 0.788112 1057
0.211704 0.788296 0.788296 2083
0.211521 0.788479 0.788479 5269
0.211337 0.788663 0.788663 4305
0.211154 0.788846 0.788846 3156
0.210970 0.789030 0.789030 980
0.210787 0.789213 0.789213 623
0.210604 0.789396 0.789396 2409
0.210420 0.789580 0.789580 2906
0.210237 0.789763 0.789763 4879
0.210053 0.789947 0.789947 1815
0.209870 0.790130 0.790130 3881
0.209686 0.790314 0.790314 3709
0.209503 0.790497 0.790497 2027
0.209319 0.790681 0.790681 3243
0.209136 0.790864 0.790864 1713
0.208952 0.791048 0.791048 5427
0.208769 0.791231 0.791231 2474
0.208586 0.791414 0.791414 1626
0.208402 0.791598 0.791598 3716
0.208219 0.791781 0.791781 4791
0.208035 0.791965 0.791965 5312
0.207852 0.792148 0.792148 4245
0.207668 0.792332 0.792332 1680
0.207485 0.792515 0.792515 2998
0.207301 0.792699 0.792699 2931
0.207118 0.792882 0.792882 4882
0.206935 0.793065 0.793065 269
0.206751 0.793249 0.793249 1809
0.206568 0.793432 0.793432 3479
0.206384 0.793616 0.793616 1790
0.206201 0.793799 0.793799 2110
0.206017 0.793983 0.793983 2154
0.205834 0.794166 0.794166 3137
0.205650 0.794350 0.794350 1096
0.205467 0.794533 0.794533 526
0.205283 0.794717 0.794717 1806
0.205100 0.794900 0.794900 2644
0.204917 0.795083 0.795083 1485
0.204733 0.795267 0.795267 936
0.204550 0.795450 0.795450 3356
0.204366 0.795634 0.795634 1492
0.204183 0.795817 0.795817 807
0.203999 0.796001 0.796001 1510
0.203816 0.796184 0.796184 1758
0.203632 0.796368 0.796368 4191
0.203449 0.796551 0.796551 3331
0.203265 0.796735 0.796735 5152
0.203082 0.796918 0.796918 3518
0.202899 0.797101 0.797101 3829
0.202715 0.797285 0.797285 3032
0.202532 0.797468 0.797468 3246
0.202348 0.797652 0.797652 4514
0.202165 0.797835 0.797835 4918
0.201981 0.798019 0.798019 2737
0.201798 0.798202 0.798202 1328
0.201614 0.798386 0.798386 731
0.201431 0.798569 0.798569 886
0.201247 0.798753 0.798753 1037
0.201064 0.798936 0.798936 4185
0.200881 0.799119 0.799119 5056
0.200697 0.799303 0.799303 341
0.200514 0.799486 0.799486 1219
0.200330 0.799670 0.799670 1741
0.200147 0.799853 0.799853 5020
0.199963 0.800037 0.800037 1382
0.199780 0.800220 0.800220 3112
0.199596 0.800404 0.800404 3008
0.199413 0.800587 0.800587 2103
0.199229 0.800771 0.800771 1405
0.199046 0.800954 0.800954 2263
0.198863 0.801137 0.801137 2901
0.198679 0.801321 0.801321 3862
0.198496 0.801504 0.801504 4825
0.198312 0.801688 0.801688 1465
0.198129 0.801871 0.801871 3225
0.197945 0.802055 0.802055 1769
0.197762 0.802238 0.802238 650
0.197578 0.802422 0.802422 3623
0.197395 0.802605 0.802605 4795
0.197212 0.802788 0.802788 3357
0.197028 0.802972 0.802972 1346
0.196845 0.803155 0.803155 4455
0.196661 0.803339 0.803339 2921
0.196478 0.803522 0.803522 1736
0.196294 0.803706 0.803706 1404
0.196111 0.803889 0.803889 3340
0.195927 0.804073 0.804073 3625
0.195744 0.804256 0.804256 361
0.195560 0.804440 0.804440 4526
0.195377 0.804623 0.804623 5068
0.195194 0.804806 0.804806 2544
0.195010 0.804990 0.804990 571
0.194827 0.805173 0.805173 1520
0.194643 0.805357 0.805357 2479
0.194460 0.805540 0.805540 3242
0.194276 0.805724 0.805724 2657
0.194093 0.805907 0.805907 1804
0.193909 0.806091 0.806091 2884
0.193726 0.806274 0.806274 4254
0.193542 0.806458 0.806458 703
0.193359 0.806641 0.806641 3596
0.193176 0.806824 0.806824 3349
0.192992 0.807008 0.807008 1025
0.192809 0.807191 0.807191 717
0.192625 0.807375 0.807375 981
0.192442 0.807558 0.807558 3223
0.192258 0.807742 0.807742 765
0.192075 0.807925 0.807925 5146
0.191891 0.808109 0.808109 534
0.191708 0.808292 0.808292 496
0.191524 0.808476 0.808476 5220
0.191341 0.808659 0.808659 1043
0.191158 0.808842 0.808842 1865
0.190974 0.809026 0.809026 1150
0.190791 0.809209 0.809209 2332
0.190607 0.809393 0.809393 3154
0.190424 0.809576 0.809576 296
0.190240 0.809760 0.809760 2551
0.190057 0.809943 0.809943 2052
0.189873 0.810127 0.810127 1908
0.189690 0.810310 0.810310 3879
0.189507 0.810493 0.810493 4186
0.189323 0.810677 0.810677 2451
0.189140 0.810860 0.810860 548
0.188956 0.811044 0.811044 2244
0.188773 0.811227 0.811227 1814
0.188589 0.811411 0.811411 1458
0.188406 0.811594 0.811594 2177
0.188222 0.811778 0.811778 924
0.188039 0.811961 0.811961 2065
0.187855 0.812145 0.812145 181
0.187672 0.812328 0.812328 369
0.187489 0.812511 0.812511 532
0.187305 0.812695 0.812695 3581
0.187122 0.812878 0.812878 1763
0.186938 0.813062 0.813062 1692
0.186755 0.813245 0.813245 1879
0.186571 0.813429 0.813429 3570
0.186388 0.813612 0.813612 2938
0.186204 0.813796 0.813796 2940
0.186021 0.813979 0.813979 3788
0.185837 0.814163 0.814163 1929
0.185654 0.814346 0.814346 3423
0.185471 0.814529 0.814529 1392
0.185287 0.814713 0.814713 3825
0.185104 0.814896 0.814896 270
0.184920 0.815080 0.815080 4391
0.184737 0.815263 0.815263 253
0.184553 0.815447 0.815447 2499
0.184370 0.815630 0.815630 1840
0.184186 0.815814 0.815814 3274
0.184003 0.815997 0.815997 3273
0.183819 0.816181 0.816181 4711
0.183636 0.816364 0.816364 1273
0.183453 0.816547 0.816547 4821
0.183269 0.816731 0.816731 5118
0.183086 0.816914 0.816914 152
0.182902 0.817098 0.817098 154
0.182719 0.817281 0.817281 160
0.182535 0.817465 0.817465 161
0.182352 0.817648 0.817648 163
0.182168 0.817832 0.817832 164
0.181985 0.818015 0.818015 169
0.181802 0.818198 0.818198 174
0.181618 0.818382 0.818382 176
0.181435 0.818565 0.818565 182
0.181251 0.818749 0.818749 183
0.181068 0.818932 0.818932 184
0.180884 0.819116 0.819116 185
0.180701 0.819299 0.819299 186
0.180517 0.819483 0.819483 194
0.180334 0.819666 0.819666 196
0.180150 0.819850 0.819850 197
0.179967 0.820033 0.820033 198
0.179784 0.820216 0.820216 200
0.179600 0.820400 0.820400 204
0.179417 0.820583 0.820583 205
0.179233 0.820767 0.820767 209
0.179050 0.820950 0.820950 213
0.178866 0.821134 0.821134 222
0.178683 0.821317 0.821317 235
0.178499 0.821501 0.821501 239
0.178316 0.821684 0.821684 244
0.178132 0.821868 0.821868 255
0.177949 0.822051 0.822051 261
0.177766 0.822234 0.822234 271
0.177582 0.822418 0.822418 272
0.177399 0.822601 0.822601 282
0.177215 0.822785 0.822785 285
0.177032 0.822968 0.822968 289
0.176848 0.823152 0.823152 294
0.176665 0.823335 0.823335 295
0.176481 0.823519 0.823519 306
0.176298 0.823702 0.823702 308
0.176114 0.823886 0.823886 314
0.175931 0.824069 0.824069 317
0.175748 0.824252 0.824252 319
0.175564 0.824436 0.824436 331
0.175381 0.824619 0.824619 334
0.175197 0.824803 0.824803 335
0.175014 0.824986 0.824986 342
0.174830 0.825170 0.825170 343
0.174647 0.825353 0.825353 348
0.174463 0.825537 0.825537 353
0.174280 0.825720 0.825720 356
0.174096 0.825904 0.825904 357
0.173913 0.826087 0.826087 360
0.173730 0.826270 0.826270 364
0.173546 0.826454 0.826454 365
0.173363 0.826637 0.826637 366
0.173179 0.826821 0.826821 368
0.172996 0.827004 0.827004 372
0.172812 0.827188 0.827188 376
0.172629 0.827371 0.827371 386
0.172445 0.827555 0.827555 387
0.172262 0.827738 0.827738 389
0.172079 0.827921 0.827921 400
0.171895 0.828105 0.828105 404
0.171712 0.828288 0.828288 407
0.171528 0.828472 0.828472 424
0.171345 0.828655 0.828655 430
0.171161 0.828839 0.828839 431
0.170978 0.829022 0.829022 436
0.170794 0.829206 0.829206 438
0.170611 0.829389 0.829389 444
0.170427 0.829573 0.829573 451
0.170244 0.829756 0.829756 454
0.170061 0.829939 0.829939 456
0.169877 0.830123 0.830123 470
0.169694 0.830306 0.830306 475
0.169510 0.830490 0.830490 477
0.169327 0.830673 0.830673 482
0.169143 0.830857 0.830857 487
0.168960 0.831040 0.831040 489
0.168776 0.831224 0.831224 492
0.168593 0.831407 0.831407 493
0.168409 0.831591 0.831591 494
0.168226 0.831774 0.831774 495
0.168043 0.831957 0.831957 510
0.167859 0.832141 0.832141 518
0.167676 0.832324 0.832324 530
0.167492 0.832508 0.832508 542
0.167309 0.832691 0.832691 550
0.167125 0.832875 0.832875 552
0.166942 0.833058 0.833058 553
0.166758 0.833242 0.833242 556
0.166575 0.833425 0.833425 557
0.166391 0.833609 0.833609 559
0.166208 0.833792 0.833792 570
0.166025 0.833975 0.833975 574
0.165841 0.834159 0.834159 581
0.165658 0.834342 0.834342 582
0.165474 0.834526 0.834526 588
0.165291 0.834709 0.834709 589
0.165107 0.834893 0.834893 595
0.164924 0.835076 0.835076 603
0.164740 0.835260 0.835260 609
0.164557 0.835443 0.835443 610
0.164374 0.835626 0.835626 612
0.164190 0.835810 0.835810 614
0.164007 0.835993 0.835993 641
0.163823 0.836177 0.836177 647
0.163640 0.836360 0.836360 651
0.163456 0.836544 0.836544 652
0.163273 0.836727 0.836727 653
0.163089 0.836911 0.836911 660
0.162906 0.837094 0.837094 664
0.162722 0.837278 0.837278 665
0.162539 0.837461 0.837461 669
0.162356 0.837644 0.837644 673
0.162172 0.837828 0.837828 675
0.161989 0.838011 0.838011 676
0.161805 0.838195 0.838195 678
0.161622 0.838378 0.838378 679
0.161438 0.838562 0.838562 681
0.161255 0.838745 0.838745 682
0.161071 0.838929 0.838929 683
0.160888 0.839112 0.839112 684
0.160704 0.839296 0.839296 685
0.160521 0.839479 0.839479 687
0.160338 0.839662 0.839662 689
0.160154 0.839846 0.839846 695
0.159971 0.840029 0.840029 700
0.159787 0.840213 0.840213 715
0.159604 0.840396 0.840396 721
0.159420 0.840580 0.840580 722
0.159237 0.840763 0.840763 723
0.159053 0.840947 0.840947 726
0.158870 0.841130 0.841130 728
0.158686 0.841314 0.841314 729
0.158503 0.841497 0.841497 749
0.158320 0.841680 0.841680 754
0.158136 0.841864 0.841864 755
0.157953 0.842047 0.842047 758
0.157769 0.842231 0.842231 759
0.157586 0.842414 0.842414 771
0.157402 0.842598 0.842598 772
0.157219 0.842781 0.842781 774
0.157035 0.842965 0.842965 775
0.156852 0.843148 0.843148 794
0.156669 0.843331 0.843331 801
0.156485 0.843515 0.843515 805
0.156302 0.843698 0.843698 810
0.156118 0.843882 0.843882 816
0.155935 0.844065 0.844065 829
0.155751 0.844249 0.844249 832
0.155568 0.844432 0.844432 833
0.155384 0.844616 0.844616 834
0.155201 0.844799 0.844799 856
0.155017 0.844983 0.844983 862
0.154834 0.845166 0.845166 867
0.154651 0.845349 0.845349 869
0.154467 0.845533 0.845533 871
0.154284 0.845716 0.845716 873
0.154100 0.845900 0.845900 876
0.153917 0.846083 0.846083 887
0.153733 0.846267 0.846267 891
0.153550 0.846450 0.846450 895
0.153366 0.846634 0.846634 899
0.153183 0.846817 0.846817 903
0.152999 0.847001 0.847001 904
0.152816 0.847184 0.847184 907
0.152633 0.847367 0.847367 919
0.152449 0.847551 0.847551 920
0.152266 0.847734 0.847734 928
0.152082 0.847918 0.847918 930
0.151899 0.848101 0.848101 938
0.151715 0.848285 0.848285 941
0.151532 0.848468 0.848468 944
0.151348 0.848652 0.848652 946
0.151165 0.848835 0.848835 961
0.150981 0.849019 0.849019 964
0.150798 0.849202 0.849202 965
0.150615 0.849385 0.849385 985
0.150431 0.849569 0.849569 988
0.150248 0.849752 0.849752 992
0.150064 0.849936 0.849936 1001
0.149881 0.850119 0.850119 1003
0.149697 0.850303 0.850303 1012
0.149514 0.850486 0.850486 1014
0.149330 0.850670 0.850670 1015
0.149147 0.850853 0.850853 1019
0.148963 0.851037 0.851037 1029
0.148780 0.851220 0.851220 1033
0.148597 0.851403 0.851403 1036
0.148413 0.851587 0.851587 1040
0.148230 0.851770 0.851770 1044
0.148046 0.851954 0.851954 1049
0.147863 0.852137 0.852137 1053
0.147679 0.852321 0.852321 1060
0.147496 0.852504 0.852504 1061
0.147312 0.852688 0.852688 1063
0.147129 0.852871 0.852871 1065
0.146946 0.853054 0.853054 1066
0.146762 0.853238 0.853238 1072
0.146579 0.853421 0.853421 1073
0.146395 0.853605 0.853605 1083
0.146212 0.853788 0.853788 1086
0.146028 0.853972 0.853972 1089
0.145845 0.854155 0.854155 1090
0.145661 0.854339 0.854339 1101
0.145478 0.854522 0.854522 1104
0.145294 0.854706 0.854706 1119
0.145111 0.854889 0.854889 1123
0.144928 0.855072 0.855072 1125
0.144744 0.855256 0.855256 1128
0.144561 0.855439 0.855439 1135
0.144377 0.855623 0.855623 1138
0.144194 0.855806 0.855806 1143
0.144010 0.855990 0.855990 1148
0.143827 0.856173 0.856173 1152
0.143643 0.856357 0.856357 1153
0.143460 0.856540 0.856540 1162
0.143276 0.856724 0.856724 1168
0.143093 0.856907 0.856907 1169
0.142910 0.857090 0.857090 1174
0.142726 0.857274 0.857274 1178
0.142543 0.857457 0.857457 1181
0.142359 0.857641 0.857641 1182
0.142176 0.857824 0.857824 1183
0.141992 0.858008 0.858008 1186
0.141809 0.858191 0.858191 1191
0.141625 0.858375 0.858375 1193
0.141442 0.858558 0.858558 1198
0.141258 0.858742 0.858742 1201
0.141075 0.858925 0.858925 1206
0.140892 0.859108 0.859108 1209
0.140708 0.859292 0.859292 1212
0.140525 0.859475 0.859475 1221
0.140341 0.859659 0.859659 1223
0.140158 0.859842 0.859842 1225
0.139974 0.860026 0.860026 1227
0.139791 0.860209 0.860209 1248
0.139607 0.860393 0.860393 1249
0.139424 0.860576 0.860576 1253
0.139241 0.860759 0.860759 1256
0.139057 0.860943 0.860943 1258
0.138874 0.861126 0.861126 1259
0.138690 0.861310 0.861310 1261
0.138507 0.861493 0.861493 1278
0.138323 0.861677 0.861677 1281
0.138140 0.861860 0.861860 1297
0.137956 0.862044 0.862044 1300
0.137773 0.862227 0.862227 1305
0.137589 0.862411 0.862411 1306
0.137406 0.862594 0.862594 1309
0.137223 0.862777 0.862777 1321
0.137039 0.862961 0.862961 1325
0.136856 0.863144 0.863144 1341
0.136672 0.863328 0.863328 1344
0.136489 0.863511 0.863511 1351
0.136305 0.863695 0.863695 1353
0.136122 0.863878 0.863878 1356
0.135938 0.864062 0.864062 1358
0.135755 0.864245 0.864245 1365
0.135571 0.864429 0.864429 1373
0.135388 0.864612 0.864612 1377
0.135205 0.864795 0.864795 1380
0.135021 0.864979 0.864979 1389
0.134838 0.865162 0.865162 1395
0.134654 0.865346 0.865346 1397
0.134471 0.865529 0.865529 1400
0.134287 0.865713 0.865713 1403
0.134104 0.865896 0.865896 1418
0.133920 0.866080 0.866080 1448
0.133737 0.866263 0.866263 1459
0.133553 0.866447 0.866447 1469
0.133370 0.866630 0.866630 1470
0.133187 0.866813 0.866813 1471
0.133003 0.866997 0.866997 1474
0.132820 0.867180 0.867180 1483
0.132636 0.867364 0.867364 1491
0.132453 0.867547 0.867547 1494
0.132269 0.867731 0.867731 1495
0.132086 0.867914 0.867914 1497
0.131902 0.868098 0.868098 1501
0.131719 0.868281 0.868281 1503
0.131535 0.868465 0.868465 1504
0.131352 0.868648 0.868648 1505
0.131169 0.868831 0.868831 1515
0.130985 0.869015 0.869015 1519
0.130802 0.869198 0.869198 1524
0.130618 0.869382 0.869382 1526
0.130435 0.869565 0.869565 1529
0.130251 0.869749 0.869749 1530
0.130068 0.869932 0.869932 1534
0.129884 0.870116 0.870116 1538
0.129701 0.870299 0.870299 1543
0.129518 0.870482 0.870482 1547
0.129334 0.870666 0.870666 1553
0.129151 0.870849 0.870849 1558
0.128967 0.871033 0.871033 1570
0.128784 0.871216 0.871216 1571
0.128600 0.871400 0.871400 1572
0.128417 0.871583 0.871583 1576
0.128233 0.871767 0.871767 1577
0.128050 0.871950 0.871950 1583
0.127866 0.872134 0.872134 1585
0.127683 0.872317 0.872317 1590
0.127500 0.872500 0.872500 1596
0.127316 0.872684 0.872684 1605
0.127133 0.872867 0.872867 1607
0.126949 0.873051 0.873051 1610
0.126766 0.873234 0.873234 1616
0.126582 0.873418 0.873418 1622
0.126399 0.873601 0.873601 1625
0.126215 0.873785 0.873785 1627
0.126032 0.873968 0.873968 1633
0.125848 0.874152 0.874152 1635
0.125665 0.874335 0.874335 1642
0.125482 0.874518 0.874518 1649
0.125298 0.874702 0.874702 1657
0.125115 0.874885 0.874885 1659
0.124931 0.875069 0.875069 1663
0.124748 0.875252 0.875252 1668
0.124564 0.875436 0.875436 1673
0.124381 0.875619 0.875619 1678
0.124197 0.875803 0.875803 1681
0.124014 0.875986 0.875986 1686
0.123830 0.876170 0.876170 1688
0.123647 0.876353 0.876353 1689
0.123464 0.876536 0.876536 1697
0.123280 0.876720 0.876720 1698
0.123097 0.876903 0.876903 1702
0.122913 0.877087 0.877087 1722
0.122730 0.877270 0.877270 1724
0.122546 0.877454 0.877454 1725
0.122363 0.877637 0.877637 1730
0.122179 0.877821 0.877821 1737
0.121996 0.878004 0.878004 1743
0.121813 0.878187 0.878187 1748
0.121629 0.878371 0.878371 1753
0.121446 0.878554 0.878554 1755
0.121262 0.878738 0.878738 1760
0.121079 0.878921 0.878921 1764
0.120895 0.879105 0.879105 1768
0.120712 0.879288 0.879288 1778
0.120528 0.879472 0.879472 1779
0.120345 0.879655 0.879655 1784
0.120161 0.879839 0.879839 1792
0.119978 0.880022 0.880022 1796
0.119795 0.880205 0.880205 1807
0.119611 0.880389 0.880389 1828
0.119428 0.880572 0.880572 1830
0.119244 0.880756 0.880756 1832
0.119061 0.880939 0.880939 1834
0.118877 0.881123 0.881123 1839
0.118694 0.881306 0.881306 1842
0.118510 0.881490 0.881490 1849
0.118327 0.881673 0.881673 1852
0.118143 0.881857 0.881857 1870
0.117960 0.882040 0.882040 1884
0.117777 0.882223 0.882223 1885
0.117593 0.882407 0.882407 1888
0.117410 0.882590 0.882590 1894
0.117226 0.882774 0.882774 1899
0.117043 0.882957 0.882957 1900
0.116859 0.883141 0.883141 1901
0.116676 0.883324 0.883324 1902
0.116492 0.883508 0.883508 1907
0.116309 0.883691 0.883691 1909
0.116125 0.883875 0.883875 1911
0.115942 0.884058 0.884058 1914
0.115759 0.884241 0.884241 1917
0.115575 0.884425 0.884425 1920
0.115392 0.884608 0.884608 1925
0.115208 0.884792 0.884792 1932
0.115025 0.884975 0.884975 1937
0.114841 0.885159 0.885159 1945
0.114658 0.885342 0.885342 1948
0.114474 0.885526 0.885526 1951
0.114291 0.885709 0.885709 1955
0.114108 0.885892 0.885892 1956
0.113924 0.886076 0.886076 1965
0.113741 0.886259 0.886259 1966
0.113557 0.886443 0.886443 1973
0.113374 0.886626 0.886626 1980
0.113190 0.886810 0.886810 1986
0.113007 0.886993 0.886993 1990
0.112823 0.887177 0.887177 1996
0.112640 0.887360 0.887360 1997
0.112456 0.887544 0.887544 2005
0.112273 0.887727 0.887727 2006
0.112090 0.887910 0.887910 2012
0.111906 0.888094 0.888094 2021
0.111723 0.888277 0.888277 2025
0.111539 0.888461 0.888461 2029
0.111356 0.888644 0.888644 2030
0.111172 0.888828 0.888828 2037
0.110989 0.889011 0.889011 2047
0.110805 0.889195 0.889195 2048
0.110622 0.889378 0.889378 2055
0.110438 0.889562 0.889562 2057
0.110255 0.889745 0.889745 2062
0.110072 0.889928 0.889928 2072
0.109888 0.890112 0.890112 2074
0.109705 0.890295 0.890295 2081
0.109521 0.890479 0.890479 2082
0.109338 0.890662 0.890662 2084
0.109154 0.890846 0.890846 2088
0.108971 0.891029 0.891029 2089
0.108787 0.891213 0.891213 2091
0.108604 0.891396 0.891396 2097
0.108420 0.891580 0.891580 2099
0.108237 0.891763 0.891763 2101
0.108054 0.891946 0.891946 2102
0.107870 0.892130 0.892130 2111
0.107687 0.892313 0.892313 2115
0.107503 0.892497 0.892497 2118
0.107320 0.892680 0.892680 2119
0.107136 0.892864 0.892864 2126
0.106953 0.893047 0.893047 2128
0.106769 0.893231 0.893231 2133
0.106586 0.893414 0.893414 2136
0.106402 0.893598 0.893598 2146
0.106219 0.893781 0.893781 2164
0.106036 0.893964 0.893964 2165
0.105852 0.894148 0.894148 2171
0.105669 0.894331 0.894331 2174
0.105485 0.894515 0.894515 2176
0.105302 0.894698 0.894698 2178
0.105118 0.894882 0.894882 2183
0.104935 0.895065 0.895065 2184
0.104751 0.895249 0.895249 2192
0.104568 0.895432 0.895432 2194
0.104385 0.895615 0.895615 2196
0.104201 0.895799 0.895799 2198
0.104018 0.895982 0.895982 2201
0.103834 0.896166 0.896166 2202
0.103651 0.896349 0.896349 2210
0.103467 0.896533 0.896533 2214
0.103284 0.896716 0.896716 2222
0.103100 0.896900 0.896900 2226
0.102917 0.897083 0.897083 2231
0.102733 0.897267 0.897267 2232
0.102550 0.897450 0.897450 2234
0.102367 0.897633 0.897633 2239
0.102183 0.897817 0.897817 2242
0.102000 0.898000 0.898000 2243
0.101816 0.898184 0.898184 2260
0.101633 0.898367 0.898367 2261
0.101449 0.898551 0.898551 2265
0.101266 0.898734 0.898734 2269
0.101082 0.898918 0.898918 2279
0.100899 0.899101 0.899101 2294
0.100715 0.899285 0.899285 2299
0.100532 0.899468 0.899468 2300
0.100349 0.899651 0.899651 2305
0.100165 0.899835 0.899835 2307
0.099982 0.900018 0.900018 2308
0.099798 0.900202 0.900202 2309
0.099615 0.900385 0.900385 2314
0.099431 0.900569 0.900569 2324
0.099248 0.900752 0.900752 2331
0.099064 0.900936 0.900936 2333
0.098881 0.901119 0.901119 2336
0.098697 0.901303 0.901303 2340
0.098514 0.901486 0.901486 2343
0.098331 0.901669 0.901669 2345
0.098147 0.901853 0.901853 2346
0.097964 0.902036 0.902036 2347
0.097780 0.902220 0.902220 2353
0.097597 0.902403 0.902403 2369
0.097413 0.902587 0.902587 2370
0.097230 0.902770 0.902770 2371
0.097046 0.902954 0.902954 2375
0.096863 0.903137 0.903137 2376
0.096680 0.903320 0.903320 2382
0.096496 0.903504 0.903504 2384
0.096313 0.903687 0.903687 2387
0.096129 0.903871 0.903871 2392
0.095946 0.904054 0.904054 2397
0.095762 0.904238 0.904238 2400
0.095579 0.904421 0.904421 2404
0.095395 0.904605 0.904605 2408
0.095212 0.904788 0.904788 2410
0.095028 0.904972 0.904972 2415
0.094845 0.905155 0.905155 2421
0.094662 0.905338 0.905338 2426
0.094478 0.905522 0.905522 2435
0.094295 0.905705 0.905705 2437
0.094111 0.905889 0.905889 2438
0.093928 0.906072 0.906072 2443
0.093744 0.906256 0.906256 2446
0.093561 0.906439 0.906439 2447
0.093377 0.906623 0.906623 2448
0.093194 0.906806 0.906806 2450
0.093010 0.906990 0.906990 2456
0.092827 0.907173 0.907173 2458
0.092644 0.907356 0.907356 2463
0.092460 0.907540 0.907540 2468
0.092277 0.907723 0.907723 2472
0.092093 0.907907 0.907907 2478
0.091910 0.908090 0.908090 2484
0.091726 0.908274 0.908274 2485
0.091543 0.908457 0.908457 2491
0.091359 0.908641 0.908641 2493
0.091176 0.908824 0.908824 2497
0.090992 0.909008 0.909008 2506
0.090809 0.909191 0.909191 2527
0.090626 0.909374 0.909374 2547
0.090442 0.909558 0.909558 2554
0.090259 0.909741 0.909741 2559
0.090075 0.909925 0.909925 2561
0.089892 0.910108 0.910108 2563
0.089708 0.910292 0.910292 2565
0.089525 0.910475 0.910475 2566
0.089341 0.910659 0.910659 2567
0.089158 0.910842 0.910842 2569
0.088975 0.911025 0.911025 2573
0.088791 0.911209 0.911209 2574
0.088608 0.911392 0.911392 2576
0.088424 0.911576 0.911576 2581
0.088241 0.911759 0.911759 2595
0.088057 0.911943 0.911943 2596
0.087874 0.912126 0.912126 2610
0.087690 0.912310 0.912310 2624
0.087507 0.912493 0.912493 2625
0.087323 0.912677 0.912677 2639
0.087140 0.912860 0.912860 2641
0.086957 0.913043 0.913043 2647
0.086773 0.913227 0.913227 2652
0.086590 0.913410 0.913410 2655
0.086406 0.913594 0.913594 2665
0.086223 0.913777 0.913777 2668
0.086039 0.913961 0.913961 2669
0.085856 0.914144 0.914144 2673
0.085672 0.914328 0.914328 2677
0.085489 0.914511 0.914511 2678
0.085305 0.914695 0.914695 2680
0.085122 0.914878 0.914878 2681
0.084939 0.915061 0.915061 2687
0.084755 0.915245 0.915245 2693
0.084572 0.915428 0.915428 2694
0.084388 0.915612 0.915612 2696
0.084205 0.915795 0.915795 2698
0.084021 0.915979 0.915979 2701
0.083838 0.916162 0.916162 2703
0.083654 0.916346 0.916346 2713
0.083471 0.916529 0.916529 2714
0.083287 0.916713 0.916713 2715
0.083104 0.916896 0.916896 2725
0.082921 0.917079 0.917079 2735
0.082737 0.917263 0.917263 2742
0.082554 0.917446 0.917446 2745
0.082370 0.917630 0.917630 2751
0.082187 0.917813 0.917813 2757
0.082003 0.917997 0.917997 2764
0.081820 0.918180 0.918180 2771
0.081636 0.918364 0.918364 2778
0.081453 0.918547 0.918547 2784
0.081269 0.918731 0.918731 2785
0.081086 0.918914 0.918914 2789
0.080903 0.919097 0.919097 2791
0.080719 0.919281 0.919281 2792
0.080536 0.919464 0.919464 2794
0.080352 0.919648 0.919648 2806
0.080169 0.919831 0.919831 2809
0.079985 0.920015 0.920015 2814
0.079802 0.920198 0.920198 2816
0.079618 0.920382 0.920382 2823
0.079435 0.920565 0.920565 2826
0.079252 0.920748 0.920748 2828
0.079068 0.920932 0.920932 2838
0.078885 0.921115 0.921115 2839
0.078701 0.921299 0.921299 2844
0.078518 0.921482 0.921482 2849
0.078334 0.921666 0.921666 2853
0.078151 0.921849 0.921849 2861
0.077967 0.922033 0.922033 2869
0.077784 0.922216 0.922216 2877
0.077600 0.922400 0.922400 2889
0.077417 0.922583 0.922583 2892
0.077234 0.922766 0.922766 2894
0.077050 0.922950 0.922950 2902
0.076867 0.923133 0.923133 2908
0.076683 0.923317 0.923317 2915
0.076500 0.923500 0.923500 2933
0.076316 0.923684 0.923684 2944
0.076133 0.923867 0.923867 2950
0.075949 0.924051 0.924051 2951
0.075766 0.924234 0.924234 2958
0.075582 0.924418 0.924418 2962
0.075399 0.924601 0.924601 2983
0.075216 0.924784 0.924784 2985
0.075032 0.924968 0.924968 2992
0.074849 0.925151 0.925151 2993
0.074665 0.925335 0.925335 3000
0.074482 0.925518 0.925518 3004
0.074298 0.925702 0.925702 3015
0.074115 0.925885 0.925885 3017
0.073931 0.926069 0.926069 3019
0.073748 0.926252 0.926252 3026
0.073564 0.926436 0.926436 3028
0.073381 0.926619 0.926619 3034
0.073198 0.926802 0.926802 3037
0.073014 0.926986 0.926986 3048
0.072831 0.927169 0.927169 3051
0.072647 0.927353 0.927353 3054
0.072464 0.927536 0.927536 3058
0.072280 0.927720 0.927720 3062
0.072097 0.927903 0.927903 3063
0.071913 0.928087 0.928087 3064
0.071730 0.928270 0.928270 3070
0.071547 0.928453 0.928453 3074
0.071363 0.928637 0.928637 3075
0.071180 0.928820 0.928820 3076
0.070996 0.929004 0.929004 3085
0.070813 0.929187 0.929187 3090
0.070629 0.929371 0.929371 3091
0.070446 0.929554 0.929554 3096
0.070262 0.929738 0.929738 3105
0.070079 0.929921 0.929921 3119
0.069895 0.930105 0.930105 3127
0.069712 0.930288 0.930288 3128
0.069529 0.930471 0.930471 3140
0.069345 0.930655 0.930655 3142
0.069162 0.930838 0.930838 3143
0.068978 0.931022 0.931022 3148
0.068795 0.931205 0.931205 3149
0.068611 0.931389 0.931389 3150
0.068428 0.931572 0.931572 3152
0.068244 0.931756 0.931756 3171
0.068061 0.931939 0.931939 3181
0.067877 0.932123 0.932123 3185
0.067694 0.932306 0.932306 3186
0.067511 0.932489 0.932489 3189
0.067327 0.932673 0.932673 3200
0.067144 0.932856 0.932856 3201
0.066960 0.933040 0.933040 3207
0.066777 0.933223 0.933223 3208
0.066593 0.933407 0.933407 3222
0.066410 0.933590 0.933590 3231
0.066226 0.933774 0.933774 3234
0.066043 0.933957 0.933957 3245
0.065859 0.934141 0.934141 3247
0.065676 0.934324 0.934324 3251
0.065493 0.934507 0.934507 3265
0.065309 0.934691 0.934691 3275
0.065126 0.934874 0.934874 3278
0.064942 0.935058 0.935058 3281
0.064759 0.935241 0.935241 3286
0.064575 0.935425 0.935425 3289
0.064392 0.935608 0.935608 3293
0.064208 0.935792 0.935792 3294
0.064025 0.935975 0.935975 3295
0.063841 0.936159 0.936159 3296
0.063658 0.936342 0.936342 3299
0.063475 0.936525 0.936525 3300
0.063291 0.936709 0.936709 3310
0.063108 0.936892 0.936892 3312
0.062924 0.937076 0.937076 3315
0.062741 0.937259 0.937259 3328
0.062557 0.937443 0.937443 3333
0.062374 0.937626 0.937626 3339
0.062190 0.937810 0.937810 3366
0.062007 0.937993 0.937993 3371
0.061824 0.938176 0.938176 3374
0.061640 0.938360 0.938360 3379
0.061457 0.938543 0.938543 3383
0.061273 0.938727 0.938727 3393
0.061090 0.938910 0.938910 3396
0.060906 0.939094 0.939094 3404
0.060723 0.939277 0.939277 3411
0.060539 0.939461 0.939461 3418
0.060356 0.939644 0.939644 3430
0.060172 0.939828 0.939828 3432
0.059989 0.940011 0.940011 3435
0.059806 0.940194 0.940194 3441
0.059622 0.940378 0.940378 3448
0.059439 0.940561 0.940561 3457
0.059255 0.940745 0.940745 3464
0.059072 0.940928 0.940928 3469
0.058888 0.941112 0.941112 3472
0.058705 0.941295 0.941295 3474
0.058521 0.941479 0.941479 3475
0.058338 0.941662 0.941662 3478
0.058154 0.941846 0.941846 3481
0.057971 0.942029 0.942029 3490
0.057788 0.942212 0.942212 3496
0.057604 0.942396 0.942396 3504
0.057421 0.942579 0.942579 3514
0.057237 0.942763 0.942763 3520
0.057054 0.942946 0.942946 3524
0.056870 0.943130 0.943130 3525
0.056687 0.943313 0.943313 3527
0.056503 0.943497 0.943497 3529
0.056320 0.943680 0.943680 3531
0.056136 0.943864 0.943864 3532
0.055953 0.944047 0.944047 3534
0.055770 0.944230 0.944230 3535
0.055586 0.944414 0.944414 3540
0.055403 0.944597 0.944597 3542
0.055219 0.944781 0.944781 3552
0.055036 0.944964 0.944964 3553
0.054852 0.945148 0.945148 3560
0.054669 0.945331 0.945331 3563
0.054485 0.945515 0.945515 3566
0.054302 0.945698 0.945698 3567
0.054119 0.945881 0.945881 3574
0.053935 0.946065 0.946065 3578
0.053752 0.946248 0.946248 3582
0.053568 0.946432 0.946432 3600
0.053385 0.946615 0.946615 3602
0.053201 0.946799 0.946799 3607
0.053018 0.946982 0.946982 3609
0.052834 0.947166 0.947166 3610
0.052651 0.947349 0.947349 3612
0.052467 0.947533 0.947533 3614
0.052284 0.947716 0.947716 3620
0.052101 0.947899 0.947899 3626
0.051917 0.948083 0.948083 3636
0.051734 0.948266 0.948266 3643
0.051550 0.948450 0.948450 3647
0.051367 0.948633 0.948633 3663
0.051183 0.948817 0.948817 3664
0.051000 0.949000 0.949000 3667
0.050816 0.949184 0.949184 3670
0.050633 0.949367 0.949367 3674
0.050449 0.949551 0.949551 3681
0.050266 0.949734 0.949734 3690
0.050083 0.949917 0.949917 3692
0.049899 0.950101 0.950101 3698
0.049716 0.950284 0.950284 3702
0.049532 0.950468 0.950468 3704
0.049349 0.950651 0.950651 3717
0.049165 0.950835 0.950835 3718
0.048982 0.951018 0.951018 3733
0.048798 0.951202 0.951202 3739
0.048615 0.951385 0.951385 3740
0.048431 0.951569 0.951569 3743
0.048248 0.951752 0.951752 3749
0.048065 0.951935 0.951935 3750
0.047881 0.952119 0.952119 3753
0.047698 0.952302 0.952302 3763
0.047514 0.952486 0.952486 3767
0.047331 0.952669 0.952669 3768
0.047147 0.952853 0.952853 3771
0.046964 0.953036 0.953036 3773
0.046780 0.953220 0.953220 3776
0.046597 0.953403 0.953403 3783
0.046414 0.953586 0.953586 3790
0.046230 0.953770 0.953770 3792
0.046047 0.953953 0.953953 3799
0.045863 0.954137 0.954137 3803
0.045680 0.954320 0.954320 3813
0.045496 0.954504 0.954504 3826
0.045313 0.954687 0.954687 3828
0.045129 0.954871 0.954871 3831
0.044946 0.955054 0.955054 3832
0.044762 0.955238 0.955238 3840
0.044579 0.955421 0.955421 3844
0.044396 0.955604 0.955604 3845
0.044212 0.955788 0.955788 3849
0.044029 0.955971 0.955971 3861
0.043845 0.956155 0.956155 3864
0.043662 0.956338 0.956338 3865
0.043478 0.956522 0.956522 3867
0.043295 0.956705 0.956705 3877
0.043111 0.956889 0.956889 3882
0.042928 0.957072 0.957072 3887
0.042744 0.957256 0.957256 3888
0.042561 0.957439 0.957439 3890
0.042378 0.957622 0.957622 3925
0.042194 0.957806 0.957806 3931
0.042011 0.957989 0.957989 3939
0.041827 0.958173 0.958173 3942
0.041644 0.958356 0.958356 3945
0.041460 0.958540 0.958540 3949
0.041277 0.958723 0.958723 3952
0.041093 0.958907 0.958907 3954
0.040910 0.959090 0.959090 3955
0.040726 0.959274 0.959274 3960
0.040543 0.959457 0.959457 3978
0.040360 0.959640 0.959640 3984
0.040176 0.959824 0.959824 3986
0.039993 0.960007 0.960007 3988
0.039809 0.960191 0.960191 3995
0.039626 0.960374 0.960374 3996
0.039442 0.960558 0.960558 3998
0.039259 0.960741 0.960741 4001
0.039075 0.960925 0.960925 4004
0.038892 0.961108 0.961108 4005
0.038708 0.961292 0.961292 4008
0.038525 0.961475 0.961475 4017
0.038342 0.961658 0.961658 4019
0.038158 0.961842 0.961842 4042
0.037975 0.962025 0.962025 4046
0.037791 0.962209 0.962209 4049
0.037608 0.962392 0.962392 4058
0.037424 0.962576 0.962576 4059
0.037241 0.962759 0.962759 4061
0.037057 0.962943 0.962943 4062
0.036874 0.963126 0.963126 4068
0.036691 0.963309 0.963309 4074
0.036507 0.963493 0.963493 4075
0.036324 0.963676 0.963676 4083
0.036140 0.963860 0.963860 4084
0.035957 0.964043 0.964043 4087
0.035773 0.964227 0.964227 4090
0.035590 0.964410 0.964410 4094
0.035406 0.964594 0.964594 4109
0.035223 0.964777 0.964777 4111
0.035039 0.964961 0.964961 4120
0.034856 0.965144 0.965144 4122
0.034673 0.965327 0.965327 4126
0.034489 0.965511 0.965511 4146
0.034306 0.965694 0.965694 4150
0.034122 0.965878 0.965878 4158
0.033939 0.966061 0.966061 4161
0.033755 0.966245 0.966245 4163
0.033572 0.966428 0.966428 4164
0.033388 0.966612 0.966612 4169
0.033205 0.966795 0.966795 4170
0.033021 0.966979 0.966979 4175
0.032838 0.967162 0.967162 4177
0.032655 0.967345 0.967345 4178
0.032471 0.967529 0.967529 4207
0.032288 0.967712 0.967712 4214
0.032104 0.967896 0.967896 4220
0.031921 0.968079 0.968079 4223
0.031737 0.968263 0.968263 4226
0.031554 0.968446 0.968446 4243
0.031370 0.968630 0.968630 4244
0.031187 0.968813 0.968813 4247
0.031003 0.968997 0.968997 4253
0.030820 0.969180 0.969180 4256
0.030637 0.969363 0.969363 4260
0.030453 0.969547 0.969547 4261
0.030270 0.969730 0.969730 4262
0.030086 0.969914 0.969914 4264
0.029903 0.970097 0.970097 4267
0.029719 0.970281 0.970281 4277
0.029536 0.970464 0.970464 4280
0.029352 0.970648 0.970648 4282
0.029169 0.970831 0.970831 4284
0.028986 0.971014 0.971014 4286
0.028802 0.971198 0.971198 4295
0.028619 0.971381 0.971381 4300
0.028435 0.971565 0.971565 4304
0.028252 0.971748 0.971748 4308
0.028068 0.971932 0.971932 4316
0.027885 0.972115 0.972115 4323
0.027701 0.972299 0.972299 4328
0.027518 0.972482 0.972482 4339
0.027334 0.972666 0.972666 4371
0.027151 0.972849 0.972849 4376
0.026968 0.973032 0.973032 4384
0.026784 0.973216 0.973216 4386
0.026601 0.973399 0.973399 4389
0.026417 0.973583 0.973583 4390
0.026234 0.973766 0.973766 4394
0.026050 0.973950 0.973950 4396
0.025867 0.974133 0.974133 4404
0.025683 0.974317 0.974317 4406
0.025500 0.974500 0.974500 4407
0.025316 0.974684 0.974684 4418
0.025133 0.974867 0.974867 4426
0.024950 0.975050 0.975050 4427
0.024766 0.975234 0.975234 4430
0.024583 0.975417 0.975417 4431
0.024399 0.975601 0.975601 4432
0.024216 0.975784 0.975784 4441
0.024032 0.975968 0.975968 4448
0.023849 0.976151 0.976151 4452
0.023665 0.976335 0.976335 4466
0.023482 0.976518 0.976518 4467
0.023298 0.976702 0.976702 4472
0.023115 0.976885 0.976885 4475
0.022932 0.977068 0.977068 4478
0.022748 0.977252 0.977252 4482
0.022565 0.977435 0.977435 4483
0.022381 0.977619 0.977619 4490
0.022198 0.977802 0.977802 4492
0.022014 0.977986 0.977986 4509
0.021831 0.978169 0.978169 4516
0.021647 0.978353 0.978353 4521
0.021464 0.978536 0.978536 4523
0.021280 0.978720 0.978720 4529
0.021097 0.978903 0.978903 4530
0.020914 0.979086 0.979086 4540
0.020730 0.979270 0.979270 4544
0.020547 0.979453 0.979453 4550
0.020363 0.979637 0.979637 4565
0.020180 0.979820 0.979820 4566
0.019996 0.980004 0.980004 4571
0.019813 0.980187 0.980187 4575
0.019629 0.980371 0.980371 4577
0.019446 0.980554 0.980554 4578
0.019263 0.980737 0.980737 4579
0.019079 0.980921 0.980921 4580
0.018896 0.981104 0.981104 4582
0.018712 0.981288 0.981288 4588
0.018529 0.981471 0.981471 4604
0.018345 0.981655 0.981655 4609
0.018162 0.981838 0.981838 4610
0.017978 0.982022 0.982022 4616
0.017795 0.982205 0.982205 4619
0.017611 0.982389 0.982389 4624
0.017428 0.982572 0.982572 4627
0.017245 0.982755 0.982755 4633
0.017061 0.982939 0.982939 4641
0.016878 0.983122 0.983122 4653
0.016694 0.983306 0.983306 4655
0.016511 0.983489 0.983489 4663
0.016327 0.983673 0.983673 4675
0.016144 0.983856 0.983856 4686
0.015960 0.984040 0.984040 4693
0.015777 0.984223 0.984223 4694
0.015593 0.984407 0.984407 4695
0.015410 0.984590 0.984590 4696
0.015227 0.984773 0.984773 4704
0.015043 0.984957 0.984957 4714
0.014860 0.985140 0.985140 4719
0.014676 0.985324 0.985324 4725
0.014493 0.985507 0.985507 4731
0.014309 0.985691 0.985691 4735
0.014126 0.985874 0.985874 4738
0.013942 0.986058 0.986058 4744
0.013759 0.986241 0.986241 4749
0.013575 0.986425 0.986425 4769
0.013392 0.986608 0.986608 4771
0.013209 0.986791 0.986791 4773
0.013025 0.986975 0.986975 4774
0.012842 0.987158 0.987158 4782
0.012658 0.987342 0.987342 4796
0.012475 0.987525 0.987525 4811
0.012291 0.987709 0.987709 4816
0.012108 0.987892 0.987892 4818
0.011924 0.988076 0.988076 4824
0.011741 0.988259 0.988259 4840
0.011558 0.988442 0.988442 4850
0.011374 0.988626 0.988626 4851
0.011191 0.988809 0.988809 4855
0.011007 0.988993 0.988993 4862
0.010824 0.989176 0.989176 4874
0.010640 0.989360 0.989360 4878
0.010457 0.989543 0.989543 4883
0.010273 0.989727 0.989727 4885
0.010090 0.989910 0.989910 4891
0.009906 0.990094 0.990094 4899
0.009723 0.990277 0.990277 4903
0.009540 0.990460 0.990460 4906
0.009356 0.990644 0.990644 4917
0.009173 0.990827 0.990827 4919
0.008989 0.991011 0.991011 4920
0.008806 0.991194 0.991194 4921
0.008622 0.991378 0.991378 4925
0.008439 0.991561 0.991561 4930
0.008255 0.991745 0.991745 4932
0.008072 0.991928 0.991928 4940
0.007888 0.992112 0.992112 4955
0.007705 0.992295 0.992295 4958
0.007522 0.992478 0.992478 4965
0.007338 0.992662 0.992662 4967
0.007155 0.992845 0.992845 4973
0.006971 0.993029 0.993029 4990
0.006788 0.993212 0.993212 4992
0.006604 0.993396 0.993396 4999
0.006421 0.993579 0.993579 5007
0.006237 0.993763 0.993763 5012
0.006054 0.993946 0.993946 5047
0.005870 0.994130 0.994130 5053
0.005687 0.994313 0.994313 5064
0.005504 0.994496 0.994496 5092
0.005320 0.994680 0.994680 5103
0.005137 0.994863 0.994863 5115
0.004953 0.995047 0.995047 5124
0.004770 0.995230 0.995230 5143
0.004586 0.995414 0.995414 5154
0.004403 0.995597 0.995597 5156
0.004219 0.995781 0.995781 5164
0.004036 0.995964 0.995964 5167
0.003853 0.996147 0.996147 5169
0.003669 0.996331 0.996331 5173
0.003486 0.996514 0.996514 5178
0.003302 0.996698 0.996698 5215
0.003119 0.996881 0.996881 5222
0.002935 0.997065 0.997065 5225
0.002752 0.997248 0.997248 5233
0.002568 0.997432 0.997432 5237
0.002385 0.997615 0.997615 5245
0.002201 0.997799 0.997799 5249
0.002018 0.997982 0.997982 5260
0.001835 0.998165 0.998165 5274
0.001651 0.998349 0.998349 5308
0.001468 0.998532 0.998532 5316
0.001284 0.998716 0.998716 5322
0.001101 0.998899 0.998899 5335
0.000917 0.999083 0.999083 5336
0.000734 0.999266 0.999266 5382
0.000550 0.999450 0.999450 5392
0.000367 0.999633 0.999633 5397
0.000183 0.999817 0.999817 5429
