1.000000 0.000183 0.000000 -1
0.999817 0.000183 0.000183 60
0.999633 0.000183 0.000259 142
0.999450 0.000183 0.000318 102
0.999266 0.000183 0.000367 140
0.999083 0.000183 0.000410 150
0.998899 0.000183 0.000449 137
0.998716 0.000183 0.000485 126
0.998532 0.000183 0.000519 124
0.998349 0.000183 0.000550 104
0.998165 0.000183 0.000580 40
0.997982 0.000183 0.000608 117
0.997799 0.000183 0.000635 147
0.997615 0.000183 0.000661 0
0.997432 0.000183 0.000686 5046
0.997248 0.000183 0.000711 119
0.997065 0.000183 0.000734 139
0.996881 0.000183 0.000756 65
0.996698 0.000183 0.000778 133
0.996514 0.000183 0.000800 111
0.996331 0.000183 0.000820 81
0.996147 0.000183 0.000841 51
0.995964 0.000183 0.000860 121
0.995781 0.000183 0.000880 62
0.995597 0.000183 0.000899 138
0.995414 0.000183 0.000917 4056
0.995230 0.000183 0.000935 105
0.995047 0.000183 0.000953 5409
0.994863 0.000183 0.000971 5446
0.994680 0.000367 0.001021 39
0.994496 0.000367 0.001038 136
0.994313 0.000367 0.001054 148
0.994130 0.000367 0.001070 128
0.993946 0.000367 0.001085 4876
0.993763 0.000367 0.001101 5034
0.993579 0.000367 0.001116 145
0.993396 0.000367 0.001131 32
0.993212 0.000367 0.001146 67
0.993029 0.000367 0.001189 5450
0.992845 0.000367 0.001231 1
0.992662 0.000367 0.001244 69
0.992478 0.000367 0.001258 23
0.992295 0.000367 0.001271 54
0.992112 0.000367 0.001284 18
0.991928 0.000367 0.001297 80
0.991745 0.000367 0.001310 5445
0.991561 0.000367 0.001323 86
0.991378 0.000367 0.001336 46
0.991194 0.000367 0.001348 56
0.991011 0.000367 0.001361 135
0.990827 0.000367 0.001373 107
0.990644 0.000367 0.001385 5251
0.990460 0.000367 0.001421 25
0.990277 0.000367 0.001433 109
0.990094 0.000367 0.001445 5416
0.989910 0.000367 0.001456 5268
0.989727 0.000367 0.001468 45
0.989543 0.000367 0.001479 71
0.989360 0.000367 0.001490 120
0.989176 0.000367 0.001502 106
0.988993 0.000367 0.001513 76
0.988809 0.000367 0.001524 55
0.988626 0.000367 0.001535 10
0.988442 0.000367 0.001546 47
0.988259 0.000367 0.001557 93
0.988076 0.000367 0.001567 61
0.987892 0.000367 0.001578 127
0.987709 0.000367 0.001589 8
0.987525 0.000367 0.001599 90
0.987342 0.000367 0.001610 3886
0.987158 0.000367 0.001620 100
0.986975 0.000367 0.001651 5378
0.986791 0.000367 0.001661 5303
0.986608 0.000367 0.001671 43
0.986425 0.000367 0.001701 5259
0.986241 0.000367 0.001711 72
0.986058 0.000367 0.001721 29
0.985874 0.000367 0.001731 53
0.985691 0.000367 0.001740 114
0.985507 0.000367 0.001750 22
0.985324 0.000367 0.001760 16
0.985140 0.000550 0.001825 3885
0.984957 0.000550 0.001835 5187
0.984773 0.000550 0.001844 9
0.984590 0.000550 0.001871 1934
0.984407 0.000550 0.001898 17
0.984223 0.000550 0.001906 3089
0.984040 0.000550 0.001915 34
0.983856 0.000550 0.001924 21
0.983673 0.000550 0.001933 5
0.983489 0.000550 0.001959 79
0.983306 0.000550 0.001967 41
0.983122 0.000550 0.001976 38
0.982939 0.000550 0.001984 66
0.982755 0.000550 0.001993 4978
0.982572 0.000550 0.002001 95
0.982389 0.000550 0.002010 44
0.982205 0.000550 0.002018 88
0.982022 0.000550 0.002026 73
0.981838 0.000550 0.002051 5035
0.981655 0.000550 0.002076 2903
0.981471 0.000550 0.002084 48
0.981288 0.000550 0.002092 30
0.981104 0.000550 0.002100 27
0.980921 0.000550 0.002108 50
0.980737 0.000550 0.002116 5420
0.980554 0.000550 0.002124 141
0.980371 0.000550 0.002132 98
0.980187 0.000550 0.002139 92
0.980004 0.000550 0.002163 115
0.979820 0.000550 0.002171 134
0.979637 0.000550 0.002178 20
0.979453 0.000550 0.002186 1536
0.979270 0.000550 0.002209 82
0.979086 0.000550 0.002217 125
0.978903 0.000550 0.002239 99
0.978720 0.000550 0.002262 1535
0.978536 0.000550 0.002269 97
0.978353 0.000550 0.002277 131
0.978169 0.000550 0.002284 146
0.977986 0.000550 0.002291 19
0.977802 0.000550 0.002299 144
0.977619 0.000550 0.002306 101
0.977435 0.000550 0.002313 87
0.977252 0.000550 0.002321 2482
0.977068 0.000550 0.002342 4139
0.976885 0.000550 0.002349 70
0.976702 0.000550 0.002371 4447
0.976518 0.000550 0.002392 49
0.976335 0.000550 0.002399 33
0.976151 0.000550 0.002406 37
0.975968 0.000550 0.002413 4385
0.975784 0.000550 0.002434 4085
0.975601 0.000550 0.002441 28
0.975417 0.000550 0.002448 75
0.975234 0.000550 0.002454 5404
0.975050 0.000550 0.002461 108
0.974867 0.000550 0.002468 118
0.974684 0.000550 0.002475 143
0.974500 0.000550 0.002495 881
0.974317 0.000550 0.002515 85
0.974133 0.000550 0.002522 11
0.973950 0.000550 0.002529 5410
0.973766 0.000550 0.002535 3
0.973583 0.000550 0.002542 132
0.973399 0.000550 0.002549 103
0.973216 0.000550 0.002568 3022
0.973032 0.000550 0.002575 110
0.972849 0.000550 0.002581 5449
0.972666 0.000550 0.002588 5271
0.972482 0.000550 0.002607 130
0.972299 0.000550 0.002614 116
0.972115 0.000550 0.002633 4560
0.971932 0.000550 0.002639 74
0.971748 0.000550 0.002646 68
0.971565 0.000550 0.002652 15
0.971381 0.000550 0.002671 77
0.971198 0.000550 0.002677 5435
0.971014 0.000550 0.002684 149
0.970831 0.000550 0.002702 6
0.970648 0.000550 0.002709 36
0.970464 0.000550 0.002715 5062
0.970281 0.000550 0.002746 2
0.970097 0.000550 0.002752 31
0.969914 0.000550 0.002782 4055
0.969730 0.000550 0.002812 5045
0.969547 0.000550 0.002818 2280
0.969363 0.000550 0.002836 178
0.969180 0.000550 0.002842 5425
0.968997 0.000550 0.002848 78
0.968813 0.000550 0.002854 123
0.968630 0.000550 0.002860 52
0.968446 0.000550 0.002889 24
0.968263 0.000550 0.002895 1126
0.968079 0.000550 0.002924 89
0.967896 0.000550 0.002952 129
0.967712 0.000550 0.002958 2888
0.967529 0.000550 0.002975 1630
0.967345 0.000550 0.002981 5326
0.967162 0.000734 0.003020 5423
0.966979 0.000734 0.003037 4629
0.966795 0.000734 0.003042 5441
0.966612 0.000734 0.003048 2968
0.966428 0.000734 0.003053 1550
0.966245 0.000734 0.003081 113
0.966061 0.000734 0.003086 1606
0.965878 0.000734 0.003102 5138
0.965694 0.000734 0.003108 42
0.965511 0.000734 0.003113 5327
0.965327 0.000734 0.003119 4159
0.965144 0.000734 0.003124 2051
0.964961 0.000734 0.003129 3599
0.964777 0.000734 0.003135 4989
0.964594 0.000734 0.003140 4460
0.964410 0.000734 0.003156 1873
0.964227 0.000734 0.003162 5186
0.964043 0.000734 0.003167 1283
0.963860 0.000734 0.003172 5343
0.963676 0.000734 0.003177 3215
0.963493 0.000734 0.003183 4636
0.963309 0.000734 0.003188 63
0.963126 0.000734 0.003193 1407
0.962943 0.000734 0.003199 4600
0.962759 0.000734 0.003204 13
0.962576 0.000734 0.003209 5309
0.962392 0.000734 0.003214 5147
0.962209 0.000734 0.003230 4324
0.962025 0.000734 0.003235 2963
0.961842 0.000734 0.003251 732
0.961658 0.000734 0.003256 3229
0.961475 0.000734 0.003271 2620
0.961292 0.000734 0.003287 462
0.961108 0.000734 0.003292 5436
0.960925 0.000734 0.003297 1160
0.960741 0.000734 0.003302 4134
0.960558 0.000734 0.003307 5094
0.960374 0.000734 0.003312 5394
0.960191 0.000734 0.003317 5013
0.960007 0.000734 0.003333 4959
0.959824 0.000734 0.003348 1408
0.959640 0.000734 0.003363 2398
0.959457 0.000734 0.003368 2390
0.959274 0.000734 0.003373 5350
0.959090 0.000734 0.003378 122
0.958907 0.000734 0.003393 4000
0.958723 0.000734 0.003398 4702
0.958540 0.000734 0.003412 2467
0.958356 0.000734 0.003417 2955
0.958173 0.000734 0.003432 12
0.957989 0.000734 0.003437 5166
0.957806 0.000734 0.003452 5356
0.957622 0.000734 0.003457 83
0.957439 0.000734 0.003461 1462
0.957256 0.000734 0.003476 5277
0.957072 0.000734 0.003481 4676
0.956889 0.000734 0.003514 4677
0.956705 0.000734 0.003529 1137
0.956522 0.000734 0.003534 4408
0.956338 0.000734 0.003548 5348
0.956155 0.000734 0.003553 5307
0.955971 0.000734 0.003557 5158
0.955788 0.000734 0.003562 4293
0.955604 0.000734 0.003567 5363
0.955421 0.000734 0.003571 1915
0.955238 0.000734 0.003576 5253
0.955054 0.000734 0.003581 422
0.954871 0.000734 0.003595 3728
0.954687 0.000734 0.003600 96
0.954504 0.000734 0.003604 3449
0.954320 0.000734 0.003609 4642
0.954137 0.000734 0.003614 5070
0.953953 0.000734 0.003628 3465
0.953770 0.000734 0.003632 3533
0.953586 0.000734 0.003646 4031
0.953403 0.000734 0.003651 4443
0.953220 0.000734 0.003664 5177
0.953036 0.000734 0.003696 2634
0.952853 0.000734 0.003710 4971
0.952669 0.000734 0.003715 91
0.952486 0.000734 0.003728 4446
0.952302 0.000734 0.003733 5190
0.952119 0.000734 0.003737 4752
0.951935 0.000734 0.003751 1976
0.951752 0.000734 0.003755 5175
0.951569 0.000734 0.003769 5254
0.951385 0.000734 0.003773 4319
0.951202 0.000734 0.003778 94
0.951018 0.000734 0.003782 4845
0.950835 0.000734 0.003795 5424
0.950651 0.000734 0.003800 3516
0.950468 0.000734 0.003804 58
0.950284 0.000734 0.003809 5411
0.950101 0.000734 0.003813 633
0.949917 0.000734 0.003817 4743
0.949734 0.000734 0.003822 4504
0.949551 0.000734 0.003826 4994
0.949367 0.000734 0.003831 4173
0.949184 0.000734 0.003835 26
0.949000 0.000734 0.003839 2230
0.948817 0.000734 0.003853 4350
0.948633 0.000734 0.003857 1374
0.948450 0.000734 0.003870 5265
0.948266 0.000734 0.003883 5129
0.948083 0.000734 0.003896 5275
0.947899 0.000734 0.003900 4787
0.947716 0.000734 0.003913 5181
0.947533 0.000734 0.003917 1584
0.947349 0.000734 0.003930 905
0.947166 0.000734 0.003935 5043
0.946982 0.000734 0.003939 112
0.946799 0.000734 0.003943 4
0.946615 0.000734 0.003947 4737
0.946432 0.000734 0.003952 3394
0.946248 0.000734 0.003956 2304
0.946065 0.000734 0.003969 1854
0.945881 0.000734 0.003973 5078
0.945698 0.000734 0.003977 954
0.945515 0.000734 0.003981 4435
0.945331 0.000734 0.003986 5434
0.945148 0.000734 0.003998 3061
0.944964 0.000734 0.004002 2317
0.944781 0.000734 0.004007 4162
0.944597 0.000734 0.004019 5438
0.944414 0.000734 0.004032 1360
0.944230 0.000734 0.004044 5426
0.944047 0.000734 0.004048 3335
0.943864 0.000734 0.004061 3461
0.943680 0.000734 0.004065 5439
0.943497 0.000734 0.004077 5276
0.943313 0.000734 0.004082 1414
0.943130 0.000734 0.004086 4901
0.942946 0.000734 0.004114 5399
0.942763 0.000734 0.004119 5050
0.942579 0.000734 0.004131 64
0.942396 0.000734 0.004135 2705
0.942212 0.000734 0.004147 5385
0.942029 0.000734 0.004159 4413
0.941846 0.000734 0.004163 5374
0.941662 0.000734 0.004167 2140
0.941479 0.000734 0.004171 4469
0.941295 0.000734 0.004183 5380
0.941112 0.000734 0.004187 4238
0.940928 0.000734 0.004215 2328
0.940745 0.000734 0.004227 4009
0.940561 0.000734 0.004239 5005
0.940378 0.000734 0.004251 4143
0.940194 0.000734 0.004263 84
0.940011 0.000734 0.004267 5320
0.939828 0.000734 0.004271 3833
0.939644 0.000734 0.004275 3543
0.939461 0.000734 0.004279 2767
0.939277 0.000734 0.004306 2313
0.939094 0.000734 0.004310 3307
0.938910 0.000734 0.004322 4265
0.938727 0.000734 0.004326 2469
0.938543 0.000734 0.004337 1313
0.938360 0.000734 0.004341 4741
0.938176 0.000734 0.004353 1236
0.937993 0.000734 0.004357 2627
0.937810 0.000734 0.004361 4926
0.937626 0.000734 0.004364 2631
0.937443 0.000734 0.004376 1461
0.937259 0.000734 0.004388 2123
0.937076 0.000734 0.004414 4067
0.936892 0.000734 0.004426 1816
0.936709 0.000734 0.004430 578
0.936525 0.000734 0.004441 5402
0.936342 0.000734 0.004445 7
0.936159 0.000734 0.004448 5419
0.935975 0.000734 0.004460 5100
0.935792 0.000734 0.004471 4723
0.935608 0.000734 0.004482 5001
0.935425 0.000734 0.004494 4630
0.935241 0.000734 0.004497 4806
0.935058 0.000734 0.004501 3950
0.934874 0.000734 0.004512 5408
0.934691 0.000734 0.004524 5182
0.934507 0.000734 0.004535 5264
0.934324 0.000734 0.004538 5448
0.934141 0.000734 0.004549 57
0.933957 0.000734 0.004575 5044
0.933774 0.000734 0.004579 5437
0.933590 0.000734 0.004590 4647
0.933407 0.000734 0.004601 4794
0.933223 0.000734 0.004605 3256
0.933040 0.000734 0.004616 2786
0.932856 0.000734 0.004641 1500
0.932673 0.000734 0.004645 3646
0.932489 0.000734 0.004656 3390
0.932306 0.000734 0.004674 4976
0.932123 0.000734 0.004677 3291
0.931939 0.000734 0.004681 4716
0.931756 0.000734 0.004684 2195
0.931572 0.000734 0.004695 5370
0.931389 0.000734 0.004706 1994
0.931205 0.000734 0.004724 2229
0.931022 0.000734 0.004734 5342
0.930838 0.000734 0.004745 4192
0.930655 0.000734 0.004749 4315
0.930471 0.000734 0.004759 4837
0.930288 0.000734 0.004784 4650
0.930105 0.000734 0.004822 3774
0.929921 0.000734 0.004840 935
0.929738 0.000734 0.004850 5148
0.929554 0.000734 0.004861 1614
0.929371 0.000734 0.004878 3830
0.929187 0.000734 0.004895 3751
0.929004 0.000734 0.004905 5114
0.928820 0.000734 0.004909 5183
0.928637 0.000734 0.004912 35
0.928453 0.000734 0.004936 2473
0.928270 0.000734 0.004953 2156
0.928087 0.000734 0.004970 5386
0.927903 0.000734 0.004987 5176
0.927720 0.000734 0.005024 4562
0.927536 0.000734 0.005027 4053
0.927353 0.000734 0.005044 5110
0.927169 0.000734 0.005061 4259
0.926986 0.000734 0.005097 3370
0.926802 0.000734 0.005133 2352
0.926619 0.000734 0.005169 2200
0.926436 0.000734 0.005205 5126
0.926252 0.000734 0.005221 14
0.926069 0.000734 0.005237 1910
0.925885 0.000734 0.005272 4183
0.925702 0.000734 0.005288 4147
0.925518 0.000734 0.005304 4988
0.925335 0.000734 0.005320 1277
0.925151 0.000734 0.005336 4812
0.924968 0.000734 0.005352 59
0.924784 0.000734 0.005367 1762
0.924601 0.000734 0.005402 3948
0.924418 0.000734 0.005436 1591
0.924234 0.000734 0.005470 1329
0.924051 0.000734 0.005485 5396
0.923867 0.000734 0.005501 569
0.923684 0.000734 0.005516 4543
0.923500 0.000734 0.005531 3656
0.923317 0.000734 0.005564 3807
0.923133 0.000734 0.005598 3924
0.922950 0.000734 0.005613 5191
0.922766 0.000734 0.005628 967
0.922583 0.000917 0.005672 5219
0.922400 0.000917 0.005693 4117
0.922216 0.000917 0.005737 227
0.922033 0.000917 0.005752 2661
0.921849 0.000917 0.005772 5341
0.921666 0.000917 0.005787 4297
0.921482 0.000917 0.005807 5395
0.921299 0.000917 0.005850 4279
0.921115 0.000917 0.005870 5413
0.920932 0.000917 0.005873 4592
0.920748 0.000917 0.005916 4679
0.920565 0.000917 0.005964 4909
0.920382 0.000917 0.005978 1599
0.920198 0.000917 0.005998 3162
0.920015 0.000917 0.006001 207
0.919831 0.000917 0.006004 3031
0.919648 0.000917 0.006006 4069
0.919464 0.000917 0.006009 781
0.919281 0.000917 0.006029 3930
0.919097 0.000917 0.006037 5018
0.918914 0.000917 0.006057 3266
0.918731 0.000917 0.006065 5105
0.918547 0.000917 0.006107 2172
0.918364 0.000917 0.006115 453
0.918180 0.000917 0.006134 5036
0.917997 0.000917 0.006137 4088
0.917813 0.000917 0.006145 4985
0.917630 0.000917 0.006148 4564
0.917446 0.000917 0.006156 1176
0.917263 0.000917 0.006159 5428
0.917079 0.000917 0.006161 4632
0.916896 0.000917 0.006164 5019
0.916713 0.000917 0.006167 5388
0.916529 0.000917 0.006175 3606
0.916346 0.000917 0.006178 1971
0.916162 0.000917 0.006180 4500
0.915979 0.000917 0.006183 821
0.915795 0.000917 0.006191 4780
0.915612 0.000917 0.006194 5091
0.915428 0.000917 0.006197 5055
0.915245 0.000917 0.006200 5297
0.915061 0.000917 0.006218 5196
0.914878 0.000917 0.006221 1963
0.914695 0.000917 0.006224 5029
0.914511 0.000917 0.006243 5194
0.914328 0.000917 0.006245 1435
0.914144 0.000917 0.006254 4557
0.913961 0.000917 0.006272 598
0.913777 0.000917 0.006275 2556
0.913594 0.000917 0.006278 1295
0.913410 0.000917 0.006286 5421
0.913227 0.000917 0.006288 318
0.913043 0.000917 0.006291 933
0.912860 0.000917 0.006299 1331
0.912677 0.000917 0.006307 3747
0.912493 0.000917 0.006315 5228
0.912310 0.000917 0.006323 4957
0.912126 0.000917 0.006331 1972
0.911943 0.000917 0.006334 4897
0.911759 0.000917 0.006342 4100
0.911576 0.000917 0.006344 5223
0.911392 0.000917 0.006352 292
0.911209 0.000917 0.006355 4050
0.911025 0.000917 0.006363 3703
0.910842 0.000917 0.006366 2748
0.910659 0.000917 0.006368 5389
0.910475 0.000917 0.006376 5201
0.910292 0.000917 0.006384 4814
0.910108 0.000917 0.006392 2863
0.909925 0.000917 0.006410 4283
0.909741 0.000917 0.006429 3980
0.909558 0.000917 0.006437 5206
0.909374 0.000917 0.006444 5432
0.909191 0.000917 0.006452 5357
0.909008 0.000917 0.006460 5025
0.908824 0.000917 0.006463 4018
0.908641 0.000917 0.006481 5101
0.908457 0.000917 0.006483 3455
0.908274 0.000917 0.006491 3298
0.908090 0.000917 0.006499 5305
0.907907 0.000917 0.006502 1011
0.907723 0.000917 0.006509 5224
0.907540 0.000917 0.006512 4788
0.907356 0.000917 0.006530 883
0.907173 0.000917 0.006538 1978
0.906990 0.000917 0.006540 4730
0.906806 0.001101 0.006589 1904
0.906623 0.001101 0.006592 1878
0.906439 0.001101 0.006599 2170
0.906256 0.001101 0.006607 5365
0.906072 0.001101 0.006614 5296
0.905889 0.001101 0.006637 4112
0.905705 0.001101 0.006645 4444
0.905522 0.001101 0.006647 5282
0.905338 0.001101 0.006650 747
0.905155 0.001101 0.006653 3805
0.904972 0.001101 0.006655 2851
0.904788 0.001101 0.006658 5010
0.904605 0.001101 0.006660 5017
0.904421 0.001101 0.006663 4602
0.904238 0.001101 0.006665 5367
0.904054 0.001101 0.006673 5302
0.903871 0.001101 0.006675 338
0.903687 0.001101 0.006683 5082
0.903504 0.001101 0.006690 4970
0.903320 0.001101 0.006708 3530
0.903137 0.001101 0.006725 896
0.902954 0.001101 0.006733 4130
0.902770 0.001101 0.006740 4052
0.902587 0.001101 0.006748 5059
0.902403 0.001101 0.006750 608
0.902220 0.001101 0.006758 1369
0.902036 0.001101 0.006765 5134
0.901853 0.001101 0.006768 3678
0.901669 0.001101 0.006770 414
0.901486 0.001101 0.006778 3781
0.901303 0.001101 0.006785 5353
0.901119 0.001101 0.006793 4830
0.900936 0.001101 0.006800 3264
0.900752 0.001101 0.006817 5257
0.900569 0.001101 0.006825 2878
0.900385 0.001101 0.006827 5414
0.900202 0.001101 0.006835 4410
0.900018 0.001101 0.006852 5232
0.899835 0.001101 0.006854 5212
0.899651 0.001101 0.006857 839
0.899468 0.001101 0.006859 471
0.899285 0.001101 0.006867 4701
0.899101 0.001101 0.006869 2042
0.898918 0.001101 0.006872 1969
0.898734 0.001101 0.006879 4320
0.898551 0.001101 0.006886 4910
0.898367 0.001101 0.006889 1375
0.898184 0.001101 0.006896 909
0.898000 0.001101 0.006898 3129
0.897817 0.001101 0.006906 2203
0.897633 0.001101 0.006913 2207
0.897450 0.001101 0.006930 3005
0.897267 0.001101 0.006937 5314
0.897083 0.001101 0.006940 2945
0.896900 0.001101 0.006942 3780
0.896716 0.001101 0.006945 4204
0.896533 0.001101 0.006947 5393
0.896349 0.001101 0.006954 4638
0.896166 0.001101 0.006971 4943
0.895982 0.001101 0.006974 5163
0.895799 0.001101 0.006976 3883
0.895615 0.001101 0.006983 4727
0.895432 0.001101 0.006990 1669
0.895249 0.001101 0.006998 3793
0.895065 0.001101 0.007000 4551
0.894882 0.001101 0.007003 1425
0.894698 0.001101 0.007010 5311
0.894515 0.001101 0.007017 4763
0.894331 0.001101 0.007024 4950
0.894148 0.001101 0.007026 1080
0.893964 0.001101 0.007029 4240
0.893781 0.001101 0.007036 5400
0.893598 0.001101 0.007043 1805
0.893414 0.001101 0.007046 4249
0.893231 0.001101 0.007053 4239
0.893047 0.001101 0.007055 273
0.892864 0.001101 0.007062 4211
0.892680 0.001101 0.007065 3603
0.892497 0.001101 0.007072 4713
0.892313 0.001101 0.007079 5014
0.892130 0.001101 0.007086 4347
0.891946 0.001101 0.007088 2802
0.891763 0.001101 0.007110 3688
0.891580 0.001101 0.007112 2810
0.891396 0.001101 0.007119 4156
0.891213 0.001101 0.007126 764
0.891029 0.001101 0.007133 3153
0.890846 0.001101 0.007141 1531
0.890662 0.001101 0.007148 5104
0.890479 0.001101 0.007150 1245
0.890295 0.001101 0.007166 1028
0.890112 0.001101 0.007183 1867
0.889928 0.001101 0.007185 1110
0.889745 0.001101 0.007188 275
0.889562 0.001101 0.007195 5298
0.889378 0.001101 0.007211 4831
0.889195 0.001101 0.007227 4707
0.889011 0.001101 0.007234 4539
0.888828 0.001101 0.007241 3789
0.888644 0.001101 0.007243 1078
0.888461 0.001101 0.007250 5372
0.888277 0.001101 0.007257 4605
0.888094 0.001101 0.007264 1378
0.887910 0.001101 0.007267 4620
0.887727 0.001101 0.007274 3214
0.887544 0.001101 0.007276 1564
0.887360 0.001101 0.007283 4215
0.887177 0.001101 0.007290 4400
0.886993 0.001101 0.007292 279
0.886810 0.001101 0.007299 5112
0.886626 0.001101 0.007301 3290
0.886443 0.001101 0.007308 4618
0.886259 0.001101 0.007315 2609
0.886076 0.001101 0.007317 4751
0.885892 0.001101 0.007324 5293
0.885709 0.001101 0.007331 4142
0.885526 0.001101 0.007338 2173
0.885342 0.001101 0.007345 5171
0.885159 0.001101 0.007361 4440
0.884975 0.001101 0.007368 4437
0.884792 0.001101 0.007375 2086
0.884608 0.001101 0.007377 789
0.884425 0.001101 0.007393 4800
0.884241 0.001101 0.007413 5412
0.884058 0.001101 0.007420 890
0.883875 0.001101 0.007427 5422
0.883691 0.001101 0.007434 5102
0.883508 0.001101 0.007441 2249
0.883324 0.001101 0.007443 1396
0.883141 0.001101 0.007463 4188
0.882957 0.001101 0.007465 4669
0.882774 0.001101 0.007468 4867
0.882590 0.001101 0.007470 5060
0.882407 0.001101 0.007477 817
0.882223 0.001101 0.007483 2621
0.882040 0.001101 0.007490 746
0.881857 0.001101 0.007497 3173
0.881673 0.001101 0.007504 987
0.881490 0.001101 0.007510 3705
0.881306 0.001101 0.007513 3117
0.881123 0.001101 0.007564 4826
0.880939 0.001101 0.007571 1962
0.880756 0.001101 0.007577 2549
0.880572 0.001101 0.007580 521
0.880389 0.001101 0.007586 3133
0.880205 0.001101 0.007593 3277
0.880022 0.001101 0.007599 2570
0.879839 0.001101 0.007606 2803
0.879655 0.001101 0.007613 4555
0.879472 0.001101 0.007628 3092
0.879288 0.001101 0.007679 5442
0.879105 0.001101 0.007690 3318
0.878921 0.001101 0.007692 5252
0.878738 0.001101 0.007716 3775
0.878554 0.001101 0.007718 3403
0.878371 0.001101 0.007720 4221
0.878187 0.001101 0.007727 5004
0.878004 0.001101 0.007733 4598
0.877821 0.001101 0.007757 2852
0.877637 0.001101 0.007764 4333
0.877454 0.001101 0.007813 4341
0.877270 0.001101 0.007820 300
0.877087 0.001101 0.007831 5290
0.876903 0.001101 0.007854 3326
0.876720 0.001101 0.007878 5097
0.876536 0.001101 0.007901 949
0.876353 0.001101 0.007912 4742
0.876170 0.001101 0.007923 1357
0.875986 0.001101 0.007946 2619
0.875803 0.001101 0.007956 5406
0.875619 0.001101 0.007967 3915
0.875436 0.001101 0.007978 1877
0.875252 0.001101 0.007988 5211
0.875069 0.001101 0.008011 4949
0.874885 0.001101 0.008022 4767
0.874702 0.001101 0.008045 4581
0.874518 0.001101 0.008055 3921
0.874335 0.001101 0.008066 3946
0.874152 0.001101 0.008089 4489
0.873968 0.001101 0.008099 5339
0.873785 0.001101 0.008109 3160
0.873601 0.001101 0.008120 385
0.873418 0.001101 0.008130 1195
0.873234 0.001101 0.008153 666
0.873051 0.001101 0.008163 4137
0.872867 0.001101 0.008186 2241
0.872684 0.001101 0.008196 4370
0.872500 0.001101 0.008206 4963
0.872317 0.001101 0.008229 1640
0.872134 0.001101 0.008239 4533
0.871950 0.001101 0.008249 4388
0.871767 0.001101 0.008272 5321
0.871583 0.001101 0.008294 5246
0.871400 0.001101 0.008304 877
0.871216 0.001101 0.008314 1008
0.871033 0.001101 0.008324 1199
0.870849 0.001284 0.008383 3110
0.870666 0.001284 0.008405 5023
0.870482 0.001284 0.008427 1723
0.870299 0.001284 0.008437 5381
0.870116 0.001284 0.008447 5174
0.869932 0.001284 0.008457 5140
0.869749 0.001284 0.008467 3419
0.869565 0.001284 0.008477 4869
0.869382 0.001284 0.008534 2521
0.869198 0.001284 0.008544 266
0.869015 0.001284 0.008554 2495
0.868831 0.001284 0.008564 4558
0.868648 0.001284 0.008585 5415
0.868465 0.001284 0.008607 5073
0.868281 0.001284 0.008616 3857
0.868098 0.001284 0.008638 5241
0.867914 0.001284 0.008659 1302
0.867731 0.001284 0.008669 293
0.867547 0.001284 0.008679 5440
0.867364 0.001284 0.008688 3213
0.867180 0.001284 0.008698 5111
0.866997 0.001284 0.008708 2422
0.866813 0.001284 0.008764 4933
0.866630 0.001284 0.008773 4296
0.866447 0.001284 0.008794 3438
0.866263 0.001284 0.008815 3521
0.866080 0.001284 0.008836 2726
0.865896 0.001284 0.008857 3437
0.865713 0.001284 0.008867 4377
0.865529 0.001284 0.008876 5049
0.865346 0.001284 0.008886 2520
0.865162 0.001284 0.008895 5279
0.864979 0.001284 0.008905 3406
0.864795 0.001284 0.008914 5200
0.864612 0.001284 0.008923 3659
0.864429 0.001284 0.008933 2395
0.864245 0.001284 0.008942 5280
0.864062 0.001284 0.008963 1953
0.863878 0.001284 0.008972 4336
0.863695 0.001284 0.009027 3551
0.863511 0.001284 0.009040 3398
0.863328 0.001284 0.009060 4951
0.863144 0.001284 0.009080 4332
0.862961 0.001284 0.009093 3113
0.862777 0.001284 0.009151 3777
0.862594 0.001284 0.009160 5267
0.862411 0.001284 0.009169 1379
0.862227 0.001284 0.009182 4893
0.862044 0.001284 0.009191 5243
0.861860 0.001284 0.009204 4813
0.861677 0.001284 0.009213 4037
0.861493 0.001284 0.009240 223
0.861310 0.001284 0.009253 2728
0.861126 0.001284 0.009266 2672
0.860943 0.001284 0.009278 1823
0.860759 0.001284 0.009306 962
0.860576 0.001284 0.009318 4357
0.860393 0.001284 0.009331 3216
0.860209 0.001284 0.009343 4863
0.860026 0.001284 0.009356 4733
0.859842 0.001284 0.009369 5287
0.859659 0.001284 0.009381 4864
0.859475 0.001284 0.009394 4914
0.859292 0.001284 0.009406 5294
0.859108 0.001284 0.009419 2490
0.858925 0.001284 0.009431 5235
0.858742 0.001284 0.009444 4098
0.858558 0.001284 0.009456 4915
0.858375 0.001284 0.009483 3731
0.858191 0.001284 0.009495 4884
0.858008 0.001284 0.009508 5002
0.857824 0.001284 0.009534 5360
0.857641 0.001284 0.009547 2215
0.857457 0.001284 0.009559 830
0.857274 0.001284 0.009571 5369
0.857090 0.001284 0.009584 4519
0.856907 0.001284 0.009596 5391
0.856724 0.001468 0.009664 4969
0.856540 0.001468 0.009690 4340
0.856357 0.001468 0.009702 4832
0.856173 0.001468 0.009714 1643
0.855990 0.001468 0.009726 425
0.855806 0.001468 0.009739 5433
0.855623 0.001468 0.009764 4520
0.855439 0.001468 0.009794 4890
0.855256 0.001468 0.009806 5216
0.855072 0.001468 0.009835 3727
0.854889 0.001468 0.009847 4272
0.854706 0.001468 0.009859 4236
0.854522 0.001468 0.009888 3452
0.854339 0.001468 0.009913 2212
0.854155 0.001468 0.009942 432
0.853972 0.001468 0.009971 4953
0.853788 0.001468 0.009999 1376
0.853605 0.001468 0.010028 278
0.853421 0.001468 0.010056 3679
0.853238 0.001468 0.010085 2486
0.853054 0.001468 0.010113 5207
0.852871 0.001468 0.010115 215
0.852688 0.001468 0.010130 3999
0.852504 0.001468 0.010158 1251
0.852321 0.001468 0.010186 3413
0.852137 0.001468 0.010214 337
0.851954 0.001651 0.010291 1896
0.851770 0.001651 0.010293 302
0.851587 0.001651 0.010295 5330
0.851403 0.001651 0.010322 4023
0.851220 0.001651 0.010327 4468
0.851037 0.001651 0.010355 4746
0.850853 0.001651 0.010360 4844
0.850670 0.001651 0.010361 4419
0.850486 0.001651 0.010376 5281
0.850303 0.001651 0.010391 3765
0.850119 0.001651 0.010395 284
0.849936 0.001651 0.010400 1113
0.849752 0.001651 0.010415 5315
0.849569 0.001651 0.010416 1052
0.849385 0.001651 0.010444 2250
0.849202 0.001651 0.010449 3992
0.849019 0.001651 0.010450 3819
0.848835 0.001651 0.010452 2560
0.848652 0.001651 0.010457 5247
0.848468 0.001651 0.010458 4589
0.848285 0.001651 0.010463 3794
0.848101 0.001651 0.010468 3163
0.847918 0.001651 0.010470 4382
0.847734 0.001651 0.010474 1621
0.847551 0.001651 0.010476 5022
0.847367 0.001651 0.010478 3579
0.847184 0.001651 0.010479 1275
0.847001 0.001651 0.010484 1985
0.846817 0.001651 0.010486 5387
0.846634 0.001651 0.010500 5189
0.846450 0.001651 0.010505 4838
0.846267 0.001651 0.010510 3898
0.846083 0.001651 0.010524 5270
0.845900 0.001651 0.010539 5098
0.845716 0.001651 0.010540 2688
0.845533 0.001651 0.010555 4939
0.845349 0.001651 0.010556 4298
0.845166 0.001651 0.010558 914
0.844983 0.001651 0.010569 5272
0.844799 0.001651 0.010574 2777
0.844616 0.001651 0.010578 440
0.844432 0.001651 0.010580 5016
0.844249 0.001651 0.010585 4459
0.844065 0.001651 0.010590 3487
0.843882 0.001651 0.010620 4425
0.843698 0.001651 0.010624 4823
0.843515 0.001651 0.010654 3916
0.843331 0.001651 0.010669 5256
0.843148 0.001651 0.010673 5214
0.842965 0.001651 0.010710 418
0.842781 0.001651 0.010711 558
0.842598 0.001651 0.010747 1813
0.842414 0.001651 0.010761 5051
0.842231 0.001651 0.010763 4689
0.842047 0.001651 0.010799 777
0.841864 0.001651 0.010813 2770
0.841680 0.001651 0.010814 4480
0.841497 0.001651 0.010850 2045
0.841314 0.001651 0.010886 409
0.841130 0.001651 0.010915 4450
0.840947 0.001651 0.010929 4665
0.840763 0.001651 0.010940 4563
0.840580 0.001651 0.010975 1454
0.840396 0.001651 0.010989 5063
0.840213 0.001651 0.011024 2403
0.840029 0.001651 0.011059 5144
0.839846 0.001651 0.011094 4612
0.839662 0.001651 0.011129 4556
0.839479 0.001651 0.011164 5199
0.839296 0.001651 0.011198 1211
0.839112 0.001651 0.011233 943
0.838929 0.001651 0.011267 4601
0.838745 0.001651 0.011301 5417
0.838562 0.001651 0.011336 4309
0.838378 0.001651 0.011370 429
0.838195 0.001651 0.011404 5266
0.838011 0.001651 0.011420 1793
0.837828 0.001651 0.011436 5318
0.837644 0.001651 0.011452 5085
0.837461 0.001651 0.011468 2587
0.837278 0.001835 0.011555 5366
0.837094 0.001835 0.011588 2891
0.836911 0.001835 0.011621 4948
0.836727 0.001835 0.011655 3851
0.836544 0.001835 0.011671 1171
0.836360 0.001835 0.011704 960
0.836177 0.001835 0.011737 2859
0.835993 0.001835 0.011770 3158
0.835810 0.001835 0.011785 4230
0.835626 0.001835 0.011801 1339
0.835443 0.001835 0.011817 4974
0.835260 0.001835 0.011832 4487
0.835076 0.001835 0.011839 157
0.834893 0.001835 0.011855 1099
0.834709 0.001835 0.011871 1364
0.834526 0.001835 0.011878 5149
0.834342 0.001835 0.011910 4868
0.834159 0.001835 0.011951 442
0.833975 0.001835 0.011967 2585
0.833792 0.001835 0.012007 3983
0.833609 0.001835 0.012014 4668
0.833425 0.001835 0.012030 1094
0.833242 0.001835 0.012037 469
0.833058 0.001835 0.012052 5313
0.832875 0.001835 0.012059 5319
0.832691 0.001835 0.012074 4232
0.832508 0.001835 0.012115 2149
0.832324 0.001835 0.012155 1559
0.832141 0.001835 0.012195 3376
0.831957 0.001835 0.012202 490
0.831774 0.001835 0.012242 1995
0.831591 0.001835 0.012249 4527
0.831407 0.001835 0.012256 744
0.831224 0.001835 0.012263 864
0.831040 0.001835 0.012269 3272
0.830857 0.001835 0.012309 4312
0.830673 0.001835 0.012316 3958
0.830490 0.001835 0.012323 3228
0.830306 0.001835 0.012338 3638
0.830123 0.001835 0.012377 2297
0.829939 0.001835 0.012419 2303
0.829756 0.001835 0.012426 1919
0.829573 0.001835 0.012444 4461
0.829389 0.001835 0.012450 1548
0.829206 0.001835 0.012492 388
0.829022 0.001835 0.012534 4045
0.828839 0.001835 0.012573 2747
0.828655 0.001835 0.012588 1624
0.828472 0.001835 0.012608 848
0.828288 0.001835 0.012644 3384
0.828105 0.002201 0.012748 2470
0.827921 0.002201 0.012789 4640
0.827738 0.002201 0.012798 5278
0.827555 0.002201 0.012839 4176
0.827371 0.002201 0.012859 4872
0.827188 0.002201 0.012899 1439
0.827004 0.002201 0.012940 1922
0.826821 0.002201 0.012959 3917
0.826637 0.002201 0.012968 5362
0.826454 0.002201 0.013014 3764
0.826270 0.002201 0.013054 4027
0.826087 0.002201 0.013099 4281
0.825904 0.002201 0.013149 3982
0.825720 0.002201 0.013193 4200
0.825537 0.002201 0.013202 5162
0.825353 0.002201 0.013252 966
0.825170 0.002201 0.013301 212
0.824986 0.002201 0.013345 1638
0.824803 0.002201 0.013364 4781
0.824619 0.002201 0.013413 4681
0.824436 0.002201 0.013462 2605
0.824252 0.002201 0.013471 5107
0.824069 0.002201 0.013520 4269
0.823886 0.002201 0.013568 2909
0.823702 0.002201 0.013616 1269
0.823519 0.002201 0.013625 201
0.823335 0.002201 0.013634 459
0.823152 0.002201 0.013682 2689
0.822968 0.002201 0.013703 3271
0.822785 0.002201 0.013760 4905
0.822601 0.002201 0.013818 2197
0.822418 0.002201 0.013875 2925
0.822234 0.002201 0.013932 5304
0.822051 0.002201 0.013940 4155
0.821868 0.002201 0.013989 3568
0.821684 0.002201 0.014000 4457
0.821501 0.002201 0.014059 3050
0.821317 0.002201 0.014108 3815
0.821134 0.002201 0.014116 4495
0.820950 0.002201 0.014172 1336
0.820767 0.002201 0.014230 3025
0.820583 0.002201 0.014241 4445
0.820400 0.002201 0.014252 1441
0.820216 0.002201 0.014309 4904
0.820033 0.002201 0.014367 5180
0.819850 0.002201 0.014377 1007
0.819666 0.002201 0.014388 1155
0.819483 0.002201 0.014445 3044
0.819299 0.002201 0.014456 5383
0.819116 0.002201 0.014466 1205
0.818932 0.002201 0.014476 5443
0.818749 0.002201 0.014487 637
0.818565 0.002201 0.014544 5368
0.818382 0.002201 0.014598 4313
0.818198 0.002201 0.014654 2707
0.818015 0.002201 0.014681 4995
0.817832 0.002201 0.014737 1670
0.817648 0.002201 0.014793 4662
0.817465 0.002201 0.014819 3577
0.817281 0.002201 0.014874 5346
0.817098 0.002201 0.014941 351
0.816914 0.002201 0.014951 4712
0.816731 0.002201 0.015004 5209
0.816547 0.002201 0.015065 4776
0.816364 0.002201 0.015091 5057
0.816181 0.002201 0.015103 5354
0.815997 0.002201 0.015165 779
0.815814 0.002201 0.015225 4678
0.815630 0.002201 0.015238 5236
0.815447 0.002201 0.015298 4345
0.815263 0.002201 0.015363 826
0.815080 0.002201 0.015373 5384
0.814896 0.002201 0.015437 3327
0.814713 0.002201 0.015449 4411
0.814529 0.002201 0.015513 5364
0.814346 0.002201 0.015577 4894
0.814163 0.002201 0.015589 1473
0.813979 0.002201 0.015601 315
0.813796 0.002201 0.015675 1084
0.813612 0.002201 0.015743 2271
0.813429 0.002201 0.015767 4531
0.813245 0.002201 0.015798 4820
0.813062 0.002201 0.015812 4617
0.812878 0.002201 0.015826 4805
0.812695 0.002201 0.015859 4202
0.812511 0.002201 0.015890 545
0.812328 0.002201 0.015903 5345
0.812145 0.002201 0.015917 560
0.811961 0.002201 0.015933 4307
0.811778 0.002201 0.015947 5349
0.811594 0.002201 0.015960 5145
0.811411 0.002201 0.015993 311
0.811227 0.002201 0.016009 4078
0.811044 0.002201 0.016025 4991
0.810860 0.002201 0.016040 4740
0.810677 0.002201 0.016056 5398
0.810493 0.002201 0.016130 702
0.810310 0.002201 0.016146 800
0.810127 0.002201 0.016232 4266
0.809943 0.002201 0.016314 4690
0.809760 0.002201 0.016399 4790
0.809576 0.002201 0.016484 5337
0.809393 0.002201 0.016569 1477
0.809209 0.002201 0.016584 312
0.809026 0.002201 0.016668 3131
0.808842 0.002385 0.016748 2031
0.808659 0.002385 0.016773 4643
0.808476 0.002385 0.016812 1048
0.808292 0.002385 0.016901 2805
0.808109 0.002385 0.016917 5139
0.807925 0.002385 0.016934 4439
0.807742 0.002385 0.016951 5344
0.807558 0.002385 0.016992 189
0.807375 0.002385 0.017086 5040
0.807191 0.002568 0.017112 4510
0.807008 0.002568 0.017129 3081
0.806824 0.002568 0.017169 4779
0.806641 0.002568 0.017266 2416
0.806458 0.002568 0.017358 3635
0.806274 0.002568 0.017450 4379
0.806091 0.002568 0.017467 4596
0.805907 0.002568 0.017558 5127
0.805724 0.002568 0.017651 3042
0.805540 0.002568 0.017695 5340
0.805357 0.002568 0.017770 4945
0.805173 0.002568 0.017862 4938
0.804990 0.002568 0.017880 5130
0.804806 0.002568 0.017984 1242
0.804623 0.002752 0.018011 5407
0.804440 0.002752 0.018029 5288
0.804256 0.002752 0.018073 1923
0.804073 0.002752 0.018176 4496
0.803889 0.002752 0.018263 1930
0.803706 0.002935 0.018292 4628
0.803522 0.002935 0.018309 3561
0.803339 0.002935 0.018327 4353
0.803155 0.002935 0.018418 4464
0.802972 0.002935 0.018435 4327
0.802788 0.002935 0.018532 5261
0.802605 0.002935 0.018550 4854
0.802422 0.002935 0.018650 3276
0.802238 0.002935 0.018669 3177
0.802055 0.002935 0.018769 2961
0.801871 0.002935 0.018868 3248
0.801688 0.002935 0.018885 2720
0.801504 0.002935 0.018904 5262
0.801321 0.002935 0.018922 520
0.801137 0.002935 0.018941 4931
0.800954 0.002935 0.018993 1857
0.800771 0.002935 0.019003 2067
0.800587 0.002935 0.019113 5227
0.800404 0.002935 0.019223 326
0.800220 0.002935 0.019283 1112
0.800037 0.002935 0.019304 3855
0.799853 0.002935 0.019315 2068
0.799670 0.003119 0.019448 5031
0.799486 0.003119 0.019580 1288
0.799303 0.003119 0.019688 3555
0.799119 0.003119 0.019708 5283
0.798936 0.003119 0.019719 2916
0.798753 0.003119 0.019730 4911
0.798569 0.003119 0.019852 5244
0.798386 0.003119 0.019907 4726
0.798202 0.003119 0.020024 2592
0.798019 0.003119 0.020157 5054
0.797835 0.003119 0.020290 5351
0.797652 0.003119 0.020355 4576
0.797468 0.003119 0.020367 3489
0.797285 0.003119 0.020390 1705
0.797101 0.003119 0.020404 3517
0.796918 0.003119 0.020418 3443
0.796735 0.003119 0.020486 3696
0.796551 0.003302 0.020633 5106
0.796368 0.003302 0.020710 1631
0.796184 0.003302 0.020732 4886
0.796001 0.003302 0.020796 4672
0.795817 0.003302 0.020873 847
0.795634 0.003302 0.021016 226
0.795450 0.003302 0.021032 3100
0.795267 0.003302 0.021158 4724
0.795083 0.003302 0.021180 4916
0.794900 0.003486 0.021323 4983
0.794717 0.003486 0.021398 2315
0.794533 0.003486 0.021474 304
0.794350 0.003486 0.021502 4639
0.794166 0.003486 0.021516 2957
0.793983 0.003486 0.021531 2041
0.793799 0.003486 0.021609 1401
0.793616 0.003486 0.021623 3580
0.793432 0.003486 0.021646 1989
0.793249 0.003486 0.021667 5075
0.793065 0.003669 0.021833 3629
0.792882 0.003669 0.021856 4880
0.792699 0.003669 0.022007 3666
0.792515 0.003669 0.022170 2650
0.792332 0.003669 0.022186 2973
0.792148 0.003669 0.022352 5133
0.791965 0.003669 0.022516 1409
0.791781 0.003669 0.022530 3082
0.791598 0.003669 0.022610 1430
0.791414 0.003669 0.022773 4525
0.791231 0.003669 0.022781 3684
0.791048 0.003669 0.022861 5108
0.790864 0.003669 0.022878 2296
0.790681 0.003669 0.022895 4270
0.790497 0.003853 0.023071 4935
0.790314 0.004036 0.023254 3615
0.790130 0.004036 0.023435 4473
0.789947 0.004036 0.023614 4233
0.789763 0.004036 0.023623 5185
0.789580 0.004036 0.023641 420
0.789396 0.004036 0.023825 5418
0.789213 0.004036 0.024001 4645
0.789030 0.004036 0.024019 4434
0.788846 0.004219 0.024050 3558
0.788663 0.004219 0.024068 5160
0.788479 0.004219 0.024266 4691
0.788296 0.004219 0.024445 2237
0.788112 0.004219 0.024544 587
0.787929 0.004219 0.024561 3770
0.787745 0.004219 0.024579 4438
0.787562 0.004219 0.024598 3397
0.787378 0.004219 0.024608 1487
0.787195 0.004219 0.024791 3651
0.787012 0.004219 0.024984 4649
0.786828 0.004219 0.025003 567
0.786645 0.004219 0.025023 4024
0.786461 0.004219 0.025041 3838
0.786278 0.004219 0.025051 3947
0.786094 0.004219 0.025069 2487
0.785911 0.004403 0.025269 1175
0.785727 0.004403 0.025290 2039
0.785544 0.004403 0.025320 5197
0.785360 0.004403 0.025331 3115
0.785177 0.004403 0.025362 4015
0.784994 0.004403 0.025383 3344
0.784810 0.004403 0.025395 2287
0.784627 0.004403 0.025416 4433
0.784443 0.004403 0.025436 4025
0.784260 0.004586 0.025653 4789
0.784076 0.004586 0.025666 2741
0.783893 0.004586 0.025698 1939
0.783709 0.004586 0.025719 540
0.783526 0.004770 0.025753 5375
0.783343 0.004770 0.025774 2575
0.783159 0.004770 0.025797 2430
0.782976 0.004770 0.025819 3598
0.782792 0.004770 0.026046 1490
0.782609 0.004770 0.026070 1426
0.782425 0.004770 0.026092 735
0.782242 0.004770 0.026113 3164
0.782058 0.004953 0.026343 2628
0.781875 0.004953 0.026366 791
0.781691 0.004953 0.026596 3650
0.781508 0.004953 0.026609 3337
0.781325 0.004953 0.026623 3009
0.781141 0.004953 0.026849 4436
0.780958 0.005137 0.026883 2129
0.780774 0.005137 0.027022 4299
0.780591 0.005137 0.027055 4625
0.780407 0.005137 0.027068 3934
0.780224 0.005137 0.027309 1279
0.780040 0.005137 0.027336 1472
0.779857 0.005137 0.027350 2001
0.779673 0.005137 0.027373 2233
0.779490 0.005137 0.027387 2166
0.779307 0.005137 0.027402 3386
0.779123 0.005320 0.027437 5273
0.778940 0.005320 0.027582 5159
0.778756 0.005320 0.027595 4808
0.778573 0.005320 0.027609 4358
0.778389 0.005320 0.027761 5352
0.778206 0.005320 0.027785 3175
0.778022 0.005320 0.028038 2970
0.777839 0.005320 0.028072 5333
0.777655 0.005320 0.028322 4128
0.777472 0.005320 0.028349 5242
0.777289 0.005320 0.028582 5095
0.777105 0.005504 0.028617 2127
0.776922 0.005504 0.028878 1837
0.776738 0.005504 0.028901 2580
0.776555 0.005504 0.028925 4182
0.776371 0.005504 0.028949 3428
0.776188 0.005504 0.028973 1427
0.776004 0.005504 0.029250 2425
0.775821 0.005504 0.029264 2167
0.775637 0.005504 0.029415 5137
0.775454 0.005504 0.029441 2670
0.775271 0.005504 0.029466 3021
0.775087 0.005504 0.029482 4799
0.774904 0.005687 0.029516 5292
0.774720 0.005687 0.029766 4783
0.774537 0.005687 0.030035 825
0.774353 0.005870 0.030071 236
0.774170 0.005870 0.030096 3848
0.773986 0.005870 0.030112 2216
0.773803 0.005870 0.030127 2629
0.773620 0.005870 0.030143 3981
0.773436 0.005870 0.030159 3554
0.773253 0.005870 0.030176 4080
0.773069 0.005870 0.030192 1789
0.772886 0.005870 0.030208 2069
0.772702 0.005870 0.030234 5015
0.772519 0.005870 0.030250 3165
0.772335 0.005870 0.030276 1464
0.772152 0.005870 0.030302 3569
0.771968 0.005870 0.030329 1455
0.771785 0.005870 0.030346 506
0.771602 0.005870 0.030639 4966
0.771418 0.005870 0.030936 4892
0.771235 0.006054 0.030971 3157
0.771051 0.006237 0.031007 5213
0.770868 0.006237 0.031033 3073
0.770684 0.006237 0.031050 1802
0.770501 0.006237 0.031076 1424
0.770317 0.006237 0.031092 2864
0.770134 0.006237 0.031109 3313
0.769950 0.006237 0.031135 705
0.769767 0.006237 0.031153 1051
0.769584 0.006237 0.031179 4622
0.769400 0.006237 0.031488 969
0.769217 0.006237 0.031524 3373
0.769033 0.006237 0.031542 2161
0.768850 0.006237 0.031569 3345
0.768666 0.006237 0.031585 421
0.768483 0.006421 0.031622 1609
0.768299 0.006421 0.031640 4196
0.768116 0.006421 0.031668 3641
0.767932 0.006421 0.031696 3640
0.767749 0.006421 0.031723 3809
0.767566 0.006421 0.031751 4660
0.767382 0.006421 0.031770 1187
0.767199 0.006421 0.031787 1518
0.767015 0.006421 0.031814 3810
0.766832 0.006421 0.031833 2899
0.766648 0.006421 0.031851 2500
0.766465 0.006421 0.031870 1875
0.766281 0.006421 0.031889 1540
0.766098 0.006421 0.031918 4889
0.765915 0.006421 0.031937 4807
0.765731 0.006421 0.031966 5125
0.765548 0.006421 0.031994 2760
0.765364 0.006421 0.032185 4166
0.765181 0.006421 0.032196 2947
0.764997 0.006421 0.032215 4099
0.764814 0.006421 0.032234 1593
0.764630 0.006421 0.032253 3159
0.764447 0.006421 0.032272 398
0.764263 0.006421 0.032291 3936
0.764080 0.006421 0.032311 1800
0.763897 0.006421 0.032330 2796
0.763713 0.006421 0.032359 3111
0.763530 0.006421 0.032389 3029
0.763346 0.006421 0.032409 4364
0.763163 0.006421 0.032430 3174
0.762979 0.006421 0.032450 1667
0.762796 0.006421 0.032479 4715
0.762612 0.006421 0.032510 4275
0.762429 0.006421 0.032724 5338
0.762245 0.006421 0.032754 2780
0.762062 0.006421 0.032951 4871
0.761879 0.006421 0.032983 5119
0.761695 0.006421 0.033004 2218
0.761512 0.006421 0.033025 670
0.761328 0.006421 0.033044 1773
0.761145 0.006421 0.033065 329
0.760961 0.006421 0.033098 5263
0.760778 0.006421 0.033119 819
0.760594 0.006788 0.033474 2282
0.760411 0.006788 0.033505 4422
0.760227 0.006788 0.033526 4287
0.760044 0.006788 0.033547 539
0.759861 0.006788 0.033578 4057
0.759677 0.006788 0.033598 1292
0.759494 0.006788 0.033629 3816
0.759310 0.006788 0.033649 4947
0.759127 0.006788 0.033671 1721
0.758943 0.006788 0.033701 4673
0.758760 0.006788 0.033723 488
0.758576 0.006788 0.033754 4423
0.758393 0.006788 0.033776 4646
0.758210 0.006788 0.033797 2528
0.758026 0.006788 0.033828 4593
0.757843 0.006788 0.033850 3755
0.757659 0.006971 0.034225 5033
0.757476 0.006971 0.034256 2660
0.757292 0.006971 0.034278 2219
0.757109 0.007155 0.034316 5030
0.756925 0.007155 0.034338 2270
0.756742 0.007155 0.034370 5027
0.756558 0.007155 0.034392 5024
0.756375 0.007155 0.034414 346
0.756192 0.007155 0.034436 4367
0.756008 0.007155 0.034458 1177
0.755825 0.007155 0.034481 3495
0.755641 0.007155 0.034503 1327
0.755458 0.007155 0.034890 5136
0.755274 0.007338 0.034928 4428
0.755091 0.007522 0.034967 5210
0.754907 0.007522 0.034990 210
0.754724 0.007522 0.035013 1780
0.754540 0.007522 0.035035 1581
0.754357 0.007522 0.035068 2543
0.754174 0.007522 0.035091 3120
0.753990 0.007705 0.035131 5355
0.753807 0.007705 0.035154 643
0.753623 0.007705 0.035531 5041
0.753440 0.007705 0.035553 5153
0.753256 0.007705 0.035575 1984
0.753073 0.007705 0.035598 1947
0.752889 0.007705 0.035621 2835
0.752706 0.007705 0.035645 4372
0.752522 0.007705 0.035667 657
0.752339 0.007705 0.035690 2204
0.752156 0.007705 0.035714 2602
0.751972 0.007705 0.035737 399
0.751789 0.007705 0.035760 601
0.751605 0.007705 0.035784 3268
0.751422 0.007705 0.035807 2558
0.751238 0.007705 0.035831 3699
0.751055 0.007705 0.035854 411
0.750871 0.007705 0.035878 1216
0.750688 0.007705 0.035903 2971
0.750504 0.007705 0.035927 4417
0.750321 0.007705 0.035952 1685
0.750138 0.007705 0.035974 1533
0.749954 0.007705 0.035999 1523
0.749771 0.007705 0.036428 350
0.749587 0.007705 0.036453 2772
0.749404 0.007705 0.036477 1567
0.749220 0.007705 0.036501 5069
0.749037 0.007705 0.036525 842
0.748853 0.007705 0.036549 4154
0.748670 0.007705 0.036575 2302
0.748487 0.007705 0.036600 458
0.748303 0.007705 0.036624 3645
0.748120 0.007705 0.036650 531
0.747936 0.007705 0.036675 2502
0.747753 0.007705 0.036700 3292
0.747569 0.007705 0.036725 234
0.747386 0.007705 0.036751 4241
0.747202 0.007705 0.036777 745
0.747019 0.007705 0.036802 2268
0.746835 0.007705 0.036828 1866
0.746652 0.007705 0.036854 3099
0.746469 0.007705 0.036879 1703
0.746285 0.007705 0.036905 1679
0.746102 0.007705 0.036931 3573
0.745918 0.007705 0.036957 4597
0.745735 0.007705 0.036983 1274
0.745551 0.007705 0.037009 4758
0.745368 0.007705 0.037035 1886
0.745184 0.007705 0.037062 593
0.745001 0.007705 0.037088 515
0.744817 0.008255 0.037564 3329
0.744634 0.008255 0.037749 3012
0.744451 0.008255 0.037775 3255
0.744267 0.008255 0.037801 1172
0.744084 0.008255 0.037827 1941
0.743900 0.008255 0.037854 498
0.743717 0.008255 0.037880 1952
0.743533 0.008255 0.037906 3412
0.743350 0.008255 0.037932 4187
0.743166 0.008255 0.037958 2122
0.742983 0.008255 0.037985 1064
0.742799 0.008255 0.038012 4190
0.742616 0.008255 0.038038 1889
0.742433 0.008255 0.038065 4584
0.742249 0.008255 0.038092 4703
0.742066 0.008255 0.038118 1098
0.741882 0.008255 0.038146 2311
0.741699 0.008255 0.038184 4048
0.741515 0.008255 0.038211 195
0.741332 0.008255 0.038248 3754
0.741148 0.008255 0.038276 2330
0.740965 0.008255 0.038314 2389
0.740782 0.008255 0.038342 1062
0.740598 0.008255 0.038381 995
0.740415 0.008255 0.038419 3860
0.740231 0.008255 0.038446 2541
0.740048 0.008255 0.038474 166
0.739864 0.008255 0.038501 1132
0.739681 0.008255 0.038529 2134
0.739497 0.008255 0.038556 1957
0.739314 0.008622 0.039052 4739
0.739130 0.008622 0.039080 4698
0.738947 0.008622 0.039108 5123
0.738764 0.008622 0.039136 1938
0.738580 0.008622 0.039164 4718
0.738397 0.008622 0.039655 997
0.738213 0.008622 0.039682 1158
0.738030 0.008622 0.039710 1525
0.737846 0.008622 0.039737 1767
0.737663 0.008622 0.039765 3460
0.737479 0.008622 0.039792 224
0.737296 0.008622 0.039831 1587
0.737112 0.008622 0.039859 911
0.736929 0.008622 0.039887 4729
0.736746 0.008622 0.039916 1655
0.736562 0.008622 0.039944 1371
0.736379 0.008622 0.039972 1359
0.736195 0.008622 0.040000 1142
0.736012 0.008622 0.040019 2211
0.735828 0.008622 0.040047 2755
0.735645 0.008622 0.040075 1575
0.735461 0.008622 0.040104 625
0.735278 0.009173 0.040585 4900
0.735094 0.009356 0.040627 4809
0.734911 0.009356 0.040655 3710
0.734728 0.009540 0.040698 5083
0.734544 0.009540 0.041004 568
0.734361 0.009540 0.041031 1290
0.734177 0.009540 0.041066 251
0.733994 0.009540 0.041102 4984
0.733810 0.009540 0.041138 3873
0.733627 0.009540 0.041166 1387
0.733443 0.009540 0.041194 267
0.733260 0.009540 0.041701 4705
0.733076 0.009540 0.041741 4849
0.732893 0.009540 0.041768 3261
0.732710 0.009540 0.041809 4860
0.732526 0.009540 0.041837 220
0.732343 0.009540 0.041865 1055
0.732159 0.009540 0.041906 4453
0.731976 0.009540 0.041934 2653
0.731792 0.009540 0.041961 4595
0.731609 0.009540 0.041989 599
0.731425 0.009540 0.042505 4552
0.731242 0.009540 0.042545 4747
0.731059 0.009540 0.042586 4409
0.730875 0.009540 0.042613 3385
0.730692 0.009540 0.042640 645
0.730508 0.009540 0.042668 2782
0.730325 0.009540 0.042696 592
0.730141 0.009540 0.042724 4398
0.729958 0.009540 0.042752 1058
0.729774 0.009540 0.042780 2258
0.729591 0.009540 0.042808 4077
0.729407 0.009540 0.042836 2290
0.729224 0.009540 0.042864 4387
0.729041 0.009540 0.042891 4458
0.728857 0.009540 0.042920 4314
0.728674 0.009540 0.042949 4184
0.728490 0.009540 0.042977 2887
0.728307 0.009540 0.043005 3608
0.728123 0.009540 0.043034 2659
0.727940 0.009540 0.043063 1422
0.727756 0.009540 0.043091 1890
0.727573 0.009540 0.043120 5157
0.727389 0.009540 0.043148 2412
0.727206 0.009540 0.043177 1928
0.727023 0.009540 0.043206 573
0.726839 0.009540 0.043235 1370
0.726656 0.009540 0.043264 1863
0.726472 0.009540 0.043293 3297
0.726289 0.009540 0.043322 4054
0.726105 0.009540 0.043352 541
0.725922 0.009540 0.043381 2637
0.725738 0.009540 0.043410 1481
0.725555 0.009540 0.043440 3166
0.725371 0.009540 0.043453 4174
0.725188 0.009540 0.043483 4022
0.725005 0.009540 0.043513 1345
0.724821 0.009540 0.044052 199
0.724638 0.009540 0.044082 1672
0.724454 0.009540 0.044111 1797
0.724271 0.009723 0.044151 4346
0.724087 0.009723 0.044181 740
0.723904 0.009723 0.044210 2618
0.723720 0.009723 0.044250 2874
0.723537 0.009723 0.044290 2014
0.723354 0.009723 0.044320 4922
0.723170 0.009723 0.044350 4268
0.722987 0.009723 0.044380 2159
0.722803 0.009723 0.044410 2325
0.722620 0.009906 0.044450 3254
0.722436 0.009906 0.044479 3417
0.722253 0.009906 0.044509 4258
0.722069 0.009906 0.044540 2109
0.721886 0.009906 0.044570 323
0.721702 0.009906 0.044599 5299
0.721519 0.009906 0.044640 3343
0.721336 0.009906 0.044670 4399
0.721152 0.009906 0.044701 1231
0.720969 0.009906 0.044731 3818
0.720785 0.009906 0.044762 667
0.720602 0.009906 0.044792 478
0.720418 0.009906 0.044823 500
0.720235 0.010090 0.044863 2217
0.720051 0.010090 0.044895 1845
0.719868 0.010090 0.044926 2267
0.719684 0.010090 0.044957 2700
0.719501 0.010090 0.044989 2108
0.719318 0.010090 0.045029 1602
0.719134 0.010090 0.045060 3654
0.718951 0.010090 0.045091 4518
0.718767 0.010090 0.045123 1111
0.718584 0.010090 0.045154 1432
0.718400 0.010090 0.045186 2323
0.718217 0.010090 0.045218 1650
0.718033 0.010090 0.045251 3486
0.717850 0.010090 0.045283 1775
0.717666 0.010090 0.045677 4614
0.717483 0.010273 0.045718 4363
0.717300 0.010273 0.045750 3170
0.717116 0.010273 0.045782 2017
0.716933 0.010273 0.045815 3847
0.716749 0.010273 0.045846 1433
0.716566 0.010273 0.045880 1092
0.716382 0.010273 0.045912 1230
0.716199 0.010273 0.045945 2533
0.716015 0.010457 0.046550 533
0.715832 0.010457 0.046584 2974
0.715649 0.010457 0.046616 1706
0.715465 0.010457 0.046650 976
0.715282 0.010457 0.046684 2411
0.715098 0.010457 0.046718 3006
0.714915 0.010457 0.046753 1933
0.714731 0.010457 0.046786 3772
0.714548 0.010457 0.046820 2686
0.714364 0.010457 0.046854 1729
0.714181 0.010457 0.046888 1204
0.713997 0.010457 0.046923 1050
0.713814 0.010457 0.046960 1652
0.713631 0.010457 0.046987 5003
0.713447 0.010457 0.047022 870
0.713264 0.010457 0.047059 4998
0.713080 0.010457 0.047093 3545
0.712897 0.011191 0.047774 5248
0.712713 0.011191 0.047811 1746
0.712530 0.011191 0.047844 642
0.712346 0.011191 0.047881 741
0.712163 0.011374 0.047924 4853
0.711979 0.011374 0.047952 3141
0.711796 0.011374 0.047980 445
0.711613 0.011374 0.048008 855
0.711429 0.011374 0.048045 4348
0.711246 0.011374 0.048083 3682
0.711062 0.011374 0.048607 4089
0.710879 0.011374 0.048645 286
0.710695 0.011374 0.048683 547
0.710512 0.011374 0.048722 4195
0.710328 0.011374 0.048762 4512
0.710145 0.011374 0.048803 4361
0.709961 0.011374 0.048840 3605
0.709778 0.011374 0.048877 2820
0.709595 0.011741 0.049590 4392
0.709411 0.011924 0.049634 3046
0.709228 0.011924 0.049674 2984
0.709044 0.011924 0.049711 1016
0.708861 0.011924 0.050440 4858
0.708677 0.011924 0.050467 2327
0.708494 0.011924 0.050495 2658
0.708310 0.011924 0.050522 2571
0.708127 0.011924 0.050559 3630
0.707943 0.011924 0.050596 3057
0.707760 0.011924 0.050625 3439
0.707577 0.011924 0.050661 912
0.707393 0.012291 0.051417 5202
0.707210 0.012291 0.051445 4644
0.707026 0.012291 0.052170 2162
0.706843 0.012291 0.052206 671
0.706659 0.012291 0.052234 1413
0.706476 0.012291 0.052271 4374
0.706292 0.012291 0.052314 3796
0.706109 0.012475 0.052357 3880
0.705926 0.012475 0.052393 2292
0.705742 0.012475 0.052430 4661
0.705559 0.012475 0.052466 321
0.705375 0.012658 0.052510 563
0.705192 0.012658 0.052547 2690
0.705008 0.012658 0.052575 1180
0.704825 0.012658 0.052603 615
0.704641 0.012658 0.052631 1781
0.704458 0.012842 0.052675 2432
0.704274 0.012842 0.052704 4271
0.704091 0.012842 0.052741 2150
0.703908 0.012842 0.052778 804
0.703724 0.012842 0.052807 4784
0.703541 0.012842 0.053358 1623
0.703357 0.012842 0.053395 2717
0.703174 0.012842 0.053432 5217
0.702990 0.012842 0.053461 1299
0.702807 0.012842 0.053499 5079
0.702623 0.012842 0.053536 2611
0.702440 0.012842 0.053564 2273
0.702256 0.012842 0.053592 4928
0.702073 0.012842 0.053630 3597
0.701890 0.012842 0.053659 472
0.701706 0.012842 0.053697 322
0.701523 0.012842 0.053726 1038
0.701339 0.012842 0.053764 3172
0.701156 0.012842 0.053803 4148
0.700972 0.012842 0.053833 3973
0.700789 0.012842 0.053872 3391
0.700605 0.012842 0.053901 2532
0.700422 0.012842 0.053931 4857
0.700238 0.013209 0.054737 808
0.700055 0.013392 0.054782 3652
0.699872 0.013392 0.054820 3018
0.699688 0.013392 0.054859 2342
0.699505 0.013575 0.054904 4334
0.699321 0.013759 0.054950 850
0.699138 0.013759 0.054979 929
0.698954 0.013942 0.055026 809
0.698771 0.014126 0.055072 577
0.698587 0.014309 0.055120 4317
0.698404 0.014309 0.055159 2054
0.698221 0.014493 0.055207 298
0.698037 0.014676 0.055255 1467
0.697854 0.014676 0.055295 2153
0.697670 0.014676 0.055334 1704
0.697487 0.014676 0.055364 2542
0.697303 0.014676 0.055394 1282
0.697120 0.014676 0.055424 1285
0.696936 0.014676 0.055466 2598
0.696753 0.014676 0.055506 468
0.696569 0.014676 0.055546 752
0.696386 0.014676 0.055576 3352
0.696203 0.014676 0.055617 4255
0.696019 0.014676 0.055658 937
0.695836 0.014676 0.055698 2518
0.695652 0.014676 0.055738 2193
0.695469 0.014676 0.055779 258
0.695285 0.014676 0.055819 3541
0.695102 0.014676 0.055861 1683
0.694918 0.014676 0.055902 852
0.694735 0.014676 0.055945 1478
0.694551 0.014676 0.055986 1197
0.694368 0.014676 0.056029 2712
0.694185 0.014676 0.056064 410
0.694001 0.014676 0.056107 4263
0.693818 0.014676 0.056129 3644
0.693634 0.014676 0.056172 4908
0.693451 0.014676 0.056216 4012
0.693267 0.014676 0.056261 3392
0.693084 0.014676 0.056306 3795
0.692900 0.014676 0.056352 1924
0.692717 0.014676 0.056398 2454
0.692533 0.014676 0.056433 692
0.692350 0.015043 0.057444 4073
0.692167 0.015410 0.058491 4656
0.691983 0.015593 0.058539 1654
0.691800 0.015777 0.058588 4553
0.691616 0.015960 0.058638 5204
0.691433 0.016144 0.058688 5221
0.691249 0.016327 0.058739 1383
0.691066 0.016511 0.058790 4764
0.690882 0.016694 0.058842 4722
0.690699 0.016694 0.058888 849
0.690516 0.016694 0.058928 4942
0.690332 0.016694 0.058956 4567
0.690149 0.016694 0.059002 1442
0.689965 0.016694 0.059047 1190
0.689782 0.016878 0.059099 3505
0.689598 0.016878 0.059135 538
0.689415 0.016878 0.060191 5222
0.689231 0.016878 0.060239 5103
0.689048 0.016878 0.060288 2987
0.688864 0.016878 0.060337 1993
0.688681 0.016878 0.060387 1538
0.688498 0.016878 0.060438 5332
0.688314 0.016878 0.060488 989
0.688131 0.017061 0.060540 4295
0.687947 0.017245 0.060592 5358
0.687764 0.017428 0.060644 3968
0.687580 0.017611 0.060697 4616
0.687397 0.017795 0.060751 2053
0.687213 0.017795 0.060802 4657
0.687030 0.017795 0.060848 3697
0.686846 0.017795 0.060892 3260
0.686663 0.017795 0.060938 497
0.686480 0.017795 0.060966 1749
0.686296 0.017795 0.060995 1827
0.686113 0.017978 0.061049 3432
0.685929 0.017978 0.061100 4591
0.685746 0.018162 0.061155 3626
0.685562 0.018162 0.061201 2613
0.685379 0.018162 0.062377 2179
0.685195 0.018162 0.062427 2972
0.685012 0.018162 0.062478 4360
0.684828 0.018162 0.063605 1689
0.684645 0.018162 0.063655 863
0.684462 0.018162 0.063703 1690
0.684278 0.018162 0.063752 790
0.684095 0.018162 0.063801 3367
0.683911 0.018162 0.063851 334
0.683728 0.018162 0.063902 4975
0.683544 0.018162 0.063952 5164
0.683361 0.018162 0.064002 2248
0.683177 0.018162 0.064052 2362
0.682994 0.018162 0.064102 4765
0.682810 0.018162 0.065322 3773
0.682627 0.018162 0.065372 5427
0.682444 0.018162 0.065422 3493
0.682260 0.018162 0.065472 1909
0.682077 0.018162 0.065522 3955
0.681893 0.018162 0.065571 2507
0.681710 0.018162 0.065621 1428
0.681526 0.018162 0.065671 5109
0.681343 0.018162 0.065722 1174
0.681159 0.018162 0.065772 2091
0.680976 0.018162 0.065823 313
0.680793 0.018162 0.067063 4967
0.680609 0.018162 0.067113 2523
0.680426 0.018345 0.067163 2958
0.680242 0.018529 0.067213 4164
0.680059 0.018712 0.067264 4841
0.679875 0.018896 0.067315 2576
0.679692 0.018896 0.067365 3882
0.679508 0.019079 0.067417 2269
0.679325 0.019079 0.067466 4907
0.679141 0.019263 0.067518 1713
0.678958 0.019263 0.067567 2332
0.678775 0.019263 0.067617 2581
0.678591 0.019263 0.067667 1130
0.678408 0.019263 0.067716 1560
0.678224 0.019263 0.067766 1153
0.678041 0.019263 0.067816 4140
0.677857 0.019263 0.067866 3473
0.677674 0.019263 0.067916 2696
0.677490 0.019263 0.067966 2113
0.677307 0.019263 0.068016 823
0.677123 0.019263 0.068066 3336
0.676940 0.019263 0.068116 2033
0.676757 0.019263 0.068166 2061
0.676573 0.019263 0.068216 1063
0.676390 0.019263 0.068268 2291
0.676206 0.019263 0.068318 5150
0.676023 0.019263 0.068369 3984
0.675839 0.019263 0.068419 2078
0.675656 0.019263 0.068470 495
0.675472 0.019263 0.068522 4509
0.675289 0.019263 0.068573 4695
0.675105 0.019446 0.068625 4427
0.674922 0.019446 0.068676 1803
0.674739 0.019629 0.068728 2081
0.674555 0.019629 0.068780 2055
0.674372 0.019629 0.068832 341
0.674188 0.019813 0.068884 2314
0.674005 0.020180 0.070363 4692
0.673821 0.020180 0.070415 3910
0.673638 0.020180 0.070467 185
0.673454 0.020363 0.070519 2831
0.673271 0.020363 0.070572 5331
0.673088 0.020363 0.070624 1347
0.672904 0.020363 0.070676 2655
0.672721 0.020547 0.070729 3036
0.672537 0.020547 0.070781 1937
0.672354 0.020730 0.070835 3962
0.672170 0.021280 0.072391 242
0.671987 0.021464 0.072445 3304
0.671803 0.021647 0.072500 3121
0.671620 0.021831 0.072555 491
0.671436 0.022014 0.072610 3648
0.671253 0.022014 0.072662 1956
0.671070 0.022198 0.072717 3522
0.670886 0.022381 0.072774 1552
0.670703 0.022381 0.072826 403
0.670519 0.022565 0.072883 3270
0.670336 0.022565 0.072935 1254
0.670152 0.022565 0.074578 917
0.669969 0.022565 0.074632 4277
0.669785 0.022565 0.074684 1918
0.669602 0.022565 0.074738 4696
0.669418 0.022565 0.074793 2828
0.669235 0.022565 0.074848 886
0.669052 0.022748 0.074903 581
0.668868 0.022932 0.074959 772
0.668685 0.022932 0.076451 4043
0.668501 0.023115 0.076506 2914
0.668318 0.023115 0.076557 4725
0.668134 0.023298 0.076612 2778
0.667951 0.023298 0.076663 5143
0.667767 0.023298 0.076715 1247
0.667584 0.023298 0.076766 1039
0.667400 0.023298 0.076818 3274
0.667217 0.023298 0.076870 1745
0.667034 0.023298 0.076924 2749
0.666850 0.023298 0.078422 5376
0.666667 0.023298 0.078472 3095
0.666483 0.023298 0.080189 3076
0.666300 0.023298 0.080238 3997
0.666116 0.023298 0.080289 3364
0.665933 0.023482 0.080342 1885
0.665749 0.023482 0.080392 5231
0.665566 0.023665 0.080446 1980
0.665382 0.023665 0.080500 470
0.665199 0.023849 0.080554 3242
0.665016 0.024032 0.080608 3379
0.664832 0.024032 0.080659 1271
0.664649 0.024216 0.080714 700
0.664465 0.024399 0.080769 3130
0.664282 0.024399 0.080821 4208
0.664098 0.024583 0.080876 1512
0.663915 0.024766 0.080932 728
0.663731 0.024950 0.080989 532
0.663548 0.025133 0.081045 1097
0.663365 0.025316 0.081102 3281
0.663181 0.026601 0.083258 4990
0.662998 0.026784 0.083317 261
0.662814 0.026968 0.083376 260
0.662631 0.026968 0.083432 2231
0.662447 0.027151 0.083492 3863
0.662264 0.027151 0.083539 1637
0.662080 0.027334 0.083599 731
0.661897 0.027518 0.083659 1509
0.661713 0.027518 0.083708 2163
0.661530 0.027518 0.083756 579
0.661347 0.027701 0.083816 612
0.661163 0.027885 0.083877 525
0.660980 0.028068 0.083938 3643
0.660796 0.028068 0.085905 2882
0.660613 0.028068 0.085960 2151
0.660429 0.028068 0.086016 3866
0.660246 0.028068 0.086072 2674
0.660062 0.028068 0.086128 4513
0.659879 0.028068 0.086182 2365
0.659695 0.028068 0.086239 4097
0.659512 0.028068 0.086295 2586
0.659329 0.028068 0.086343 2966
0.659145 0.028252 0.086403 1135
0.658962 0.028435 0.086463 4615
0.658778 0.028435 0.086520 505
0.658595 0.030820 0.089254 190
0.658411 0.031003 0.089317 4011
0.658228 0.031187 0.089381 2954
0.658044 0.031370 0.089445 4449
0.657861 0.031554 0.089510 5295
0.657677 0.031737 0.089574 4961
0.657494 0.031921 0.089640 4330
0.657311 0.032104 0.089705 2189
0.657127 0.032288 0.089771 4329
0.656944 0.032471 0.089837 4684
0.656760 0.032471 0.089892 2997
0.656577 0.032655 0.089959 3711
0.656393 0.032838 0.090026 1895
0.656210 0.032838 0.090074 1796
0.656026 0.033021 0.090141 3959
0.655843 0.033205 0.090208 2262
0.655660 0.033205 0.090266 4861
0.655476 0.033388 0.090334 3971
0.655293 0.033572 0.090402 3914
0.655109 0.033572 0.090450 1870
0.654926 0.033572 0.090508 946
0.654742 0.033755 0.090576 4131
0.654559 0.033939 0.090645 2120
0.654375 0.033939 0.090703 3575
0.654192 0.034122 0.090772 2357
0.654008 0.034306 0.090841 1145
0.653825 0.034489 0.090911 1693
0.653642 0.034673 0.090980 2428
0.653458 0.034856 0.091050 1031
0.653275 0.035039 0.091121 2854
0.653091 0.035223 0.091191 1898
0.652908 0.035406 0.091262 2427
0.652724 0.035590 0.091334 638
0.652541 0.035773 0.091405 3279
0.652357 0.035957 0.091477 1239
0.652174 0.036140 0.091550 2386
0.651990 0.036324 0.091622 1897
0.651807 0.039442 0.095802 938
0.651624 0.039626 0.095878 4827
0.651440 0.039809 0.095954 5135
0.651257 0.039993 0.096030 768
0.651073 0.040176 0.096106 2975
0.650890 0.040360 0.096183 754
0.650706 0.040543 0.096260 1404
0.650523 0.040726 0.096338 4798
0.650339 0.040910 0.096415 5093
0.650156 0.041093 0.096493 1603
0.649972 0.041277 0.096572 1418
0.649789 0.041460 0.096650 485
0.649606 0.041644 0.096729 4321
0.649422 0.041827 0.096808 769
0.649239 0.042011 0.096888 4323
0.649055 0.042194 0.096967 4578
0.648872 0.042378 0.097047 1224
0.648688 0.042378 0.097116 3583
0.648505 0.042561 0.097196 1836
0.648321 0.042561 0.097265 3020
0.648138 0.042561 0.097335 373
0.647955 0.042744 0.097415 1563
0.647771 0.042928 0.097496 1225
0.647588 0.042928 0.101476 3441
0.647404 0.043111 0.101554 988
0.647221 0.043111 0.105564 2880
0.647037 0.043111 0.105635 3369
0.646854 0.043111 0.105706 2183
0.646670 0.043111 0.105778 4599
0.646487 0.043111 0.105850 4574
0.646303 0.043111 0.105922 4482
0.646120 0.043111 0.105994 2185
0.645937 0.043111 0.106066 2265
0.645753 0.043111 0.106139 3368
0.645570 0.043111 0.106212 4674
0.645386 0.043111 0.106286 2697
0.645203 0.043111 0.106359 4403
0.645019 0.043111 0.106433 1562
0.644836 0.043111 0.106501 2530
0.644652 0.043111 0.106576 4404
0.644469 0.043295 0.106650 3667
0.644285 0.043295 0.106724 1089
0.644102 0.043478 0.106799 4554
0.643919 0.043478 0.106873 4394
0.643735 0.043662 0.106948 4135
0.643552 0.043662 0.107023 2080
0.643368 0.043845 0.107098 4002
0.643185 0.043845 0.107173 1612
0.643001 0.044029 0.107248 3454
0.642818 0.044029 0.107323 4839
0.642634 0.044212 0.107398 904
0.642451 0.044212 0.107474 1006
0.642267 0.044396 0.107549 711
0.642084 0.044579 0.107625 2377
0.641901 0.044762 0.107701 4472
0.641717 0.044946 0.107778 1222
0.641534 0.045129 0.107854 924
0.641350 0.045313 0.107931 2665
0.641167 0.045313 0.108006 3840
0.640983 0.045496 0.108083 2918
0.640800 0.045496 0.108159 482
0.640616 0.045680 0.108236 2264
0.640433 0.045863 0.108314 2408
0.640249 0.045863 0.112387 4654
0.640066 0.045863 0.112456 2860
0.639883 0.045863 0.112526 658
0.639699 0.045863 0.112596 4898
0.639516 0.045863 0.112666 378
0.639332 0.045863 0.112736 1015
0.639149 0.045863 0.112807 1255
0.638965 0.045863 0.112877 4706
0.638782 0.045863 0.112949 4189
0.638598 0.045863 0.113020 944
0.638415 0.045863 0.113091 387
0.638232 0.045863 0.113163 3185
0.638048 0.045863 0.113235 4094
0.637865 0.045863 0.113308 1232
0.637681 0.045863 0.113380 1946
0.637498 0.045863 0.113453 2596
0.637314 0.045863 0.113526 2174
0.637131 0.045863 0.113600 1992
0.636947 0.045863 0.113673 2813
0.636764 0.045863 0.113747 3140
0.636580 0.046047 0.113821 2505
0.636397 0.046047 0.113895 1221
0.636214 0.046230 0.113970 2307
0.636030 0.046414 0.114044 5124
0.635847 0.046597 0.114119 4932
0.635663 0.046780 0.114194 3421
0.635480 0.046780 0.114268 3208
0.635296 0.046964 0.114343 2236
0.635113 0.047147 0.114419 660
0.634929 0.047331 0.114494 1365
0.634746 0.047514 0.114570 4149
0.634562 0.047698 0.114647 2933
0.634379 0.047881 0.114723 328
0.634196 0.048065 0.114800 3791
0.634012 0.048248 0.114877 748
0.633829 0.048431 0.114954 2534
0.633645 0.048615 0.115031 2892
0.633462 0.048615 0.115102 3938
0.633278 0.048615 0.119610 457
0.633095 0.048615 0.119681 1769
0.632911 0.048615 0.119752 4412
0.632728 0.048615 0.119822 3285
0.632544 0.048615 0.119894 888
0.632361 0.048615 0.119965 345
0.632178 0.048615 0.120037 1391
0.631994 0.048615 0.120109 3418
0.631811 0.048615 0.120181 5317
0.631627 0.048615 0.120253 646
0.631444 0.048615 0.120326 4035
0.631260 0.048615 0.120399 4430
0.631077 0.048615 0.120472 1352
0.630893 0.048615 0.120545 4431
0.630710 0.048615 0.120619 5118
0.630527 0.048615 0.120692 803
0.630343 0.048798 0.120766 1223
0.630160 0.048798 0.120840 3922
0.629976 0.048982 0.120914 3151
0.629793 0.048982 0.120989 1664
0.629609 0.049165 0.121063 1249
0.629426 0.049349 0.121138 2648
0.629242 0.049532 0.121212 4778
0.629059 0.049716 0.121288 3032
0.628875 0.049716 0.121362 3070
0.628692 0.049899 0.121437 2798
0.628509 0.050083 0.121513 2381
0.628325 0.050083 0.121580 4267
0.628142 0.050266 0.121656 1497
0.627958 0.050266 0.121726 397
0.627775 0.050266 0.121800 4306
0.627591 0.050449 0.121876 2115
0.627408 0.050449 0.121946 4529
0.627224 0.050633 0.122022 3792
0.627041 0.050816 0.122098 2410
0.626857 0.051000 0.122174 412
0.626674 0.051183 0.122251 3935
0.626491 0.051367 0.122328 893
0.626307 0.051367 0.127349 4815
0.626124 0.051367 0.127421 4486
0.625940 0.051367 0.127494 4982
0.625757 0.051367 0.127566 4682
0.625573 0.051367 0.127639 2872
0.625390 0.051367 0.127713 4881
0.625206 0.051367 0.127786 3576
0.625023 0.051367 0.127859 2539
0.624839 0.051550 0.127933 4301
0.624656 0.051734 0.128007 3979
0.624473 0.051917 0.128082 2356
0.624289 0.052101 0.128156 4488
0.624106 0.052284 0.128231 3049
0.623922 0.052467 0.128306 3458
0.623739 0.052651 0.128381 1188
0.623555 0.052651 0.128454 1087
0.623372 0.052834 0.128530 3426
0.623188 0.053018 0.128605 3511
0.623005 0.053201 0.128681 2546
0.622822 0.053385 0.128757 2724
0.622638 0.053568 0.128833 840
0.622455 0.053752 0.128909 3363
0.622271 0.053935 0.128986 3347
0.622088 0.054119 0.129063 3283
0.621904 0.054119 0.129136 332
0.621721 0.054302 0.129213 2436
0.621537 0.054485 0.129290 3687
0.621354 0.054669 0.129368 1695
0.621170 0.054852 0.129445 1810
0.620987 0.055036 0.129523 3824
0.620804 0.055219 0.129601 3106
0.620620 0.055403 0.129680 2982
0.620437 0.055403 0.129753 3675
0.620253 0.055403 0.135443 1278
0.620070 0.055403 0.135517 4960
0.619886 0.055403 0.135592 5291
0.619703 0.055403 0.135667 2118
0.619519 0.055586 0.135742 247
0.619336 0.055770 0.135817 4825
0.619152 0.055953 0.135892 4194
0.618969 0.056136 0.135968 1629
0.618786 0.056320 0.136044 3241
0.618602 0.056503 0.136120 684
0.618419 0.056687 0.136196 3509
0.618235 0.056870 0.136273 2716
0.618052 0.057054 0.136349 1831
0.617868 0.057237 0.136426 1783
0.617685 0.057421 0.136503 2965
0.617501 0.057604 0.136581 1573
0.617318 0.057788 0.136658 871
0.617134 0.057971 0.136736 1851
0.616951 0.058154 0.136814 4846
0.616768 0.058338 0.136892 1707
0.616584 0.058521 0.136970 269
0.616401 0.058705 0.137048 3858
0.616217 0.058888 0.137127 3316
0.616034 0.059072 0.137206 652
0.615850 0.059255 0.137285 1807
0.615667 0.059439 0.137364 2247
0.615483 0.059622 0.137444 2668
0.615300 0.059806 0.137523 4206
0.615116 0.059989 0.137603 3562
0.614933 0.060172 0.137683 623
0.614750 0.060356 0.137764 161
0.614566 0.060539 0.137844 788
0.614383 0.060723 0.137925 1777
0.614199 0.060906 0.138006 2354
0.614016 0.061090 0.138087 2827
0.613832 0.061273 0.138168 3483
0.613649 0.061457 0.138250 2678
0.613465 0.061640 0.138331 919
0.613282 0.061824 0.138413 4772
0.613099 0.062007 0.138495 1452
0.612915 0.062190 0.138577 1358
0.612732 0.062374 0.138660 1243
0.612548 0.062557 0.138742 1321
0.612365 0.062741 0.138825 3911
0.612181 0.062924 0.138908 5047
0.611998 0.063108 0.138991 3233
0.611814 0.063291 0.139075 3539
0.611631 0.063475 0.139158 512
0.611447 0.063658 0.139242 268
0.611264 0.063841 0.139326 3366
0.611081 0.064025 0.139410 3680
0.610897 0.082003 0.150930 673
0.610714 0.082003 0.151008 3739
0.610530 0.082003 0.151086 3482
0.610347 0.082003 0.151164 2451
0.610163 0.082187 0.151264 1862
0.609980 0.082370 0.151364 2444
0.609796 0.082554 0.151464 3209
0.609613 0.082737 0.151564 738
0.609429 0.082737 0.151642 552
0.609246 0.082921 0.151742 158
0.609063 0.083104 0.151843 1858
0.608879 0.083287 0.151943 4608
0.608696 0.083471 0.152044 4569
0.608512 0.083654 0.152144 3762
0.608329 0.083838 0.152245 5359
0.608145 0.084021 0.152347 858
0.607962 0.084205 0.152448 4456
0.607778 0.084388 0.152549 3817
0.607595 0.084388 0.152627 1209
0.607411 0.084572 0.152729 5084
0.607228 0.084755 0.152830 4349
0.607045 0.084755 0.152908 4664
0.606861 0.084939 0.153010 4522
0.606678 0.085122 0.153112 2496
0.606494 0.085305 0.153214 1610
0.606311 0.085489 0.153316 280
0.606127 0.085672 0.153419 1406
0.605944 0.085856 0.153521 640
0.605760 0.086039 0.153624 281
0.605577 0.086223 0.153727 191
0.605394 0.086406 0.153830 213
0.605210 0.086590 0.153933 2477
0.605027 0.086773 0.154036 1520
0.604843 0.086957 0.154139 4193
0.604660 0.087140 0.154243 2953
0.604476 0.087323 0.154347 3325
0.604293 0.087507 0.154451 4929
0.604109 0.087690 0.154555 3317
0.603926 0.087874 0.154659 2361
0.603742 0.088057 0.154763 2841
0.603559 0.088241 0.154868 4152
0.603376 0.088424 0.154972 2449
0.603192 0.088608 0.155077 795
0.603009 0.088791 0.155182 2927
0.602825 0.088975 0.155287 4102
0.602642 0.089158 0.155392 3226
0.602458 0.089341 0.155497 4670
0.602275 0.089525 0.155603 3227
0.602091 0.089708 0.155708 1785
0.601908 0.089892 0.155814 3053
0.601724 0.090075 0.155920 2293
0.601541 0.090259 0.156026 1159
0.601358 0.090442 0.156132 2060
0.601174 0.090626 0.156239 2869
0.600991 0.090809 0.156345 2515
0.600807 0.090992 0.156452 2013
0.600624 0.091176 0.156559 3692
0.600440 0.091359 0.156665 5229
0.600257 0.091543 0.156773 1935
0.600073 0.091726 0.156880 202
0.599890 0.091910 0.156987 3804
0.599706 0.092093 0.157095 4573
0.599523 0.092277 0.157202 1940
0.599340 0.092460 0.157310 1752
0.599156 0.092644 0.157418 2295
0.598973 0.092827 0.157526 176
0.598789 0.093010 0.157634 5071
0.598606 0.093194 0.157742 2969
0.598422 0.093377 0.157851 2652
0.598239 0.093561 0.157959 4373
0.598055 0.093744 0.158068 2866
0.597872 0.093928 0.158177 4157
0.597688 0.094111 0.158286 3884
0.597505 0.094295 0.158395 1519
0.597322 0.094478 0.158504 3799
0.597138 0.094662 0.158614 2404
0.596955 0.094845 0.158723 2792
0.596771 0.095028 0.158833 899
0.596588 0.095212 0.158943 4257
0.596404 0.095395 0.159053 3324
0.596221 0.095579 0.159163 4407
0.596037 0.095762 0.159273 709
0.595854 0.095946 0.159384 1258
0.595671 0.096129 0.159494 3514
0.595487 0.096129 0.171465 2175
0.595304 0.096129 0.171560 3925
0.595120 0.096129 0.171656 1999
0.594937 0.096129 0.171752 4074
0.594753 0.096129 0.171848 603
0.594570 0.096129 0.171944 3757
0.594386 0.096129 0.172041 4999
0.594203 0.096129 0.172137 5308
0.594019 0.096129 0.172234 4571
0.593836 0.096129 0.172331 428
0.593653 0.096129 0.172428 5250
0.593469 0.096129 0.172525 984
0.593286 0.096129 0.172622 4252
0.593102 0.096129 0.172719 1022
0.592919 0.096129 0.172817 254
0.592735 0.096129 0.172915 4850
0.592552 0.096129 0.173012 2990
0.592368 0.096129 0.173110 5142
0.592185 0.096129 0.173208 4918
0.592001 0.096129 0.173306 2950
0.591818 0.096129 0.173405 1484
0.591635 0.096129 0.173503 2645
0.591451 0.096129 0.173602 3704
0.591268 0.096129 0.173701 4406
0.591084 0.096129 0.173800 4260
0.590901 0.096129 0.173899 1657
0.590717 0.096129 0.173998 3471
0.590534 0.096129 0.174097 4572
0.590350 0.096129 0.174196 4466
0.590167 0.096129 0.174296 1178
0.589983 0.096129 0.174396 1753
0.589800 0.096129 0.174496 1925
0.589617 0.096129 0.174595 2087
0.589433 0.096129 0.174696 1970
0.589250 0.096129 0.174796 1301
0.589066 0.096129 0.174896 4389
0.588883 0.096129 0.174997 3206
0.588699 0.096129 0.175097 2373
0.588516 0.096313 0.175198 4216
0.588332 0.096496 0.175299 4590
0.588149 0.096680 0.175400 1743
0.587966 0.096863 0.175501 794
0.587782 0.097046 0.175603 1168
0.587599 0.097230 0.175704 605
0.587415 0.097413 0.175806 2529
0.587232 0.097597 0.175907 1300
0.587048 0.097780 0.176009 1592
0.586865 0.097964 0.176111 1287
0.586681 0.098147 0.176213 1060
0.586498 0.098331 0.176316 1598
0.586314 0.098514 0.176418 1738
0.586131 0.098697 0.176520 3559
0.585948 0.098881 0.176623 1887
0.585764 0.099064 0.176726 3820
0.585581 0.099248 0.176829 1029
0.585397 0.099431 0.176932 595
0.585214 0.099615 0.177035 2388
0.585030 0.099798 0.177138 3867
0.584847 0.099982 0.177242 3104
0.584663 0.100165 0.177345 1756
0.584480 0.100349 0.177449 1596
0.584296 0.100532 0.177553 1319
0.584113 0.100715 0.177657 430
0.583930 0.100899 0.177761 714
0.583746 0.101082 0.177865 1173
0.583563 0.101266 0.177969 1166
0.583379 0.101449 0.178074 1864
0.583196 0.101633 0.178178 2752
0.583012 0.101816 0.178283 4866
0.582829 0.102000 0.178388 2612
0.582645 0.102183 0.178493 2413
0.582462 0.102367 0.178598 961
0.582278 0.102550 0.178703 2626
0.582095 0.102733 0.178808 3323
0.581912 0.102917 0.178914 3827
0.581728 0.103100 0.179019 3456
0.581545 0.103284 0.179125 4026
0.581361 0.103467 0.179231 3034
0.581178 0.103651 0.179337 1628
0.580994 0.103834 0.179443 1539
0.580811 0.104018 0.179549 253
0.580627 0.104201 0.179656 2154
0.580444 0.104385 0.179762 867
0.580261 0.104568 0.179869 1446
0.580077 0.104751 0.179975 3354
0.579894 0.104751 0.180073 257
0.579710 0.104935 0.180180 2910
0.579527 0.105118 0.180287 2679
0.579343 0.105118 0.180385 2048
0.579160 0.105118 0.180483 3142
0.578976 0.105302 0.180590 1874
0.578793 0.105485 0.180697 3636
0.578609 0.105669 0.180804 1354
0.578426 0.105852 0.180912 2552
0.578243 0.106036 0.181019 2553
0.578059 0.106036 0.181117 2853
0.577876 0.106219 0.181225 1822
0.577692 0.106402 0.181332 1649
0.577509 0.106586 0.181440 2943
0.577325 0.106769 0.181548 3287
0.577142 0.106953 0.181656 2347
0.576958 0.107136 0.181764 508
0.576775 0.107320 0.181872 2733
0.576591 0.107503 0.181980 1920
0.576408 0.107687 0.182089 2630
0.576225 0.107870 0.182197 2095
0.576041 0.108054 0.182306 3194
0.575858 0.108237 0.182415 3906
0.575674 0.108420 0.182524 2285
0.575491 0.108604 0.182633 509
0.575307 0.108787 0.182742 3086
0.575124 0.108971 0.182851 2458
0.574940 0.109154 0.182961 4429
0.574757 0.109338 0.183070 620
0.574573 0.109521 0.183180 3553
0.574390 0.109705 0.183289 3920
0.574207 0.109888 0.183399 2326
0.574023 0.110072 0.183509 4084
0.573840 0.110255 0.183619 153
0.573656 0.110438 0.183730 2240
0.573473 0.110622 0.183840 4120
0.573289 0.110805 0.183950 543
0.573106 0.110989 0.184061 3708
0.572922 0.111172 0.184172 659
0.572739 0.111356 0.184282 2125
0.572555 0.111539 0.184393 4693
0.572372 0.111723 0.184504 3835
0.572189 0.111906 0.184615 4308
0.572005 0.112090 0.184727 2136
0.571822 0.112090 0.184823 2512
0.571638 0.112090 0.197570 5028
0.571455 0.112090 0.197662 5006
0.571271 0.112090 0.197754 5132
0.571088 0.112090 0.197846 3525
0.570904 0.112090 0.197938 2846
0.570721 0.112090 0.198030 4786
0.570538 0.112090 0.198123 4479
0.570354 0.112090 0.198215 5120
0.570171 0.112090 0.198308 437
0.569987 0.112090 0.198400 3108
0.569804 0.112090 0.198493 2508
0.569620 0.112090 0.198586 2926
0.569437 0.112090 0.198679 4753
0.569253 0.112090 0.198773 3828
0.569070 0.112090 0.198866 2336
0.568886 0.112090 0.198959 2922
0.568703 0.112090 0.199053 1463
0.568520 0.112090 0.199147 2255
0.568336 0.112090 0.199241 4545
0.568153 0.112090 0.199335 5052
0.567969 0.112090 0.199429 982
0.567786 0.112090 0.199523 999
0.567602 0.112090 0.199617 4282
0.567419 0.112090 0.199712 4091
0.567235 0.112090 0.199806 3612
0.567052 0.112090 0.199901 264
0.566868 0.112090 0.199996 1046
0.566685 0.112090 0.200091 3360
0.566502 0.112090 0.200186 1114
0.566318 0.112090 0.200281 3631
0.566135 0.112090 0.200376 2480
0.565951 0.112090 0.200472 3405
0.565768 0.112090 0.200568 703
0.565584 0.112090 0.200663 394
0.565401 0.112090 0.200759 1053
0.565217 0.112090 0.200855 4565
0.565034 0.112090 0.200951 1600
0.564850 0.112090 0.201047 2384
0.564667 0.112090 0.201144 2829
0.564484 0.112090 0.201240 2414
0.564300 0.112090 0.201337 1073
0.564117 0.112090 0.201433 3661
0.563933 0.112090 0.201530 2460
0.563750 0.112090 0.201627 474
0.563566 0.112090 0.201724 3193
0.563383 0.112090 0.201821 2516
0.563199 0.112090 0.201918 4065
0.563016 0.112090 0.202016 4801
0.562833 0.112090 0.202113 3662
0.562649 0.112090 0.202211 1437
0.562466 0.112090 0.202309 4165
0.562282 0.112090 0.202407 3786
0.562099 0.112090 0.202505 3707
0.561915 0.112090 0.202603 3745
0.561732 0.112090 0.202701 363
0.561548 0.112090 0.202799 4785
0.561365 0.112090 0.202898 393
0.561181 0.112090 0.202996 3683
0.560998 0.112090 0.203095 2308
0.560815 0.112090 0.203194 331
0.560631 0.112090 0.203293 402
0.560448 0.112090 0.203392 575
0.560264 0.112090 0.203491 513
0.560081 0.112090 0.203590 756
0.559897 0.112090 0.203690 4759
0.559714 0.112090 0.203777 221
0.559530 0.112090 0.203877 239
0.559347 0.112090 0.203976 3961
0.559163 0.112090 0.204076 1047
0.558980 0.112090 0.204176 589
0.558797 0.112090 0.204276 854
0.558613 0.112090 0.204376 916
0.558430 0.112273 0.204477 519
0.558246 0.112273 0.204577 815
0.558063 0.112273 0.204677 523
0.557879 0.112273 0.204777 2110
0.557696 0.112273 0.204878 2306
0.557512 0.112456 0.204978 1950
0.557329 0.120712 0.221983 2565
0.557145 0.120895 0.222083 5096
0.556962 0.121079 0.222183 5323
0.556779 0.121262 0.222283 4108
0.556595 0.121446 0.222383 5312
0.556412 0.121629 0.222484 3712
0.556228 0.121813 0.222584 1399
0.556045 0.121996 0.222684 310
0.555861 0.122179 0.222785 225
0.555678 0.122363 0.222886 5115
0.555494 0.122546 0.222986 4811
0.555311 0.122730 0.223087 1508
0.555127 0.122913 0.223188 1256
0.554944 0.123097 0.223289 2222
0.554761 0.123280 0.223390 155
0.554577 0.123464 0.223492 1389
0.554394 0.123647 0.223593 4371
0.554210 0.123830 0.223695 214
0.554027 0.124014 0.223796 586
0.553843 0.124197 0.223898 4977
0.553660 0.124381 0.224000 4122
0.553476 0.124564 0.224102 4755
0.553293 0.124748 0.224204 5151
0.553110 0.124931 0.224306 1474
0.552926 0.125115 0.224408 1091
0.552743 0.125298 0.224510 2141
0.552559 0.125482 0.224613 4063
0.552376 0.125665 0.224715 2309
0.552192 0.125848 0.224818 3300
0.552009 0.126032 0.224921 1754
0.551825 0.126215 0.225024 1724
0.551642 0.126399 0.225127 2075
0.551458 0.126582 0.225230 1974
0.551275 0.126766 0.225333 3604
0.551092 0.126949 0.225436 2897
0.550908 0.127133 0.225539 466
0.550725 0.127316 0.225643 1293
0.550541 0.127500 0.225746 3239
0.550358 0.127683 0.225850 1429
0.550174 0.127866 0.225954 1838
0.549991 0.128050 0.226058 4040
0.549807 0.128233 0.226162 467
0.549624 0.128417 0.226266 1821
0.549440 0.128600 0.226370 2812
0.549257 0.128784 0.226474 958
0.549074 0.128967 0.226579 2105
0.548890 0.129151 0.226683 1906
0.548707 0.129334 0.226788 4261
0.548523 0.129518 0.226892 2447
0.548340 0.129701 0.226997 963
0.548156 0.129884 0.227102 3784
0.547973 0.130068 0.227207 2794
0.547789 0.130251 0.227312 4568
0.547606 0.130435 0.227417 1338
0.547422 0.130618 0.227522 3245
0.547239 0.130802 0.227628 3694
0.547056 0.130985 0.227733 2944
0.546872 0.131169 0.227839 3586
0.546689 0.131352 0.227944 4651
0.546505 0.131352 0.228035 2917
0.546322 0.131535 0.228141 3382
0.546138 0.131535 0.228231 1035
0.545955 0.131719 0.228337 3189
0.545771 0.131719 0.228427 2198
0.545588 0.131719 0.228518 496
0.545405 0.131902 0.228624 2722
0.545221 0.132086 0.228729 368
0.545038 0.132269 0.228835 3735
0.544854 0.132453 0.228942 2862
0.544671 0.132636 0.229048 1020
0.544487 0.132820 0.229154 3038
0.544304 0.133003 0.229260 851
0.544120 0.133187 0.229367 1961
0.543937 0.133370 0.229473 872
0.543753 0.133553 0.229580 1528
0.543570 0.133737 0.229687 3497
0.543387 0.133920 0.229794 1220
0.543203 0.134104 0.229901 1506
0.543020 0.134287 0.230008 1388
0.542836 0.134471 0.230115 241
0.542653 0.134654 0.230222 2494
0.542469 0.134838 0.230330 1819
0.542286 0.135021 0.230437 2775
0.542102 0.135205 0.230544 3257
0.541919 0.135388 0.230652 1627
0.541735 0.135571 0.230760 3540
0.541552 0.135755 0.230868 3512
0.541369 0.135938 0.230976 683
0.541185 0.136122 0.231084 2374
0.541002 0.136305 0.231192 1852
0.540818 0.136489 0.231300 698
0.540635 0.136672 0.231408 2703
0.540451 0.136856 0.231517 1981
0.540268 0.137039 0.231625 1393
0.540084 0.137223 0.231734 2838
0.539901 0.137406 0.231842 3380
0.539717 0.137589 0.231951 970
0.539534 0.137773 0.232060 889
0.539351 0.137956 0.232169 3037
0.539167 0.138140 0.232278 1931
0.538984 0.138323 0.232387 2350
0.538800 0.138507 0.232496 3836
0.538617 0.138690 0.232606 2730
0.538433 0.138874 0.232715 303
0.538250 0.139057 0.232825 450
0.538066 0.139241 0.232934 2312
0.537883 0.139424 0.233044 5080
0.537700 0.139607 0.233154 1530
0.537516 0.139791 0.233264 3698
0.537333 0.139974 0.233374 561
0.537149 0.140158 0.233484 386
0.536966 0.140341 0.233594 2594
0.536782 0.140525 0.233704 534
0.536599 0.140708 0.233815 4046
0.536415 0.140892 0.233925 4498
0.536232 0.141075 0.234036 1250
0.536048 0.141258 0.234146 1908
0.535865 0.141442 0.234257 1415
0.535682 0.141625 0.234368 3589
0.535498 0.141809 0.234479 3334
0.535315 0.141992 0.234590 3730
0.535131 0.142176 0.234701 2607
0.534948 0.142359 0.234812 1451
0.534764 0.142543 0.234923 1440
0.534581 0.142726 0.235035 990
0.534397 0.142910 0.235146 3695
0.534214 0.143093 0.235258 542
0.534030 0.143276 0.235369 2418
0.533847 0.143460 0.235481 4462
0.533664 0.143643 0.235593 2673
0.533480 0.143827 0.235705 1402
0.533297 0.144010 0.235817 3109
0.533113 0.144194 0.235929 2640
0.532930 0.144377 0.236041 4877
0.532746 0.144561 0.236153 3466
0.532563 0.144744 0.236265 3596
0.532379 0.144928 0.236378 1755
0.532196 0.145111 0.236490 4061
0.532012 0.145294 0.236603 1459
0.531829 0.145478 0.236716 1884
0.531646 0.145661 0.236828 1183
0.531462 0.145845 0.236941 3107
0.531279 0.146028 0.237054 3090
0.531095 0.146212 0.237167 4613
0.530912 0.146395 0.237281 1883
0.530728 0.146579 0.237394 3258
0.530545 0.146762 0.237507 915
0.530361 0.146946 0.237620 2072
0.530178 0.147129 0.237734 3611
0.529994 0.147312 0.237848 3147
0.529811 0.147496 0.237961 1272
0.529628 0.147679 0.238075 1042
0.529444 0.147863 0.238189 1832
0.529261 0.148046 0.238303 454
0.529077 0.148230 0.238417 3842
0.528894 0.148413 0.238531 2606
0.528710 0.148597 0.238645 940
0.528527 0.148780 0.238759 648
0.528343 0.148963 0.238874 4714
0.528160 0.149147 0.238988 3814
0.527977 0.149330 0.239103 1390
0.527793 0.149514 0.239217 624
0.527610 0.149697 0.239332 4121
0.527426 0.149881 0.239447 1438
0.527243 0.150064 0.239562 1881
0.527059 0.150248 0.239677 1718
0.526876 0.150431 0.239792 3769
0.526692 0.150615 0.239907 3633
0.526509 0.150798 0.240022 2324
0.526325 0.150981 0.240137 3039
0.526142 0.151165 0.240253 5154
0.525959 0.151348 0.240368 376
0.525775 0.151532 0.240484 2018
0.525592 0.151715 0.240599 3033
0.525408 0.151899 0.240715 4559
0.525225 0.152082 0.240831 2479
0.525041 0.152266 0.240947 928
0.524858 0.152449 0.241063 1700
0.524674 0.152633 0.241179 3169
0.524491 0.152816 0.241295 2939
0.524307 0.152999 0.241411 4070
0.524124 0.153183 0.241527 2316
0.523941 0.153366 0.241644 4530
0.523757 0.153550 0.241760 4704
0.523574 0.153733 0.241877 3019
0.523390 0.153917 0.241993 3045
0.523207 0.154100 0.242110 2097
0.523023 0.154284 0.242227 2421
0.522840 0.154467 0.242344 3474
0.522656 0.154651 0.242461 2137
0.522473 0.154834 0.242578 1715
0.522289 0.155017 0.242695 2676
0.522106 0.155201 0.242812 5403
0.521923 0.155384 0.242930 2010
0.521739 0.155568 0.243047 2501
0.521556 0.155751 0.243164 3572
0.521372 0.155935 0.243282 2936
0.521189 0.156118 0.243400 1522
0.521005 0.156302 0.243517 1294
0.520822 0.156485 0.243635 2341
0.520638 0.156669 0.243753 836
0.520455 0.156852 0.243871 3758
0.520272 0.157035 0.243989 860
0.520088 0.157219 0.244107 2044
0.519905 0.157402 0.244225 1219
0.519721 0.157586 0.244344 792
0.519538 0.157769 0.244462 1189
0.519354 0.157953 0.244580 2858
0.519171 0.158136 0.244699 228
0.518987 0.158320 0.244817 2771
0.518804 0.158503 0.244936 1340
0.518620 0.158686 0.245055 4292
0.518437 0.158870 0.245174 3093
0.518254 0.159053 0.245293 2168
0.518070 0.159237 0.245412 2066
0.517887 0.159420 0.245531 1416
0.517703 0.159604 0.245650 4688
0.517520 0.159787 0.245769 2349
0.517336 0.159971 0.245888 2572
0.517153 0.160154 0.246008 2573
0.516969 0.160338 0.246127 537
0.516786 0.160521 0.246247 1809
0.516602 0.210053 0.287434 4852
0.516419 0.210053 0.287537 336
0.516236 0.210053 0.287639 3622
0.516052 0.210237 0.287773 4777
0.515869 0.210237 0.287876 4762
0.515685 0.210237 0.287979 2119
0.515502 0.210237 0.288081 1457
0.515318 0.210420 0.288215 1991
0.515135 0.210604 0.288349 5430
0.514951 0.210787 0.288483 4492
0.514768 0.210970 0.288617 4653
0.514584 0.211154 0.288751 1554
0.514401 0.211337 0.288886 4680
0.514218 0.211521 0.289020 503
0.514034 0.211704 0.289154 576
0.513851 0.211888 0.289288 5117
0.513667 0.212071 0.289423 4635
0.513484 0.212255 0.289557 641
0.513300 0.212438 0.289692 4859
0.513117 0.212622 0.289826 4623
0.512933 0.212805 0.289961 5329
0.512750 0.212988 0.290096 3003
0.512567 0.213172 0.290230 371
0.512383 0.213355 0.290365 5390
0.512200 0.213539 0.290500 5255
0.512016 0.213722 0.290635 289
0.511833 0.213906 0.290770 2040
0.511649 0.214089 0.290905 4104
0.511466 0.214273 0.291040 1515
0.511282 0.214456 0.291175 330
0.511099 0.214640 0.291310 5324
0.510915 0.214823 0.291445 3010
0.510732 0.215006 0.291580 366
0.510549 0.215190 0.291716 776
0.510365 0.215373 0.291851 751
0.510182 0.215557 0.291987 876
0.509998 0.215740 0.292122 1847
0.509815 0.215924 0.292258 5306
0.509631 0.216107 0.292393 2186
0.509448 0.216291 0.292529 4958
0.509264 0.216474 0.292664 597
0.509081 0.216657 0.292800 288
0.508897 0.216841 0.292936 4007
0.508714 0.217024 0.293072 861
0.508531 0.217208 0.293208 4760
0.508347 0.217391 0.293343 4359
0.508164 0.217575 0.293479 5220
0.507980 0.217758 0.293615 2756
0.507797 0.217942 0.293752 5099
0.507613 0.218125 0.293888 4796
0.507430 0.218309 0.294024 380
0.507246 0.218492 0.294160 2056
0.507063 0.218675 0.294296 370
0.506879 0.218859 0.294433 4887
0.506696 0.219042 0.294569 231
0.506513 0.219226 0.294706 4745
0.506329 0.219409 0.294842 1914
0.506146 0.219593 0.294979 5392
0.505962 0.219776 0.295115 2345
0.505779 0.219960 0.295252 3221
0.505595 0.220143 0.295389 4019
0.505412 0.220327 0.295525 4167
0.505228 0.220510 0.295662 2415
0.505045 0.220693 0.295799 4771
0.504861 0.220877 0.295936 4095
0.504678 0.221060 0.296073 2870
0.504495 0.221244 0.296210 3617
0.504311 0.221427 0.296347 1238
0.504128 0.221611 0.296484 1421
0.503944 0.221794 0.296621 3410
0.503761 0.221978 0.296758 4835
0.503577 0.222161 0.296896 1237
0.503394 0.222345 0.297033 1893
0.503210 0.222528 0.297170 3843
0.503027 0.222711 0.297308 4686
0.502844 0.222895 0.297445 4251
0.502660 0.223078 0.297583 1444
0.502477 0.223262 0.297720 2320
0.502293 0.223445 0.297858 2848
0.502110 0.223629 0.297995 3907
0.501926 0.223812 0.298133 1734
0.501743 0.223996 0.298271 4405
0.501559 0.224179 0.298409 1788
0.501376 0.224363 0.298546 3249
0.501192 0.224546 0.298684 2225
0.501009 0.224729 0.298822 5172
0.500826 0.224913 0.298960 2981
0.500642 0.225096 0.299098 4246
0.500459 0.225280 0.299236 4828
0.500275 0.225463 0.299374 2695
0.500092 0.225647 0.299513 2932
0.499908 0.225830 0.299651 4954
0.499725 0.226014 0.299789 4659
0.499541 0.226197 0.299928 3358
0.499358 0.226380 0.300066 1998
0.499174 0.226564 0.300204 2574
0.498991 0.226747 0.300343 2931
0.498808 0.226931 0.300481 3808
0.498624 0.227114 0.300620 2038
0.498441 0.227298 0.300759 3356
0.498257 0.227481 0.300897 4207
0.498074 0.227665 0.301036 4116
0.497890 0.227848 0.301175 1569
0.497707 0.228032 0.301313 3444
0.497523 0.228215 0.301452 2787
0.497340 0.228398 0.301591 3783
0.497156 0.228582 0.301730 2344
0.496973 0.228765 0.301869 5116
0.496790 0.228949 0.302008 2509
0.496606 0.229132 0.302147 2671
0.496423 0.229316 0.302286 1611
0.496239 0.229499 0.302426 2393
0.496056 0.229683 0.302565 463
0.495872 0.229866 0.302704 2709
0.495689 0.230050 0.302844 2821
0.495505 0.230233 0.302983 1326
0.495322 0.230416 0.303122 3088
0.495139 0.230600 0.303262 4305
0.494955 0.230783 0.303401 674
0.494772 0.230967 0.303541 4172
0.494588 0.231150 0.303681 2064
0.494405 0.231334 0.303820 1136
0.494221 0.231517 0.303960 906
0.494038 0.231701 0.304100 3570
0.493854 0.231884 0.304239 591
0.493671 0.232068 0.304379 1133
0.493487 0.232251 0.304519 549
0.493304 0.232434 0.304659 1892
0.493121 0.232618 0.304799 1751
0.492937 0.232801 0.304939 3154
0.492754 0.232985 0.305079 3424
0.492570 0.233168 0.305219 3969
0.492387 0.233352 0.305360 1182
0.492203 0.233535 0.305500 216
0.492020 0.233719 0.305640 4470
0.491836 0.233902 0.305780 4016
0.491653 0.234085 0.305921 661
0.491469 0.234269 0.306061 5325
0.491286 0.234452 0.306201 308
0.491103 0.234636 0.306342 3286
0.490919 0.234819 0.306482 1835
0.490736 0.235003 0.306623 4224
0.490552 0.235186 0.306764 211
0.490369 0.235370 0.306904 544
0.490185 0.235553 0.307045 3079
0.490002 0.235737 0.307186 3116
0.489818 0.235920 0.307327 3201
0.489635 0.236103 0.307468 835
0.489451 0.236287 0.307608 3059
0.489268 0.236470 0.307749 2409
0.489085 0.236654 0.307890 4383
0.488901 0.236837 0.308031 2391
0.488718 0.237021 0.308172 3582
0.488534 0.237204 0.308314 1122
0.488351 0.237388 0.308455 1266
0.488167 0.237571 0.308596 1489
0.487984 0.237755 0.308737 953
0.487800 0.237938 0.308878 2006
0.487617 0.238121 0.309020 3252
0.487433 0.238305 0.309161 2562
0.487250 0.238488 0.309303 1157
0.487067 0.238672 0.309444 1622
0.486883 0.238855 0.309586 2260
0.486700 0.239039 0.309727 1565
0.486516 0.239222 0.309869 4335
0.486333 0.239406 0.310010 913
0.486149 0.239589 0.310152 713
0.485966 0.239773 0.310294 4213
0.485782 0.239956 0.310436 2223
0.485599 0.240139 0.310577 1152
0.485416 0.240323 0.310719 1350
0.485232 0.240506 0.310861 2348
0.485049 0.240690 0.311003 3602
0.484865 0.240873 0.311145 3744
0.484682 0.241057 0.311287 3964
0.484498 0.241240 0.311429 1070
0.484315 0.241424 0.311571 4526
0.484131 0.241607 0.311714 2407
0.483948 0.241790 0.311856 2063
0.483764 0.241974 0.311998 4288
0.483581 0.242157 0.312140 3288
0.483398 0.242341 0.312283 1632
0.483214 0.242524 0.312425 1687
0.483031 0.242708 0.312568 4547
0.482847 0.242891 0.312710 2144
0.482664 0.243075 0.312853 1226
0.482480 0.243258 0.312995 2096
0.482297 0.243442 0.313138 972
0.482113 0.243625 0.313280 619
0.481930 0.243808 0.313423 3894
0.481746 0.243992 0.313566 2995
0.481563 0.244175 0.313709 1445
0.481380 0.244359 0.313851 1574
0.481196 0.244542 0.313994 514
0.481013 0.244726 0.314137 1555
0.480829 0.244909 0.314280 3319
0.480646 0.245093 0.314423 2114
0.480462 0.245276 0.314566 4540
0.480279 0.245460 0.314709 3892
0.480095 0.245643 0.314852 4829
0.479912 0.245826 0.314995 1824
0.479728 0.246010 0.315139 3469
0.479545 0.246193 0.315282 4090
0.479362 0.246377 0.315425 171
0.479178 0.246560 0.315568 773
0.478995 0.246744 0.315712 4925
0.478811 0.246927 0.315855 901
0.478628 0.247111 0.315999 3672
0.478444 0.247294 0.316142 898
0.478261 0.247478 0.316286 2093
0.478077 0.247661 0.316429 4924
0.477894 0.247844 0.316573 2559
0.477711 0.248028 0.316716 1656
0.477527 0.248211 0.316860 4356
0.477344 0.248395 0.317004 1077
0.477160 0.248578 0.317148 1252
0.476977 0.248762 0.317291 903
0.476793 0.248945 0.317435 4420
0.476610 0.249129 0.317579 182
0.476426 0.249312 0.317723 316
0.476243 0.249496 0.317867 1140
0.476059 0.249679 0.318011 730
0.475876 0.249862 0.318155 708
0.475693 0.250046 0.318299 712
0.475509 0.250229 0.318443 352
0.475326 0.250413 0.318587 4888
0.475142 0.250596 0.318732 3346
0.474959 0.250780 0.318876 3725
0.474775 0.250963 0.319020 1144
0.474592 0.251147 0.319165 1945
0.474408 0.251330 0.319309 1717
0.474225 0.251513 0.319453 4010
0.474041 0.251697 0.319598 725
0.473858 0.251880 0.319742 3496
0.473675 0.252064 0.319887 2568
0.473491 0.252247 0.320031 2372
0.473308 0.252431 0.320176 655
0.473124 0.252614 0.320321 783
0.472941 0.252798 0.320465 1613
0.472757 0.252981 0.320610 2433
0.472574 0.253165 0.320755 1005
0.472390 0.253348 0.320900 4804
0.472207 0.253531 0.321045 2084
0.472023 0.253715 0.321189 209
0.471840 0.253898 0.321334 4343
0.471657 0.254082 0.321479 4586
0.471473 0.254265 0.321624 4273
0.471290 0.254449 0.321769 3872
0.471106 0.254632 0.321915 2582
0.470923 0.254816 0.322060 3989
0.470739 0.254999 0.322205 2190
0.470556 0.255183 0.322350 2023
0.470372 0.255366 0.322495 2281
0.470189 0.255549 0.322641 5066
0.470006 0.255733 0.322786 2022
0.469822 0.255916 0.322931 1616
0.469639 0.256100 0.323077 2663
0.469455 0.256283 0.323222 3077
0.469272 0.256467 0.323368 3415
0.469088 0.256650 0.323513 694
0.468905 0.256834 0.323659 1131
0.468721 0.257017 0.323804 2624
0.468538 0.257201 0.323950 2649
0.468354 0.257384 0.324096 4766
0.468171 0.257567 0.324241 3433
0.467988 0.257751 0.324387 1343
0.467804 0.257934 0.324533 1647
0.467621 0.258118 0.324679 3087
0.467437 0.258301 0.324824 3893
0.467254 0.258485 0.324970 1214
0.467070 0.258668 0.325116 1787
0.466887 0.258852 0.325262 1261
0.466703 0.259035 0.325408 4710
0.466520 0.259218 0.325554 2238
0.466336 0.259402 0.325700 4896
0.466153 0.259585 0.325847 3859
0.465970 0.259769 0.325993 343
0.465786 0.259952 0.326139 710
0.465603 0.260136 0.326285 1479
0.465419 0.260319 0.326431 4013
0.465236 0.260503 0.326578 4499
0.465052 0.260686 0.326724 798
0.464869 0.260870 0.326871 4028
0.464685 0.261053 0.327017 2988
0.464502 0.261236 0.327163 3985
0.464318 0.261420 0.327310 3250
0.464135 0.261603 0.327456 2360
0.463952 0.261787 0.327603 480
0.463768 0.261970 0.327750 2635
0.463585 0.262154 0.327896 838
0.463401 0.262337 0.328043 1419
0.463218 0.262521 0.328190 813
0.463034 0.262704 0.328337 3945
0.462851 0.262888 0.328483 2456
0.462667 0.263071 0.328630 1876
0.462484 0.263254 0.328777 3749
0.462300 0.263438 0.328924 1194
0.462117 0.263621 0.329071 2905
0.461934 0.263805 0.329218 3060
0.461750 0.263988 0.329365 2850
0.461567 0.264172 0.329512 727
0.461383 0.264355 0.329659 1106
0.461200 0.264539 0.329806 3024
0.461016 0.264722 0.329953 5012
0.460833 0.264906 0.330101 4342
0.460649 0.265089 0.330248 3065
0.460466 0.265272 0.330395 4110
0.460283 0.265456 0.330542 4652
0.460099 0.265639 0.330690 2524
0.459916 0.265823 0.330837 983
0.459732 0.266006 0.330984 2101
0.459549 0.266190 0.331132 3515
0.459365 0.266373 0.331279 222
0.459182 0.266557 0.331427 2370
0.458998 0.266740 0.331575 3557
0.458815 0.266924 0.331722 4842
0.458631 0.267107 0.331870 3954
0.458448 0.267290 0.332017 1420
0.458265 0.267474 0.332165 1002
0.458081 0.267657 0.332313 4276
0.457898 0.267841 0.332461 1711
0.457714 0.268024 0.332608 1582
0.457531 0.268208 0.332756 4952
0.457347 0.268391 0.332904 1276
0.457164 0.268575 0.333052 2176
0.456980 0.268758 0.333200 479
0.456797 0.268941 0.333348 1879
0.456613 0.269125 0.333496 1761
0.456430 0.269308 0.333644 4875
0.456247 0.269492 0.333792 245
0.456063 0.269675 0.333940 716
0.455880 0.269859 0.334089 2904
0.455696 0.270042 0.334237 2443
0.455513 0.270226 0.334385 2224
0.455329 0.270409 0.334533 3000
0.455146 0.270593 0.334682 2379
0.454962 0.270776 0.334830 2900
0.454779 0.270959 0.334978 750
0.454595 0.271143 0.335127 3668
0.454412 0.271326 0.335275 853
0.454229 0.271510 0.335424 908
0.454045 0.271693 0.335572 662
0.453862 0.271877 0.335721 3741
0.453678 0.272060 0.335869 2912
0.453495 0.272244 0.336018 274
0.453311 0.272427 0.336167 2822
0.453128 0.272611 0.336315 2919
0.452944 0.272794 0.336464 1291
0.452761 0.272977 0.336613 2808
0.452578 0.273161 0.336761 1458
0.452394 0.273344 0.336910 4118
0.452211 0.273528 0.337059 3560
0.452027 0.273711 0.337208 3128
0.451844 0.273895 0.337357 2890
0.451660 0.274078 0.337506 5289
0.451477 0.274262 0.337655 2719
0.451293 0.274445 0.337804 1381
0.451110 0.274629 0.337953 894
0.450926 0.274812 0.338102 2092
0.450743 0.274995 0.338251 339
0.450560 0.275179 0.338400 2525
0.450376 0.275362 0.338550 1617
0.450193 0.275546 0.338699 1829
0.450009 0.275729 0.338848 4227
0.449826 0.275913 0.338997 4474
0.449642 0.276096 0.339147 340
0.449459 0.276280 0.339296 3068
0.449275 0.276463 0.339445 2015
0.449092 0.276646 0.339595 3887
0.448908 0.276830 0.339744 5076
0.448725 0.277013 0.339894 942
0.448542 0.277197 0.340043 2083
0.448358 0.277380 0.340193 314
0.448175 0.277564 0.340343 2967
0.447991 0.277747 0.340492 3212
0.447808 0.277931 0.340642 3027
0.447624 0.278114 0.340792 2355
0.447441 0.278298 0.340941 4721
0.447257 0.278481 0.341091 2784
0.447074 0.278664 0.341241 1566
0.446890 0.278848 0.341391 617
0.446707 0.279031 0.341541 3399
0.446524 0.279215 0.341690 4124
0.446340 0.279398 0.341840 3238
0.446157 0.279582 0.341990 675
0.445973 0.279765 0.342140 3462
0.445790 0.279949 0.342290 3702
0.445606 0.280132 0.342440 1030
0.445423 0.280316 0.342590 574
0.445239 0.280499 0.342741 255
0.445056 0.280682 0.342891 1361
0.444873 0.280866 0.343041 1659
0.444689 0.281049 0.343191 4442
0.444506 0.281233 0.343341 4079
0.444322 0.281416 0.343492 1127
0.444139 0.281600 0.343642 1541
0.443955 0.281783 0.343792 1362
0.443772 0.281967 0.343943 2047
0.443588 0.282150 0.344093 3420
0.443405 0.282334 0.344244 256
0.443221 0.282517 0.344394 3294
0.443038 0.282700 0.344545 1082
0.442855 0.282884 0.344695 900
0.442671 0.283067 0.344846 4604
0.442488 0.283251 0.344996 270
0.442304 0.283434 0.345147 3732
0.442121 0.283618 0.345298 1505
0.441937 0.283801 0.345448 2929
0.441754 0.283985 0.345599 1583
0.441570 0.284168 0.345750 4248
0.441387 0.284351 0.345901 4235
0.441203 0.284535 0.346051 1951
0.441020 0.284718 0.346202 438
0.440837 0.284902 0.346353 3902
0.440653 0.285085 0.346504 1965
0.440470 0.285269 0.346655 2289
0.440286 0.285452 0.346806 1129
0.440103 0.285636 0.346957 169
0.439919 0.285819 0.347108 1795
0.439736 0.285819 0.396248 5007
0.439552 0.285819 0.396375 4663
0.439369 0.285819 0.396502 1577
0.439185 0.285819 0.396630 743
0.439002 0.285819 0.396757 3746
0.438819 0.285819 0.396884 5239
0.438635 0.285819 0.397011 4930
0.438452 0.285819 0.397139 1043
0.438268 0.285819 0.397266 5371
0.438085 0.285819 0.397394 4588
0.437901 0.285819 0.397521 1514
0.437718 0.285819 0.397649 2693
0.437534 0.285819 0.397776 841
0.437351 0.285819 0.397904 5249
0.437167 0.285819 0.398031 884
0.436984 0.285819 0.398159 262
0.436801 0.285819 0.398287 1280
0.436617 0.285819 0.398415 5090
0.436434 0.285819 0.398542 4697
0.436250 0.285819 0.398670 5260
0.436067 0.285819 0.398798 4580
0.435883 0.285819 0.398926 297
0.435700 0.285819 0.399054 4322
0.435516 0.285819 0.399182 5141
0.435333 0.285819 0.399310 5379
0.435150 0.285819 0.399438 4416
0.434966 0.285819 0.399567 4836
0.434783 0.285819 0.399695 1932
0.434599 0.285819 0.399823 3524
0.434416 0.285819 0.399951 5026
0.434232 0.285819 0.400080 1736
0.434049 0.285819 0.400208 4803
0.433865 0.285819 0.400337 3565
0.433682 0.285819 0.400465 3262
0.433498 0.285819 0.400594 4302
0.433315 0.285819 0.400722 282
0.433132 0.285819 0.400851 4734
0.432948 0.285819 0.400979 160
0.432765 0.285819 0.401108 4136
0.432581 0.285819 0.401237 978
0.432398 0.285819 0.401366 5156
0.432214 0.285819 0.401494 277
0.432031 0.285819 0.401623 5215
0.431847 0.285819 0.401752 250
0.431664 0.285819 0.401881 3800
0.431480 0.285819 0.402010 5000
0.431297 0.285819 0.402139 4163
0.431114 0.285819 0.402268 4902
0.430930 0.285819 0.402397 3768
0.430747 0.285819 0.402526 5274
0.430563 0.285819 0.402656 3028
0.430380 0.285819 0.402785 4537
0.430196 0.285819 0.402914 4303
0.430013 0.285819 0.403043 4979
0.429829 0.285819 0.403173 4344
0.429646 0.285819 0.403302 5128
0.429462 0.285819 0.403432 5382
0.429279 0.285819 0.403561 3664
0.429096 0.285819 0.403691 4923
0.428912 0.285819 0.403820 704
0.428729 0.285819 0.403950 5240
0.428545 0.285819 0.404080 163
0.428362 0.285819 0.404209 4575
0.428178 0.286003 0.404339 5397
0.427995 0.286186 0.404469 5203
0.427811 0.286369 0.404599 5089
0.427628 0.286553 0.404728 1696
0.427445 0.286736 0.404858 1118
0.427261 0.286920 0.404988 631
0.427078 0.287103 0.405118 5405
0.426894 0.287287 0.405248 379
0.426711 0.287470 0.405378 4833
0.426527 0.287654 0.405509 4378
0.426344 0.287837 0.405639 5122
0.426160 0.288021 0.405769 5131
0.425977 0.288204 0.405899 5300
0.425793 0.288387 0.406029 4199
0.425610 0.288571 0.406160 3686
0.425427 0.288754 0.406290 3929
0.425243 0.288938 0.406421 4494
0.425060 0.289121 0.406551 3714
0.424876 0.289305 0.406681 4895
0.424693 0.289488 0.406812 295
0.424509 0.289672 0.406943 1607
0.424326 0.289855 0.407073 530
0.424142 0.290039 0.407204 4964
0.423959 0.290222 0.407334 5081
0.423775 0.290405 0.407465 843
0.423592 0.290589 0.407596 4891
0.423409 0.290772 0.407727 583
0.423225 0.290956 0.407858 5188
0.423042 0.291139 0.407989 5074
0.422858 0.291323 0.408119 4291
0.422675 0.291506 0.408250 689
0.422491 0.291690 0.408381 1067
0.422308 0.291873 0.408512 5113
0.422124 0.292057 0.408644 4917
0.421941 0.292240 0.408775 5042
0.421757 0.292423 0.408906 179
0.421574 0.292607 0.409037 4683
0.421391 0.292790 0.409168 5169
0.421207 0.292974 0.409300 934
0.421024 0.293157 0.409431 3639
0.420840 0.293341 0.409562 4873
0.420657 0.293524 0.409694 3155
0.420473 0.293708 0.409825 2036
0.420290 0.293891 0.409957 1740
0.420106 0.294074 0.410088 309
0.419923 0.294258 0.410220 4594
0.419739 0.294441 0.410351 5039
0.419556 0.294625 0.410483 4030
0.419373 0.294808 0.410615 5322
0.419189 0.294992 0.410747 1081
0.419006 0.295175 0.410878 2228
0.418822 0.295359 0.411010 691
0.418639 0.295542 0.411142 3649
0.418455 0.295726 0.411274 806
0.418272 0.295909 0.411406 4748
0.418088 0.296092 0.411538 2561
0.417905 0.296276 0.411670 3202
0.417722 0.296459 0.411802 1702
0.417538 0.296643 0.411934 4086
0.417355 0.296826 0.412066 3923
0.417171 0.297010 0.412198 3357
0.416988 0.297193 0.412330 2942
0.416804 0.297377 0.412463 3123
0.416621 0.297560 0.412595 4274
0.416437 0.297744 0.412727 3381
0.416254 0.297927 0.412860 3330
0.416070 0.298110 0.412992 2424
0.415887 0.298294 0.413124 2898
0.415704 0.298477 0.413257 1486
0.415520 0.298661 0.413389 2461
0.415337 0.298844 0.413522 2952
0.415153 0.299028 0.413655 2951
0.414970 0.299211 0.413787 2446
0.414786 0.299395 0.413920 973
0.414603 0.299578 0.414053 2807
0.414419 0.299762 0.414185 2431
0.414236 0.299945 0.414318 1469
0.414052 0.300128 0.414451 3375
0.413869 0.300312 0.414584 4885
0.413686 0.300495 0.414717 4325
0.413502 0.300679 0.414850 3275
0.413319 0.300862 0.414983 1337
0.413135 0.301046 0.415116 3146
0.412952 0.301229 0.415249 4421
0.412768 0.301413 0.415382 3240
0.412585 0.301596 0.415515 4503
0.412401 0.301779 0.415648 4071
0.412218 0.301963 0.415781 3135
0.412034 0.302146 0.415915 2708
0.411851 0.302330 0.416048 957
0.411668 0.302513 0.416181 922
0.411484 0.302697 0.416315 991
0.411301 0.302880 0.416448 3709
0.411117 0.303064 0.416582 3734
0.410934 0.303247 0.416715 765
0.410750 0.303431 0.416849 1210
0.410567 0.303614 0.416982 771
0.410383 0.303797 0.417116 2417
0.410200 0.303981 0.417249 3556
0.410017 0.304164 0.417383 1865
0.409833 0.304348 0.417517 2464
0.409650 0.304531 0.417650 3996
0.409466 0.304715 0.417784 1162
0.409283 0.304898 0.417918 4150
0.409099 0.305082 0.418052 2721
0.408916 0.305265 0.418186 283
0.408732 0.305449 0.418320 1019
0.408549 0.305632 0.418454 3134
0.408365 0.305815 0.418588 3812
0.408182 0.305999 0.418722 2439
0.407999 0.306182 0.418856 4081
0.407815 0.306366 0.418990 2906
0.407632 0.306549 0.419124 2513
0.407448 0.306733 0.419258 1318
0.407265 0.306916 0.419393 4038
0.407081 0.307100 0.419527 822
0.406898 0.307283 0.419661 3899
0.406714 0.307467 0.419795 2641
0.406531 0.307650 0.419930 3348
0.406347 0.307833 0.420064 3778
0.406164 0.308017 0.420199 1485
0.405981 0.308200 0.420333 2814
0.405797 0.308384 0.420468 5205
0.405614 0.308567 0.420602 1170
0.405430 0.308751 0.420737 4101
0.405247 0.308934 0.420872 1335
0.405063 0.309118 0.421006 4039
0.404880 0.309301 0.421141 2074
0.404696 0.309484 0.421276 3377
0.404513 0.309668 0.421410 974
0.404329 0.309851 0.421545 1372
0.404146 0.310035 0.421680 2462
0.403963 0.310218 0.421815 2331
0.403779 0.310402 0.421950 1154
0.403596 0.310585 0.422085 3647
0.403412 0.310769 0.422220 2545
0.403229 0.310952 0.422355 2996
0.403045 0.311136 0.422490 4180
0.402862 0.311319 0.422625 770
0.402678 0.311502 0.422760 259
0.402495 0.311686 0.422896 3293
0.402312 0.311869 0.423031 786
0.402128 0.312053 0.423166 3566
0.401945 0.312236 0.423301 2206
0.401761 0.312420 0.423437 3054
0.401578 0.312603 0.423572 5009
0.401394 0.312787 0.423708 3801
0.401211 0.312970 0.423843 3685
0.401027 0.313154 0.423978 2795
0.400844 0.313337 0.424114 2915
0.400660 0.313520 0.424250 2633
0.400477 0.313704 0.424385 3549
0.400294 0.313887 0.424521 1699
0.400110 0.314071 0.424656 950
0.399927 0.314254 0.424792 3614
0.399743 0.314438 0.424928 3879
0.399560 0.314621 0.425064 2706
0.399376 0.314805 0.425199 2875
0.399193 0.314988 0.425335 4177
0.399009 0.315172 0.425471 3813
0.398826 0.315355 0.425607 3232
0.398642 0.315538 0.425743 5061
0.398459 0.315722 0.425879 1460
0.398276 0.315722 0.426002 1088
0.398092 0.315905 0.426138 1244
0.397909 0.316089 0.426274 2681
0.397725 0.316272 0.426410 3453
0.397542 0.316272 0.426533 2021
0.397358 0.316456 0.426669 4123
0.397175 0.316639 0.426805 1682
0.396991 0.316823 0.426941 3321
0.396808 0.317006 0.427078 891
0.396624 0.317190 0.427214 2992
0.396441 0.317373 0.427350 3991
0.396258 0.317556 0.427486 3243
0.396074 0.317740 0.427623 252
0.395891 0.317923 0.427759 3097
0.395707 0.318107 0.427895 2991
0.395524 0.318290 0.428032 1013
0.395340 0.318474 0.428168 4229
0.395157 0.318657 0.428305 1987
0.394973 0.318841 0.428441 4607
0.394790 0.319024 0.428578 3532
0.394606 0.319207 0.428714 3234
0.394423 0.319391 0.428851 2861
0.394240 0.319574 0.428987 3853
0.394056 0.319758 0.429124 936
0.393873 0.319941 0.429261 4919
0.393689 0.320125 0.429398 4133
0.393506 0.320308 0.429534 866
0.393322 0.320492 0.429671 2319
0.393139 0.320675 0.429808 4483
0.392955 0.320859 0.429945 749
0.392772 0.321042 0.430082 3183
0.392589 0.321225 0.430219 3939
0.392405 0.321409 0.430356 4862
0.392222 0.321592 0.430493 3806
0.392038 0.321776 0.430630 301
0.391855 0.321959 0.430767 4106
0.391671 0.322143 0.430904 4203
0.391488 0.322326 0.431041 2322
0.391304 0.322510 0.431179 2806
0.391121 0.322693 0.431316 2639
0.390937 0.322877 0.431453 1215
0.390754 0.323060 0.431590 3447
0.390571 0.323243 0.431728 2514
0.390387 0.323427 0.431865 3720
0.390204 0.323610 0.432002 1085
0.390020 0.323794 0.432140 1697
0.389837 0.323977 0.432277 193
0.389653 0.324161 0.432415 4467
0.389470 0.324344 0.432552 2764
0.389286 0.324528 0.432690 2908
0.389103 0.324711 0.432828 4610
0.388919 0.324895 0.432965 1101
0.388736 0.325078 0.433103 1353
0.388553 0.325261 0.433241 3492
0.388369 0.325445 0.433378 951
0.388186 0.325628 0.433516 1163
0.388002 0.325812 0.433654 2329
0.387819 0.325995 0.433792 3681
0.387635 0.326179 0.433930 1818
0.387452 0.326362 0.434068 4168
0.387268 0.326546 0.434206 1017
0.387085 0.326729 0.434344 4033
0.386901 0.326912 0.434482 349
0.386718 0.327096 0.434620 3876
0.386535 0.327279 0.434758 721
0.386351 0.327463 0.434896 1273
0.386168 0.327646 0.435034 3435
0.385984 0.327830 0.435172 3114
0.385801 0.328013 0.435310 2305
0.385617 0.328197 0.435449 3897
0.385434 0.328380 0.435587 3315
0.385250 0.328564 0.435725 4017
0.385067 0.328747 0.435864 2484
0.384884 0.328930 0.436002 3942
0.384700 0.329114 0.436140 2448
0.384517 0.329297 0.436279 2920
0.384333 0.329481 0.436417 1377
0.384150 0.329664 0.436556 2245
0.383966 0.329848 0.436694 3484
0.383783 0.330031 0.436833 3905
0.383599 0.330215 0.436972 2380
0.383416 0.330398 0.437110 1820
0.383232 0.330582 0.437249 1033
0.383049 0.330765 0.437388 3932
0.382866 0.330948 0.437526 2098
0.382682 0.331132 0.437665 529
0.382499 0.331315 0.437804 2985
0.382315 0.331499 0.437943 1766
0.382132 0.331682 0.438082 3048
0.381948 0.331866 0.438221 487
0.381765 0.332049 0.438360 3102
0.381581 0.332233 0.438499 2476
0.381398 0.332416 0.438638 3919
0.381214 0.332600 0.438777 4441
0.381031 0.332783 0.438916 4535
0.380848 0.332966 0.439055 3529
0.380664 0.333150 0.439194 3179
0.380481 0.333333 0.439333 2999
0.380297 0.333517 0.439472 2164
0.380114 0.333700 0.439612 3308
0.379930 0.333884 0.439751 2376
0.379747 0.334067 0.439890 3295
0.379563 0.334251 0.440029 4179
0.379380 0.334434 0.440169 1681
0.379196 0.334618 0.440308 3427
0.379013 0.334801 0.440448 975
0.378830 0.334984 0.440587 910
0.378646 0.335168 0.440727 2299
0.378463 0.335351 0.440866 2793
0.378279 0.335535 0.441006 2893
0.378096 0.335718 0.441145 1096
0.377912 0.335902 0.441285 2604
0.377729 0.336085 0.441425 2980
0.377545 0.336269 0.441564 3434
0.377362 0.336452 0.441704 3676
0.377178 0.336635 0.441844 594
0.376995 0.336819 0.441984 3994
0.376812 0.337002 0.442123 2035
0.376628 0.337186 0.442263 3849
0.376445 0.337369 0.442403 3881
0.376261 0.337553 0.442543 3797
0.376078 0.337736 0.442683 2976
0.375894 0.337920 0.442823 3331
0.375711 0.338103 0.442963 3502
0.375527 0.338287 0.443103 3184
0.375344 0.338470 0.443243 3926
0.375161 0.338653 0.443383 229
0.374977 0.338837 0.443523 2221
0.374794 0.339020 0.443663 1850
0.374610 0.339204 0.443804 1234
0.374427 0.339387 0.443944 2527
0.374243 0.339571 0.444084 2599
0.374060 0.339754 0.444224 1134
0.373876 0.339938 0.444365 2199
0.373693 0.340121 0.444505 489
0.373509 0.340305 0.444645 2781
0.373326 0.340488 0.444786 285
0.373143 0.340671 0.444926 762
0.372959 0.340855 0.445067 2037
0.372776 0.341038 0.445207 2704
0.372592 0.341222 0.445348 3736
0.372409 0.341405 0.445488 1921
0.372225 0.341589 0.445629 3359
0.372042 0.341772 0.445770 3149
0.371858 0.341956 0.445910 1942
0.371675 0.342139 0.446051 677
0.371491 0.342323 0.446192 3282
0.371308 0.342506 0.446333 3144
0.371125 0.342689 0.446473 1553
0.370941 0.342873 0.446614 3078
0.370758 0.343056 0.446755 535
0.370574 0.343240 0.446896 1431
0.370391 0.343423 0.447037 1757
0.370207 0.343607 0.447178 1453
0.370024 0.343790 0.447319 2034
0.369840 0.343974 0.447460 2844
0.369657 0.344157 0.447601 1979
0.369473 0.344340 0.447742 3152
0.369290 0.344524 0.447883 218
0.369107 0.344707 0.448024 5121
0.368923 0.344891 0.448165 3931
0.368740 0.345074 0.448306 1779
0.368556 0.345258 0.448448 2843
0.368373 0.345441 0.448589 3322
0.368189 0.345625 0.448730 3448
0.368006 0.345808 0.448872 4824
0.367822 0.345992 0.449013 1871
0.367639 0.346175 0.449154 2811
0.367456 0.346358 0.449296 4946
0.367272 0.346542 0.449437 3450
0.367089 0.346725 0.449579 2857
0.366905 0.346909 0.449720 4198
0.366722 0.347092 0.449862 1673
0.366538 0.347276 0.450003 3124
0.366355 0.347459 0.450145 3967
0.366171 0.347643 0.450286 486
0.365988 0.347826 0.450428 3574
0.365804 0.348010 0.450570 1692
0.365621 0.348193 0.450711 2457
0.365438 0.348376 0.450853 1716
0.365254 0.348560 0.450995 1179
0.365071 0.348743 0.451137 1086
0.364887 0.348927 0.451279 2246
0.364704 0.349110 0.451420 4732
0.364520 0.349294 0.451562 391
0.364337 0.349477 0.451704 622
0.364153 0.349661 0.451846 4582
0.363970 0.349844 0.451988 2603
0.363786 0.350028 0.452130 389
0.363603 0.350211 0.452272 377
0.363420 0.350394 0.452414 2286
0.363236 0.350578 0.452556 2557
0.363053 0.350761 0.452699 3621
0.362869 0.350945 0.452841 2701
0.362686 0.351128 0.452983 3389
0.362502 0.351312 0.453125 4376
0.362319 0.351495 0.453267 1246
0.362135 0.351679 0.453410 168
0.361952 0.351862 0.453552 511
0.361768 0.352045 0.453694 1044
0.361585 0.352229 0.453837 1186
0.361402 0.352412 0.453979 3581
0.361218 0.352596 0.454121 626
0.361035 0.352779 0.454264 3960
0.360851 0.352963 0.454406 510
0.360668 0.353146 0.454549 4454
0.360484 0.353330 0.454691 2100
0.360301 0.353513 0.454834 3475
0.360117 0.353697 0.454977 1289
0.359934 0.353880 0.455119 3312
0.359751 0.354063 0.455262 2263
0.359567 0.354247 0.455405 2651
0.359384 0.354430 0.455547 3328
0.359200 0.354614 0.455690 1869
0.359017 0.354797 0.455833 763
0.358833 0.354981 0.455976 4415
0.358650 0.355164 0.456118 2079
0.358466 0.355348 0.456261 3823
0.358283 0.355531 0.456404 1678
0.358099 0.355715 0.456547 2488
0.357916 0.355898 0.456690 1926
0.357733 0.356081 0.456833 2400
0.357549 0.356265 0.456976 3112
0.357366 0.356448 0.457119 1079
0.357182 0.356632 0.457262 3742
0.356999 0.356815 0.457405 4731
0.356815 0.356999 0.457548 1653
0.356632 0.357182 0.457692 2310
0.356448 0.357366 0.457835 1580
0.356265 0.357549 0.457978 4068
0.356081 0.357733 0.458121 2940
0.355898 0.357916 0.458264 1105
0.355715 0.358099 0.458408 555
0.355531 0.358283 0.458551 3014
0.355348 0.358466 0.458694 722
0.355164 0.358650 0.458838 3776
0.354981 0.358833 0.458981 1320
0.354797 0.359017 0.459125 3669
0.354614 0.359200 0.459268 3552
0.354430 0.359384 0.459412 476
0.354247 0.359567 0.459555 4185
0.354063 0.359751 0.459699 2879
0.353880 0.359934 0.459842 1680
0.353697 0.360117 0.459986 3459
0.353513 0.360301 0.460129 4819
0.353330 0.360484 0.460273 1317
0.353146 0.360668 0.460417 3864
0.352963 0.360851 0.460561 859
0.352779 0.361035 0.460704 1150
0.352596 0.361218 0.460848 766
0.352412 0.361402 0.460992 2435
0.352229 0.361585 0.461136 2142
0.352045 0.361768 0.461280 2911
0.351862 0.361952 0.461423 3865
0.351679 0.362135 0.461567 4264
0.351495 0.362319 0.461711 494
0.351312 0.362502 0.461855 3632
0.351128 0.362686 0.461999 787
0.350945 0.362869 0.462143 3200
0.350761 0.363053 0.462287 183
0.350578 0.363236 0.462432 1200
0.350394 0.363420 0.462576 1853
0.350211 0.363603 0.462720 4507
0.350028 0.363786 0.462864 3051
0.349844 0.363970 0.463008 1731
0.349661 0.364153 0.463152 965
0.349477 0.364337 0.463297 3869
0.349294 0.364520 0.463441 3299
0.349110 0.364704 0.463585 3332
0.348927 0.364887 0.463730 246
0.348743 0.365071 0.463874 1032
0.348560 0.365254 0.464018 3941
0.348376 0.365438 0.464163 2824
0.348193 0.365621 0.464307 2993
0.348010 0.365804 0.464452 1120
0.347826 0.365988 0.464596 4391
0.347643 0.366171 0.464741 3995
0.347459 0.366355 0.464885 4541
0.347276 0.366538 0.465030 1901
0.347092 0.366722 0.465174 3986
0.346909 0.366905 0.465319 2685
0.346725 0.367089 0.465464 3191
0.346542 0.367272 0.465608 726
0.346358 0.367456 0.465753 1524
0.346175 0.367639 0.465898 320
0.345992 0.367822 0.466043 1842
0.345808 0.368006 0.466187 324
0.345625 0.368189 0.466332 3740
0.345441 0.368373 0.466477 3217
0.345258 0.368556 0.466622 4749
0.345074 0.368740 0.466767 3408
0.344891 0.368923 0.466912 3499
0.344707 0.369107 0.467057 405
0.344524 0.369290 0.467202 3230
0.344340 0.369473 0.467347 2669
0.344157 0.369657 0.467492 4138
0.343974 0.369840 0.467637 2465
0.343790 0.370024 0.467782 451
0.343607 0.370207 0.467927 3706
0.343423 0.370391 0.468072 2353
0.343240 0.370574 0.468218 1021
0.343056 0.370758 0.468363 4477
0.342873 0.370941 0.468508 665
0.342689 0.371125 0.468653 2139
0.342506 0.371308 0.468799 294
0.342323 0.371491 0.468944 865
0.342139 0.371675 0.469089 4937
0.341956 0.371858 0.469235 2799
0.341772 0.372042 0.469380 2886
0.341589 0.372225 0.469525 4339
0.341405 0.372409 0.469671 2364
0.341222 0.372592 0.469816 2445
0.341038 0.372776 0.469962 3310
0.340855 0.372959 0.470107 1804
0.340671 0.373143 0.470253 1900
0.340488 0.373326 0.470398 1218
0.340305 0.373509 0.470544 1109
0.340121 0.373693 0.470690 3485
0.339938 0.373876 0.470835 1784
0.339754 0.374060 0.470981 1117
0.339571 0.374243 0.471127 1684
0.339387 0.374427 0.471273 584
0.339204 0.374610 0.471418 1834
0.339020 0.374794 0.471564 2165
0.338837 0.374977 0.471710 3904
0.338653 0.375161 0.471856 2868
0.338470 0.375344 0.472002 4316
0.338287 0.375527 0.472148 1739
0.338103 0.375711 0.472293 2666
0.337920 0.375894 0.472439 1264
0.337736 0.376078 0.472585 1333
0.337553 0.376261 0.472731 2396
0.337369 0.376445 0.472877 2009
0.337186 0.376628 0.473023 3670
0.337002 0.376812 0.473170 3395
0.336819 0.376995 0.473316 2321
0.336635 0.377178 0.473462 701
0.336452 0.377362 0.473608 2646
0.336269 0.377545 0.473754 2402
0.336085 0.377729 0.473900 3956
0.335902 0.377912 0.474047 2702
0.335718 0.378096 0.474193 3490
0.335535 0.378279 0.474339 2338
0.335351 0.378463 0.474485 604
0.335168 0.378646 0.474632 2133
0.334984 0.378830 0.474778 4201
0.334801 0.379013 0.474925 2160
0.334618 0.379196 0.475071 2405
0.334434 0.379380 0.475217 2600
0.334251 0.379563 0.475364 2076
0.334067 0.379747 0.475510 3500
0.333884 0.379930 0.475657 846
0.333700 0.380114 0.475803 3802
0.333517 0.380297 0.475950 2214
0.333333 0.380481 0.476097 4032
0.333150 0.380664 0.476243 742
0.332966 0.380848 0.476390 1471
0.332783 0.381031 0.476537 992
0.332600 0.381214 0.476683 5334
0.332416 0.381398 0.476830 2003
0.332233 0.381581 0.476977 194
0.332049 0.381765 0.477123 2834
0.331866 0.381948 0.477270 2934
0.331682 0.382132 0.477417 3136
0.331499 0.382315 0.477564 2762
0.331315 0.382499 0.477711 3663
0.331132 0.382682 0.477858 5053
0.330948 0.382866 0.478005 2519
0.330765 0.383049 0.478152 1967
0.330582 0.383232 0.478299 3718
0.330398 0.383416 0.478446 3246
0.330215 0.383599 0.478593 4351
0.330031 0.383783 0.478740 1841
0.329848 0.383966 0.478887 1483
0.329664 0.384150 0.479034 2148
0.329481 0.384333 0.479181 3047
0.329297 0.384517 0.479328 1728
0.329114 0.384700 0.479475 1286
0.328930 0.384884 0.479623 572
0.328747 0.385067 0.479770 2226
0.328564 0.385250 0.479917 4534
0.328380 0.385434 0.480064 396
0.328197 0.385617 0.480212 2025
0.328013 0.385801 0.480359 1903
0.327830 0.385984 0.480506 2493
0.327646 0.386168 0.480654 3993
0.327463 0.386351 0.480801 3150
0.327279 0.386535 0.480948 4579
0.327096 0.386718 0.481096 2584
0.326912 0.386901 0.481243 3523
0.326729 0.387085 0.481391 435
0.326546 0.387268 0.481538 1772
0.326362 0.387452 0.481686 3016
0.326179 0.387635 0.481834 3423
0.325995 0.387819 0.481981 3101
0.325812 0.388002 0.482129 3972
0.325628 0.388186 0.482276 2894
0.325445 0.388369 0.482424 1257
0.325261 0.388553 0.482572 348
0.325078 0.388736 0.482720 1316
0.324895 0.388919 0.482867 4326
0.324711 0.389103 0.483015 2070
0.324528 0.389286 0.483163 1747
0.324344 0.389470 0.483311 3693
0.324161 0.389653 0.483458 1041
0.323977 0.389837 0.483606 4126
0.323794 0.390020 0.483754 3620
0.323610 0.390204 0.483902 1184
0.323427 0.390387 0.484050 3265
0.323243 0.390571 0.484198 3868
0.323060 0.390754 0.484346 404
0.322877 0.390937 0.484494 805
0.322693 0.391121 0.484642 4113
0.322510 0.391304 0.484790 1742
0.322326 0.391488 0.484938 596
0.322143 0.391671 0.485086 1312
0.321959 0.391855 0.485235 3912
0.321776 0.392038 0.485383 382
0.321592 0.392222 0.485531 5032
0.321409 0.392405 0.485679 3237
0.321225 0.392589 0.485827 869
0.321042 0.392772 0.485976 1982
0.320859 0.392955 0.486124 1492
0.320675 0.393139 0.486272 2667
0.320492 0.393322 0.486420 2608
0.320308 0.393506 0.486569 3623
0.320125 0.393689 0.486717 4355
0.319941 0.393873 0.486866 4004
0.319758 0.394056 0.487014 3850
0.319574 0.394240 0.487162 4151
0.319391 0.394423 0.487311 2595
0.319207 0.394606 0.487459 4402
0.319024 0.394790 0.487608 2754
0.318841 0.394973 0.487757 3987
0.318657 0.395157 0.487905 2266
0.318474 0.395340 0.488054 2188
0.318290 0.395524 0.488202 436
0.318107 0.395707 0.488351 634
0.317923 0.395891 0.488500 1513
0.317740 0.396074 0.488648 2614
0.317556 0.396258 0.488797 3978
0.317373 0.396441 0.488946 3219
0.317190 0.396624 0.489094 3145
0.317006 0.396808 0.489243 2867
0.316823 0.396991 0.489392 2597
0.316639 0.397175 0.489541 921
0.316456 0.397358 0.489690 3970
0.316272 0.397542 0.489839 3440
0.316089 0.397725 0.489988 2301
0.315905 0.397909 0.490136 2776
0.315722 0.398092 0.490285 1964
0.315538 0.398276 0.490434 162
0.315355 0.398459 0.490583 2220
0.315172 0.398642 0.490732 2272
0.314988 0.398826 0.490881 1332
0.314805 0.399009 0.491030 2946
0.314621 0.399193 0.491180 5401
0.314438 0.399376 0.491329 4717
0.314254 0.399560 0.491478 1027
0.314071 0.399743 0.491627 206
0.313887 0.399927 0.491776 4475
0.313704 0.400110 0.491925 2124
0.313520 0.400294 0.492075 4191
0.313337 0.400477 0.492224 1143
0.313154 0.400660 0.492373 3811
0.312970 0.687030 0.687030 177
0.312787 0.687213 0.687213 3211
0.312603 0.687397 0.687397 4791
0.312420 0.687580 0.687580 682
0.312236 0.687764 0.687764 4577
0.312053 0.687947 0.687947 5447
0.311869 0.688131 0.688131 3491
0.311686 0.688314 0.688314 4634
0.311502 0.688498 0.688498 4502
0.311319 0.688681 0.688681 5193
0.311136 0.688864 0.688864 3527
0.310952 0.689048 0.689048 4972
0.310769 0.689231 0.689231 1328
0.310585 0.689415 0.689415 4941
0.310402 0.689598 0.689598 5444
0.310218 0.689782 0.689782 4059
0.310035 0.689965 0.689965 5237
0.309851 0.690149 0.690149 1004
0.309668 0.690332 0.690332 3085
0.309484 0.690516 0.690516 3839
0.309301 0.690699 0.690699 2636
0.309118 0.690882 0.690882 5065
0.308934 0.691066 0.691066 4816
0.308751 0.691249 0.691249 5173
0.308567 0.691433 0.691433 5170
0.308384 0.691616 0.691616 2434
0.308200 0.691800 0.691800 980
0.308017 0.691983 0.691983 444
0.307833 0.692167 0.692167 1465
0.307650 0.692350 0.692350 4036
0.307467 0.692533 0.692533 5192
0.307283 0.692717 0.692717 5058
0.307100 0.692900 0.692900 3976
0.306916 0.693084 0.693084 759
0.306733 0.693267 0.693267 4076
0.306549 0.693451 0.693451 5429
0.306366 0.693634 0.693634 4484
0.306182 0.693818 0.693818 5011
0.305999 0.694001 0.694001 447
0.305815 0.694185 0.694185 2340
0.305632 0.694368 0.694368 4516
0.305449 0.694551 0.694551 4570
0.305265 0.694735 0.694735 3998
0.305082 0.694918 0.694918 5037
0.304898 0.695102 0.695102 5233
0.304715 0.695285 0.695285 401
0.304531 0.695469 0.695469 240
0.304348 0.695652 0.695652 4921
0.304164 0.695836 0.695836 152
0.303981 0.696019 0.696019 4774
0.303797 0.696203 0.696203 4641
0.303614 0.696386 0.696386 4699
0.303431 0.696569 0.696569 4754
0.303247 0.696753 0.696753 4843
0.303064 0.696936 0.696936 2855
0.302880 0.697120 0.697120 2028
0.302697 0.697303 0.697303 874
0.302513 0.697487 0.697487 4879
0.302330 0.697670 0.697670 1799
0.302146 0.697854 0.697854 4624
0.301963 0.698037 0.698037 3305
0.301779 0.698221 0.698221 1449
0.301596 0.698404 0.698404 5072
0.301413 0.698587 0.698587 2819
0.301229 0.698771 0.698771 5269
0.301046 0.698954 0.698954 4658
0.300862 0.699138 0.699138 291
0.300679 0.699321 0.699321 347
0.300495 0.699505 0.699505 4197
0.300312 0.699688 0.699688 5218
0.300128 0.699872 0.699872 167
0.299945 0.700055 0.700055 3362
0.299762 0.700238 0.700238 3627
0.299578 0.700422 0.700422 1576
0.299395 0.700605 0.700605 3436
0.299211 0.700789 0.700789 197
0.299028 0.700972 0.700972 233
0.298844 0.701156 0.701156 844
0.298661 0.701339 0.701339 1543
0.298477 0.701523 0.701523 614
0.298294 0.701706 0.701706 5038
0.298110 0.701890 0.701890 208
0.297927 0.702073 0.702073 4278
0.297744 0.702256 0.702256 1181
0.297560 0.702440 0.702440 5226
0.297377 0.702623 0.702623 355
0.297193 0.702807 0.702807 2474
0.297010 0.702990 0.702990 4609
0.296826 0.703174 0.703174 4603
0.296643 0.703357 0.703357 4626
0.296459 0.703541 0.703541 4532
0.296276 0.703724 0.703724 3761
0.296092 0.703908 0.703908 4426
0.295909 0.704091 0.704091 4810
0.295726 0.704274 0.704274 4936
0.295542 0.704458 0.704458 1363
0.295359 0.704641 0.704641 1645
0.295175 0.704825 0.704825 5336
0.294992 0.705008 0.705008 1325
0.294808 0.705192 0.705192 3186
0.294625 0.705375 0.705375 4775
0.294441 0.705559 0.705559 198
0.294258 0.705742 0.705742 1861
0.294074 0.705926 0.705926 4883
0.293891 0.706109 0.706109 4986
0.293708 0.706292 0.706292 1123
0.293524 0.706476 0.706476 4175
0.293341 0.706659 0.706659 5335
0.293157 0.706843 0.706843 4708
0.292974 0.707026 0.707026 5361
0.292790 0.707210 0.707210 4300
0.292607 0.707393 0.707393 785
0.292423 0.707577 0.707577 4655
0.292240 0.707760 0.707760 4797
0.292057 0.707943 0.707943 4782
0.291873 0.708127 0.708127 4667
0.291690 0.708310 0.708310 5092
0.291506 0.708494 0.708494 5161
0.291323 0.708677 0.708677 2734
0.291139 0.708861 0.708861 606
0.290956 0.709044 0.709044 4757
0.290772 0.709228 0.709228 1026
0.290589 0.709411 0.709411 5068
0.290405 0.709595 0.709595 1943
0.290222 0.709778 0.709778 3723
0.290039 0.709961 0.709961 3518
0.289855 0.710145 0.710145 1660
0.289672 0.710328 0.710328 5431
0.289488 0.710512 0.710512 1000
0.289305 0.710695 0.710695 939
0.289121 0.710879 0.710879 562
0.288938 0.711062 0.711062 4965
0.288754 0.711246 0.711246 4210
0.288571 0.711429 0.711429 2117
0.288387 0.711613 0.711613 4621
0.288204 0.711796 0.711796 2836
0.288021 0.711979 0.711979 4497
0.287837 0.712163 0.712163 4515
0.287654 0.712346 0.712346 3953
0.287470 0.712530 0.712530 2550
0.287287 0.712713 0.712713 455
0.287103 0.712897 0.712897 4075
0.286920 0.713080 0.713080 829
0.286736 0.713264 0.713264 1911
0.286553 0.713447 0.713447 5087
0.286369 0.713631 0.713631 5056
0.286186 0.713814 0.713814 5077
0.286003 0.713997 0.713997 699
0.285819 0.714181 0.714181 5258
0.285636 0.714364 0.714364 4242
0.285452 0.714548 0.714548 4338
0.285269 0.714731 0.714731 1233
0.285085 0.714915 0.714915 433
0.284902 0.715098 0.715098 4840
0.284718 0.715282 0.715282 5198
0.284535 0.715465 0.715465 1571
0.284351 0.715649 0.715649 5328
0.284168 0.715832 0.715832 3834
0.283985 0.716015 0.716015 516
0.283801 0.716199 0.716199 465
0.283618 0.716382 0.716382 356
0.283434 0.716566 0.716566 317
0.283251 0.716749 0.716749 5234
0.283067 0.716933 0.716933 4987
0.282884 0.717116 0.717116 2000
0.282700 0.717300 0.717300 5146
0.282517 0.717483 0.717483 4448
0.282334 0.717666 0.717666 4992
0.282150 0.717850 0.717850 4219
0.281967 0.718033 0.718033 4476
0.281783 0.718217 0.718217 753
0.281600 0.718400 0.718400 4768
0.281416 0.718584 0.718584 4996
0.281233 0.718767 0.718767 4178
0.281049 0.718951 0.718951 4418
0.280866 0.719134 0.719134 5286
0.280682 0.719318 0.719318 4511
0.280499 0.719501 0.719501 1119
0.280316 0.719684 0.719684 1306
0.280132 0.719868 0.719868 1212
0.279949 0.720051 0.720051 4633
0.279765 0.720235 0.720235 5167
0.279582 0.720418 0.720418 2540
0.279398 0.720602 0.720602 4847
0.279215 0.720785 0.720785 4414
0.279031 0.720969 0.720969 693
0.278848 0.721152 0.721152 5195
0.278664 0.721336 0.721336 1368
0.278481 0.721519 0.721519 4694
0.278298 0.721702 0.721702 1466
0.278114 0.721886 0.721886 151
0.277931 0.722069 0.722069 4536
0.277747 0.722253 0.722253 4795
0.277564 0.722436 0.722436 4161
0.277380 0.722620 0.722620 1648
0.277197 0.722803 0.722803 5168
0.277013 0.722987 0.722987 4906
0.276830 0.723170 0.723170 219
0.276646 0.723354 0.723354 4583
0.276463 0.723537 0.723537 1356
0.276280 0.723720 0.723720 4792
0.276096 0.723904 0.723904 5316
0.275913 0.724087 0.724087 4735
0.275729 0.724271 0.724271 4648
0.275546 0.724454 0.724454 237
0.275362 0.724638 0.724638 3891
0.275179 0.724821 0.724821 4044
0.274995 0.725005 0.725005 5067
0.274812 0.725188 0.725188 2024
0.274629 0.725371 0.725371 2960
0.274445 0.725555 0.725555 5179
0.274262 0.725738 0.725738 4256
0.274078 0.725922 0.725922 5285
0.273895 0.726105 0.726105 3571
0.273711 0.726289 0.726289 4912
0.273528 0.726472 0.726472 2977
0.273344 0.726656 0.726656 4962
0.273161 0.726839 0.726839 5238
0.272977 0.727023 0.727023 4223
0.272794 0.727206 0.727206 3311
0.272611 0.727389 0.727389 4968
0.272427 0.727573 0.727573 5310
0.272244 0.727756 0.727756 4750
0.272060 0.727940 0.727940 5020
0.271877 0.728123 0.728123 1281
0.271693 0.728307 0.728307 4501
0.271510 0.728490 0.728490 2256
0.271326 0.728674 0.728674 524
0.271143 0.728857 0.728857 3470
0.270959 0.729041 0.729041 4066
0.270776 0.729224 0.729224 734
0.270593 0.729407 0.729407 672
0.270409 0.729591 0.729591 3015
0.270226 0.729774 0.729774 1676
0.270042 0.729958 0.729958 4711
0.269859 0.730141 0.730141 1405
0.269675 0.730325 0.730325 4637
0.269492 0.730508 0.730508 2366
0.269308 0.730692 0.730692 4478
0.269125 0.730875 0.730875 685
0.268941 0.731059 0.731059 3564
0.268758 0.731242 0.731242 3507
0.268575 0.731425 0.731425 3197
0.268391 0.731609 0.731609 2213
0.268208 0.731792 0.731792 2725
0.268024 0.731976 0.731976 400
0.267841 0.732159 0.732159 2104
0.267657 0.732343 0.732343 1511
0.267474 0.732526 0.732526 862
0.267290 0.732710 0.732710 504
0.267107 0.732893 0.732893 1351
0.266924 0.733076 0.733076 1763
0.266740 0.733260 0.733260 3510
0.266557 0.733443 0.733443 3963
0.266373 0.733627 0.733627 923
0.266190 0.733810 0.733810 1714
0.266006 0.733994 0.733994 1561
0.265823 0.734177 0.734177 2278
0.265639 0.734361 0.734361 3251
0.265456 0.734544 0.734544 2885
0.265272 0.734728 0.734728 248
0.265089 0.734911 0.734911 2363
0.264906 0.735094 0.735094 4244
0.264722 0.735278 0.735278 1355
0.264539 0.735461 0.735461 609
0.264355 0.735645 0.735645 3637
0.264172 0.735828 0.735828 4294
0.263988 0.736012 0.736012 1905
0.263805 0.736195 0.736195 2007
0.263621 0.736379 0.736379 4550
0.263438 0.736562 0.736562 3877
0.263254 0.736746 0.736746 3445
0.263071 0.736929 0.736929 3247
0.262888 0.737112 0.737112 4169
0.262704 0.737296 0.737296 1507
0.262521 0.737479 0.737479 4769
0.262337 0.737663 0.737663 3909
0.262154 0.737846 0.737846 2839
0.261970 0.738030 0.738030 1315
0.261787 0.738213 0.738213 3878
0.261603 0.738397 0.738397 1677
0.261420 0.738580 0.738580 2020
0.261236 0.738764 0.738764 4049
0.261053 0.738947 0.738947 2849
0.260870 0.739130 0.739130 3353
0.260686 0.739314 0.739314 775
0.260503 0.739497 0.739497 3167
0.260319 0.739681 0.739681 3990
0.260136 0.739864 0.739864 3407
0.259952 0.740048 0.740048 948
0.259769 0.740231 0.740231 3832
0.259585 0.740415 0.740415 1228
0.259402 0.740598 0.740598 2759
0.259218 0.740782 0.740782 5245
0.259035 0.740965 0.740965 3660
0.258852 0.741148 0.741148 427
0.258668 0.741332 0.741332 2489
0.258485 0.741515 0.741515 801
0.258301 0.741699 0.741699 4524
0.258118 0.741882 0.741882 2466
0.257934 0.742066 0.742066 1882
0.257751 0.742249 0.742249 299
0.257567 0.742433 0.742433 3040
0.257384 0.742616 0.742616 3063
0.257201 0.742799 0.742799 3625
0.257017 0.742983 0.742983 2337
0.256834 0.743166 0.743166 649
0.256650 0.743350 0.743350 1959
0.256467 0.743533 0.743533 3168
0.256283 0.743717 0.743717 1521
0.256100 0.743900 0.743900 1814
0.255916 0.744084 0.744084 755
0.255733 0.744267 0.744267 2244
0.255549 0.744451 0.744451 3642
0.255366 0.744634 0.744634 413
0.255183 0.744817 0.744817 930
0.254999 0.745001 0.745001 793
0.254816 0.745184 0.745184 3204
0.254632 0.745368 0.745368 2622
0.254449 0.745551 0.745551 2274
0.254265 0.745735 0.745735 2994
0.254082 0.745918 0.745918 897
0.253898 0.746102 0.746102 3536
0.253715 0.746285 0.746285 2684
0.253531 0.746469 0.746469 3143
0.253348 0.746652 0.746652 3355
0.253165 0.746835 0.746835 3309
0.252981 0.747019 0.747019 361
0.252798 0.747202 0.747202 3203
0.252614 0.747386 0.747386 3013
0.252431 0.747569 0.747569 1642
0.252247 0.747753 0.747753 632
0.252064 0.747936 0.747936 4217
0.251880 0.748120 0.748120 2935
0.251697 0.748303 0.748303 1397
0.251513 0.748487 0.748487 2790
0.251330 0.748670 0.748670 3585
0.251147 0.748853 0.748853 4352
0.250963 0.749037 0.749037 2004
0.250780 0.749220 0.749220 2468
0.250596 0.749404 0.749404 481
0.250413 0.749587 0.749587 3593
0.250229 0.749771 0.749771 4611
0.250046 0.749954 0.749954 1074
0.249862 0.750138 0.750138 4060
0.249679 0.750321 0.750321 2196
0.249496 0.750504 0.750504 2437
0.249312 0.750688 0.750688 3273
0.249129 0.750871 0.750871 3118
0.248945 0.751055 0.751055 2178
0.248762 0.751238 0.751238 3178
0.248578 0.751422 0.751422 2923
0.248395 0.751605 0.751605 2050
0.248211 0.751789 0.751789 2644
0.248028 0.751972 0.751972 5301
0.247844 0.752156 0.752156 3190
0.247661 0.752339 0.752339 956
0.247478 0.752522 0.752522 446
0.247294 0.752706 0.752706 2288
0.247111 0.752889 0.752889 3513
0.246927 0.753073 0.753073 3943
0.246744 0.753256 0.753256 1311
0.246560 0.753440 0.753440 2555
0.246377 0.753623 0.753623 2242
0.246193 0.753807 0.753807 4528
0.246010 0.753990 0.753990 4153
0.245826 0.754174 0.754174 1410
0.245643 0.754357 0.754357 1235
0.245460 0.754540 0.754540 3531
0.245276 0.754724 0.754724 2143
0.245093 0.754907 0.754907 4631
0.244909 0.755091 0.755091 1227
0.244726 0.755274 0.755274 3717
0.244542 0.755458 0.755458 3977
0.244359 0.755641 0.755641 4870
0.244175 0.755825 0.755825 3388
0.243992 0.756008 0.756008 360
0.243808 0.756192 0.756192 3472
0.243625 0.756375 0.756375 4214
0.243442 0.756558 0.756558 1808
0.243258 0.756742 0.756742 1840
0.243075 0.756925 0.756925 4285
0.242891 0.757109 0.757109 2736
0.242708 0.757292 0.757292 3199
0.242524 0.757476 0.757476 2497
0.242341 0.757659 0.757659 5165
0.242157 0.757843 0.757843 4685
0.241974 0.758026 0.758026 1475
0.241790 0.758210 0.758210 1330
0.241607 0.758393 0.758393 4855
0.241424 0.758576 0.758576 3055
0.241240 0.758760 0.758760 1646
0.241057 0.758943 0.758943 2817
0.240873 0.759127 0.759127 3896
0.240690 0.759310 0.759310 2030
0.240506 0.759494 0.759494 3066
0.240323 0.759677 0.759677 5184
0.240139 0.759861 0.759861 3951
0.239956 0.760044 0.760044 4111
0.239773 0.760227 0.760227 3798
0.239589 0.760411 0.760411 2103
0.239406 0.760594 0.760594 3721
0.239222 0.760778 0.760778 3253
0.239039 0.760961 0.760961 477
0.238855 0.761145 0.761145 4226
0.238672 0.761328 0.761328 3156
0.238488 0.761512 0.761512 4666
0.238305 0.761695 0.761695 994
0.238121 0.761879 0.761879 1296
0.237938 0.762062 0.762062 2847
0.237755 0.762245 0.762245 687
0.237571 0.762429 0.762429 2949
0.237388 0.762612 0.762612 1314
0.237204 0.762796 0.762796 423
0.237021 0.762979 0.762979 415
0.236837 0.763163 0.763163 3673
0.236654 0.763346 0.763346 3035
0.236470 0.763530 0.763530 3738
0.236287 0.763713 0.763713 1674
0.236103 0.763897 0.763897 1059
0.235920 0.764080 0.764080 4366
0.235737 0.764263 0.764263 2956
0.235553 0.764447 0.764447 441
0.235370 0.764630 0.764630 4913
0.235186 0.764814 0.764814 3148
0.235003 0.764997 0.764997 4171
0.234819 0.765181 0.765181 1812
0.234636 0.765364 0.765364 3008
0.234452 0.765548 0.765548 3161
0.234269 0.765731 0.765731 1675
0.234085 0.765915 0.765915 1448
0.233902 0.766098 0.766098 1398
0.233719 0.766281 0.766281 4290
0.233535 0.766465 0.766465 4903
0.233352 0.766648 0.766648 3267
0.233168 0.766832 0.766832 325
0.232985 0.767015 0.767015 3726
0.232801 0.767199 0.767199 3743
0.232618 0.767382 0.767382 2884
0.232434 0.767566 0.767566 2816
0.232251 0.767749 0.767749 4369
0.232068 0.767932 0.767932 5225
0.231884 0.768116 0.768116 856
0.231701 0.768299 0.768299 4997
0.231517 0.768483 0.768483 1493
0.231334 0.768666 0.768666 1712
0.231150 0.768850 0.768850 1202
0.230967 0.769033 0.769033 2779
0.230783 0.769217 0.769217 3350
0.230600 0.769400 0.769400 3192
0.230416 0.769584 0.769584 4463
0.230233 0.769767 0.769767 3181
0.230050 0.769950 0.769950 1468
0.229866 0.770134 0.770134 526
0.229683 0.770317 0.770317 3349
0.229499 0.770501 0.770501 4146
0.229316 0.770684 0.770684 2547
0.229132 0.770868 0.770868 4311
0.228949 0.771051 0.771051 4493
0.228765 0.771235 0.771235 4393
0.228582 0.771418 0.771418 3425
0.228398 0.771602 0.771602 664
0.228215 0.771785 0.771785 4822
0.228032 0.771968 0.771968 1138
0.227848 0.772152 0.772152 1955
0.227665 0.772335 0.772335 1308
0.227481 0.772519 0.772519 2948
0.227298 0.772702 0.772702 3207
0.227114 0.772886 0.772886 431
0.226931 0.773069 0.773069 3788
0.226747 0.773253 0.773253 4328
0.226564 0.773436 0.773436 1990
0.226380 0.773620 0.773620 557
0.226197 0.773803 0.773803 2111
0.226014 0.773986 0.773986 2687
0.225830 0.774170 0.774170 3429
0.225647 0.774353 0.774353 4955
0.225463 0.774537 0.774537 782
0.225280 0.774720 0.774720 4424
0.225096 0.774904 0.774904 3080
0.224913 0.775087 0.775087 3210
0.224729 0.775271 0.775271 2442
0.224546 0.775454 0.775454 1498
0.224363 0.775637 0.775637 4687
0.224179 0.775821 0.775821 1558
0.223996 0.776004 0.776004 1973
0.223812 0.776188 0.776188 1585
0.223629 0.776371 0.776371 2475
0.223445 0.776555 0.776555 2481
0.223262 0.776738 0.776738 272
0.223078 0.776922 0.776922 2106
0.222895 0.777105 0.777105 4262
0.222711 0.777289 0.777289 3584
0.222528 0.777472 0.777472 1960
0.222345 0.777655 0.777655 3933
0.222161 0.777839 0.777839 2662
0.221978 0.778022 0.778022 1604
0.221794 0.778206 0.778206 4304
0.221611 0.778389 0.778389 2591
0.221427 0.778573 0.778573 3058
0.221244 0.778756 0.778756 1765
0.221060 0.778940 0.778940 3011
0.220877 0.779123 0.779123 2840
0.220693 0.779307 0.779307 492
0.220510 0.779490 0.779490 3750
0.220327 0.779673 0.779673 1386
0.220143 0.779857 0.779857 2401
0.219960 0.780040 0.780040 1899
0.219776 0.780224 0.780224 3098
0.219593 0.780407 0.780407 2964
0.219409 0.780591 0.780591 2382
0.219226 0.780774 0.780774 1061
0.219042 0.780958 0.780958 4882
0.218859 0.781141 0.781141 3225
0.218675 0.781325 0.781325 4029
0.218492 0.781508 0.781508 2011
0.218309 0.781691 0.781691 629
0.218125 0.781875 0.781875 2499
0.217942 0.782058 0.782058 1436
0.217758 0.782242 0.782242 2711
0.217575 0.782425 0.782425 3504
0.217391 0.782609 0.782609 1010
0.217208 0.782792 0.782792 1782
0.217024 0.782976 0.782976 3803
0.216841 0.783159 0.783159 1658
0.216657 0.783343 0.783343 4289
0.216474 0.783526 0.783526 3949
0.216291 0.783709 0.783709 1997
0.216107 0.783893 0.783893 3007
0.215924 0.784076 0.784076 2895
0.215740 0.784260 0.784260 3235
0.215557 0.784443 0.784443 3937
0.215373 0.784627 0.784627 307
0.215190 0.784810 0.784810 2902
0.215006 0.784994 0.784994 5230
0.214823 0.785177 0.785177 4517
0.214640 0.785360 0.785360 4944
0.214456 0.785544 0.785544 175
0.214273 0.785727 0.785727 4234
0.214089 0.785911 0.785911 4158
0.213906 0.786094 0.786094 5178
0.213722 0.786278 0.786278 4337
0.213539 0.786461 0.786461 290
0.213355 0.786645 0.786645 305
0.213172 0.786828 0.786828 456
0.212988 0.787012 0.787012 1927
0.212805 0.787195 0.787195 3062
0.212622 0.787378 0.787378 3965
0.212438 0.787562 0.787562 2339
0.212255 0.787745 0.787745 1284
0.212071 0.787929 0.787929 2128
0.211888 0.788112 0.788112 3548
0.211704 0.788296 0.788296 2883
0.211521 0.788479 0.788479 2522
0.211337 0.788663 0.788663 374
0.211154 0.788846 0.788846 2815
0.210970 0.789030 0.789030 2979
0.210787 0.789213 0.789213 4083
0.210604 0.789396 0.789396 4365
0.210420 0.789580 0.789580 2691
0.210237 0.789763 0.789763 1661
0.210053 0.789947 0.789947 1586
0.209870 0.790130 0.790130 1499
0.209686 0.790314 0.790314 1534
0.209503 0.790497 0.790497 3874
0.209319 0.790681 0.790681 2832
0.209136 0.790864 0.790864 2191
0.208952 0.791048 0.791048 499
0.208769 0.791231 0.791231 2094
0.208586 0.791414 0.791414 767
0.208402 0.791598 0.791598 353
0.208219 0.791781 0.791781 3852
0.208035 0.791965 0.791965 1791
0.207852 0.792148 0.792148 1494
0.207668 0.792332 0.792332 656
0.207485 0.792515 0.792515 381
0.207301 0.792699 0.792699 827
0.207118 0.792882 0.792882 880
0.206935 0.793065 0.793065 2536
0.206751 0.793249 0.793249 873
0.206568 0.793432 0.793432 2052
0.206384 0.793616 0.793616 2088
0.206201 0.793799 0.793799 4092
0.206017 0.793983 0.793983 1491
0.205834 0.794166 0.794166 1185
0.205650 0.794350 0.794350 434
0.205467 0.794533 0.794533 1741
0.205283 0.794717 0.794717 1265
0.205100 0.794900 0.794900 3903
0.204917 0.795083 0.795083 3017
0.204733 0.795267 0.795267 2012
0.204550 0.795450 0.795450 707
0.204366 0.795634 0.795634 1636
0.204183 0.795817 0.795817 2774
0.203999 0.796001 0.796001 3546
0.203816 0.796184 0.796184 4544
0.203632 0.796368 0.796368 2761
0.203449 0.796551 0.796551 2856
0.203265 0.796735 0.796735 1012
0.203082 0.796918 0.796918 3733
0.202899 0.797101 0.797101 217
0.202715 0.797285 0.797285 3030
0.202532 0.797468 0.797468 1663
0.202348 0.797652 0.797652 2506
0.202165 0.797835 0.797835 2804
0.201981 0.798019 0.798019 5377
0.201798 0.798202 0.798202 639
0.201614 0.798386 0.798386 2399
0.201431 0.798569 0.798569 4186
0.201247 0.798753 0.798753 3374
0.201064 0.798936 0.798936 502
0.200881 0.799119 0.799119 4243
0.200697 0.799303 0.799303 2723
0.200514 0.799486 0.799486 3137
0.200330 0.799670 0.799670 1124
0.200147 0.799853 0.799853 406
0.199963 0.800037 0.800037 4432
0.199780 0.800220 0.800220 1076
0.199596 0.800404 0.800404 448
0.199413 0.800587 0.800587 2463
0.199229 0.800771 0.800771 3105
0.199046 0.800954 0.800954 3182
0.198863 0.801137 0.801137 902
0.198679 0.801321 0.801321 582
0.198496 0.801504 0.801504 306
0.198312 0.801688 0.801688 3944
0.198129 0.801871 0.801871 3542
0.197945 0.802055 0.802055 3075
0.197762 0.802238 0.802238 165
0.197578 0.802422 0.802422 4386
0.197395 0.802605 0.802605 1208
0.197212 0.802788 0.802788 205
0.197028 0.802972 0.802972 4127
0.196845 0.803155 0.803155 3578
0.196661 0.803339 0.803339 4286
0.196478 0.803522 0.803522 3655
0.196294 0.803706 0.803706 2182
0.196111 0.803889 0.803889 3748
0.195927 0.804073 0.804073 1546
0.195744 0.804256 0.804256 3442
0.195560 0.804440 0.804440 737
0.195377 0.804623 0.804623 1229
0.195194 0.804806 0.804806 4005
0.195010 0.804990 0.804990 2099
0.194827 0.805173 0.805173 1750
0.194643 0.805357 0.805357 2171
0.194460 0.805540 0.805540 1001
0.194276 0.805724 0.805724 319
0.194093 0.805907 0.805907 3306
0.193909 0.806091 0.806091 3722
0.193726 0.806274 0.806274 3365
0.193542 0.806458 0.806458 1830
0.193359 0.806641 0.806641 4934
0.193176 0.806824 0.806824 3301
0.192992 0.807008 0.807008 2809
0.192809 0.807191 0.807191 4773
0.192625 0.807375 0.807375 1698
0.192442 0.807558 0.807558 2538
0.192258 0.807742 0.807742 3074
0.192075 0.807925 0.807925 878
0.191891 0.808109 0.808109 4728
0.191708 0.808292 0.808292 2155
0.191524 0.808476 0.808476 443
0.191341 0.808659 0.808659 4561
0.191158 0.808842 0.808842 417
0.190974 0.809026 0.809026 2259
0.190791 0.809209 0.809209 2504
0.190607 0.809393 0.809393 1213
0.190424 0.809576 0.809576 3468
0.190240 0.809760 0.809760 3001
0.190057 0.809943 0.809943 2491
0.189873 0.810127 0.810127 706
0.189690 0.810310 0.810310 3338
0.189507 0.810493 0.810493 3416
0.189323 0.810677 0.810677 249
0.189140 0.810860 0.810860 1036
0.188956 0.811044 0.811044 1817
0.188773 0.811227 0.811227 986
0.188589 0.811411 0.811411 3609
0.188406 0.811594 0.811594 3477
0.188222 0.811778 0.811778 2251
0.188039 0.811961 0.811961 203
0.187855 0.812145 0.812145 344
0.187672 0.812328 0.812328 2873
0.187489 0.812511 0.812511 2789
0.187305 0.812695 0.812695 1241
0.187122 0.812878 0.812878 1310
0.186938 0.813062 0.813062 2387
0.186755 0.813245 0.813245 2180
0.186571 0.813429 0.813429 1849
0.186388 0.813612 0.813612 926
0.186204 0.813796 0.813796 4793
0.186021 0.813979 0.813979 1639
0.185837 0.814163 0.814163 1651
0.185654 0.814346 0.814346 1018
0.185471 0.814529 0.814529 1578
0.185287 0.814713 0.814713 3340
0.185104 0.814896 0.814896 697
0.184920 0.815080 0.815080 968
0.184737 0.815263 0.815263 2656
0.184553 0.815447 0.815447 2202
0.184370 0.815630 0.815630 927
0.184186 0.815814 0.815814 2928
0.184003 0.815997 0.815997 3756
0.183819 0.816181 0.816181 439
0.183636 0.816364 0.816364 2941
0.183453 0.816547 0.816547 3196
0.183269 0.816731 0.816731 4981
0.183086 0.816914 0.816914 154
0.182902 0.817098 0.817098 156
0.182719 0.817281 0.817281 159
0.182535 0.817465 0.817465 164
0.182352 0.817648 0.817648 170
0.182168 0.817832 0.817832 172
0.181985 0.818015 0.818015 173
0.181802 0.818198 0.818198 174
0.181618 0.818382 0.818382 181
0.181435 0.818565 0.818565 184
0.181251 0.818749 0.818749 186
0.181068 0.818932 0.818932 187
0.180884 0.819116 0.819116 200
0.180701 0.819299 0.819299 230
0.180517 0.819483 0.819483 232
0.180334 0.819666 0.819666 235
0.180150 0.819850 0.819850 238
0.179967 0.820033 0.820033 243
0.179784 0.820216 0.820216 244
0.179600 0.820400 0.820400 263
0.179417 0.820583 0.820583 265
0.179233 0.820767 0.820767 287
0.179050 0.820950 0.820950 327
0.178866 0.821134 0.821134 333
0.178683 0.821317 0.821317 342
0.178499 0.821501 0.821501 354
0.178316 0.821684 0.821684 357
0.178132 0.821868 0.821868 358
0.177949 0.822051 0.822051 359
0.177766 0.822234 0.822234 362
0.177582 0.822418 0.822418 364
0.177399 0.822601 0.822601 365
0.177215 0.822785 0.822785 367
0.177032 0.822968 0.822968 369
0.176848 0.823152 0.823152 375
0.176665 0.823335 0.823335 383
0.176481 0.823519 0.823519 390
0.176298 0.823702 0.823702 392
0.176114 0.823886 0.823886 407
0.175931 0.824069 0.824069 408
0.175748 0.824252 0.824252 416
0.175564 0.824436 0.824436 419
0.175381 0.824619 0.824619 424
0.175197 0.824803 0.824803 426
0.175014 0.824986 0.824986 449
0.174830 0.825170 0.825170 452
0.174647 0.825353 0.825353 460
0.174463 0.825537 0.825537 461
0.174280 0.825720 0.825720 464
0.174096 0.825904 0.825904 473
0.173913 0.826087 0.826087 484
0.173730 0.826270 0.826270 493
0.173546 0.826454 0.826454 507
0.173363 0.826637 0.826637 517
0.173179 0.826821 0.826821 518
0.172996 0.827004 0.827004 527
0.172812 0.827188 0.827188 528
0.172629 0.827371 0.827371 536
0.172445 0.827555 0.827555 546
0.172262 0.827738 0.827738 548
0.172079 0.827921 0.827921 550
0.171895 0.828105 0.828105 551
0.171712 0.828288 0.828288 553
0.171528 0.828472 0.828472 554
0.171345 0.828655 0.828655 556
0.171161 0.828839 0.828839 564
0.170978 0.829022 0.829022 565
0.170794 0.829206 0.829206 566
0.170611 0.829389 0.829389 570
0.170427 0.829573 0.829573 571
0.170244 0.829756 0.829756 585
0.170061 0.829939 0.829939 590
0.169877 0.830123 0.830123 600
0.169694 0.830306 0.830306 602
0.169510 0.830490 0.830490 607
0.169327 0.830673 0.830673 611
0.169143 0.830857 0.830857 613
0.168960 0.831040 0.831040 621
0.168776 0.831224 0.831224 627
0.168593 0.831407 0.831407 628
0.168409 0.831591 0.831591 635
0.168226 0.831774 0.831774 636
0.168043 0.831957 0.831957 647
0.167859 0.832141 0.832141 650
0.167676 0.832324 0.832324 654
0.167492 0.832508 0.832508 663
0.167309 0.832691 0.832691 668
0.167125 0.832875 0.832875 669
0.166942 0.833058 0.833058 676
0.166758 0.833242 0.833242 678
0.166575 0.833425 0.833425 679
0.166391 0.833609 0.833609 680
0.166208 0.833792 0.833792 681
0.166025 0.833975 0.833975 686
0.165841 0.834159 0.834159 688
0.165658 0.834342 0.834342 690
0.165474 0.834526 0.834526 695
0.165291 0.834709 0.834709 696
0.165107 0.834893 0.834893 715
0.164924 0.835076 0.835076 717
0.164740 0.835260 0.835260 718
0.164557 0.835443 0.835443 719
0.164374 0.835626 0.835626 720
0.164190 0.835810 0.835810 723
0.164007 0.835993 0.835993 724
0.163823 0.836177 0.836177 729
0.163640 0.836360 0.836360 733
0.163456 0.836544 0.836544 736
0.163273 0.836727 0.836727 739
0.163089 0.836911 0.836911 757
0.162906 0.837094 0.837094 758
0.162722 0.837278 0.837278 760
0.162539 0.837461 0.837461 761
0.162356 0.837644 0.837644 774
0.162172 0.837828 0.837828 780
0.161989 0.838011 0.838011 784
0.161805 0.838195 0.838195 796
0.161622 0.838378 0.838378 797
0.161438 0.838562 0.838562 799
0.161255 0.838745 0.838745 802
0.161071 0.838929 0.838929 807
0.160888 0.839112 0.839112 811
0.160704 0.839296 0.839296 812
0.160521 0.839479 0.839479 814
0.160338 0.839662 0.839662 816
0.160154 0.839846 0.839846 818
0.159971 0.840029 0.840029 820
0.159787 0.840213 0.840213 824
0.159604 0.840396 0.840396 831
0.159420 0.840580 0.840580 834
0.159237 0.840763 0.840763 837
0.159053 0.840947 0.840947 857
0.158870 0.841130 0.841130 868
0.158686 0.841314 0.841314 875
0.158503 0.841497 0.841497 879
0.158320 0.841680 0.841680 882
0.158136 0.841864 0.841864 887
0.157953 0.842047 0.842047 892
0.157769 0.842231 0.842231 895
0.157586 0.842414 0.842414 907
0.157402 0.842598 0.842598 918
0.157219 0.842781 0.842781 920
0.157035 0.842965 0.842965 925
0.156852 0.843148 0.843148 931
0.156669 0.843331 0.843331 932
0.156485 0.843515 0.843515 941
0.156302 0.843698 0.843698 945
0.156118 0.843882 0.843882 947
0.155935 0.844065 0.844065 952
0.155751 0.844249 0.844249 955
0.155568 0.844432 0.844432 959
0.155384 0.844616 0.844616 964
0.155201 0.844799 0.844799 971
0.155017 0.844983 0.844983 977
0.154834 0.845166 0.845166 979
0.154651 0.845349 0.845349 985
0.154467 0.845533 0.845533 993
0.154284 0.845716 0.845716 996
0.154100 0.845900 0.845900 998
0.153917 0.846083 0.846083 1009
0.153733 0.846267 0.846267 1014
0.153550 0.846450 0.846450 1025
0.153366 0.846634 0.846634 1037
0.153183 0.846817 0.846817 1040
0.152999 0.847001 0.847001 1045
0.152816 0.847184 0.847184 1049
0.152633 0.847367 0.847367 1054
0.152449 0.847551 0.847551 1056
0.152266 0.847734 0.847734 1057
0.152082 0.847918 0.847918 1065
0.151899 0.848101 0.848101 1075
0.151715 0.848285 0.848285 1090
0.151532 0.848468 0.848468 1095
0.151348 0.848652 0.848652 1100
0.151165 0.848835 0.848835 1102
0.150981 0.849019 0.849019 1103
0.150798 0.849202 0.849202 1104
0.150615 0.849385 0.849385 1107
0.150431 0.849569 0.849569 1115
0.150248 0.849752 0.849752 1116
0.150064 0.849936 0.849936 1121
0.149881 0.850119 0.850119 1125
0.149697 0.850303 0.850303 1128
0.149514 0.850486 0.850486 1139
0.149330 0.850670 0.850670 1141
0.149147 0.850853 0.850853 1146
0.148963 0.851037 0.851037 1147
0.148780 0.851220 0.851220 1148
0.148597 0.851403 0.851403 1149
0.148413 0.851587 0.851587 1151
0.148230 0.851770 0.851770 1156
0.148046 0.851954 0.851954 1161
0.147863 0.852137 0.852137 1164
0.147679 0.852321 0.852321 1165
0.147496 0.852504 0.852504 1167
0.147312 0.852688 0.852688 1169
0.147129 0.852871 0.852871 1191
0.146946 0.853054 0.853054 1192
0.146762 0.853238 0.853238 1193
0.146579 0.853421 0.853421 1196
0.146395 0.853605 0.853605 1198
0.146212 0.853788 0.853788 1201
0.146028 0.853972 0.853972 1203
0.145845 0.854155 0.854155 1207
0.145661 0.854339 0.854339 1248
0.145478 0.854522 0.854522 1253
0.145294 0.854706 0.854706 1259
0.145111 0.854889 0.854889 1260
0.144928 0.855072 0.855072 1262
0.144744 0.855256 0.855256 1263
0.144561 0.855439 0.855439 1267
0.144377 0.855623 0.855623 1270
0.144194 0.855806 0.855806 1297
0.144010 0.855990 0.855990 1298
0.143827 0.856173 0.856173 1303
0.143643 0.856357 0.856357 1304
0.143460 0.856540 0.856540 1305
0.143276 0.856724 0.856724 1307
0.143093 0.856907 0.856907 1309
0.142910 0.857090 0.857090 1322
0.142726 0.857274 0.857274 1323
0.142543 0.857457 0.857457 1324
0.142359 0.857641 0.857641 1334
0.142176 0.857824 0.857824 1341
0.141992 0.858008 0.858008 1342
0.141809 0.858191 0.858191 1344
0.141625 0.858375 0.858375 1348
0.141442 0.858558 0.858558 1349
0.141258 0.858742 0.858742 1366
0.141075 0.858925 0.858925 1367
0.140892 0.859108 0.859108 1373
0.140708 0.859292 0.859292 1380
0.140525 0.859475 0.859475 1382
0.140341 0.859659 0.859659 1392
0.140158 0.859842 0.859842 1394
0.139974 0.860026 0.860026 1395
0.139791 0.860209 0.860209 1400
0.139607 0.860393 0.860393 1403
0.139424 0.860576 0.860576 1411
0.139241 0.860759 0.860759 1412
0.139057 0.860943 0.860943 1417
0.138874 0.861126 0.861126 1423
0.138690 0.861310 0.861310 1434
0.138507 0.861493 0.861493 1443
0.138323 0.861677 0.861677 1447
0.138140 0.861860 0.861860 1450
0.137956 0.862044 0.862044 1456
0.137773 0.862227 0.862227 1476
0.137589 0.862411 0.862411 1480
0.137406 0.862594 0.862594 1482
0.137223 0.862777 0.862777 1488
0.137039 0.862961 0.862961 1495
0.136856 0.863144 0.863144 1496
0.136672 0.863328 0.863328 1501
0.136489 0.863511 0.863511 1503
0.136305 0.863695 0.863695 1510
0.136122 0.863878 0.863878 1517
0.135938 0.864062 0.864062 1526
0.135755 0.864245 0.864245 1527
0.135571 0.864429 0.864429 1532
0.135388 0.864612 0.864612 1537
0.135205 0.864795 0.864795 1544
0.135021 0.864979 0.864979 1545
0.134838 0.865162 0.865162 1547
0.134654 0.865346 0.865346 1549
0.134471 0.865529 0.865529 1551
0.134287 0.865713 0.865713 1556
0.134104 0.865896 0.865896 1557
0.133920 0.866080 0.866080 1568
0.133737 0.866263 0.866263 1570
0.133553 0.866447 0.866447 1572
0.133370 0.866630 0.866630 1579
0.133187 0.866813 0.866813 1588
0.133003 0.866997 0.866997 1589
0.132820 0.867180 0.867180 1590
0.132636 0.867364 0.867364 1594
0.132453 0.867547 0.867547 1595
0.132269 0.867731 0.867731 1597
0.132086 0.867914 0.867914 1601
0.131902 0.868098 0.868098 1605
0.131719 0.868281 0.868281 1618
0.131535 0.868465 0.868465 1619
0.131352 0.868648 0.868648 1620
0.131169 0.868831 0.868831 1625
0.130985 0.869015 0.869015 1626
0.130802 0.869198 0.869198 1633
0.130618 0.869382 0.869382 1634
0.130435 0.869565 0.869565 1641
0.130251 0.869749 0.869749 1644
0.130068 0.869932 0.869932 1662
0.129884 0.870116 0.870116 1665
0.129701 0.870299 0.870299 1666
0.129518 0.870482 0.870482 1668
0.129334 0.870666 0.870666 1671
0.129151 0.870849 0.870849 1686
0.128967 0.871033 0.871033 1688
0.128784 0.871216 0.871216 1691
0.128600 0.871400 0.871400 1694
0.128417 0.871583 0.871583 1701
0.128233 0.871767 0.871767 1708
0.128050 0.871950 0.871950 1709
0.127866 0.872134 0.872134 1710
0.127683 0.872317 0.872317 1719
0.127500 0.872500 0.872500 1720
0.127316 0.872684 0.872684 1722
0.127133 0.872867 0.872867 1725
0.126949 0.873051 0.873051 1726
0.126766 0.873234 0.873234 1727
0.126582 0.873418 0.873418 1730
0.126399 0.873601 0.873601 1732
0.126215 0.873785 0.873785 1733
0.126032 0.873968 0.873968 1735
0.125848 0.874152 0.874152 1737
0.125665 0.874335 0.874335 1744
0.125482 0.874518 0.874518 1764
0.125298 0.874702 0.874702 1768
0.125115 0.874885 0.874885 1774
0.124931 0.875069 0.875069 1776
0.124748 0.875252 0.875252 1778
0.124564 0.875436 0.875436 1786
0.124381 0.875619 0.875619 1790
0.124197 0.875803 0.875803 1792
0.124014 0.875986 0.875986 1794
0.123830 0.876170 0.876170 1801
0.123647 0.876353 0.876353 1811
0.123464 0.876536 0.876536 1825
0.123280 0.876720 0.876720 1828
0.123097 0.876903 0.876903 1833
0.122913 0.877087 0.877087 1839
0.122730 0.877270 0.877270 1846
0.122546 0.877454 0.877454 1848
0.122363 0.877637 0.877637 1855
0.122179 0.877821 0.877821 1856
0.121996 0.878004 0.878004 1859
0.121813 0.878187 0.878187 1860
0.121629 0.878371 0.878371 1868
0.121446 0.878554 0.878554 1872
0.121262 0.878738 0.878738 1880
0.121079 0.878921 0.878921 1888
0.120895 0.879105 0.879105 1891
0.120712 0.879288 0.879288 1894
0.120528 0.879472 0.879472 1902
0.120345 0.879655 0.879655 1912
0.120161 0.879839 0.879839 1913
0.119978 0.880022 0.880022 1916
0.119795 0.880205 0.880205 1917
0.119611 0.880389 0.880389 1929
0.119428 0.880572 0.880572 1936
0.119244 0.880756 0.880756 1944
0.119061 0.880939 0.880939 1948
0.118877 0.881123 0.881123 1949
0.118694 0.881306 0.881306 1954
0.118510 0.881490 0.881490 1958
0.118327 0.881673 0.881673 1966
0.118143 0.881857 0.881857 1968
0.117960 0.882040 0.882040 1975
0.117777 0.882223 0.882223 1977
0.117593 0.882407 0.882407 1983
0.117410 0.882590 0.882590 1986
0.117226 0.882774 0.882774 1988
0.117043 0.882957 0.882957 1996
0.116859 0.883141 0.883141 2002
0.116676 0.883324 0.883324 2005
0.116492 0.883508 0.883508 2008
0.116309 0.883691 0.883691 2016
0.116125 0.883875 0.883875 2019
0.115942 0.884058 0.884058 2026
0.115759 0.884241 0.884241 2027
0.115575 0.884425 0.884425 2029
0.115392 0.884608 0.884608 2032
0.115208 0.884792 0.884792 2043
0.115025 0.884975 0.884975 2046
0.114841 0.885159 0.885159 2049
0.114658 0.885342 0.885342 2058
0.114474 0.885526 0.885526 2059
0.114291 0.885709 0.885709 2062
0.114108 0.885892 0.885892 2065
0.113924 0.886076 0.886076 2071
0.113741 0.886259 0.886259 2073
0.113557 0.886443 0.886443 2077
0.113374 0.886626 0.886626 2082
0.113190 0.886810 0.886810 2085
0.113007 0.886993 0.886993 2089
0.112823 0.887177 0.887177 2102
0.112640 0.887360 0.887360 2107
0.112456 0.887544 0.887544 2112
0.112273 0.887727 0.887727 2116
0.112090 0.887910 0.887910 2121
0.111906 0.888094 0.888094 2126
0.111723 0.888277 0.888277 2130
0.111539 0.888461 0.888461 2132
0.111356 0.888644 0.888644 2135
0.111172 0.888828 0.888828 2138
0.110989 0.889011 0.889011 2145
0.110805 0.889195 0.889195 2146
0.110622 0.889378 0.889378 2147
0.110438 0.889562 0.889562 2157
0.110255 0.889745 0.889745 2158
0.110072 0.889928 0.889928 2169
0.109888 0.890112 0.890112 2181
0.109705 0.890295 0.890295 2184
0.109521 0.890479 0.890479 2187
0.109338 0.890662 0.890662 2192
0.109154 0.890846 0.890846 2194
0.108971 0.891029 0.891029 2205
0.108787 0.891213 0.891213 2208
0.108604 0.891396 0.891396 2209
0.108420 0.891580 0.891580 2227
0.108237 0.891763 0.891763 2232
0.108054 0.891946 0.891946 2234
0.107870 0.892130 0.892130 2235
0.107687 0.892313 0.892313 2239
0.107503 0.892497 0.892497 2243
0.107320 0.892680 0.892680 2253
0.107136 0.892864 0.892864 2254
0.106953 0.893047 0.893047 2261
0.106769 0.893231 0.893231 2277
0.106586 0.893414 0.893414 2279
0.106402 0.893598 0.893598 2283
0.106219 0.893781 0.893781 2284
0.106036 0.893964 0.893964 2294
0.105852 0.894148 0.894148 2298
0.105669 0.894331 0.894331 2300
0.105485 0.894515 0.894515 2318
0.105302 0.894698 0.894698 2333
0.105118 0.894882 0.894882 2334
0.104935 0.895065 0.895065 2335
0.104751 0.895249 0.895249 2343
0.104568 0.895432 0.895432 2346
0.104385 0.895615 0.895615 2351
0.104201 0.895799 0.895799 2358
0.104018 0.895982 0.895982 2359
0.103834 0.896166 0.896166 2367
0.103651 0.896349 0.896349 2368
0.103467 0.896533 0.896533 2369
0.103284 0.896716 0.896716 2375
0.103100 0.896900 0.896900 2383
0.102917 0.897083 0.897083 2385
0.102733 0.897267 0.897267 2392
0.102550 0.897450 0.897450 2394
0.102367 0.897633 0.897633 2397
0.102183 0.897817 0.897817 2406
0.102000 0.898000 0.898000 2419
0.101816 0.898184 0.898184 2420
0.101633 0.898367 0.898367 2423
0.101449 0.898551 0.898551 2426
0.101266 0.898734 0.898734 2429
0.101082 0.898918 0.898918 2438
0.100899 0.899101 0.899101 2440
0.100715 0.899285 0.899285 2441
0.100532 0.899468 0.899468 2450
0.100349 0.899651 0.899651 2452
0.100165 0.899835 0.899835 2453
0.099982 0.900018 0.900018 2455
0.099798 0.900202 0.900202 2459
0.099615 0.900385 0.900385 2471
0.099431 0.900569 0.900569 2472
0.099248 0.900752 0.900752 2478
0.099064 0.900936 0.900936 2483
0.098881 0.901119 0.901119 2485
0.098697 0.901303 0.901303 2492
0.098514 0.901486 0.901486 2503
0.098331 0.901669 0.901669 2510
0.098147 0.901853 0.901853 2511
0.097964 0.902036 0.902036 2517
0.097780 0.902220 0.902220 2526
0.097597 0.902403 0.902403 2535
0.097413 0.902587 0.902587 2537
0.097230 0.902770 0.902770 2544
0.097046 0.902954 0.902954 2551
0.096863 0.903137 0.903137 2563
0.096680 0.903320 0.903320 2564
0.096496 0.903504 0.903504 2566
0.096313 0.903687 0.903687 2567
0.096129 0.903871 0.903871 2569
0.095946 0.904054 0.904054 2577
0.095762 0.904238 0.904238 2578
0.095579 0.904421 0.904421 2579
0.095395 0.904605 0.904605 2583
0.095212 0.904788 0.904788 2590
0.095028 0.904972 0.904972 2593
0.094845 0.905155 0.905155 2601
0.094662 0.905338 0.905338 2610
0.094478 0.905522 0.905522 2615
0.094295 0.905705 0.905705 2616
0.094111 0.905889 0.905889 2617
0.093928 0.906072 0.906072 2623
0.093744 0.906256 0.906256 2625
0.093561 0.906439 0.906439 2632
0.093377 0.906623 0.906623 2642
0.093194 0.906806 0.906806 2643
0.093010 0.906990 0.906990 2647
0.092827 0.907173 0.907173 2654
0.092644 0.907356 0.907356 2664
0.092460 0.907540 0.907540 2675
0.092277 0.907723 0.907723 2680
0.092093 0.907907 0.907907 2682
0.091910 0.908090 0.908090 2683
0.091726 0.908274 0.908274 2692
0.091543 0.908457 0.908457 2694
0.091359 0.908641 0.908641 2698
0.091176 0.908824 0.908824 2699
0.090992 0.909008 0.909008 2710
0.090809 0.909191 0.909191 2713
0.090626 0.909374 0.909374 2714
0.090442 0.909558 0.909558 2715
0.090259 0.909741 0.909741 2718
0.090075 0.909925 0.909925 2727
0.089892 0.910108 0.910108 2729
0.089708 0.910292 0.910292 2735
0.089525 0.910475 0.910475 2740
0.089341 0.910659 0.910659 2742
0.089158 0.910842 0.910842 2745
0.088975 0.911025 0.911025 2746
0.088791 0.911209 0.911209 2750
0.088608 0.911392 0.911392 2751
0.088424 0.911576 0.911576 2757
0.088241 0.911759 0.911759 2758
0.088057 0.911943 0.911943 2763
0.087874 0.912126 0.912126 2765
0.087690 0.912310 0.912310 2768
0.087507 0.912493 0.912493 2769
0.087323 0.912677 0.912677 2773
0.087140 0.912860 0.912860 2785
0.086957 0.913043 0.913043 2788
0.086773 0.913227 0.913227 2791
0.086590 0.913410 0.913410 2800
0.086406 0.913594 0.913594 2801
0.086223 0.913777 0.913777 2818
0.086039 0.913961 0.913961 2823
0.085856 0.914144 0.914144 2825
0.085672 0.914328 0.914328 2826
0.085489 0.914511 0.914511 2833
0.085305 0.914695 0.914695 2842
0.085122 0.914878 0.914878 2845
0.084939 0.915061 0.915061 2871
0.084755 0.915245 0.915245 2876
0.084572 0.915428 0.915428 2877
0.084388 0.915612 0.915612 2881
0.084205 0.915795 0.915795 2889
0.084021 0.915979 0.915979 2896
0.083838 0.916162 0.916162 2901
0.083654 0.916346 0.916346 2913
0.083471 0.916529 0.916529 2921
0.083287 0.916713 0.916713 2924
0.083104 0.916896 0.916896 2930
0.082921 0.917079 0.917079 2937
0.082737 0.917263 0.917263 2938
0.082554 0.917446 0.917446 2959
0.082370 0.917630 0.917630 2962
0.082187 0.917813 0.917813 2983
0.082003 0.917997 0.917997 2986
0.081820 0.918180 0.918180 2989
0.081636 0.918364 0.918364 2998
0.081453 0.918547 0.918547 3002
0.081269 0.918731 0.918731 3004
0.081086 0.918914 0.918914 3023
0.080903 0.919097 0.919097 3026
0.080719 0.919281 0.919281 3041
0.080536 0.919464 0.919464 3043
0.080352 0.919648 0.919648 3052
0.080169 0.919831 0.919831 3056
0.079985 0.920015 0.920015 3064
0.079802 0.920198 0.920198 3067
0.079618 0.920382 0.920382 3069
0.079435 0.920565 0.920565 3071
0.079252 0.920748 0.920748 3072
0.079068 0.920932 0.920932 3084
0.078885 0.921115 0.921115 3091
0.078701 0.921299 0.921299 3094
0.078518 0.921482 0.921482 3103
0.078334 0.921666 0.921666 3119
0.078151 0.921849 0.921849 3122
0.077967 0.922033 0.922033 3125
0.077784 0.922216 0.922216 3126
0.077600 0.922400 0.922400 3127
0.077417 0.922583 0.922583 3132
0.077234 0.922766 0.922766 3138
0.077050 0.922950 0.922950 3139
0.076867 0.923133 0.923133 3171
0.076683 0.923317 0.923317 3176
0.076500 0.923500 0.923500 3180
0.076316 0.923684 0.923684 3187
0.076133 0.923867 0.923867 3188
0.075949 0.924051 0.924051 3195
0.075766 0.924234 0.924234 3198
0.075582 0.924418 0.924418 3205
0.075399 0.924601 0.924601 3218
0.075216 0.924784 0.924784 3220
0.075032 0.924968 0.924968 3222
0.074849 0.925151 0.925151 3223
0.074665 0.925335 0.925335 3224
0.074482 0.925518 0.925518 3231
0.074298 0.925702 0.925702 3236
0.074115 0.925885 0.925885 3244
0.073931 0.926069 0.926069 3259
0.073748 0.926252 0.926252 3263
0.073564 0.926436 0.926436 3269
0.073381 0.926619 0.926619 3280
0.073198 0.926802 0.926802 3284
0.073014 0.926986 0.926986 3289
0.072831 0.927169 0.927169 3296
0.072647 0.927353 0.927353 3302
0.072464 0.927536 0.927536 3303
0.072280 0.927720 0.927720 3314
0.072097 0.927903 0.927903 3320
0.071913 0.928087 0.928087 3333
0.071730 0.928270 0.928270 3341
0.071547 0.928453 0.928453 3342
0.071363 0.928637 0.928637 3361
0.071180 0.928820 0.928820 3371
0.070996 0.929004 0.929004 3372
0.070813 0.929187 0.929187 3378
0.070629 0.929371 0.929371 3383
0.070446 0.929554 0.929554 3393
0.070262 0.929738 0.929738 3396
0.070079 0.929921 0.929921 3400
0.069895 0.930105 0.930105 3401
0.069712 0.930288 0.930288 3402
0.069529 0.930471 0.930471 3404
0.069345 0.930655 0.930655 3409
0.069162 0.930838 0.930838 3411
0.068978 0.931022 0.931022 3414
0.068795 0.931205 0.931205 3422
0.068611 0.931389 0.931389 3431
0.068428 0.931572 0.931572 3446
0.068244 0.931756 0.931756 3457
0.068061 0.931939 0.931939 3463
0.067877 0.932123 0.932123 3464
0.067694 0.932306 0.932306 3467
0.067511 0.932489 0.932489 3476
0.067327 0.932673 0.932673 3478
0.067144 0.932856 0.932856 3479
0.066960 0.933040 0.933040 3480
0.066777 0.933223 0.933223 3481
0.066593 0.933407 0.933407 3488
0.066410 0.933590 0.933590 3494
0.066226 0.933774 0.933774 3503
0.066043 0.933957 0.933957 3506
0.065859 0.934141 0.934141 3508
0.065676 0.934324 0.934324 3519
0.065493 0.934507 0.934507 3520
0.065309 0.934691 0.934691 3526
0.065126 0.934874 0.934874 3528
0.064942 0.935058 0.935058 3534
0.064759 0.935241 0.935241 3535
0.064575 0.935425 0.935425 3537
0.064392 0.935608 0.935608 3538
0.064208 0.935792 0.935792 3547
0.064025 0.935975 0.935975 3550
0.063841 0.936159 0.936159 3563
0.063658 0.936342 0.936342 3567
0.063475 0.936525 0.936525 3588
0.063291 0.936709 0.936709 3591
0.063108 0.936892 0.936892 3592
0.062924 0.937076 0.937076 3594
0.062741 0.937259 0.937259 3595
0.062557 0.937443 0.937443 3600
0.062374 0.937626 0.937626 3601
0.062190 0.937810 0.937810 3607
0.062007 0.937993 0.937993 3610
0.061824 0.938176 0.938176 3613
0.061640 0.938360 0.938360 3616
0.061457 0.938543 0.938543 3618
0.061273 0.938727 0.938727 3619
0.061090 0.938910 0.938910 3624
0.060906 0.939094 0.939094 3628
0.060723 0.939277 0.939277 3634
0.060539 0.939461 0.939461 3653
0.060356 0.939644 0.939644 3657
0.060172 0.939828 0.939828 3658
0.059989 0.940011 0.940011 3665
0.059806 0.940194 0.940194 3671
0.059622 0.940378 0.940378 3674
0.059439 0.940561 0.940561 3677
0.059255 0.940745 0.940745 3689
0.059072 0.940928 0.940928 3690
0.058888 0.941112 0.941112 3691
0.058705 0.941295 0.941295 3700
0.058521 0.941479 0.941479 3701
0.058338 0.941662 0.941662 3713
0.058154 0.941846 0.941846 3715
0.057971 0.942029 0.942029 3716
0.057788 0.942212 0.942212 3724
0.057604 0.942396 0.942396 3729
0.057421 0.942579 0.942579 3737
0.057237 0.942763 0.942763 3752
0.057054 0.942946 0.942946 3753
0.056870 0.943130 0.943130 3759
0.056687 0.943313 0.943313 3760
0.056503 0.943497 0.943497 3763
0.056320 0.943680 0.943680 3767
0.056136 0.943864 0.943864 3771
0.055953 0.944047 0.944047 3779
0.055770 0.944230 0.944230 3782
0.055586 0.944414 0.944414 3785
0.055403 0.944597 0.944597 3787
0.055219 0.944781 0.944781 3790
0.055036 0.944964 0.944964 3821
0.054852 0.945148 0.945148 3822
0.054669 0.945331 0.945331 3826
0.054485 0.945515 0.945515 3829
0.054302 0.945698 0.945698 3831
0.054119 0.945881 0.945881 3837
0.053935 0.946065 0.946065 3841
0.053752 0.946248 0.946248 3844
0.053568 0.946432 0.946432 3845
0.053385 0.946615 0.946615 3846
0.053201 0.946799 0.946799 3854
0.053018 0.946982 0.946982 3856
0.052834 0.947166 0.947166 3861
0.052651 0.947349 0.947349 3862
0.052467 0.947533 0.947533 3870
0.052284 0.947716 0.947716 3871
0.052101 0.947899 0.947899 3875
0.051917 0.948083 0.948083 3888
0.051734 0.948266 0.948266 3889
0.051550 0.948450 0.948450 3890
0.051367 0.948633 0.948633 3895
0.051183 0.948817 0.948817 3900
0.051000 0.949000 0.949000 3901
0.050816 0.949184 0.949184 3908
0.050633 0.949367 0.949367 3913
0.050449 0.949551 0.949551 3918
0.050266 0.949734 0.949734 3927
0.050083 0.949917 0.949917 3928
0.049899 0.950101 0.950101 3940
0.049716 0.950284 0.950284 3952
0.049532 0.950468 0.950468 3966
0.049349 0.950651 0.950651 3974
0.049165 0.950835 0.950835 3975
0.048982 0.951018 0.951018 3988
0.048798 0.951202 0.951202 4001
0.048615 0.951385 0.951385 4003
0.048431 0.951569 0.951569 4006
0.048248 0.951752 0.951752 4008
0.048065 0.951935 0.951935 4014
0.047881 0.952119 0.952119 4020
0.047698 0.952302 0.952302 4034
0.047514 0.952486 0.952486 4041
0.047331 0.952669 0.952669 4042
0.047147 0.952853 0.952853 4047
0.046964 0.953036 0.953036 4058
0.046780 0.953220 0.953220 4064
0.046597 0.953403 0.953403 4072
0.046414 0.953586 0.953586 4082
0.046230 0.953770 0.953770 4087
0.046047 0.953953 0.953953 4093
0.045863 0.954137 0.954137 4096
0.045680 0.954320 0.954320 4103
0.045496 0.954504 0.954504 4105
0.045313 0.954687 0.954687 4107
0.045129 0.954871 0.954871 4109
0.044946 0.955054 0.955054 4114
0.044762 0.955238 0.955238 4115
0.044579 0.955421 0.955421 4119
0.044396 0.955604 0.955604 4125
0.044212 0.955788 0.955788 4129
0.044029 0.955971 0.955971 4132
0.043845 0.956155 0.956155 4141
0.043662 0.956338 0.956338 4144
0.043478 0.956522 0.956522 4145
0.043295 0.956705 0.956705 4160
0.043111 0.956889 0.956889 4170
0.042928 0.957072 0.957072 4181
0.042744 0.957256 0.957256 4209
0.042561 0.957439 0.957439 4212
0.042378 0.957622 0.957622 4218
0.042194 0.957806 0.957806 4220
0.042011 0.957989 0.957989 4222
0.041827 0.958173 0.958173 4225
0.041644 0.958356 0.958356 4228
0.041460 0.958540 0.958540 4231
0.041277 0.958723 0.958723 4237
0.041093 0.958907 0.958907 4245
0.040910 0.959090 0.959090 4247
0.040726 0.959274 0.959274 4250
0.040543 0.959457 0.959457 4253
0.040360 0.959640 0.959640 4254
0.040176 0.959824 0.959824 4280
0.039993 0.960007 0.960007 4284
0.039809 0.960191 0.960191 4310
0.039626 0.960374 0.960374 4318
0.039442 0.960558 0.960558 4331
0.039259 0.960741 0.960741 4354
0.039075 0.960925 0.960925 4362
0.038892 0.961108 0.961108 4368
0.038708 0.961292 0.961292 4375
0.038525 0.961475 0.961475 4380
0.038342 0.961658 0.961658 4381
0.038158 0.961842 0.961842 4384
0.037975 0.962025 0.962025 4395
0.037791 0.962209 0.962209 4396
0.037608 0.962392 0.962392 4397
0.037424 0.962576 0.962576 4401
0.037241 0.962759 0.962759 4451
0.037057 0.962943 0.962943 4452
0.036874 0.963126 0.963126 4455
0.036691 0.963309 0.963309 4465
0.036507 0.963493 0.963493 4471
0.036324 0.963676 0.963676 4481
0.036140 0.963860 0.963860 4485
0.035957 0.964043 0.964043 4490
0.035773 0.964227 0.964227 4491
0.035590 0.964410 0.964410 4505
0.035406 0.964594 0.964594 4506
0.035223 0.964777 0.964777 4508
0.035039 0.964961 0.964961 4514
0.034856 0.965144 0.965144 4521
0.034673 0.965327 0.965327 4523
0.034489 0.965511 0.965511 4538
0.034306 0.965694 0.965694 4542
0.034122 0.965878 0.965878 4546
0.033939 0.966061 0.966061 4548
0.033755 0.966245 0.966245 4549
0.033572 0.966428 0.966428 4566
0.033388 0.966612 0.966612 4585
0.033205 0.966795 0.966795 4587
0.033021 0.966979 0.966979 4606
0.032838 0.967162 0.967162 4619
0.032655 0.967345 0.967345 4627
0.032471 0.967529 0.967529 4671
0.032288 0.967712 0.967712 4700
0.032104 0.967896 0.967896 4719
0.031921 0.968079 0.968079 4720
0.031737 0.968263 0.968263 4736
0.031554 0.968446 0.968446 4738
0.031370 0.968630 0.968630 4744
0.031187 0.968813 0.968813 4756
0.031003 0.968997 0.968997 4761
0.030820 0.969180 0.969180 4770
0.030637 0.969363 0.969363 4802
0.030453 0.969547 0.969547 4817
0.030270 0.969730 0.969730 4818
0.030086 0.969914 0.969914 4821
0.029903 0.970097 0.970097 4834
0.029719 0.970281 0.970281 4848
0.029536 0.970464 0.970464 4851
0.029352 0.970648 0.970648 4856
0.029169 0.970831 0.970831 4865
0.028986 0.971014 0.971014 4874
0.028802 0.971198 0.971198 4878
0.028619 0.971381 0.971381 4899
0.028435 0.971565 0.971565 4920
0.028252 0.971748 0.971748 4940
0.028068 0.971932 0.971932 4956
0.027885 0.972115 0.972115 4973
0.027701 0.972299 0.972299 4980
0.027518 0.972482 0.972482 5008
0.027334 0.972666 0.972666 5048
0.027151 0.972849 0.972849 5064
0.026968 0.973032 0.973032 5152
0.026784 0.973216 0.973216 5208
0.026601 0.973399 0.973399 5284
0.026417 0.973583 0.973583 5347
0.026234 0.973766 0.973766 180
0.026050 0.973950 0.973950 188
0.025867 0.974133 0.974133 192
0.025683 0.974317 0.974317 204
0.025500 0.974500 0.974500 271
0.025316 0.974684 0.974684 276
0.025133 0.974867 0.974867 296
0.024950 0.975050 0.975050 335
0.024766 0.975234 0.975234 372
0.024583 0.975417 0.975417 384
0.024399 0.975601 0.975601 395
0.024216 0.975784 0.975784 475
0.024032 0.975968 0.975968 483
0.023849 0.976151 0.976151 501
0.023665 0.976335 0.976335 522
0.023482 0.976518 0.976518 559
0.023298 0.976702 0.976702 580
0.023115 0.976885 0.976885 588
0.022932 0.977068 0.977068 610
0.022748 0.977252 0.977252 616
0.022565 0.977435 0.977435 618
0.022381 0.977619 0.977619 630
0.022198 0.977802 0.977802 644
0.022014 0.977986 0.977986 651
0.021831 0.978169 0.978169 653
0.021647 0.978353 0.978353 778
0.021464 0.978536 0.978536 810
0.021280 0.978720 0.978720 828
0.021097 0.978903 0.978903 832
0.020914 0.979086 0.979086 833
0.020730 0.979270 0.979270 845
0.020547 0.979453 0.979453 885
0.020363 0.979637 0.979637 981
0.020180 0.979820 0.979820 1003
0.019996 0.980004 0.980004 1023
0.019813 0.980187 0.980187 1024
0.019629 0.980371 0.980371 1034
0.019446 0.980554 0.980554 1066
0.019263 0.980737 0.980737 1068
0.019079 0.980921 0.980921 1069
0.018896 0.981104 0.981104 1071
0.018712 0.981288 0.981288 1072
0.018529 0.981471 0.981471 1083
0.018345 0.981655 0.981655 1093
0.018162 0.981838 0.981838 1108
0.017978 0.982022 0.982022 1206
0.017795 0.982205 0.982205 1217
0.017611 0.982389 0.982389 1240
0.017428 0.982572 0.982572 1268
0.017245 0.982755 0.982755 1346
0.017061 0.982939 0.982939 1384
0.016878 0.983122 0.983122 1385
0.016694 0.983306 0.983306 1502
0.016511 0.983489 0.983489 1516
0.016327 0.983673 0.983673 1529
0.016144 0.983856 0.983856 1608
0.015960 0.984040 0.984040 1615
0.015777 0.984223 0.984223 1635
0.015593 0.984407 0.984407 1748
0.015410 0.984590 0.984590 1758
0.015227 0.984773 0.984773 1759
0.015043 0.984957 0.984957 1760
0.014860 0.985140 0.985140 1770
0.014676 0.985324 0.985324 1771
0.014493 0.985507 0.985507 1798
0.014309 0.985691 0.985691 1806
0.014126 0.985874 0.985874 1815
0.013942 0.986058 0.986058 1826
0.013759 0.986241 0.986241 1843
0.013575 0.986425 0.986425 1844
0.013392 0.986608 0.986608 1907
0.013209 0.986791 0.986791 2090
0.013025 0.986975 0.986975 2131
0.012842 0.987158 0.987158 2152
0.012658 0.987342 0.987342 2177
0.012475 0.987525 0.987525 2210
0.012291 0.987709 0.987709 2252
0.012108 0.987892 0.987892 2257
0.011924 0.988076 0.988076 2275
0.011741 0.988259 0.988259 2276
0.011558 0.988442 0.988442 2371
0.011374 0.988626 0.988626 2378
0.011191 0.988809 0.988809 2498
0.011007 0.988993 0.988993 2531
0.010824 0.989176 0.989176 2548
0.010640 0.989360 0.989360 2554
0.010457 0.989543 0.989543 2588
0.010273 0.989727 0.989727 2589
0.010090 0.989910 0.989910 2638
0.009906 0.990094 0.990094 2657
0.009723 0.990277 0.990277 2677
0.009540 0.990460 0.990460 2731
0.009356 0.990644 0.990644 2732
0.009173 0.990827 0.990827 2737
0.008989 0.991011 0.991011 2738
0.008806 0.991194 0.991194 2739
0.008622 0.991378 0.991378 2743
0.008439 0.991561 0.991561 2744
0.008255 0.991745 0.991745 2753
0.008072 0.991928 0.991928 2766
0.007888 0.992112 0.992112 2783
0.007705 0.992295 0.992295 2797
0.007522 0.992478 0.992478 2830
0.007338 0.992662 0.992662 2837
0.007155 0.992845 0.992845 2865
0.006971 0.993029 0.993029 2907
0.006788 0.993212 0.993212 2978
0.006604 0.993396 0.993396 3083
0.006421 0.993579 0.993579 3096
0.006237 0.993763 0.993763 3339
0.006054 0.993946 0.993946 3351
0.005870 0.994130 0.994130 3387
0.005687 0.994313 0.994313 3430
0.005504 0.994496 0.994496 3451
0.005320 0.994680 0.994680 3498
0.005137 0.994863 0.994863 3501
0.004953 0.995047 0.995047 3544
0.004770 0.995230 0.995230 3587
0.004586 0.995414 0.995414 3590
0.004403 0.995597 0.995597 3719
0.004219 0.995781 0.995781 3766
0.004036 0.995964 0.995964 3825
0.003853 0.996147 0.996147 3957
0.003669 0.996331 0.996331 4021
0.003486 0.996514 0.996514 4062
0.003302 0.996698 0.996698 4205
0.003119 0.996881 0.996881 4390
0.002935 0.997065 0.997065 4675
0.002752 0.997248 0.997248 4709
0.002568 0.997432 0.997432 4927
0.002385 0.997615 0.997615 4993
0.002201 0.997799 0.997799 5021
0.002018 0.997982 0.997982 5086
0.001835 0.998165 0.998165 5088
0.001651 0.998349 0.998349 5155
0.001468 0.998532 0.998532 5373
0.001284 0.998716 0.998716 196
0.001101 0.998899 0.998899 1470
0.000917 0.999083 0.999083 1504
0.000734 0.999266 0.999266 1542
0.000550 0.999450 0.999450 2057
0.000367 0.999633 0.999633 2201
0.000183 0.999817 0.999817 3278
